{"validation": 0.9246490550182694, "id_test": 0.9259057794317355, "ood_test": 0.45120671563483733, "ood_validation": 0.5518867924528302, "train": 0.9248267078572547, "id_test_conf": [0.9249049571512784, 0.9268973298756571], "id_test_balanced": 0.8792597055435181, "id_test_balanced_conf": [0.8784459508711007, 0.8800734602159355], "ood_test_conf": [0.4286942998756706, 0.4738694997049344], "ood_test_balanced": 0.5130353569984436, "ood_test_balanced_conf": [0.5094584700884297, 0.5166122439084575], "features": ["Average_confidence(CONFUSED)", "Average_confidence(FRUSTRATED)", "attempt_count", "hint_count", "skill_id", "bottom_hint", "ms_first_response", "tutor_mode", "position", "type", "overlap_time", "first_action", "school_id"]}