{"validation": 0.9250016881372718, "id_test": 0.9262809210476955, "ood_test": 0.45120671563483733, "ood_validation": 0.5518867924528302, "train": 0.9251155671724518, "id_test_conf": [0.9252824140271327, 0.9272701480109298], "id_test_balanced": 0.8792217969894409, "id_test_balanced_conf": [0.8784090389811899, 0.8800345549976919], "ood_test_conf": [0.4286942998756706, 0.4738694997049344], "ood_test_balanced": 0.5130353569984436, "ood_test_balanced_conf": [0.5094584700884297, 0.5166122439084575], "features": ["Average_confidence(CONFUSED)", "Average_confidence(FRUSTRATED)", "attempt_count", "hint_count", "skill_id", "bottom_hint", "ms_first_response", "tutor_mode", "position", "type", "overlap_time", "first_action", "school_id"]}