{"id_test": 0.8053691275167785, "id_test_conf": [0.7557862046986504, 0.8487635463909062], "id_test_balanced": 0.6876481771469116, "id_test_balanced_conf": [0.6558313274383545, 0.7194650268554688], "ood_test": 0.7120909695759995, "ood_test_conf": [0.7071769984600897, 0.7169676607338282], "ood_test_balanced": 0.7132912874221802, "ood_test_balanced_conf": [0.7098481848789379, 0.7167343899654225], "validation": 0.7684563758389261, "validation_conf": [0.7163418071336323, 0.8151454913714486], "validation_balanced": 0.6724521517753601, "validation_balanced_conf": [0.6391723231971264, 0.7057319803535939], "features": ["MARITAL_STATUS", "FAMILY_SIZE_AVG", "ORIGIN", "TANF_ASSISTANCE", "UNEMPLOYMENT_COMP", "SEVERANCE_PAY_PENSION", "FOSTER_CHILD_CARE_AMT", "CHILD_SUPPORT_AMT", "INCOME", "SAVINGS_INV_AMOUNT", "UNEMPLOYMENT_COMP_AMOUNT", "VA_BENEFITS_AMOUNT", "SURVIVOR_INCOME_AMOUNT", "DISABILITY_BENEFITS_AMOUNT", "FOOD_ASSISTANCE", "GENDER", "AGE", "LIVING_OWNERSHIP", "WIC_ASSISTANCE", "MEDICARE_ASSISTANCE", "MEDICAID_ASSISTANCE", "DAYS_SICK", "PRESCRIPTION_MEDS", "HEALTH_MEDICAL_CARE_PAY", "HEALTH_ERRANDS_DIFFICULTY", "HEALTH_CORE_DISABILITY", "HEALTH_INSURANCE_PREMIUMS", "CITIZENSHIP_STATUS"]}