{"id_test": 0.8322147651006712, "id_test_conf": [0.7848511670326137, 0.8728279049905929], "id_test_balanced": 0.727299690246582, "id_test_balanced_conf": [0.6959497466683388, 0.7586496338248253], "ood_test": 0.7009314703925482, "ood_test_conf": [0.695963930820967, 0.7058636931430784], "ood_test_balanced": 0.7022966146469116, "ood_test_balanced_conf": [0.6988162275543437, 0.7057770017394795], "validation": 0.7818791946308725, "validation_conf": [0.7306217570405594, 0.827434744706459], "validation_balanced": 0.6926457285881042, "validation_balanced_conf": [0.6594417341053486, 0.7258497230708599], "features": ["MARITAL_STATUS", "FAMILY_SIZE_AVG", "ORIGIN", "TANF_ASSISTANCE", "UNEMPLOYMENT_COMP", "SEVERANCE_PAY_PENSION", "FOSTER_CHILD_CARE_AMT", "CHILD_SUPPORT_AMT", "INCOME", "SAVINGS_INV_AMOUNT", "UNEMPLOYMENT_COMP_AMOUNT", "VA_BENEFITS_AMOUNT", "SURVIVOR_INCOME_AMOUNT", "DISABILITY_BENEFITS_AMOUNT", "FOOD_ASSISTANCE", "GENDER", "AGE", "LIVING_OWNERSHIP", "WIC_ASSISTANCE", "MEDICARE_ASSISTANCE", "MEDICAID_ASSISTANCE", "DAYS_SICK", "PRESCRIPTION_MEDS", "HEALTH_MEDICAL_CARE_PAY", "HEALTH_ERRANDS_DIFFICULTY", "HEALTH_CORE_DISABILITY", "HEALTH_INSURANCE_PREMIUMS", "CITIZENSHIP_STATUS"]}