{"validation": 0.8282363761784318, "id_test": 0.833103448275862, "ood_test": 0.7883754886722246, "ood_validation": 0.7935565917761763, "train": 0.8224221174847683, "id_test_conf": [0.8216848139780006, 0.8440728982111281], "id_test_balanced": 0.7726364135742188, "id_test_balanced_conf": [0.7644012541137636, 0.7808715730346739], "ood_test_conf": [0.7828183373381202, 0.7938535737954937], "ood_test_balanced": 0.7572242021560669, "ood_test_balanced_conf": [0.7534596181474627, 0.7609887861646711], "features": ["VCF0218", "VCF0224", "VCF0301", "VCF0302", "VCF9201", "VCF9202", "VCF9203", "VCF9204", "VCF0521", "VCF0523", "VCF0428", "VCF0429", "VCF0822", "VCF0843", "VCF9045", "VCF0838", "VCF0846", "VCF0601", "VCF0606", "VCF0612", "VCF0615", "VCF0616", "VCF0617", "VCF0310", "VCF0717", "VCF0701", "VCF0675", "VCF0726", "VCF0745", "VCF0101", "VCF0115", "VCF0140a", "VCF0112"]}