{"validation": 0.8263446398819744, "id_test": 0.8218827898458564, "ood_test": 0.7975571831908016, "ood_validation": 0.8048241576136992, "train": 0.8233723041312013, "id_test_conf": [0.8191902263268995, 0.8245515820222005], "id_test_balanced": 0.5495122671127319, "id_test_balanced_conf": [0.5483697592397221, 0.5506547749857418], "ood_test_conf": [0.7939670876833352, 0.8011119059955366], "ood_test_balanced": 0.5681393146514893, "ood_test_balanced_conf": [0.5663921895204111, 0.5698864397825674], "features": ["ENG", "FER", "WIF", "NWLK", "WKHP", "WKW", "DIS", "MIL", "NATIVITY", "DEYE", "DREM", "PUBCOV", "ST", "SCHL", "ACS_YEAR", "DIVISION"]}