{"validation": 0.7740973958168529, "id_test": 0.7752632644795464, "ood_test": 0.7497464135632517, "ood_validation": 0.7499703615886189, "train": 0.7754411556470375, "id_test_conf": [0.7731969947689222, 0.7773194299824064], "id_test_balanced": 0.721792459487915, "id_test_balanced_conf": [0.7203192542004399, 0.7232656647753902], "ood_test_conf": [0.7466489538895997, 0.7528247751554946], "ood_test_balanced": 0.7222689390182495, "ood_test_balanced_conf": [0.720120218466036, 0.724417659570463], "features": ["COW", "ENG", "FER", "HINS2", "POBP", "WKW", "WRK", "AGEP", "ST", "CIT", "RAC1P", "SCHL", "DIVISION"]}