{"validation": 0.7739644970414201, "id_test": 0.7751050526528959, "ood_test": 0.7457944171463952, "ood_validation": 0.7427385892116183, "train": 0.7752987644398528, "id_test_conf": [0.7730382716435144, 0.7771617352671883], "id_test_balanced": 0.7146350145339966, "id_test_balanced_conf": [0.7131745981727726, 0.7160954308952205], "ood_test_conf": [0.7426810699846027, 0.7488889687102256], "ood_test_balanced": 0.7119908332824707, "ood_test_balanced_conf": [0.7098708366462961, 0.7141108299186453], "features": ["COW", "ENG", "FER", "HINS2", "POBP", "WKW", "WRK", "AGEP", "ST", "CIT", "RAC1P", "SCHL", "DIVISION"]}