{"id_test": 0.782591636289996, "id_test_conf": [0.7805495202595534, 0.7846233788551025], "id_test_balanced": 0.7256367206573486, "id_test_balanced_conf": [0.7241831019427627, 0.7270903393719346], "ood_test": 0.7516828918075115, "ood_test_conf": [0.7485933414261399, 0.7547531958840847], "ood_test_balanced": 0.7188448905944824, "ood_test_balanced_conf": [0.7167333122109995, 0.7209564689779654], "validation": 0.7811663449672499, "validation_conf": [0.7791194519622582, 0.7832029168115363], "validation_balanced": 0.7251602411270142, "validation_balanced_conf": [0.7237053695088252, 0.7266151127452031], "features": ["COW", "ENG", "FER", "HINS2", "POBP", "WKW", "WRK", "AGEP", "ST", "CIT", "RAC1P", "SCHL", "DIVISION"]}