{"validation": 0.8164752565912473, "id_test": 0.8120644045378237, "ood_test": 0.7846270305658988, "ood_validation": 0.7930399558092432, "train": 0.813421873459901, "id_test_conf": [0.8093159437566466, 0.8147898205632509], "id_test_balanced": 0.521021842956543, "id_test_balanced_conf": [0.5201960333366878, 0.5218476525763981], "ood_test_conf": [0.7809556146516328, 0.7882646137599904], "ood_test_balanced": 0.5260392427444458, "ood_test_balanced_conf": [0.524845075244084, 0.5272334102448076], "features": ["ENG", "FER", "NWLA", "NWLK", "OCCP", "RELP", "WRK", "DIS", "DEAR", "DEYE", "DREM", "SEX", "CIT", "RAC1P", "DIVISION"]}