{"id_test": 0.8180292007936104, "id_test_conf": [0.815314350178507, 0.8207205652701948], "id_test_balanced": 0.5633944869041443, "id_test_balanced_conf": [0.5620290210586972, 0.5647599527495913], "ood_test": 0.7891075739596547, "ood_test_conf": [0.7854637147706884, 0.792717066862024], "ood_test_balanced": 0.5723130106925964, "ood_test_balanced_conf": [0.5703804955305531, 0.5742455258546397], "validation": 0.8223002276571661, "validation_conf": [0.8196100887536509, 0.8249665640180184], "validation_balanced": 0.5638175010681152, "validation_balanced_conf": [0.5624623715062625, 0.5651726306299679], "features": ["ENG", "FER", "NWLA", "NWLK", "OCCP", "RELP", "WRK", "DIS", "DEAR", "DEYE", "DREM", "SEX", "CIT", "RAC1P", "DIVISION"]}