{"id_test": 0.9726954420103492, "id_test_conf": [0.9718886497457703, 0.9734851900120843], "id_test_balanced": 0.6463192105293274, "id_test_balanced_conf": [0.6451956574153155, 0.6474427636433393], "ood_test": 0.961280109528088, "ood_test_conf": [0.9603340112107693, 0.9622098170612616], "ood_test_balanced": 0.6703430414199829, "ood_test_balanced_conf": [0.6691771774250083, 0.6715089054149576], "validation": 0.9735071019558266, "validation_conf": [0.972711872166163, 0.9742852568173412], "validation_balanced": 0.6508733034133911, "validation_balanced_conf": [0.6497410212736576, 0.6520055855531246], "features": ["POBP", "WKHP", "WKW", "WRK", "OCCP", "DIS", "MIG", "MIL", "DEAR", "DREM", "AGEP", "SEX", "ST", "MAR", "CIT", "DIVISION", "SCHL"]}