{"validation": 0.8027132674177972, "id_test": 0.7979310344827586, "ood_test": 0.7432527907305355, "ood_validation": 0.7422636710470538, "train": 0.7931371422002529, "id_test_conf": [0.7856851996108434, 0.8097754992772174], "id_test_balanced": 0.7128857374191284, "id_test_balanced_conf": [0.7044542898796499, 0.721317184958607], "ood_test_conf": [0.7373201576503008, 0.7491187536459978], "ood_test_balanced": 0.7019788026809692, "ood_test_balanced_conf": [0.6981566471699625, 0.705800958191976], "features": ["VCF0004", "VCF0218", "VCF0301", "VCF0302", "VCF9010", "VCF9011", "VCF9201", "VCF0429", "VCF0875", "VCF9052", "VCF0809", "VCF0839", "VCF0822", "VCF0870", "VCF0843", "VCF9045", "VCF0838", "VCF0803", "VCF0846", "VCF0606", "VCF0612", "VCF0617", "VCF0717", "VCF0718", "VCF0720", "VCF0721", "VCF0725", "VCF0745", "VCF0101", "VCF0115", "VCF0112"]}