{"id_test": 0.9668019706875717, "id_test_conf": [0.965916328359613, 0.9676707890483484], "id_test_balanced": 0.5554865002632141, "id_test_balanced_conf": [0.5546974813099951, 0.5562755192164331], "ood_test": 0.9493432593163051, "ood_test_conf": [0.948269608726672, 0.9504009515428478], "ood_test_balanced": 0.5396677851676941, "ood_test_balanced_conf": [0.538984017932089, 0.5403515524032991], "validation": 0.9674524677127488, "validation_conf": [0.9665751253119469, 0.9683129618425274], "validation_balanced": 0.5579312443733215, "validation_balanced_conf": [0.557129056812264, 0.5587334319343791], "features": ["RELP", "WKHP", "WKW", "WRK", "ESP", "MIG", "MIL", "ANC", "DPHY", "AGEP", "CIT", "DIVISION", "SCHL"]}