{"id_test": 0.6413805631244324, "id_test_conf": [0.6356819345851206, 0.6470493340471378], "id_test_balanced": 0.6049118041992188, "id_test_balanced_conf": [0.6011193507863208, 0.6087042576121167], "ood_test": 0.5308926786049679, "ood_test_conf": [0.5295443341770787, 0.5322406834528322], "ood_test_balanced": 0.5716990232467651, "ood_test_balanced_conf": [0.570874147429131, 0.5725238990643993], "validation": 0.6413312018601948, "validation_conf": [0.6356323025631353, 0.6470002528822469], "validation_balanced": 0.6036458015441895, "validation_balanced_conf": [0.5998507918976247, 0.6074408111907542], "features": ["AGEG5YR", "VEG_ONCE_PER_DAY", "RFBING5", "TOTINDA", "SMOKDAY2", "CHCSCNCR", "IYEAR", "IYEAR", "STATE", "MEDCOST", "SEX", "BMI5CAT"]}