{"id_test": 0.822175306506588, "id_test_conf": [0.8194844535180716, 0.824842366501783], "id_test_balanced": 0.5763664245605469, "id_test_balanced_conf": [0.5749164122506045, 0.5778164368704892], "ood_test": 0.7910511886738409, "ood_test_conf": [0.7874194862211937, 0.7946482933626987], "ood_test_balanced": 0.5785036683082581, "ood_test_balanced_conf": [0.576522199776955, 0.5804851368395612], "validation": 0.8238009843946735, "validation_conf": [0.8211196694856607, 0.8264583856765852], "validation_balanced": 0.5733142495155334, "validation_balanced_conf": [0.5718794494541362, 0.5747490495769307], "features": ["ENG", "NWLA", "OCCP", "POBP", "RELP", "WKHP", "WRK", "DIS", "DEAR", "DREM", "AGEP", "MAR", "CIT", "DIVISION"]}