{"validation": 0.7765591874189159, "id_test": 0.7771364925070879, "ood_test": 0.7527499308400627, "ood_validation": 0.7500889152341434, "train": 0.7775659488831388, "id_test_conf": [0.7750763089094889, 0.7791865030738359], "id_test_balanced": 0.7225990295410156, "id_test_balanced_conf": [0.7211310132732615, 0.7240670458087698], "ood_test_conf": [0.74966477393567, 0.7558157597636723], "ood_test_balanced": 0.7228896021842957, "ood_test_balanced_conf": [0.7207619290892034, 0.7250172752793879], "features": ["COW", "ENG", "FER", "HINS1", "NWLA", "NWLK", "POBP", "RELP", "AGEP", "ST", "RAC1P", "SCHL", "DIVISION"]}