{"validation": 0.7850900230990728, "id_test": 0.7848382442284325, "ood_test": 0.7499176667413154, "ood_validation": 0.7408417308832247, "train": 0.7858665651997472, "id_test_conf": [0.7828037201708817, 0.7868623122703962], "id_test_balanced": 0.7170699834823608, "id_test_balanced_conf": [0.7156446947413496, 0.7184952722233721], "ood_test_conf": [0.7468209032122636, 0.752995319080942], "ood_test_balanced": 0.7037349939346313, "ood_test_balanced_conf": [0.7017401012405753, 0.7057298866286874], "features": ["ENG", "HINS2", "NWLA", "NWLK", "OCCP", "RELP", "WKHP", "AGEP", "ST", "CIT", "RAC1P", "DIVISION"]}