{"validation": 0.7652944340727146, "id_test": 0.7675551842851357, "ood_test": 0.7366257854592878, "ood_validation": 0.7355068168346177, "train": 0.7660164398559317, "id_test_conf": [0.7654644912688714, 0.7696360562729847], "id_test_balanced": 0.6889739036560059, "id_test_balanced_conf": [0.6875525201135315, 0.6903952871984802], "ood_test_conf": [0.7334768666121068, 0.7397566104050464], "ood_test_balanced": 0.6959553360939026, "ood_test_balanced_conf": [0.693869868805632, 0.6980408033821732], "features": ["COW", "HINS1", "NWLA", "NWLK", "POBP", "RELP", "WKHP", "WRK", "AGEP", "SEX", "ST", "MAR", "RAC1P", "DIVISION"]}