{"validation": 0.7778030716021574, "id_test": 0.7770107551789002, "ood_test": 0.36992970825686505, "ood_validation": 0.3668295259474449, "train": 0.7768918007842248, "id_test_conf": [0.7758552890286836, 0.7781630156519332], "id_test_balanced": 0.5042994022369385, "id_test_balanced_conf": [0.5041442222194746, 0.5044545822544023], "ood_test_conf": [0.36888325430071595, 0.3709770835114545], "ood_test_balanced": 0.5038824081420898, "ood_test_balanced_conf": [0.5037418108838029, 0.5040230054003768], "features": ["MIG", "NATIVITY", "DREM", "MAR", "CIT", "RAC1P", "SCHL", "ACS_YEAR", "DIS"]}