{"id_test": 0.7782727813699374, "id_test_conf": [0.7771196416876911, 0.7794227007628414], "id_test_balanced": 0.5140538215637207, "id_test_balanced_conf": [0.5137697353120894, 0.514337907815352], "ood_test": 0.3784933431310576, "ood_test_conf": [0.3774420343981434, 0.3795455125024385], "ood_test_balanced": 0.50838303565979, "ood_test_balanced_conf": [0.5081516661372735, 0.5086144051823066], "validation": 0.7794564889642379, "validation_conf": [0.7783055442025831, 0.7806041997246045], "validation_balanced": 0.5146777033805847, "validation_balanced_conf": [0.5143905136769171, 0.5149648930842523], "features": ["MIG", "NATIVITY", "DREM", "MAR", "CIT", "RAC1P", "SCHL", "ACS_YEAR", "DIS"]}