{"validation": 0.8107610945044837, "id_test": 0.8154022988505747, "ood_test": 0.7676510762564175, "ood_validation": 0.77490462060195, "train": 0.8081388665363834, "id_test_conf": [0.8035476674043729, 0.8268318375848044], "id_test_balanced": 0.7259765863418579, "id_test_balanced_conf": [0.7178209610469639, 0.7341322116367519], "ood_test_conf": [0.7619102242252369, 0.7733185578235069], "ood_test_balanced": 0.7272986173629761, "ood_test_balanced_conf": [0.7235816044453531, 0.731015630280599], "features": ["VCF0004", "VCF0901b", "VCF0218", "VCF0224", "VCF9008", "VCF9011", "VCF9202", "VCF9204", "VCF9206", "VCF0521", "VCF0523", "VCF0428", "VCF0429", "VCF0875", "VCF0809", "VCF0839", "VCF0870", "VCF0838", "VCF9239", "VCF0803", "VCF0846", "VCF0612", "VCF0615", "VCF0617", "VCF0310", "VCF0743", "VCF0718", "VCF0720", "VCF0721", "VCF0701", "VCF0675", "VCF0724", "VCF0725", "VCF0104", "VCF0105a", "VCF0115", "VCF0140a", "VCF0112"]}