{"id_test": 0.9357307383537286, "id_test_conf": [0.9347931736582198, 0.9366588157173098], "id_test_balanced": 0.8963980674743652, "id_test_balanced_conf": [0.8956259866210167, 0.8971701483277138], "ood_test": 0.583420776495278, "ood_test_conf": [0.560911827534833, 0.6056726076827481], "ood_test_balanced": 0.6303538084030151, "ood_test_balanced_conf": [0.6204989674501121, 0.6402086493559181], "validation": 0.9346540819159233, "validation_conf": [0.9337093040421841, 0.9355893960941436], "validation_balanced": 0.8952483534812927, "validation_balanced_conf": [0.8944732384837698, 0.8960234684788156], "features": ["Average_confidence(BORED)", "Average_confidence(CONCENTRATING)", "attempt_count", "hint_count", "skill_id", "bottom_hint", "position", "first_action", "school_id"]}