{"id_test": 0.936758626381459, "id_test_conf": [0.9358280177136123, 0.9376797251459505], "features": ["Average_confidence(BORED)", "Average_confidence(CONCENTRATING)", "attempt_count", "hint_count", "skill_id", "bottom_hint", "position", "first_action", "school_id"], "ood_test": 0.583420776495278, "ood_test_conf": [0.5609118275348332, 0.6056726076827482], "validation": 0.9356894727759729, "validation_conf": [0.9347516302535797, 0.9366178288724747]}