{"id_test": 0.7677070676387201, "id_test_conf": [0.7656168463711934, 0.769787462298221], "id_test_balanced": 0.7184258103370667, "id_test_balanced_conf": [0.716932794067543, 0.7199188266065903], "ood_test": 0.7508002792744135, "ood_test_conf": [0.7477071137604652, 0.7538742660417014], "ood_test_balanced": 0.731654703617096, "ood_test_balanced_conf": [0.7294763482781127, 0.7338330589560792], "validation": 0.7658703287662564, "validation_conf": [0.7637744211921635, 0.7679564771445487], "validation_balanced": 0.7171413898468018, "validation_balanced_conf": [0.715646689881105, 0.7186360898124985], "features": ["COW", "HINS1", "HINS2", "HINS4", "NWLA", "NWLK", "POBP", "WKHP", "AGEP", "SEX", "CIT", "RAC1P", "DIVISION"]}