{"validation": 0.7858784578488401, "id_test": 0.7847806031366942, "ood_test": 0.46395118092329285, "ood_validation": 0.4623222853118535, "train": 0.7845867793040323, "id_test_conf": [0.7836397065355849, 0.7859182040963575], "id_test_balanced": 0.5382721424102783, "id_test_balanced_conf": [0.537836791521986, 0.5387074932985706], "ood_test_conf": [0.4628699061349655, 0.4650327110420308], "ood_test_balanced": 0.5713526010513306, "ood_test_balanced_conf": [0.5708938410476548, 0.5718113610550063], "features": ["ANC", "DEAR", "DEYE", "DREM", "PINCP", "ESR", "MAR", "RAC1P", "SCHL", "DIVISION", "ACS_YEAR", "DIS"]}