{"validation": 0.790672968822699, "id_test": 0.7891098322224042, "ood_test": 0.5549991013318628, "ood_validation": 0.5558563317047406, "train": 0.7890722718433127, "id_test_conf": [0.7879773133174506, 0.7902390053567285], "id_test_balanced": 0.5599979162216187, "id_test_balanced_conf": [0.5594637471251189, 0.5605320853181184], "ood_test_conf": [0.5539212596668353, 0.5560765534424036], "ood_test_balanced": 0.6351348161697388, "ood_test_balanced_conf": [0.6345506909932009, 0.6357189413462766], "features": ["ANC", "DEAR", "DEYE", "DREM", "PINCP", "ESR", "MAR", "RAC1P", "SCHL", "DIVISION", "ACS_YEAR", "DIS"]}