{"validation": 0.28859060402684567, "id_test": 0.2550335570469799, "ood_test": 0.5274904735982581, "ood_validation": 0.5244964616222101, "train": 0.29656040268456374, "id_test_conf": [0.2065218173693059, 0.3084892588080364], "id_test_balanced": 0.5, "id_test_balanced_conf": [0.5, 0.5], "ood_test_conf": [0.5220920501308697, 0.5328840668060977], "ood_test_balanced": 0.5000752210617065, "ood_test_balanced_conf": [0.49882095913868396, 0.5013294829847291], "features": ["FAMILY_SIZE_AVG", "ORIGIN", "TANF_ASSISTANCE", "INCOME", "VA_BENEFITS_AMOUNT", "DISABILITY_BENEFITS_AMOUNT", "RACE", "GENDER", "LIVING_OWNERSHIP", "WIC_ASSISTANCE", "MEDICARE_ASSISTANCE", "MEDICAID_ASSISTANCE", "HEALTHDISAB", "DAYS_SICK", "HOSPITAL_NIGHTS", "VISIT_DOCTOR_NUM", "HEALTH_MEDICAL_CARE_PAY", "HEALTH_COGNITIVE", "HEALTH_AMBULATORY", "HEALTH_SELF_CARE", "SOCIAL_SEC_BENEFITS", "CITIZENSHIP_STATUS"]}