{"validation": 0.9238537547924341, "id_test": 0.9251254848705386, "ood_test": 0.453305351521511, "ood_validation": 0.5518867924528302, "train": 0.923989203414167, "id_test_conf": [0.9241198705972569, 0.9261218444048875], "id_test_balanced": 0.878646731376648, "id_test_balanced_conf": [0.8778304715245031, 0.8794629912287928], "ood_test_conf": [0.4307806757178835, 0.4759739273012397], "ood_test_balanced": 0.5148975849151611, "ood_test_balanced_conf": [0.5110810502432287, 0.5187141195870936], "features": ["Average_confidence(BORED)", "Average_confidence(CONCENTRATING)", "Average_confidence(FRUSTRATED)", "attempt_count", "hint_count", "skill_id", "problem_type", "bottom_hint", "tutor_mode", "type", "overlap_time", "first_action", "school_id"]}