{"validation": 0.9240075628549778, "id_test": 0.9252680386846034, "ood_test": 0.45120671563483733, "ood_validation": 0.5518867924528302, "train": 0.924193186859152, "id_test_conf": [0.9242632974918699, 0.9262635220149679], "id_test_balanced": 0.8782029151916504, "id_test_balanced_conf": [0.8773867597861681, 0.8790190705971327], "ood_test_conf": [0.4286942998756706, 0.4738694997049344], "ood_test_balanced": 0.5130353569984436, "ood_test_balanced_conf": [0.5094584700884297, 0.5166122439084575], "features": ["Average_confidence(BORED)", "Average_confidence(CONCENTRATING)", "Average_confidence(FRUSTRATED)", "attempt_count", "hint_count", "skill_id", "problem_type", "bottom_hint", "tutor_mode", "type", "overlap_time", "first_action", "school_id"]}