{"validation": 0.9195543155407963, "id_test": 0.9203850665478351, "ood_test": 0.9098458835742235, "ood_validation": 0.9281609195402298, "train": 0.9203624746574922, "id_test_conf": [0.9197031607548063, 0.9210629792519045], "id_test_balanced": 0.8780918121337891, "id_test_balanced_conf": [0.8775510508043226, 0.8786325734632555], "ood_test_conf": [0.904694059348675, 0.9148062907946815], "ood_test_balanced": 0.8834487199783325, "ood_test_balanced_conf": [0.8797435520309955, 0.8871538879256695], "features": ["Average_confidence(CONCENTRATING)", "Average_confidence(CONFUSED)", "attempt_count", "hint_count", "problem_type", "ms_first_response", "position", "type", "overlap_time", "school_id"]}