{"validation": 0.920740448272981, "id_test": 0.9214303033480343, "ood_test": 0.9097660305038728, "ood_validation": 0.9281609195402298, "train": 0.9214431406278798, "id_test_conf": [0.9207524820820878, 0.9221041215579725], "id_test_balanced": 0.8789361715316772, "id_test_balanced_conf": [0.8783976659877226, 0.8794746770756319], "ood_test_conf": [0.9046122251485925, 0.9147284569395455], "ood_test_balanced": 0.883345365524292, "ood_test_balanced_conf": [0.8796390537405386, 0.8870516773080453], "features": ["Average_confidence(CONCENTRATING)", "Average_confidence(CONFUSED)", "attempt_count", "hint_count", "problem_type", "ms_first_response", "position", "type", "overlap_time", "school_id"]}