{"validation": 0.6001070281840885, "id_test": 0.5971102390296111, "ood_test": 0.4173046348134697, "ood_validation": 0.41784212667842124, "train": 0.6002613283148783, "id_test_conf": [0.5913406603688314, 0.6028596814601486], "id_test_balanced": 0.5000874400138855, "id_test_balanced_conf": [0.49995227090170374, 0.5002226091260673], "ood_test_conf": [0.41597764264734977, 0.4186325295683007], "ood_test_balanced": 0.5000120401382446, "ood_test_balanced_conf": [0.4999955418438185, 0.5000285384326708], "features": ["FRUIT_ONCE_PER_DAY", "VEG_ONCE_PER_DAY", "DRNK_PER_WEEK", "RFBING5", "TOTINDA", "IYEAR", "STATE", "SEX", "STATE", "SEX", "BMI5CAT"]}