{"validation": 0.6152336782019265, "id_test": 0.6110595790224759, "ood_test": 0.48407277357907663, "ood_validation": 0.48463990234639903, "train": 0.6114324448467929, "id_test_conf": [0.6053233102474567, 0.6167728185370212], "id_test_balanced": 0.5458288192749023, "id_test_balanced_conf": [0.5427870876295492, 0.5488705509202555], "ood_test_conf": [0.4827275761344803, 0.48541814486116125], "ood_test_balanced": 0.5372092723846436, "ood_test_balanced_conf": [0.5364837994996924, 0.5379347452695947], "features": ["FRUIT_ONCE_PER_DAY", "VEG_ONCE_PER_DAY", "DRNK_PER_WEEK", "RFBING5", "TOTINDA", "IYEAR", "STATE", "SEX", "STATE", "SEX", "BMI5CAT"]}