{"validation": 0.6146271851587585, "id_test": 0.6115947199429183, "ood_test": 0.48788739611040366, "ood_validation": 0.4880645598806456, "train": 0.6117267736655979, "id_test_conf": [0.6058598263362716, 0.6173064732986391], "id_test_balanced": 0.5491992235183716, "id_test_balanced_conf": [0.5460546992439776, 0.5523437477927655], "ood_test_conf": [0.486541890002457, 0.48923303442117494], "ood_test_balanced": 0.5384605526924133, "ood_test_balanced_conf": [0.5377114781702403, 0.5392096272145863], "features": ["FRUIT_ONCE_PER_DAY", "VEG_ONCE_PER_DAY", "DRNK_PER_WEEK", "RFBING5", "TOTINDA", "IYEAR", "STATE", "SEX", "STATE", "SEX", "BMI5CAT"]}