{"validation": 0.7809005474163845, "id_test": 0.7814398541919806, "ood_test": 0.7755002568797671, "ood_validation": 0.7705986959098993, "train": 0.7811099078175145, "id_test_conf": [0.7793938803749829, 0.7834754968640918], "id_test_balanced": 0.7250593900680542, "id_test_balanced_conf": [0.7236025669914671, 0.7265162131446413], "ood_test_conf": [0.772514961806936, 0.7784644822109068], "ood_test_balanced": 0.754906177520752, "ood_test_balanced_conf": [0.7528028485411778, 0.7570095065003261], "features": ["COW", "ENG", "HINS1", "NWLA", "POBP", "WKHP", "WKW", "SEX", "MAR", "RAC1P", "SCHL", "ACS_YEAR", "DIVISION"]}