{"validation": 0.7837167357529349, "id_test": 0.7836168489266909, "ood_test": 0.7765804692337079, "ood_validation": 0.7748666271487848, "train": 0.7837575932088887, "id_test_conf": [0.7815781863457325, 0.7856451003718443], "id_test_balanced": 0.7285251021385193, "id_test_balanced_conf": [0.7270701718796044, 0.7299800323974341], "ood_test_conf": [0.7736002206593173, 0.7795395653473973], "ood_test_balanced": 0.7577388286590576, "ood_test_balanced_conf": [0.7556342527084052, 0.75984340460971], "features": ["COW", "ENG", "HINS1", "NWLA", "POBP", "WKHP", "WKW", "SEX", "MAR", "RAC1P", "SCHL", "ACS_YEAR", "DIVISION"]}