{"validation": 0.7617884378065374, "id_test": 0.7604989368165249, "ood_test": 0.7509451858096982, "ood_validation": 0.7401304090100771, "train": 0.7625713637043231, "id_test_conf": [0.758386738870629, 0.7626015729420449], "id_test_balanced": 0.684913694858551, "id_test_balanced_conf": [0.6834706061473116, 0.6863567835697905], "ood_test_conf": [0.7478526126488949, 0.7540185691322708], "ood_test_balanced": 0.7301650047302246, "ood_test_balanced_conf": [0.7279917620867491, 0.7323382473737001], "features": ["HINS1", "NWLA", "OCCP", "POBP", "WKW", "SEX", "CIT", "DIVISION"]}