{"validation": 0.8744180828986483, "id_test": 0.8751872951771993, "ood_test": 0.8269274138986437, "ood_validation": 0.8302543285560434, "train": 0.8750528333710595, "id_test_conf": [0.8733409224545812, 0.8770162157624986], "id_test_balanced": 0.5363060832023621, "id_test_balanced_conf": [0.5354911779623944, 0.5371209884423297], "ood_test_conf": [0.8253300371882837, 0.8285160639185265], "ood_test_balanced": 0.5319967269897461, "ood_test_balanced_conf": [0.5314017171703744, 0.5325917368091178], "features": ["TOLDHI", "BMI5", "BMI5CAT", "SMOKE100", "MICHD", "FRUIT_ONCE_PER_DAY", "VEG_ONCE_PER_DAY", "DRNK_PER_WEEK", "CHECKUP1", "HEALTH_COV", "MEDCOST", "SEX", "MEDCOST", "SEX", "PRACE1", "IYEAR"]}