{"validation": 0.8780395199498159, "id_test": 0.8757779355200819, "ood_test": 0.8312405970149254, "ood_validation": 0.8321870701513068, "train": 0.8786231117723469, "id_test_conf": [0.873907538496389, 0.8776303255918286], "id_test_balanced": 0.5408469438552856, "id_test_balanced_conf": [0.5399882064410485, 0.5417056812695228], "ood_test_conf": [0.8296293358328827, 0.832842682339276], "ood_test_balanced": 0.5383282899856567, "ood_test_balanced_conf": [0.5376754163159058, 0.5389811636554077], "features": ["PHYSHLTH", "HIGH_BLOOD_PRESS", "TOLDHI", "BMI5", "BMI5CAT", "SMOKDAY2", "MICHD", "DRNK_PER_WEEK", "INCOME", "CHECKUP1", "EDUCA", "HEALTH_COV", "MENTHLTH", "IYEAR", "STATE", "STATE", "MEDCOST", "PRACE1", "PRACE1"]}