{"validation": 0.818713673420072, "id_test": 0.8156381950450221, "ood_test": 0.7875936003928148, "ood_validation": 0.7919351868900755, "train": 0.8166968194868828, "id_test_conf": [0.8129097439838348, 0.8183433369074132], "id_test_balanced": 0.5246810913085938, "id_test_balanced_conf": [0.5238558307325002, 0.5255063518846873], "ood_test_conf": [0.7839403572476922, 0.7912126575507951], "ood_test_balanced": 0.530847430229187, "ood_test_balanced_conf": [0.5296088398690335, 0.5320860205893405], "features": ["ENG", "NWLA", "OCCP", "POBP", "RELP", "WKW", "WRK", "MIL", "ANC", "DEAR", "DREM", "AGEP", "ST", "MAR", "CIT", "SCHL", "DIVISION"]}