{"validation": 0.8249965024737049, "id_test": 0.8223787963575316, "ood_test": 0.7937927083759565, "ood_validation": 0.8022463634689744, "train": 0.8227602389756732, "id_test_conf": [0.8196891348802628, 0.8250446497799802], "id_test_balanced": 0.5698747634887695, "id_test_balanced_conf": [0.5684918434708379, 0.5712576835067011], "ood_test_conf": [0.7901783654083553, 0.7973721270522103], "ood_test_balanced": 0.5903846025466919, "ood_test_balanced_conf": [0.5883053431892767, 0.592463861904107], "features": ["ENG", "NWLA", "OCCP", "POBP", "RELP", "WKW", "WRK", "MIL", "ANC", "DEAR", "DREM", "AGEP", "ST", "MAR", "CIT", "SCHL", "DIVISION"]}