{"validation": 0.7514413188621334, "id_test": 0.7521010530579182, "ood_test": 0.7294068053378299, "ood_validation": 0.7257854179016004, "train": 0.7526277110692551, "id_test_conf": [0.7499642885827899, 0.7542285641773343], "id_test_balanced": 0.6753070950508118, "id_test_balanced_conf": [0.6738554976158775, 0.676758692485746], "ood_test_conf": [0.7262311130460983, 0.7325649561537155], "ood_test_balanced": 0.6967424750328064, "ood_test_balanced_conf": [0.6945749650336802, 0.6989099850319326], "features": ["ENG", "HINS2", "HINS3", "POBP", "WRK", "AGEP", "MAR", "SCHL", "DIVISION"]}