{"validation": 0.8762236492398104, "id_test": 0.8741849216699408, "ood_test": 0.8277158208955224, "ood_validation": 0.8305536451169189, "train": 0.8769444579144867, "id_test_conf": [0.8723043931498173, 0.8760475198603991], "id_test_balanced": 0.517572820186615, "id_test_balanced_conf": [0.5169972079549916, 0.5181484324182384], "ood_test_conf": [0.8260913818412945, 0.8293311818797398], "ood_test_balanced": 0.5133911371231079, "ood_test_balanced_conf": [0.5129947247321252, 0.5137875495140907], "features": ["PHYSHLTH", "CHOL_CHK_PAST_5_YEARS", "BMI5", "BMI5CAT", "SMOKE100", "MICHD", "FRUIT_ONCE_PER_DAY", "RFBING5", "TOTINDA", "CHECKUP1", "HEALTH_COV", "MENTHLTH", "MEDCOST", "SEX", "STATE", "PRACE1", "SEX", "PRACE1", "IYEAR"]}