{"validation": 0.7907564957461486, "id_test": 0.7873563218390804, "ood_test": 0.7131081908529979, "ood_validation": 0.7070792708774905, "train": 0.7824749971261065, "id_test_conf": [0.7748909373687423, 0.7994346725561152], "id_test_balanced": 0.6576151251792908, "id_test_balanced_conf": [0.6502308129891753, 0.6649994373694063], "ood_test_conf": [0.7069716039525397, 0.7191863800761837], "ood_test_balanced": 0.6538316607475281, "ood_test_balanced_conf": [0.6504301420086995, 0.6572331794863566], "features": ["VCF0004", "VCF0224", "VCF0301", "VCF0302", "VCF9201", "VCF0521", "VCF0428", "VCF0429", "VCF9052", "VCF0809", "VCF0822", "VCF9045", "VCF0838", "VCF0803", "VCF0601", "VCF0606", "VCF0612", "VCF0617", "VCF0743", "VCF0718", "VCF0720", "VCF0721", "VCF0675", "VCF0724", "VCF0104", "VCF0105a", "VCF0115", "VCF0112"]}