{"id_test": 0.7960919540229885, "id_test_conf": [0.783807036595294, 0.807977995748684], "id_test_balanced": 0.7023863792419434, "id_test_balanced_conf": [0.694086622800678, 0.7106861356832087], "ood_test": 0.7413216523008808, "ood_test_conf": [0.7353748963407982, 0.7472022682292755], "ood_test_balanced": 0.6989519000053406, "ood_test_balanced_conf": [0.6951458074897527, 0.7027579925209284], "validation": 0.7935157507472982, "validation_conf": [0.7811752761665955, 0.8054607515271579], "validation_balanced": 0.7031216621398926, "validation_balanced_conf": [0.6947652884200215, 0.7114780358597637], "features": ["VCF0004", "VCF0224", "VCF0301", "VCF0302", "VCF9201", "VCF0521", "VCF0428", "VCF0429", "VCF9052", "VCF0809", "VCF0822", "VCF9045", "VCF0838", "VCF0803", "VCF0601", "VCF0606", "VCF0612", "VCF0617", "VCF0743", "VCF0718", "VCF0720", "VCF0721", "VCF0675", "VCF0724", "VCF0104", "VCF0105a", "VCF0115", "VCF0112"]}