{"id_test": 0.9160474093782938, "id_test_conf": [0.9153454226008301, 0.9167454049268033], "features": ["Average_confidence(CONFUSED)", "attempt_count", "problem_type", "bottom_hint", "tutor_mode", "position", "first_action", "school_id"], "ood_test": 0.8809390721073225, "ood_test_conf": [0.8751382457754306, 0.8865621955270485], "validation": 0.9161400704555119, "validation_conf": [0.9154384338396022, 0.9168377149504128]}