{"validation": 0.8758374899812464, "id_test": 0.876227530931445, "ood_test": 0.8313858580826524, "ood_validation": 0.8304311276570193, "train": 0.8755030041641012, "id_test_conf": [0.8744146188453203, 0.8780234478459212], "id_test_balanced": 0.5302687883377075, "id_test_balanced_conf": [0.529530280440813, 0.5310072962346021], "ood_test_conf": [0.8298316960571424, 0.8329314714957881], "ood_test_balanced": 0.5250526666641235, "ood_test_balanced_conf": [0.5245242421340663, 0.5255810911941807], "features": ["PHYSHLTH", "BMI5CAT", "SMOKE100", "MICHD", "VEG_ONCE_PER_DAY", "DRNK_PER_WEEK", "TOTINDA", "INCOME", "MARITAL", "MENTHLTH", "IYEAR", "STATE", "PRACE1", "SEX", "IYEAR", "STATE", "PRACE1"]}