{"validation": 0.814198684930113, "id_test": 0.8105127944243781, "ood_test": 0.7801055689676337, "ood_validation": 0.7862272141410421, "train": 0.8113758270828497, "id_test_conf": [0.8077557631701362, 0.8132468957252947], "id_test_balanced": 0.505275547504425, "id_test_balanced_conf": [0.5048868962249253, 0.5056641987839248], "ood_test_conf": [0.7764069938992858, 0.7837708496880822], "ood_test_balanced": 0.5000203251838684, "ood_test_balanced_conf": [0.4999668581864535, 0.5000737921812833], "features": ["ENG", "NWLA", "OCCP", "WKHP", "WKW", "WRK", "MIL", "NATIVITY", "AGEP", "SEX", "ACS_YEAR", "DIVISION"]}