{"validation": 0.8020234536675098, "id_test": 0.799080459770115, "ood_test": 0.751872262258019, "ood_validation": 0.7520135650699449, "train": 0.7979652833659041, "id_test_conf": [0.7868592480457612, 0.8108987421851745], "id_test_balanced": 0.7114607095718384, "id_test_balanced_conf": [0.7030839088000357, 0.7198375103436411], "ood_test_conf": [0.746004515317493, 0.7576709724933203], "ood_test_balanced": 0.708638072013855, "ood_test_balanced_conf": [0.7049042296642437, 0.7123719143634663], "features": ["VCF0004", "VCF0302", "VCF9008", "VCF9201", "VCF9202", "VCF9203", "VCF9204", "VCF0523", "VCF0875", "VCF0839", "VCF0822", "VCF0870", "VCF0846", "VCF0606", "VCF0612", "VCF0617", "VCF0310", "VCF0717", "VCF0718", "VCF0721", "VCF0725", "VCF0726", "VCF0745", "VCF0115", "VCF0140a", "VCF0112"]}