{"id_test": 0.8120805369127517, "id_test_conf": [0.7630200676943543, 0.8548126731682171], "id_test_balanced": 0.6791726350784302, "id_test_balanced_conf": [0.6486744249984622, 0.7096708451583982], "ood_test": 0.7046513034536986, "ood_test_conf": [0.6997012258925457, 0.7095654098501367], "ood_test_balanced": 0.7072571516036987, "ood_test_balanced_conf": [0.7038060367293656, 0.7107082664780319], "validation": 0.8322147651006712, "validation_conf": [0.7848511670326137, 0.8728279049905929], "validation_balanced": 0.745772123336792, "validation_balanced_conf": [0.7146436545997858, 0.7769005920737981], "features": ["MARITAL_STATUS", "FAMILY_SIZE_AVG", "ORIGIN", "UNEMPLOYMENT_COMP", "SEVERANCE_PAY_PENSION", "CHILD_SUPPORT_AMT", "ALIMONY_AMT", "INCOME_FROM_ASSISTANCE", "INCOME", "SAVINGS_INV_AMOUNT", "UNEMPLOYMENT_COMP_AMOUNT", "VA_BENEFITS_AMOUNT", "RETIREMENT_INCOME_AMOUNT", "DISABILITY_BENEFITS_AMOUNT", "MEDICARE_ASSISTANCE", "MEDICAID_ASSISTANCE", "HEALTHDISAB", "DAYS_SICK", "HEALTH_ERRANDS_DIFFICULTY", "HEALTH_SUPPLEMENTAL_DISABILITY", "CITIZENSHIP_STATUS"]}