{"validation": 0.8024364775495997, "id_test": 0.8031275313892264, "ood_test": 0.7888053114831842, "ood_validation": 0.7890930646117368, "train": 0.8031093493275575, "id_test_conf": [0.801158243665047, 0.8050856909550607], "id_test_balanced": 0.7607382535934448, "id_test_balanced_conf": [0.7593091111071408, 0.7621673960797488], "ood_test_conf": [0.7858842124796794, 0.7917043217575093], "ood_test_balanced": 0.764385461807251, "ood_test_balanced_conf": [0.7623373411316424, 0.7664335824828595], "features": ["COW", "HINS1", "HINS2", "NWLK", "POBP", "RELP", "WKHP", "WKW", "AGEP", "SEX", "ST", "MAR", "CIT", "SCHL", "DIVISION"]}