{"validation": 0.8761392740949261, "id_test": 0.8739636050393023, "ood_test": 0.8295005287383557, "ood_validation": 0.8258500177704063, "train": 0.8748903989478299, "id_test_conf": [0.8721473981002823, 0.8757631156460706], "id_test_balanced": 0.5051916837692261, "id_test_balanced_conf": [0.5048867211909964, 0.5054966463474557], "ood_test_conf": [0.8279501559686149, 0.8310425165820691], "ood_test_balanced": 0.5052503347396851, "ood_test_balanced_conf": [0.5050171559254523, 0.5054835135539179], "features": ["PHYSHLTH", "HIGH_BLOOD_PRESS", "TOLDHI", "BMI5CAT", "SMOKDAY2", "CVDSTRK3", "DRNK_PER_WEEK", "RFBING5", "MARITAL", "EDUCA", "IYEAR", "STATE", "MEDCOST", "SEX", "IYEAR", "STATE", "PRACE1"]}