{"validation": 0.7214765100671141, "id_test": 0.7483221476510067, "ood_test": 0.5033871650638118, "ood_validation": 0.5076211213935765, "train": 0.7059563758389261, "id_test_conf": [0.6950462352528248, 0.7965854697688628], "id_test_balanced": 0.5065789222717285, "id_test_balanced_conf": [0.5001099543925375, 0.5130478901509196], "ood_test_conf": [0.49798283168562246, 0.5087909032977939], "ood_test_balanced": 0.5289387702941895, "ood_test_balanced_conf": [0.5271428671455942, 0.5307346734427847], "features": ["LIVING_QUARTERS_TYPE", "MARITAL_STATUS", "FAMILY_SIZE_AVG", "ORIGIN", "RECEIVED_WORK_COMP", "SEVERANCE_PAY_PENSION", "INCOME", "SAVINGS_INV_AMOUNT", "UNEMPLOYMENT_COMP_AMOUNT", "RETIREMENT_INCOME_AMOUNT", "SURVIVOR_INCOME_AMOUNT", "DISABILITY_BENEFITS_AMOUNT", "EDUCATION", "RACE", "AGE", "LIVING_OWNERSHIP", "WIC_ASSISTANCE", "MEDICARE_ASSISTANCE", "HEALTHDISAB", "VISIT_DENTIST_NUM", "TRANSPORTATION_ASSISTANCE", "VISIT_DOCTOR_NUM", "HEALTH_MEDICAL_CARE_PAY", "HEALTH_SEEING", "HEALTH_COGNITIVE", "HEALTH_SUPPLEMENTAL_DISABILITY", "CITIZENSHIP_STATUS"]}