{"validation": 0.8154196395640174, "id_test": 0.8130182632141222, "ood_test": 0.7865092679733213, "ood_validation": 0.7921193150432702, "train": 0.81336464139341, "id_test_conf": [0.8102751061431813, 0.8157383049513375], "id_test_balanced": 0.5377222299575806, "id_test_balanced_conf": [0.5366140623902902, 0.5388303975248709], "ood_test_conf": [0.7828493495450124, 0.7901351295430749], "ood_test_balanced": 0.5379040241241455, "ood_test_balanced_conf": [0.5364792033680714, 0.5393288448802196], "features": ["FER", "NWLK", "OCCP", "WKW", "MIL", "ANC", "DREM", "PUBCOV", "SEX", "ACS_YEAR", "DIVISION"]}