{"id_test": 0.9343314601261976, "id_test_conf": [0.9333845350804967, 0.9352689285579228], "features": ["Average_confidence(CONCENTRATING)", "attempt_count", "skill_id", "bottom_hint", "ms_first_response", "position", "type", "first_action", "school_id"], "ood_test": 0.5823714585519413, "ood_test_conf": [0.5598562181357847, 0.604632816767697], "validation": 0.9336186910558736, "validation_conf": [0.9326670452355325, 0.9345608959056856]}