{"validation": 0.7841280891054647, "id_test": 0.7846104191980559, "ood_test": 0.7816785446114529, "ood_validation": 0.7734439834024897, "train": 0.7852558651333771, "id_test_conf": [0.7825751211824905, 0.7866352695694565], "id_test_balanced": 0.7410227656364441, "id_test_balanced_conf": [0.7395554739353247, 0.7424900573375635], "ood_test_conf": [0.7787225030817224, 0.7846130432623801], "ood_test_balanced": 0.7626292705535889, "ood_test_balanced_conf": [0.7605411931825802, 0.7647173479245976], "features": ["COW", "HINS1", "HINS2", "HINS3", "HINS4", "NWLK", "OCCP", "POBP", "RELP", "WKHP", "WRK", "MAR", "CIT", "RAC1P", "ACS_YEAR", "DIVISION"]}