{"validation": 0.8176421929811124, "id_test": 0.8194664644654305, "ood_test": 0.8022751163510903, "ood_validation": 0.8004239616864254, "train": 0.8201118430941533, "id_test_conf": [0.8173692202065486, 0.821549510614957], "id_test_balanced": 0.6232233047485352, "id_test_balanced_conf": [0.621661641180981, 0.6247849683160893], "ood_test_conf": [0.8006387964827729, 0.8039037906475754], "ood_test_balanced": 0.611452579498291, "ood_test_balanced_conf": [0.6103225941583514, 0.6125825648382306], "features": ["TOLDHI", "MICHD", "FRUIT_ONCE_PER_DAY", "VEG_ONCE_PER_DAY", "DRNK_PER_WEEK", "MARITAL", "HEALTH_COV", "MENTHLTH", "SEX", "IYEAR", "PRACE1", "SEX", "PRACE1"]}