{"validation": 0.8261284291655538, "id_test": 0.8225059775143715, "ood_test": 0.7968411146118908, "ood_validation": 0.8024304916221691, "train": 0.8235630776861711, "id_test_conf": [0.8198170613896353, 0.8251710761707975], "id_test_balanced": 0.620576798915863, "id_test_balanced_conf": [0.6188031963561662, 0.6223504014755599], "ood_test_conf": [0.7932463698398697, 0.8004005719809496], "ood_test_balanced": 0.6281225681304932, "ood_test_balanced_conf": [0.6257528731226921, 0.6304922631382942], "features": ["ENG", "FER", "NWLK", "OCCP", "WKHP", "WKW", "DEYE", "DREM", "PUBCOV", "MAR", "SCHL", "DIVISION"]}