{"id_test": 0.802013422818792, "id_test_conf": [0.7521768838484463, 0.8457312284885319], "id_test_balanced": 0.6853958964347839, "id_test_balanced_conf": [0.653385409116745, 0.7174063837528228], "ood_test": 0.7005383173047843, "ood_test_conf": [0.6955689549244622, 0.7054724320203415], "ood_test_balanced": 0.7058085203170776, "ood_test_balanced_conf": [0.7024050789838657, 0.7092119616502895], "validation": 0.7684563758389261, "validation_conf": [0.7163418071336323, 0.8151454913714486], "validation_balanced": 0.668836236000061, "validation_balanced_conf": [0.635797724276781, 0.701874747723341], "features": ["LIVING_QUARTERS_TYPE", "RECEIVED_WORK_COMP", "FOSTER_CHILD_CARE_AMT", "CHILD_SUPPORT_AMT", "INCOME", "SAVINGS_INV_AMOUNT", "DISABILITY_BENEFITS_AMOUNT", "FOOD_ASSISTANCE", "GENDER", "AGE", "LIVING_OWNERSHIP", "WIC_ASSISTANCE", "MEDICARE_ASSISTANCE", "MEDICAID_ASSISTANCE", "DAYS_SICK", "VISIT_DENTIST_NUM", "TRANSPORTATION_ASSISTANCE", "HEALTH_MEDICAL_CARE_PAY", "HEALTH_HEARING", "HEALTH_SEEING", "HEALTH_COGNITIVE", "HEALTH_AMBULATORY", "HEALTH_SELF_CARE", "HEALTH_ERRANDS_DIFFICULTY", "HEALTH_INSURANCE_PREMIUMS", "SOCIAL_SEC_BENEFITS", "CITIZENSHIP_STATUS"]}