{"validation": 0.8421654819112577, "id_test": 0.8428636281431888, "ood_test": 0.4863588667366212, "ood_validation": 0.5754716981132075, "train": 0.8429693767909135, "id_test_conf": [0.8414877837785183, 0.8442321342900214], "id_test_balanced": 0.7490789890289307, "id_test_balanced_conf": [0.7481171248247847, 0.7500408532330767], "ood_test_conf": [0.4636936319185715, 0.5090661372065854], "ood_test_balanced": 0.5294672250747681, "ood_test_balanced_conf": [0.5178527899645269, 0.5410816601850092], "features": ["Average_confidence(CONCENTRATING)", "hint_count", "skill_id", "ms_first_response", "type", "first_action", "school_id"]}