{"validation": 0.8637051472270818, "id_test": 0.8639234082445385, "ood_test": 0.5776495278069255, "ood_validation": 0.6650943396226415, "train": 0.8639313986968631, "id_test_conf": [0.8626266339306089, 0.865212392751566], "id_test_balanced": 0.777393102645874, "id_test_balanced_conf": [0.7764549758995417, 0.7783312293922063], "ood_test_conf": [0.5551072472150622, 0.5999524856168178], "ood_test_balanced": 0.6252327561378479, "ood_test_balanced_conf": [0.615506752282381, 0.6349587599933147], "features": ["Average_confidence(CONCENTRATING)", "hint_count", "skill_id", "ms_first_response", "type", "first_action", "school_id"]}