{"validation": 0.84389647968938, "id_test": 0.8442403014656219, "ood_test": 0.44333683105981114, "ood_validation": 0.5424528301886793, "train": 0.8444337103046358, "id_test_conf": [0.8428693445110086, 0.8456038906907042], "id_test_balanced": 0.7443360090255737, "id_test_balanced_conf": [0.743394264979288, 0.7452777530718595], "ood_test_conf": [0.42087396343299993, 0.4659743243902479], "ood_test_balanced": 0.5060521364212036, "ood_test_balanced_conf": [0.503597485604696, 0.5085067872377113], "features": ["Average_confidence(CONCENTRATING)", "hint_count", "skill_id", "ms_first_response", "type", "first_action", "school_id"]}