{"id_test": 0.6433403312339632, "id_test_conf": [0.6287908543672409, 0.6576942452811227], "id_test_balanced": 0.6108373999595642, "id_test_balanced_conf": [0.6013673872873188, 0.6203074126318097], "ood_test": 0.6013380944906608, "ood_test_conf": [0.5970719059370724, 0.6055927388410672], "ood_test_balanced": 0.599069356918335, "ood_test_balanced_conf": [0.5962811695178971, 0.6018575443187728], "validation": 0.6430237984134392, "validation_conf": [0.6284699856963701, 0.6573824348192412], "validation_balanced": 0.61576247215271, "validation_balanced_conf": [0.6061497694812715, 0.6253751748241484], "features": ["gender", "age", "admission_type_id", "time_in_hospital", "payer_code", "medical_specialty", "num_procedures", "number_outpatient", "number_emergency", "number_inpatient", "diag_1", "diag_2", "A1Cresult", "repaglinide", "nateglinide", "chlorpropamide", "acetohexamide", "glyburide", "rosiglitazone", "acarbose", "miglitol", "troglitazone", "tolazamide", "citoglipton", "insulin", "glyburide-metformin", "glipizide-metformin", "change", "admission_source_id"]}