{"id_test": 0.6688599733845927, "id_test_conf": [0.6632154029878026, 0.6744682551225996], "id_test_balanced": 0.6355413198471069, "id_test_balanced_conf": [0.6317471005953849, 0.639335539098829], "ood_test": 0.5990548029200458, "ood_test_conf": [0.5977194649137474, 0.6003890342666331], "ood_test_balanced": 0.6258432269096375, "ood_test_balanced_conf": [0.6249635985656642, 0.6267228552536107], "validation": 0.6618239621455769, "validation_conf": [0.6561506656931313, 0.6674624815033054], "validation_balanced": 0.6277569532394409, "validation_balanced_conf": [0.6239571325434372, 0.6315567739354446], "features": ["AGEG5YR", "FRUIT_ONCE_PER_DAY", "VEG_ONCE_PER_DAY", "DRNK_PER_WEEK", "RFBING5", "SMOKE100", "SMOKDAY2", "CHCSCNCR", "DIABETES", "EMPLOY1", "MEDCOST", "IYEAR", "MEDCOST", "PRACE1", "SEX", "BMI5CAT"]}