{"validation": 0.77598962123849, "id_test": 0.7749911401377075, "ood_test": 0.7659364255509742, "ood_validation": 0.757320687611144, "train": 0.7774330504230996, "id_test_conf": [0.7729239912557349, 0.77704819480971], "id_test_balanced": 0.7226901650428772, "id_test_balanced_conf": [0.7212146326084621, 0.7241656974772923], "ood_test_conf": [0.7629076802242251, 0.7689448334266193], "ood_test_balanced": 0.7357598543167114, "ood_test_balanced_conf": [0.7336703344294802, 0.7378493742039427], "features": ["FER", "HINS2", "HINS4", "NWLK", "OCCP", "RELP", "WKW", "WRK", "AGEP", "MAR", "CIT", "ACS_YEAR", "DIVISION"]}