{"id_test": 0.7484076433121019, "id_test_conf": [0.719416344591882, 0.7758364912031193], "id_test_balanced": 0.7413240671157837, "id_test_balanced_conf": [0.7216295195370912, 0.7610186146944762], "ood_test": 0.6470011119105239, "ood_test_conf": [0.639365736086859, 0.6545805183215284], "ood_test_balanced": 0.6589674949645996, "ood_test_balanced_conf": [0.6538037628587335, 0.6641312270704657], "validation": 0.7194473963868225, "validation_conf": [0.6895543832416411, 0.747959775511348], "validation_balanced": 0.7114921808242798, "validation_balanced_conf": [0.6911229755729437, 0.7318613860756159], "features": ["FCSZ1231", "JOBORG31", "OFREMP31", "CMJHLD31", "MCRPD31", "MCDHMO31", "MCDMC31", "PRVHMO31", "FSAGT31", "HASFSA31", "PFSAMT31", "MCARE31", "GOVAAT31", "GOVTB31", "GOVTC31", "GOVCAT31", "VAPROG31", "IHS31", "BSNTY31", "IHSAT31", "VACMPY31", "RNDFLG31", "HRWGIM31", "DIFFWG31", "TEMPJB31", "SSNLJB31", "CHOIC31", "UNION31", "STJBMM31", "PAYDR31", "PRING31", "MCAID31X", "MCDAT31X", "PUB31X", "INSAT31X", "SEX", "RACEV1X", "RACEV2X", "RACEAX", "RACETHX", "HISPNCAT", "EDUCYR", "OTHLGSPK", "HWELLSPK", "WHTLGSPK", "MCRPD31X", "PRIOG31", "PRIEUO31", "VERFLG31", "DNTINS31", "OFFER31X", "TRIST31X", "VASPUN31", "VACMPM31", "ASMRCN31", "ASDALY31", "IADLHP31", "LFTDIF31", "MILDIF31", "FNGRDF31", "ACTLIM31", "WRKLIM31", "HSELIM31", "SCHLIM31", "ASACUT31", "ASTHEP31", "RUCLAS31", "FMRS1231", "FAMS1231", "RESP31", "PROXY31", "BEGRFM31", "ENDRFY31", "INSC1231", "PSTATS31", "SPOUIN31", "MNHLTH31", "CHBRON31", "COGLIM31", "UNABLE31", "VAPRHT31", "VALOCT31", "VANTWK31", "VAOUT31", "VAMREC31", "VAPROB31", "VAREP31", "VAPCPR31", "VASPCL31", "VAPACT31", "VARECM31", "VAMOBL31", "VAGERD31", "VABACK31", "VAJTPN31", "VARTHR31", "VAGOUT31", "VAFIBR31", "VATMD31", "VACOST31", "VAPTSD31", "VADEPR31", "VARHAB31", "VACRGV31", "REFPRS31", "INSCOV19"]}