{"id_test": 0.772823779193206, "id_test_conf": [0.7447050032780381, 0.7992250517569292], "id_test_balanced": 0.7643837928771973, "id_test_balanced_conf": [0.7453370514512062, 0.7834305343031883], "ood_test": 0.7211720845051998, "ood_test_conf": [0.7139897774451875, 0.728270150809401], "ood_test_balanced": 0.7232304811477661, "ood_test_balanced_conf": [0.718220365839079, 0.7282405964564532], "validation": 0.7481402763018066, "validation_conf": [0.7191240091151347, 0.7755941115115668], "validation_balanced": 0.7432602047920227, "validation_balanced_conf": [0.7235631564259529, 0.7629572531580925], "features": ["FCSZ1231", "OFREMP31", "CMJHLD31", "MCRPB31", "MCRPHO31", "MCDHMO31", "PRVHMO31", "PFSAMT31", "GOVTA31", "GOVBAT31", "BSNTY31", "VAPROX31", "RNDFLG31", "HRWGIM31", "HOUR31", "TEMPJB31", "SELFCM31", "CHOIC31", "INDCAT31", "MORE31", "STJBMM31", "STJBYY31", "OCCCAT31", "PAYVAC31", "PAYDR31", "YRSINUS", "PRIDK31", "TRIAT31X", "INS31X", "INSAT31X", "RACEV2X", "RACEAX", "RACEBX", "RACEWX", "RACETHX", "HISPANX", "EDUCYR", "OTHLGSPK", "BORNUSA", "WHTLGSPK", "TRILI31X", "PRSTX31", "PRIV31", "PRIVAT31", "PMDINS31", "PMEDPY31", "FTSTU31X", "HRWG31X", "DISVW31X", "TRIST31X", "TRIEX31X", "VASPMH31", "ASPREV31", "ADLHLP31", "AIDHLP31", "WLKLIM31", "STPDIF31", "WLKDIF31", "BENDIF31", "FNGRDF31", "WRKLIM31", "HSELIM31", "SCHLIM31", "ASACUT31", "ASSTIL31", "RUSIZE31", "RUCLAS31", "FAMSZE31", "FMRS1231", "REGION31", "RESP31", "PROXY31", "ENDRFM31", "INSC1231", "PSTATS31", "RTHLTH31", "CHBRON31", "COGLIM31", "UNABLE31", "VAPRHT31", "VAWAIT31", "VALOCT31", "VANTWK31", "VANEED31", "VAOUT31", "VAPAST31", "VACOMP31", "VAGTRC31", "VACARC31", "VACARE31", "VAPCOT31", "VAPCCO31", "VAPCSO31", "VAPCUN31", "VASPCL31", "VACTDY31", "VARECM31", "VAMOBL31", "VACOPD31", "VADERM31", "VAGERD31", "VAHRLS31", "VABACK31", "VAJTPN31", "VAGOUT31", "VAPTSD31", "VADEPR31", "VAPROS31", "VAMNHC31", "VAGCNS31", "VACRGV31", "VALCOH31", "INSCOV19"]}