{"validation": 0.8015635778339848, "id_test": 0.8, "ood_test": 0.7509302435118459, "ood_validation": 0.7575243747350572, "train": 0.7967869870100012, "id_test_conf": [0.7877985964418148, 0.8117972267242634], "id_test_balanced": 0.7109932899475098, "id_test_balanced_conf": [0.7026503502018749, 0.7193362296931446], "ood_test_conf": [0.745055256218631, 0.7567364527658306], "ood_test_balanced": 0.7075319886207581, "ood_test_balanced_conf": [0.7037973935250192, 0.7112665837164969], "features": ["VCF0004", "VCF0901b", "VCF0224", "VCF0301", "VCF9008", "VCF9010", "VCF9201", "VCF9202", "VCF9203", "VCF9204", "VCF9205", "VCF0521", "VCF0523", "VCF0428", "VCF0429", "VCF0809", "VCF0870", "VCF0843", "VCF0838", "VCF9239", "VCF0846", "VCF0601", "VCF0612", "VCF0615", "VCF0616", "VCF0743", "VCF0718", "VCF0720", "VCF0725", "VCF0726", "VCF0101", "VCF0105a", "VCF0115", "VCF0140a", "VCF0112"]}