{"validation": 0.7413053658101488, "id_test": 0.7423850510636401, "ood_test": 0.4557894736842105, "ood_validation": 0.4716981132075472, "train": 0.741875840846756, "id_test_conf": [0.7400393043139949, 0.7447203471073522], "id_test_balanced": 0.579021155834198, "id_test_balanced_conf": [0.5780255649983883, 0.5800167466700077], "ood_test_conf": [0.4237720531749373, 0.4880817490869223], "ood_test_balanced": 0.49981239438056946, "ood_test_balanced_conf": [0.4977433462673798, 0.5018814424937591], "features": ["Average_confidence(BORED)", "Average_confidence(CONFUSED)", "Average_confidence(FRUSTRATED)", "skill_id", "problem_type", "school_id"]}