{"validation": 0.8738331610618334, "id_test": 0.8747466006426128, "ood_test": 0.8246445715758516, "ood_validation": 0.8277276116311821, "train": 0.8743947949864886, "id_test_conf": [0.8728974665052903, 0.876578303217768], "id_test_balanced": 0.5095587372779846, "id_test_balanced_conf": [0.5091430855949874, 0.5099743889609818], "ood_test_conf": [0.8230389806604752, 0.8262414968222802], "ood_test_balanced": 0.5118343830108643, "ood_test_balanced_conf": [0.5114722833450651, 0.5121964826766634], "features": ["HIGH_BLOOD_PRESS", "CHOL_CHK_PAST_5_YEARS", "BMI5", "BMI5CAT", "SMOKE100", "CVDSTRK3", "MICHD", "FRUIT_ONCE_PER_DAY", "VEG_ONCE_PER_DAY", "DRNK_PER_WEEK", "RFBING5", "INCOME", "CHECKUP1", "EDUCA", "PRACE1", "IYEAR", "STATE", "SEX", "PRACE1"]}