{"id_test": 0.9717039010937936, "id_test_conf": [0.970883231954871, 0.9725075632191531], "id_test_balanced": 0.5848090052604675, "id_test_balanced_conf": [0.5838922147254926, 0.5857257957954425], "ood_test": 0.9603327404636608, "ood_test_conf": [0.9593757588843138, 0.961273365733535], "ood_test_balanced": 0.6199110746383667, "ood_test_balanced_conf": [0.6188741533854045, 0.6209479958913289], "validation": 0.9723358369896631, "validation_conf": [0.9715239781461202, 0.9731306649839744], "validation_balanced": 0.5881255865097046, "validation_balanced_conf": [0.587195196460234, 0.5890559765591752], "features": ["RELP", "WRK", "OCCP", "ANC", "NATIVITY", "DEAR", "DEYE", "DREM", "FER", "SEX", "ST", "CIT", "DIVISION", "SCHL"]}