{"validation": 0.747492326677847, "id_test": 0.7496076346699069, "ood_test": 0.7164047371263716, "ood_validation": 0.7155898043864849, "train": 0.7485940845946162, "id_test_conf": [0.7474637857353346, 0.7517423218296664], "id_test_balanced": 0.6665605306625366, "id_test_balanced_conf": [0.6651291420310735, 0.6679919192939997], "ood_test_conf": [0.7131834724080206, 0.7196094552198348], "ood_test_balanced": 0.6651585102081299, "ood_test_balanced_conf": [0.6631485550617799, 0.6671684653544798], "features": ["COW", "ENG", "FER", "HINS1", "HINS2", "HINS3", "NWLA", "NWLK", "RELP", "WKHP", "RAC1P", "ACS_YEAR", "DIVISION"]}