{"validation": 0.8214989761786664, "id_test": 0.818258126875922, "ood_test": 0.7839927983960063, "ood_validation": 0.7924875713496594, "train": 0.8190942071610033, "id_test_conf": [0.8155445875128707, 0.8209481631586826], "id_test_balanced": 0.5896494388580322, "id_test_balanced_conf": [0.5880462339264341, 0.5912526437896304], "ood_test_conf": [0.7803175338396902, 0.787634305754399], "ood_test_balanced": 0.5776216983795166, "ood_test_balanced_conf": [0.5755587947648019, 0.5796846019942313], "features": ["WIF", "NWLA", "POBP", "WRK", "DIS", "ANC", "NATIVITY", "DEAR", "DREM", "PUBCOV", "MAR", "CIT", "ACS_YEAR", "DIVISION"]}