{"id_test": 0.6539832666424155, "id_test_conf": [0.648325715617666, 0.6596082559189669], "id_test_balanced": 0.6034660935401917, "id_test_balanced_conf": [0.5999560901429504, 0.6069760969374329], "ood_test": 0.5913147266861316, "ood_test_conf": [0.5899796463404672, 0.5926487933837729], "ood_test_balanced": 0.6212561726570129, "ood_test_balanced_conf": [0.6203914088243618, 0.622120936489664], "validation": 0.6579119679883594, "validation_conf": [0.6522692455955329, 0.6635212974717675], "validation_balanced": 0.6097390651702881, "validation_balanced_conf": [0.6062403036793694, 0.6132378266612067], "features": ["FRUIT_ONCE_PER_DAY", "DRNK_PER_WEEK", "SMOKDAY2", "CHCSCNCR", "CHCOCNCR", "DIABETES", "POVERTY", "EMPLOY1", "MEDCOST", "PRACE1", "STATE", "MEDCOST", "PRACE1", "SEX", "BMI5CAT", "IYEAR"]}