{"id_test": 0.6526009457984722, "id_test_conf": [0.6469382782322017, 0.6582313440546386], "id_test_balanced": 0.6021016836166382, "id_test_balanced_conf": [0.5985884449398146, 0.6056149222934618], "ood_test": 0.5915216375075676, "ood_test_conf": [0.5901866604024277, 0.5928555986677748], "ood_test_balanced": 0.6213201284408569, "ood_test_balanced_conf": [0.6204547475115396, 0.6221855093701743], "validation": 0.6556202255365587, "validation_conf": [0.6499688014217024, 0.661238741589922], "validation_balanced": 0.6075699925422668, "validation_balanced_conf": [0.6040633462695405, 0.6110766388149932], "features": ["FRUIT_ONCE_PER_DAY", "DRNK_PER_WEEK", "SMOKDAY2", "CHCSCNCR", "CHCOCNCR", "DIABETES", "POVERTY", "EMPLOY1", "MEDCOST", "PRACE1", "STATE", "MEDCOST", "PRACE1", "SEX", "BMI5CAT", "IYEAR"]}