{"id_test": 0.6533648599490723, "id_test_conf": [0.6477050134701332, 0.6589922755078568], "id_test_balanced": 0.6030428409576416, "id_test_balanced_conf": [0.5995271375449375, 0.6065585443703457], "ood_test": 0.5914028553693358, "ood_test_conf": [0.5900678189665991, 0.5927368771457278], "ood_test_balanced": 0.6212143898010254, "ood_test_balanced_conf": [0.6203490136633627, 0.6220797659386881], "validation": 0.6569297926518735, "validation_conf": [0.6512833231922959, 0.6625430769953445], "validation_balanced": 0.6090314984321594, "validation_balanced_conf": [0.6055240775085986, 0.6125389193557202], "features": ["FRUIT_ONCE_PER_DAY", "DRNK_PER_WEEK", "SMOKDAY2", "CHCSCNCR", "CHCOCNCR", "DIABETES", "POVERTY", "EMPLOY1", "MEDCOST", "PRACE1", "STATE", "MEDCOST", "PRACE1", "SEX", "BMI5CAT", "IYEAR"]}