{"id_test": 0.8271264367816092, "id_test_conf": [0.8155558357111714, 0.838255995631055], "id_test_balanced": 0.7553845643997192, "id_test_balanced_conf": [0.7471465637162328, 0.7636225650832057], "ood_test": 0.7841364043144459, "ood_test_conf": [0.7785400239369644, 0.7896548839001984], "ood_test_balanced": 0.7479559779167175, "ood_test_balanced_conf": [0.7442495846748352, 0.7516623711585999], "validation": 0.8197286732582203, "validation_conf": [0.8079753602266316, 0.8310509113972366], "validation_balanced": 0.7445111274719238, "validation_balanced_conf": [0.7362331151030957, 0.7527891398407519], "features": ["VCF0004", "VCF0901b", "VCF0224", "VCF0302", "VCF9008", "VCF9010", "VCF9011", "VCF9201", "VCF9203", "VCF9206", "VCF0429", "VCF0875", "VCF0822", "VCF0843", "VCF9045", "VCF0846", "VCF0601", "VCF0606", "VCF0615", "VCF0616", "VCF0310", "VCF0743", "VCF0718", "VCF0721", "VCF0701", "VCF0725", "VCF0726", "VCF0104", "VCF0115", "VCF0140a", "VCF0112"]}