{"validation": 0.7757744517925513, "id_test": 0.7746810449574727, "ood_test": 0.7516828918075115, "ood_validation": 0.7491404860699467, "train": 0.7756025323485135, "id_test_conf": [0.772612895757009, 0.7767391113407623], "id_test_balanced": 0.7189648151397705, "id_test_balanced_conf": [0.7174943471420556, 0.7204352831374854], "ood_test_conf": [0.7485933414261399, 0.7547531958840847], "ood_test_balanced": 0.7163988351821899, "ood_test_balanced_conf": [0.7143049256829545, 0.7184927446814254], "features": ["COW", "ENG", "FER", "HINS1", "HINS3", "NWLA", "NWLK", "OCCP", "WKHP", "WKW", "WRK", "SEX", "ST", "CIT", "DIVISION"]}