{"validation": 0.6482200288344239, "id_test": 0.6521883779387846, "ood_test": 0.6216666473848005, "ood_validation": 0.6206160520607376, "train": 0.6446992066022522, "id_test_conf": [0.646478247732944, 0.6578658039602469], "id_test_balanced": 0.6444413661956787, "id_test_balanced_conf": [0.6404215690772981, 0.6484611633140593], "ood_test_conf": [0.6203451136365934, 0.6229868218355814], "ood_test_balanced": 0.6280876398086548, "ood_test_balanced_conf": [0.6271603973058518, 0.6290148823114577], "features": ["IYEAR", "BMI5CAT", "AGEG5YR", "FRUIT_ONCE_PER_DAY", "VEG_ONCE_PER_DAY", "DRNK_PER_WEEK", "RFBING5", "TOTINDA", "SMOKE100", "SMOKDAY2", "DIABETES", "PRACE1", "SEX", "MEDCOST", "POVERTY", "EMPLOY1"]}