{"validation": 0.653025766145429, "id_test": 0.6546281236137809, "ood_test": 0.5740558634226856, "ood_validation": 0.5752885032537961, "train": 0.6522357920808092, "id_test_conf": [0.6489271024620449, 0.6602959160617174], "id_test_balanced": 0.6030197143554688, "id_test_balanced_conf": [0.5995443735597655, 0.606495055151172], "ood_test_conf": [0.5727087027027252, 0.5754021967830317], "ood_test_balanced": 0.6105011701583862, "ood_test_balanced_conf": [0.6096599802968558, 0.6113423600199167], "features": ["IYEAR", "BMI5CAT", "AGEG5YR", "FRUIT_ONCE_PER_DAY", "VEG_ONCE_PER_DAY", "DRNK_PER_WEEK", "RFBING5", "TOTINDA", "SMOKE100", "SMOKDAY2", "DIABETES", "PRACE1", "SEX", "MEDCOST", "POVERTY", "EMPLOY1"]}