{"id_test": 0.6698580511607275, "id_test_conf": [0.6642176547204997, 0.6754619443303922], "id_test_balanced": 0.635245144367218, "id_test_balanced_conf": [0.6314716309960932, 0.6390186577383429], "ood_test": 0.5988581278850492, "ood_test_conf": [0.5975226829036081, 0.6001924684041529], "ood_test_balanced": 0.6248705983161926, "ood_test_balanced_conf": [0.6239874288823921, 0.6257537677499931], "validation": 0.6603452737421907, "validation_conf": [0.6546661401141658, 0.6659899482139773], "validation_balanced": 0.625572919845581, "validation_balanced_conf": [0.6217797946883366, 0.6293660450028256], "features": ["AGEG5YR", "FRUIT_ONCE_PER_DAY", "VEG_ONCE_PER_DAY", "DRNK_PER_WEEK", "RFBING5", "CHCSCNCR", "DIABETES", "POVERTY", "STATE", "MEDCOST", "STATE", "MEDCOST", "PRACE1", "BMI5CAT", "IYEAR"]}