{"validation": 0.597427082178108, "id_test": 0.6053526541475677, "ood_test": 0.5860858197299768, "ood_validation": 0.5872277657266811, "train": 0.5987080139179617, "id_test_conf": [0.5994986279515684, 0.6111840433009477], "id_test_balanced": 0.613664984703064, "id_test_balanced_conf": [0.6095776845794171, 0.6177522848267109], "ood_test_conf": [0.5847439038749978, 0.5874267738218419], "ood_test_balanced": 0.5887341499328613, "ood_test_balanced_conf": [0.5877876619203016, 0.589680637945421], "features": ["AGEG5YR", "FRUIT_ONCE_PER_DAY", "VEG_ONCE_PER_DAY", "DRNK_PER_WEEK", "RFBING5", "CHCSCNCR", "DIABETES", "POVERTY", "STATE", "MEDCOST", "STATE", "MEDCOST", "PRACE1", "BMI5CAT", "IYEAR"]}