{"validation": 0.8540748713464061, "id_test": 0.8522249503884834, "ood_test": 0.7942148760330578, "ood_validation": 0.8148148148148148, "train": 0.8528450943459689, "id_test_conf": [0.849346987378901, 0.8550684912650971], "id_test_balanced": 0.7717865705490112, "id_test_balanced_conf": [0.7697836719127372, 0.7737894691852852], "ood_test_conf": [0.7703204587343971, 0.8166699611108066], "ood_test_balanced": 0.7388145923614502, "ood_test_balanced_conf": [0.7247022110968828, 0.7529269736260176], "features": ["Average_confidence(CONCENTRATING)", "Average_confidence(CONFUSED)", "Average_confidence(FRUSTRATED)", "attempt_count", "hint_count", "problem_type", "bottom_hint", "ms_first_response", "tutor_mode", "type", "first_action", "school_id"]}