{"validation": 0.9249345994807671, "id_test": 0.9245606458477083, "ood_test": 0.909925736644574, "ood_validation": 0.9281609195402298, "train": 0.9245899693080675, "id_test_conf": [0.9238919420859364, 0.9252252763920674], "id_test_balanced": 0.8843764066696167, "id_test_balanced_conf": [0.8838440740888472, 0.8849087392503862], "ood_test_conf": [0.9047758947359048, 0.9148841234612632], "ood_test_balanced": 0.8834754228591919, "ood_test_balanced_conf": [0.8797718017036096, 0.8871790440147742], "features": ["Average_confidence(CONCENTRATING)", "Average_confidence(CONFUSED)", "Average_confidence(FRUSTRATED)", "attempt_count", "hint_count", "problem_type", "bottom_hint", "ms_first_response", "tutor_mode", "type", "first_action", "school_id"]}