{"validation": 0.9260928629459935, "id_test": 0.9257155999887483, "ood_test": 0.909925736644574, "ood_validation": 0.9281609195402298, "train": 0.9257480266591048, "id_test_conf": [0.9250515946339556, 0.9263755209977669], "id_test_balanced": 0.8860822319984436, "id_test_balanced_conf": [0.8855527662532404, 0.8866116977436468], "ood_test_conf": [0.9047758947359048, 0.9148841234612632], "ood_test_balanced": 0.8834754228591919, "ood_test_balanced_conf": [0.8797718017036096, 0.8871790440147742], "features": ["Average_confidence(CONCENTRATING)", "Average_confidence(CONFUSED)", "Average_confidence(FRUSTRATED)", "attempt_count", "hint_count", "problem_type", "bottom_hint", "ms_first_response", "tutor_mode", "type", "first_action", "school_id"]}