{"validation": 0.9162410048431959, "id_test": 0.9161450344417915, "ood_test": 0.8809390721073225, "ood_validation": 0.8943965517241379, "train": 0.9160341199808638, "id_test_conf": [0.9154434165917047, 0.9168426601230806], "id_test_balanced": 0.8710837364196777, "id_test_balanced_conf": [0.8705318488681223, 0.8716356239712332], "ood_test_conf": [0.8751382457754306, 0.8865621955270485], "ood_test_balanced": 0.8459138870239258, "ood_test_balanced_conf": [0.8418695319909603, 0.8499582420568913], "features": ["Average_confidence(CONCENTRATING)", "Average_confidence(CONFUSED)", "Average_confidence(FRUSTRATED)", "attempt_count", "hint_count", "problem_type", "bottom_hint", "ms_first_response", "tutor_mode", "type", "first_action", "school_id"]}