{"validation": 0.28523489932885904, "id_test": 0.26174496644295303, "ood_test": 0.5343555313615194, "ood_validation": 0.5345672291780076, "train": 0.2999161073825503, "id_test_conf": [0.2127478722670272, 0.315548906624443], "id_test_balanced": 0.5045045018196106, "id_test_balanced_conf": [0.49914047033526004, 0.5098685333039612], "ood_test_conf": [0.5289610895897117, 0.539743936618275], "ood_test_balanced": 0.5058833956718445, "ood_test_balanced_conf": [0.5051394152489956, 0.5066273760946933], "features": ["LIVING_QUARTERS_TYPE", "FAMILY_SIZE_AVG", "ORIGIN", "HOUSEHOLD_INC", "TANF_ASSISTANCE", "SEVERANCE_PAY_PENSION", "ALIMONY_AMT", "INCOME", "SAVINGS_INV_AMOUNT", "SURVIVOR_INCOME_AMOUNT", "DISABILITY_BENEFITS_AMOUNT", "FOOD_ASSISTANCE", "SNAP_ASSISTANCE", "WIC_ASSISTANCE", "MEDICAID_ASSISTANCE", "VISIT_DENTIST_NUM", "HEALTH_HEARING", "HEALTH_SELF_CARE", "HEALTH_ERRANDS_DIFFICULTY", "HEALTH_CORE_DISABILITY", "HEALTH_SUPPLEMENTAL_DISABILITY", "HEALTH_INSURANCE_PREMIUMS", "SOCIAL_SEC_BENEFITS", "CITIZENSHIP_STATUS"]}