{"validation": 0.7673701863747112, "id_test": 0.7663591028756581, "ood_test": 0.7543043827640263, "ood_validation": 0.7523414344991108, "train": 0.7673248568375071, "id_test_conf": [0.764264708002742, 0.7684437206592435], "id_test_balanced": 0.7003748416900635, "id_test_balanced_conf": [0.6989123949222267, 0.7018372884579003], "ood_test_conf": [0.7512256713890658, 0.7573636471710157], "ood_test_balanced": 0.7242311239242554, "ood_test_balanced_conf": [0.7221088466886431, 0.7263534011598677], "features": ["FER", "HINS3", "NWLA", "OCCP", "POBP", "WKHP", "SEX", "MAR", "CIT", "RAC1P", "ACS_YEAR", "DIVISION"]}