{"validation": 0.7779831028699807, "id_test": 0.7773453321182665, "ood_test": 0.7685579165074891, "ood_validation": 0.7716656787196207, "train": 0.7781038712213922, "id_test_conf": [0.775285830748057, 0.7793946527846725], "id_test_balanced": 0.7519419193267822, "id_test_balanced_conf": [0.7504565690201708, 0.7534272696333937], "ood_test_conf": [0.7655408639574528, 0.7715544308951942], "ood_test_balanced": 0.7617801427841187, "ood_test_balanced_conf": [0.7596438118536025, 0.7639164737146348], "features": ["COW", "ENG", "HINS2", "NWLA", "WKHP", "AGEP", "SEX", "ST", "CIT", "RAC1P", "SCHL", "ACS_YEAR", "DIVISION"]}