{"validation": 0.29194630872483224, "id_test": 0.2516778523489933, "ood_test": 0.5186294078509648, "ood_validation": 0.514697876973326, "train": 0.2986577181208054, "id_test_conf": [0.20341453023113734, 0.3049537647471751], "id_test_balanced": 0.4934210479259491, "id_test_balanced_conf": [0.48695207776501775, 0.49989001808688044], "ood_test_conf": [0.5132273534785938, 0.5240281889220628], "ood_test_balanced": 0.4928175210952759, "ood_test_balanced_conf": [0.49107379746856167, 0.4945612447219901], "features": ["MARITAL_STATUS", "ORIGIN", "TANF_ASSISTANCE", "FOSTER_CHILD_CARE_AMT", "INCOME_FROM_ASSISTANCE", "INCOME", "AGE", "LIVING_OWNERSHIP", "WIC_ASSISTANCE", "MEDICARE_ASSISTANCE", "HEALTHDISAB", "HOSPITAL_NIGHTS", "VISIT_DENTIST_NUM", "VISIT_DOCTOR_NUM", "HEALTH_MEDICAL_CARE_PAY", "HEALTH_COGNITIVE", "HEALTH_AMBULATORY", "HEALTH_SELF_CARE", "HEALTH_CORE_DISABILITY", "HEALTH_INSURANCE_PREMIUMS", "CITIZENSHIP_STATUS"]}