{"validation": 0.8144401011726834, "id_test": 0.8096551724137931, "ood_test": 0.788045782111064, "ood_validation": 0.7935565917761763, "train": 0.8110989768938959, "id_test_conf": [0.7976677718170428, 0.821225289314209], "id_test_balanced": 0.7606779336929321, "id_test_balanced_conf": [0.7520763221755624, 0.7692795452103018], "ood_test_conf": [0.7824855480836566, 0.7935270405789303], "ood_test_balanced": 0.7598075270652771, "ood_test_balanced_conf": [0.7560009825369343, 0.7636140715936199], "features": ["VCF0004", "VCF0218", "VCF0301", "VCF0302", "VCF9008", "VCF9011", "VCF9201", "VCF9203", "VCF9204", "VCF9206", "VCF0523", "VCF0429", "VCF0809", "VCF0822", "VCF0803", "VCF0601", "VCF0615", "VCF0616", "VCF0310", "VCF0718", "VCF0720", "VCF0721", "VCF0701", "VCF0675", "VCF0745", "VCF0101", "VCF0104", "VCF0115", "VCF0112"]}