{"validation": 0.7635097933740468, "id_test": 0.761214054272985, "ood_test": 0.7583617657519991, "ood_validation": 0.7491404860699467, "train": 0.7641147261777532, "id_test_conf": [0.7591039993904969, 0.7633145210665842], "id_test_balanced": 0.7235697507858276, "id_test_balanced_conf": [0.722054095773492, 0.7250854057981633], "ood_test_conf": [0.7553001329373517, 0.7614036410080972], "ood_test_balanced": 0.7359374761581421, "ood_test_balanced_conf": [0.7337899790750817, 0.7380849732412025], "features": ["FER", "HINS2", "HINS4", "NWLK", "OCCP", "RELP", "WKW", "WRK", "AGEP", "MAR", "CIT", "ACS_YEAR", "DIVISION"]}