{"id_test": 0.7929936305732485, "id_test_conf": [0.7656922145400884, 0.8184489918425976], "id_test_balanced": 0.7826583385467529, "id_test_balanced_conf": [0.7642147468775511, 0.8011019302159548], "ood_test": 0.721499117012231, "ood_test_conf": [0.714319306257729, 0.7285945622662293], "ood_test_balanced": 0.7242627143859863, "ood_test_balanced_conf": [0.7192621180415153, 0.7292633107304574], "validation": 0.7502656748140276, "validation_conf": [0.7213205076043754, 0.777634919653879], "validation_balanced": 0.744286298751831, "validation_balanced_conf": [0.7246348632872105, 0.7639377342164516], "features": ["OFREMP31", "MCRPHO31", "MCDHMO31", "MCDMC31", "PRVHMO31", "FSAGT31", "HASFSA31", "MCAID31", "MCARE31", "GOVTA31", "GOVAAT31", "GOVCAT31", "VAPROG31", "VAPRAT31", "BSNTY31", "IHSAT31", "RETPLN31", "VACMPY31", "VAPROX31", "EMPST31", "DIFFWG31", "HOUR31", "MORE31", "UNION31", "OCCCAT31", "MCAID31X", "PUB31X", "INS31X", "INSAT31X", "SEX", "RACEAX", "RACEWX", "HIDEG", "OTHLGSPK", "BORNUSA", "WHTLGSPK", "MCRPD31X", "TRILI31X", "PRINEO31", "VERFLG31", "DENTIN31", "DNTINS31", "PMEDIN31", "PMEDUP31", "PMEDPY31", "FTSTU31X", "REFRL31X", "DISVW31X", "OFFER31X", "TRIST31X", "VASPMH31", "ASMRCN31", "ASPREV31", "ASDALY31", "ASWNFL31", "AIDHLP31", "LFTDIF31", "STNDIF31", "BENDIF31", "RCHDIF31", "FNGRDF31", "SCHLIM31", "VASPOU31", "SOCLIM31", "ASSTIL31", "RUCLAS31", "FAMSZE31", "FMRS1231", "REGION31", "PROXY31", "BEGRFY31", "ENDRFM31", "INSCOP31", "INSC1231", "ELGRND31", "SPOUID31", "ACTDTY31", "MNHLTH31", "VAWAIT31", "VALOCT31", "VAOUT31", "VACOMP31", "VAMREC31", "VAGTRC31", "VACARE31", "VAPROV31", "VAPCRC31", "VAPCRF31", "VAPCSO31", "VASPCL31", "VAPACT31", "VARECM31", "VAMOBL31", "VADERM31", "VAGERD31", "VAHRLS31", "VABACK31", "VAJTPN31", "VARTHR31", "VAGOUT31", "VANECK31", "VACOST31", "VAPTSD31", "VAMOOD31", "VAPROS31", "VAMNHC31", "VARXMD31", "VACRGV31", "VALCOH31", "DAPID31X", "AGE31X", "INSCOV19"]}