{"validation": 0.773603771793817, "id_test": 0.7723395099230458, "ood_test": 0.7610227766726825, "ood_validation": 0.7512744516893894, "train": 0.7735196654123057, "id_test_conf": [0.7702638596022932, 0.7744051634522973], "id_test_balanced": 0.7242403626441956, "id_test_balanced_conf": [0.7227541909110733, 0.7257265343773178], "ood_test_conf": [0.7579725469825365, 0.7640530450940564], "ood_test_balanced": 0.73838871717453, "ood_test_balanced_conf": [0.7362494227197022, 0.7405280116293579], "features": ["FER", "HINS1", "HINS4", "NWLK", "OCCP", "WKW", "AGEP", "ST", "MAR", "CIT", "RAC1P", "DIVISION"]}