{"validation": 0.6801275239107333, "id_test": 0.7303609341825902, "ood_test": 0.6259402184577147, "ood_validation": 0.6321365509123014, "train": 0.7030938786349754, "id_test_conf": [0.7007999427584994, 0.7584737643309961], "id_test_balanced": 0.737917959690094, "id_test_balanced_conf": [0.7181500642001629, 0.7576858551800251], "ood_test_conf": [0.6182141306875445, 0.6336183589278545], "ood_test_balanced": 0.6369823217391968, "ood_test_balanced_conf": [0.6317178535368293, 0.6422467899415643], "features": ["OFREMP31", "CMJHLD31", "MCRPHO31", "MCDHMO31", "MCDMC31", "FSAGT31", "PFSAMT31", "MCARE31", "GOVTB31", "GOVBAT31", "GOVTC31", "GOVCAT31", "VAPROG31", "VAPRAT31", "IHS31", "IHSAT31", "RETPLN31", "SICPAY31", "VACMPY31", "RNDFLG31", "HRHOW31", "DIFFWG31", "HOUR31", "TEMPJB31", "SSNLJB31", "UNION31", "STJBMM31", "STJBYY31", "PAYVAC31", "PRIDK31", "PRING31", "TRIAT31X", "MCAID31X", "MCDAT31X", "INSAT31X", "SEX", "RACEV1X", "RACEAX", "RACEWX", "RACETHX", "HISPANX", "HISPNCAT", "HIDEG", "BORNUSA", "TRICR31X", "PRINEO31", "PRIEUO31", "PRSTX31", "VERFLG31", "DNTINS31", "PMDINS31", "PMEDUP31", "PMEDPY31", "MARRY31X", "REFRL31X", "HELD31X", "ASDALY31", "ASPKFL31", "ASWNFL31", "WLKLIM31", "STPDIF31", "WLKDIF31", "MILDIF31", "RCHDIF31", "WRKLIM31", "HSELIM31", "ASACUT31", "ASTHEP31", "ASSTIL31", "RUCLAS31", "REGION31", "RESP31", "PROXY31", "BEGRFM31", "BEGRFY31", "ENDRFM31", "ENDRFY31", "INSCOP31", "INSC1231", "PSTATS31", "SPOUID31", "SPOUIN31", "ACTDTY31", "RTHLTH31", "CHBRON31", "COGLIM31", "VAPRHT31", "VAWAIT31", "VALOCT31", "VANEED31", "VACOMP31", "VAGTRC31", "VAPROB31", "VAREP31", "VAPROV31", "VAPCCO31", "VAPCRC31", "VAPCSN31", "VASPCL31", "VARECM31", "VAMOBL31", "VAHRLS31", "VABACK31", "VARTHR31", "VAGOUT31", "VATMD31", "VACOST31", "VAPTSD31", "VABIPL31", "VADEPR31", "VAMOOD31", "VAPROS31", "VARHAB31", "VAMNHC31", "VAGCNS31", "VACRGV31", "VALCOH31", "DAPID31X", "AGE31X", "INSCOV19"]}