{"validation": 0.8084617153368591, "id_test": 0.8091954022988506, "ood_test": 0.7533323913145872, "ood_validation": 0.7587961000423908, "train": 0.8052362340498908, "id_test_conf": [0.7971975570063206, 0.8207765883710298], "id_test_balanced": 0.7049741744995117, "id_test_balanced_conf": [0.6970451433584094, 0.712903205640614], "ood_test_conf": [0.7474759401416007, 0.7591194048361374], "ood_test_balanced": 0.7041264772415161, "ood_test_balanced_conf": [0.7005612593796104, 0.7076916951034218], "features": ["VCF0004", "VCF0901b", "VCF9008", "VCF9010", "VCF9011", "VCF9204", "VCF9206", "VCF0521", "VCF0875", "VCF0822", "VCF9045", "VCF0838", "VCF0846", "VCF0612", "VCF0615", "VCF0616", "VCF0617", "VCF0310", "VCF0743", "VCF0717", "VCF0718", "VCF0721", "VCF0701", "VCF0675", "VCF0745", "VCF0104", "VCF0105a", "VCF0115", "VCF0140a", "VCF0112"]}