{"validation": 0.7412471901235986, "id_test": 0.7387120172937569, "ood_test": 0.45275181723779856, "ood_validation": 0.411214953271028, "train": 0.7398646950251722, "id_test_conf": [0.7363958643510904, 0.7410182259781599], "id_test_balanced": 0.5741338729858398, "id_test_balanced_conf": [0.5731985630479176, 0.5750691829237621], "ood_test_conf": [0.42098016015181944, 0.48481321668981686], "ood_test_balanced": 0.5046992301940918, "ood_test_balanced_conf": [0.5016520958440378, 0.5077463645441458], "features": ["Average_confidence(BORED)", "Average_confidence(CONCENTRATING)", "Average_confidence(CONFUSED)", "skill_id", "ms_first_response", "type", "overlap_time", "school_id"]}