{"validation": 0.7667212909035882, "id_test": 0.7666188091222139, "ood_test": 0.43809024134312696, "ood_validation": 0.5424528301886793, "train": 0.7668088094378002, "id_test_conf": [0.7650214249106851, 0.7682104883826877], "id_test_balanced": 0.6169164180755615, "id_test_balanced_conf": [0.6161179334938061, 0.617714902657317], "ood_test_conf": [0.4156635503756401, 0.46070773071262866], "ood_test_balanced": 0.501396656036377, "ood_test_balanced_conf": [0.5002119360817596, 0.5025813759909943], "features": ["Average_confidence(BORED)", "Average_confidence(CONCENTRATING)", "Average_confidence(CONFUSED)", "skill_id", "ms_first_response", "type", "overlap_time", "school_id"]}