{"validation": 0.5963986904328847, "id_test": 0.6010185522008002, "ood_test": 0.41655937957407024, "ood_validation": 0.4206324574108559, "train": 0.6001264113279101, "id_test_conf": [0.5952012356174674, 0.6068145097075733], "id_test_balanced": 0.5004554390907288, "id_test_balanced_conf": [0.5002771276599378, 0.5006337505215197], "ood_test_conf": [0.4152214777095504, 0.41789820767683844], "ood_test_balanced": 0.5000835657119751, "ood_test_balanced_conf": [0.5000483763671218, 0.5001187550568283], "features": ["VEG_ONCE_PER_DAY", "DRNK_PER_WEEK", "RFBING5", "TOTINDA", "SMOKE100", "CHCSCNCR", "DIABETES", "POVERTY", "EMPLOY1", "PRACE1", "STATE", "PRACE1", "BMI5CAT", "IYEAR"]}