{"id_test": 0.6542379046926154, "id_test_conf": [0.6485813019053692, 0.6598618918610655], "id_test_balanced": 0.6052502989768982, "id_test_balanced_conf": [0.6017067806934938, 0.6087938172603026], "ood_test": 0.5925236223187806, "ood_test_conf": [0.5911891486248804, 0.5938570689447356], "ood_test_balanced": 0.6212270855903625, "ood_test_balanced_conf": [0.6203567964094691, 0.622097374771256], "validation": 0.6591851582393597, "validation_conf": [0.6535473328975463, 0.6647893213070238], "validation_balanced": 0.6119981408119202, "validation_balanced_conf": [0.6084790515247732, 0.6155172300990671], "features": ["VEG_ONCE_PER_DAY", "DRNK_PER_WEEK", "RFBING5", "TOTINDA", "SMOKE100", "CHCSCNCR", "DIABETES", "POVERTY", "EMPLOY1", "PRACE1", "STATE", "PRACE1", "BMI5CAT", "IYEAR"]}