{"id_test": 0.6527828301200437, "id_test_conf": [0.6471208327914091, 0.6584125196600974], "id_test_balanced": 0.6028331518173218, "id_test_balanced_conf": [0.5993078785575926, 0.606358425077051], "ood_test": 0.5913338850955239, "ood_test_conf": [0.5899988142988946, 0.5926679420314447], "ood_test_balanced": 0.6208555102348328, "ood_test_balanced_conf": [0.6199886416678783, 0.6217223788017873], "validation": 0.6585667515460167, "validation_conf": [0.6529265420259103, 0.6641734296267008], "validation_balanced": 0.6103463768959045, "validation_balanced_conf": [0.6068501876108349, 0.6138425661809742], "features": ["VEG_ONCE_PER_DAY", "DRNK_PER_WEEK", "RFBING5", "TOTINDA", "SMOKE100", "CHCSCNCR", "DIABETES", "POVERTY", "EMPLOY1", "PRACE1", "STATE", "PRACE1", "BMI5CAT", "IYEAR"]}