{"validation": 0.8753316888311324, "id_test": 0.8755738853007548, "ood_test": 0.8338411447329208, "ood_validation": 0.8309915535807213, "train": 0.8751625614134405, "id_test_conf": [0.8737569135525476, 0.8773738915134676], "id_test_balanced": 0.5642846822738647, "id_test_balanced_conf": [0.5632347877300344, 0.5653345768176951], "ood_test_conf": [0.8322959934829978, 0.8353776839363458], "ood_test_balanced": 0.5569849014282227, "ood_test_balanced_conf": [0.5562128926778678, 0.5577569101785775], "features": ["PHYSHLTH", "CHOL_CHK_PAST_5_YEARS", "TOLDHI", "BMI5CAT", "SMOKE100", "SMOKDAY2", "MICHD", "FRUIT_ONCE_PER_DAY", "DRNK_PER_WEEK", "RFBING5", "INCOME", "CHECKUP1", "MENTHLTH", "IYEAR", "STATE", "MEDCOST", "STATE", "SEX", "PRACE1"]}