{"validation": 0.7908742840869538, "id_test": 0.7913818853786958, "ood_test": 0.760429977210154, "ood_validation": 0.7570835803200948, "train": 0.7911587717334468, "id_test_conf": [0.7893699889190687, 0.7933830853639832], "id_test_balanced": 0.7337888479232788, "id_test_balanced_conf": [0.7323533821641468, 0.7352243136824108], "ood_test_conf": [0.7573771932296305, 0.7634628453036814], "ood_test_balanced": 0.7203422784805298, "ood_test_balanced_conf": [0.7183122821245342, 0.7223722748365253], "features": ["COW", "HINS1", "HINS3", "HINS4", "OCCP", "WKHP", "WKW", "AGEP", "SEX", "ST", "MAR", "CIT", "ACS_YEAR", "DIVISION"]}