{"validation": 0.775261842230168, "id_test": 0.7750417679222357, "ood_test": 0.7452411376480352, "ood_validation": 0.7395376407824541, "train": 0.7749942054689298, "id_test_conf": [0.7729747825120686, 0.7770986572623828], "id_test_balanced": 0.710581362247467, "id_test_balanced_conf": [0.7091299559082835, 0.7120327685866505], "ood_test_conf": [0.7421255932069901, 0.7483379288374121], "ood_test_balanced": 0.7101849317550659, "ood_test_balanced_conf": [0.708072760803625, 0.7122971027065068], "features": ["COW", "HINS2", "HINS3", "NWLA", "RELP", "WKW", "WRK", "AGEP", "SEX", "ST", "RAC1P", "SCHL", "DIVISION"]}