{"validation": 0.5630198336532309, "id_test": 0.551150895140665, "ood_test": 0.523234856202492, "ood_validation": 0.5296191819464033, "train": 0.5435060780550224, "id_test_conf": [0.5261046644484964, 0.5760047504139509], "id_test_balanced": 0.5204312801361084, "id_test_balanced_conf": [0.5043906421214343, 0.5364719181507825], "ood_test_conf": [0.514525450066645, 0.5319336607005024], "ood_test_balanced": 0.5254483222961426, "ood_test_balanced_conf": [0.519349297536537, 0.5315473470557481], "features": ["race", "gender", "payer_code", "num_lab_procedures", "num_procedures", "number_inpatient", "diag_1", "diag_3", "number_diagnoses", "max_glu_serum", "repaglinide", "nateglinide", "acetohexamide", "glyburide", "tolbutamide", "miglitol", "tolazamide", "examide", "insulin", "glyburide-metformin", "change", "admission_source_id"]}