{"validation": 0.8297277016800845, "id_test": 0.8260543317902019, "ood_test": 0.7984573836900036, "ood_validation": 0.8070336954520346, "train": 0.8269429491683863, "id_test_conf": [0.8233864168289936, 0.8286981666292592], "id_test_balanced": 0.5900386571884155, "id_test_balanced_conf": [0.5885061511816457, 0.5915711631951853], "ood_test_conf": [0.7948731578293832, 0.8020061296110955], "ood_test_balanced": 0.5938420295715332, "ood_test_balanced_conf": [0.5917837245762348, 0.5959003345668316], "features": ["ENG", "FER", "WIF", "NWLK", "POBP", "WKW", "PUBCOV", "AGEP", "SEX", "MAR", "CIT", "DIVISION"]}