{"id_test": 0.8316884570382053, "id_test_conf": [0.829054721921851, 0.8342976949146694], "id_test_balanced": 0.6364828944206238, "id_test_balanced_conf": [0.6346894449414685, 0.638276343899779], "ood_test": 0.8054339375588199, "ood_test_conf": [0.8018961555368153, 0.8089354084463033], "ood_test_balanced": 0.64522385597229, "ood_test_balanced_conf": [0.642819246458821, 0.647628465485759], "validation": 0.8357180103526778, "validation_conf": [0.833109351344057, 0.8383018734228294], "validation_balanced": 0.6393266916275024, "validation_balanced_conf": [0.6375308543071151, 0.6411225289478898], "features": ["ENG", "FER", "WIF", "NWLK", "POBP", "WKW", "PUBCOV", "AGEP", "SEX", "MAR", "CIT", "DIVISION"]}