{"id_test": 0.6438068579426172, "id_test_conf": [0.629261246398272, 0.6581562695670635], "id_test_balanced": 0.609707236289978, "id_test_balanced_conf": [0.600321133248508, 0.6190933393314481], "ood_test": 0.6089507141735991, "ood_test_conf": [0.6046983074812646, 0.6131907093237292], "ood_test_balanced": 0.6070892810821533, "ood_test_balanced_conf": [0.6042380850203335, 0.6099404771439731], "validation": 0.638590760615959, "validation_conf": [0.6240010469877684, 0.6529913528620898], "validation_balanced": 0.60819011926651, "validation_balanced_conf": [0.5987114989571274, 0.6176687395758926], "features": ["gender", "age", "weight", "medical_specialty", "num_medications", "number_emergency", "number_inpatient", "diag_1", "diag_2", "A1Cresult", "repaglinide", "nateglinide", "chlorpropamide", "glyburide", "tolbutamide", "rosiglitazone", "tolazamide", "citoglipton", "insulin", "metformin-pioglitazone", "change", "admission_source_id"]}