{"validation": 0.8020234536675098, "id_test": 0.7967816091954023, "ood_test": 0.7559700438038717, "ood_validation": 0.7562526494277236, "train": 0.7893436027129556, "id_test_conf": [0.7845113025599503, 0.8086521047945532], "id_test_balanced": 0.7255206108093262, "id_test_balanced_conf": [0.7168956671282649, 0.7341455544903874], "ood_test_conf": [0.7501342250783952, 0.7617357005443111], "ood_test_balanced": 0.7223828434944153, "ood_test_balanced_conf": [0.7184733484406024, 0.7262923385482282], "features": ["VCF0004", "VCF0218", "VCF0224", "VCF9008", "VCF9011", "VCF9201", "VCF9203", "VCF9206", "VCF0523", "VCF0875", "VCF0809", "VCF0839", "VCF0822", "VCF0843", "VCF9045", "VCF0846", "VCF0606", "VCF0615", "VCF0616", "VCF0617", "VCF0310", "VCF0718", "VCF0675", "VCF0725", "VCF0726", "VCF0104", "VCF0105a", "VCF0115", "VCF0112"]}