{"id_test": 0.932499714570789, "id_test_conf": [0.9318642833967464, 0.9331309960010432], "id_test_balanced": 0.896723747253418, "id_test_balanced_conf": [0.8962125184887555, 0.8972349760180804], "ood_test": 0.909925736644574, "ood_test_conf": [0.9047758947359048, 0.9148841234612632], "ood_test_balanced": 0.883552074432373, "ood_test_balanced_conf": [0.8798480510059744, 0.8872560978587717], "validation": 0.9327297126017411, "validation_conf": [0.9320952809899812, 0.9333599922515441], "validation_balanced": 0.8967879414558411, "validation_balanced_conf": [0.8962768932909239, 0.8972989896207583], "features": ["Average_confidence(BORED)", "Average_confidence(CONCENTRATING)", "attempt_count", "bottom_hint", "ms_first_response", "tutor_mode", "position", "first_action", "school_id"]}