{"validation": 0.43846069988008285, "id_test": 0.4366642441860465, "ood_test": 0.5905665360237606, "ood_validation": 0.5900862885585849, "train": 0.44110285934909493, "id_test_conf": [0.43079324051919776, 0.4425486240569895], "id_test_balanced": 0.5221285820007324, "id_test_balanced_conf": [0.5198000404611229, 0.5244571235403419], "ood_test_conf": [0.5892318265573815, 0.5919002412641567], "ood_test_balanced": 0.5178992748260498, "ood_test_balanced_conf": [0.5174324009538396, 0.51836614869826], "features": ["VEG_ONCE_PER_DAY", "RFBING5", "SMOKE100", "POVERTY", "EMPLOY1", "MEDCOST", "PRACE1", "SEX", "IYEAR", "STATE", "MEDCOST", "PRACE1", "SEX", "BMI5CAT"]}