{"validation": 0.799724074499885, "id_test": 0.7917241379310345, "ood_test": 0.7372709716923367, "ood_validation": 0.7426875794828317, "train": 0.7868145763880906, "id_test_conf": [0.7793479300299188, 0.8037073923796254], "id_test_balanced": 0.7125095129013062, "id_test_balanced_conf": [0.7039238096773625, 0.7210952161252498], "ood_test_conf": [0.7312950759017557, 0.7431818393524804], "ood_test_balanced": 0.6962462067604065, "ood_test_balanced_conf": [0.6923903809767217, 0.7001020325440913], "features": ["VCF0004", "VCF0218", "VCF0224", "VCF9011", "VCF9201", "VCF9203", "VCF9204", "VCF9206", "VCF0521", "VCF0523", "VCF0428", "VCF0809", "VCF0839", "VCF0822", "VCF0870", "VCF9045", "VCF0803", "VCF0606", "VCF0616", "VCF0310", "VCF0675", "VCF0724", "VCF0101", "VCF0115", "VCF0112"]}