{"id_test": 0.87248322147651, "id_test_conf": [0.8291968457241251, 0.9081581659892126], "id_test_balanced": 0.8019202947616577, "id_test_balanced_conf": [0.7720849576219916, 0.8317556319013238], "ood_test": 0.7759329825198089, "ood_test_conf": [0.7713994676528857, 0.7804179786950993], "ood_test_balanced": 0.778732419013977, "ood_test_balanced_conf": [0.7755900722043588, 0.7818747658235953], "validation": 0.8389261744966443, "validation_conf": [0.7921746261479325, 0.8787855287133755], "validation_balanced": 0.782988429069519, "validation_balanced_conf": [0.7515361247956753, 0.8144407333433628], "features": ["LIVING_QUARTERS_TYPE", "FAMILY_SIZE_AVG", "HOUSEHOLD_INC", "TANF_ASSISTANCE", "SEVERANCE_PAY_PENSION", "FOSTER_CHILD_CARE_AMT", "CHILD_SUPPORT_AMT", "ALIMONY_AMT", "INCOME", "SAVINGS_INV_AMOUNT", "VA_BENEFITS_AMOUNT", "EDUCATION", "RACE", "AGE", "HEALTHDISAB", "HOSPITAL_NIGHTS", "VISIT_DENTIST_NUM", "TRANSPORTATION_ASSISTANCE", "VISIT_DOCTOR_NUM", "HEALTH_MEDICAL_CARE_PAY", "HEALTH_AMBULATORY", "HEALTH_ERRANDS_DIFFICULTY", "HEALTH_INSURANCE_PREMIUMS", "CITIZENSHIP_STATUS"]}