{"id_test": 0.8859060402684564, "id_test_conf": [0.8442265562521839, 0.9196796697811145], "id_test_balanced": 0.8282361030578613, "id_test_balanced_conf": [0.7994671089574694, 0.8570050971582532], "ood_test": 0.7727877578176979, "ood_test_conf": [0.7682322705665687, 0.7772952804646032], "ood_test_balanced": 0.7750550508499146, "ood_test_balanced_conf": [0.7718865968240425, 0.7782235048757866], "validation": 0.8322147651006712, "validation_conf": [0.7848511670326137, 0.8728279049905929], "validation_balanced": 0.7746995687484741, "validation_balanced_conf": [0.7428721974790097, 0.8065269400179386], "features": ["LIVING_QUARTERS_TYPE", "FAMILY_SIZE_AVG", "HOUSEHOLD_INC", "TANF_ASSISTANCE", "SEVERANCE_PAY_PENSION", "FOSTER_CHILD_CARE_AMT", "CHILD_SUPPORT_AMT", "ALIMONY_AMT", "INCOME", "SAVINGS_INV_AMOUNT", "VA_BENEFITS_AMOUNT", "EDUCATION", "RACE", "AGE", "HEALTHDISAB", "HOSPITAL_NIGHTS", "VISIT_DENTIST_NUM", "TRANSPORTATION_ASSISTANCE", "VISIT_DOCTOR_NUM", "HEALTH_MEDICAL_CARE_PAY", "HEALTH_AMBULATORY", "HEALTH_ERRANDS_DIFFICULTY", "HEALTH_INSURANCE_PREMIUMS", "CITIZENSHIP_STATUS"]}