{"id_test": 0.9717410838781644, "id_test_conf": [0.9709209302907444, 0.9725442290567256], "id_test_balanced": 0.5826181769371033, "id_test_balanced_conf": [0.5817119784688112, 0.5835243754053954], "ood_test": 0.9603999731069427, "ood_test_conf": [0.9594437590084716, 0.9613398284504375], "ood_test_balanced": 0.6164119243621826, "ood_test_balanced_conf": [0.615387571961619, 0.6174362767627463], "validation": 0.9723048511439975, "validation_conf": [0.9714925576328947, 0.9731001149702466], "validation_balanced": 0.5860501527786255, "validation_balanced_conf": [0.5851290684076957, 0.5869712371495552], "features": ["ENG", "RELP", "WKHP", "WKW", "OCCP", "ESP", "NATIVITY", "DEAR", "DEYE", "SEX", "ST", "MAR", "CIT", "SCHL"]}