{"validation": 0.7172546910103471, "id_test": 0.7180981672742001, "ood_test": 0.6837349000803573, "ood_validation": 0.6816834617664493, "train": 0.7171817932273995, "id_test_conf": [0.7158726229718834, 0.7203157069290733], "id_test_balanced": 0.6294431686401367, "id_test_balanced_conf": [0.6279970420198515, 0.6308892952604219], "ood_test_conf": [0.6804133402219024, 0.6870424124677583], "ood_test_balanced": 0.6273607611656189, "ood_test_balanced_conf": [0.6253646737523377, 0.6293568485789001], "features": ["COW", "HINS4", "NWLK", "WKHP", "WKW", "RAC1P", "ACS_YEAR", "DIVISION"]}