{"validation": 0.6479359883615202, "id_test": 0.643620890311318, "ood_test": 0.5485880556420795, "ood_validation": 0.5533067810806653, "train": 0.6446022494794555, "id_test_conf": [0.6379268760397554, 0.6492845416060882], "id_test_balanced": 0.6051391959190369, "id_test_balanced_conf": [0.6013815625477582, 0.6088968292903155], "ood_test_conf": [0.5472426683097669, 0.5499329082811669], "ood_test_balanced": 0.5856159925460815, "ood_test_balanced_conf": [0.5847747908195015, 0.5864571942726616], "features": ["AGEG5YR", "VEG_ONCE_PER_DAY", "DRNK_PER_WEEK", "TOTINDA", "SMOKDAY2", "CHCSCNCR", "CHCOCNCR", "DIABETES", "EMPLOY1", "MEDCOST", "STATE", "MEDCOST", "BMI5CAT", "IYEAR"]}