{"id_test": 0.6471804719524354, "id_test_conf": [0.6414550308757418, 0.6528743170545653], "id_test_balanced": 0.612347424030304, "id_test_balanced_conf": [0.6085276810033247, 0.6161671670572832], "ood_test": 0.5412324173570034, "ood_test_conf": [0.5398758108807375, 0.5425885636889478], "ood_test_balanced": 0.5806062817573547, "ood_test_balanced_conf": [0.579771053113509, 0.5814415104012005], "validation": 0.6481406255770154, "validation_conf": [0.6424186160087229, 0.6538308329652873], "validation_balanced": 0.6128702163696289, "validation_balanced_conf": [0.6090525059169158, 0.616687926822342], "features": ["AGEG5YR", "VEG_ONCE_PER_DAY", "DRNK_PER_WEEK", "TOTINDA", "CHCSCNCR", "POVERTY", "IYEAR", "STATE", "SEX", "IYEAR", "PRACE1", "BMI5CAT"]}