{"validation": 0.8215116944561028, "id_test": 0.821488528259653, "ood_test": 0.7904169565039486, "ood_validation": 0.7946971091879949, "train": 0.8216505727975988, "id_test_conf": [0.8187936634655568, 0.8241596508921776], "id_test_balanced": 0.6154430508613586, "id_test_balanced_conf": [0.6136915025766939, 0.6171945991460234], "ood_test_conf": [0.786781273485158, 0.794018117295071], "ood_test_balanced": 0.6403101682662964, "ood_test_balanced_conf": [0.6378142092796043, 0.6428061272529885], "features": ["FER", "HUPAC", "OCCP", "POBP", "WKHP", "WKW", "WRK", "DIS", "MIL", "ANC", "NATIVITY", "DEYE", "SEX", "ST", "MAR", "SCHL", "DIVISION"]}