{"id_test": 0.9878891993613139, "id_test_conf": [0.9873030670799577, 0.9884550345992967], "id_test_balanced": 0.5002803802490234, "id_test_balanced_conf": [0.5002153293658921, 0.5003454311321548], "ood_test": 0.9242421987768039, "ood_test_conf": [0.9228146470677446, 0.9256514151473932], "ood_test_balanced": 0.5002744793891907, "ood_test_balanced_conf": [0.5002074317265942, 0.5003415270517871], "validation": 0.9886803481434487, "validation_conf": [0.9881129819406639, 0.9892273786285765], "validation_balanced": 0.5003112554550171, "validation_balanced_conf": [0.5002452424261719, 0.5003772684838623], "features": ["O2Sat", "SBP", "MAP", "DBP", "Resp", "EtCO2", "HCO3", "FiO2", "SaO2", "AST", "Alkalinephos", "Calcium", "Chloride", "Creatinine", "Glucose", "Lactate", "Phosphate", "Bilirubin_total", "Hgb", "PTT", "Fibrinogen", "Platelets", "Age", "Unit1", "Unit2", "ICULOS"]}