{"validation": 0.837816526129701, "id_test": 0.8348425497278323, "ood_test": 0.8050247555137281, "ood_validation": 0.8040876450009207, "train": 0.8354911942106585, "id_test_conf": [0.8322284089024381, 0.8374319597615418], "id_test_balanced": 0.6479763984680176, "id_test_balanced_conf": [0.6461487603047863, 0.6498040366312489], "ood_test_conf": [0.8014842021923271, 0.8085290464565892], "ood_test_balanced": 0.665209174156189, "ood_test_balanced_conf": [0.6626983138080687, 0.6677200345043093], "features": ["ENG", "WIF", "NWLA", "NWLK", "POBP", "RELP", "WKW", "WRK", "MIL", "DEAR", "DEYE", "PUBCOV", "AGEP", "ST", "CIT", "RAC1P", "SCHL", "DIVISION"]}