{"validation": 0.8771315845948132, "id_test": 0.8752909520114895, "ood_test": 0.8290770149253731, "ood_validation": 0.8314133425034388, "train": 0.8780907298481576, "id_test_conf": [0.8734174473054435, 0.8771464731898709], "id_test_balanced": 0.5236374735832214, "id_test_balanced_conf": [0.5229836075846106, 0.5242913395818323], "ood_test_conf": [0.8274576352724667, 0.83068727874572], "ood_test_balanced": 0.5208463668823242, "ood_test_balanced_conf": [0.5203597744670696, 0.5213329592975788], "features": ["PHYSHLTH", "HIGH_BLOOD_PRESS", "CHOL_CHK_PAST_5_YEARS", "TOLDHI", "BMI5", "BMI5CAT", "SMOKE100", "SMOKDAY2", "MICHD", "FRUIT_ONCE_PER_DAY", "VEG_ONCE_PER_DAY", "DRNK_PER_WEEK", "RFBING5", "TOTINDA", "INCOME", "MARITAL", "CHECKUP1", "EDUCA", "HEALTH_COV", "MENTHLTH", "IYEAR", "STATE", "MEDCOST", "PRACE1", "SEX"]}