{"id_test": 0.8001404921020656, "id_test_conf": [0.7981601190470201, 0.8021098467892314], "id_test_balanced": 0.7580916881561279, "id_test_balanced_conf": [0.7566557701560669, 0.759527606156189], "ood_test": 0.7794522532966237, "ood_test_conf": [0.7764855610561481, 0.7823975731560527], "ood_test_balanced": 0.750429630279541, "ood_test_balanced_conf": [0.7483736316673457, 0.7524856288917363], "validation": 0.7991646362687087, "validation_conf": [0.797180672779289, 0.8011376171875185], "validation_balanced": 0.7573201656341553, "validation_balanced_conf": [0.7558837688108906, 0.75875656245742], "features": ["ENG", "FER", "HINS3", "POBP", "RELP", "WKHP", "WKW", "AGEP", "ST", "MAR", "RAC1P", "SCHL", "DIVISION"]}