{"validation": 0.8105311565877213, "id_test": 0.8006896551724138, "ood_test": 0.7449013235363384, "ood_validation": 0.7469266638406105, "train": 0.8014714334981032, "id_test_conf": [0.7885031720301141, 0.8124710257551971], "id_test_balanced": 0.7058785557746887, "id_test_balanced_conf": [0.6976505208201706, 0.7141065907292068], "ood_test_conf": [0.7389808655316586, 0.7507546588022982], "ood_test_balanced": 0.6979025602340698, "ood_test_balanced_conf": [0.6942316763475538, 0.7015734441205859], "features": ["VCF0302", "VCF9011", "VCF9202", "VCF9203", "VCF9204", "VCF9205", "VCF9206", "VCF0521", "VCF0523", "VCF0875", "VCF0839", "VCF0870", "VCF0846", "VCF0601", "VCF0606", "VCF0615", "VCF0616", "VCF0310", "VCF0743", "VCF0718", "VCF0720", "VCF0721", "VCF0675", "VCF0724", "VCF0726", "VCF0101", "VCF0105a", "VCF0112"]}