{"validation": 0.808921591170384, "id_test": 0.7963218390804597, "ood_test": 0.7609156422212802, "ood_validation": 0.7719372615515049, "train": 0.7975054603977468, "id_test_conf": [0.7840417859124145, 0.8082027047758875], "id_test_balanced": 0.7328165769577026, "id_test_balanced_conf": [0.7241159643791616, 0.7415171895362437], "ood_test_conf": [0.7551193075798286, 0.7666404565956204], "ood_test_balanced": 0.7292924523353577, "ood_test_balanced_conf": [0.7253775522951037, 0.7332073523756116], "features": ["VCF0302", "VCF9011", "VCF9202", "VCF9203", "VCF9204", "VCF9205", "VCF9206", "VCF0521", "VCF0523", "VCF0875", "VCF0839", "VCF0870", "VCF0846", "VCF0601", "VCF0606", "VCF0615", "VCF0616", "VCF0310", "VCF0743", "VCF0718", "VCF0720", "VCF0721", "VCF0675", "VCF0724", "VCF0726", "VCF0101", "VCF0105a", "VCF0112"]}