{"validation": 0.7808878903901528, "id_test": 0.780553867962738, "ood_test": 0.7722991397821133, "ood_validation": 0.7682276229994073, "train": 0.7810774742647669, "id_test_conf": [0.7785049423888624, 0.7825924949454247], "id_test_balanced": 0.7386244535446167, "id_test_balanced_conf": [0.7371478521148674, 0.740101054974366], "ood_test_conf": [0.7692990570327103, 0.7752783979101645], "ood_test_balanced": 0.7542897462844849, "ood_test_balanced_conf": [0.7521701802127063, 0.7564093123562634], "features": ["COW", "HINS3", "HINS4", "NWLA", "OCCP", "POBP", "WKHP", "WRK", "ST", "SCHL", "ACS_YEAR", "DIVISION"]}