{"validation": 0.7884571165785238, "id_test": 0.7829885057471264, "ood_test": 0.6950214309264754, "ood_validation": 0.6973293768545994, "train": 0.7781354178641223, "id_test_conf": [0.7704360109391335, 0.7951598840824585], "id_test_balanced": 0.6486814022064209, "id_test_balanced_conf": [0.641434269156307, 0.6559285352565348], "ood_test_conf": [0.6887785479612817, 0.7012108772764137], "ood_test_balanced": 0.628800630569458, "ood_test_balanced_conf": [0.6256381474016234, 0.6319631137372926], "features": ["VCF0218", "VCF0301", "VCF9201", "VCF9205", "VCF0521", "VCF0523", "VCF0429", "VCF9052", "VCF0809", "VCF9045", "VCF9239", "VCF0601", "VCF0606", "VCF0612", "VCF0616", "VCF0718", "VCF0724", "VCF0101", "VCF0112"]}