{"validation": 0.7960450678316855, "id_test": 0.7891954022988505, "ood_test": 0.7188545052046535, "ood_validation": 0.7227638830012717, "train": 0.788251523163582, "id_test_conf": [0.7767673113230803, 0.8012339673185586], "id_test_balanced": 0.677082359790802, "id_test_balanced_conf": [0.6691437426023186, 0.6850209769792854], "ood_test_conf": [0.7127541469983252, 0.7248948892124216], "ood_test_balanced": 0.664201557636261, "ood_test_balanced_conf": [0.660650896592997, 0.667752218679525], "features": ["VCF0218", "VCF0301", "VCF9201", "VCF9205", "VCF0521", "VCF0523", "VCF0429", "VCF9052", "VCF0809", "VCF9045", "VCF9239", "VCF0601", "VCF0606", "VCF0612", "VCF0616", "VCF0718", "VCF0724", "VCF0101", "VCF0112"]}