{"validation": 0.7859277994941366, "id_test": 0.7871264367816092, "ood_test": 0.7530497856907352, "ood_validation": 0.7630351844001696, "train": 0.7911541556500747, "id_test_conf": [0.7746564164497057, 0.7992097348552191], "id_test_balanced": 0.7179852724075317, "id_test_balanced_conf": [0.7092297520302236, 0.7267407927848398], "ood_test_conf": [0.7471911412732577, 0.7588390700605991], "ood_test_balanced": 0.7178226709365845, "ood_test_balanced_conf": [0.7139265560079366, 0.7217187858652323], "features": ["VCF0218", "VCF0301", "VCF9010", "VCF9203", "VCF9205", "VCF0521", "VCF0523", "VCF0428", "VCF0875", "VCF9052", "VCF0809", "VCF0822", "VCF0870", "VCF0843", "VCF9045", "VCF9239", "VCF0803", "VCF0606", "VCF0616", "VCF0743", "VCF0701", "VCF0724", "VCF0725", "VCF0726", "VCF0745", "VCF0104", "VCF0112"]}