{"id_test": 0.8057471264367816, "id_test_conf": [0.7936717649022215, 0.8174105112111755], "id_test_balanced": 0.722252607345581, "id_test_balanced_conf": [0.7138868063874543, 0.7306184083037078], "ood_test": 0.7529084828788093, "ood_test_conf": [0.7470487430948936, 0.7586989014167829], "ood_test_balanced": 0.7120564579963684, "ood_test_balanced_conf": [0.7082723833620548, 0.715840532630682], "validation": 0.7985743849160727, "validation_conf": [0.7863408709924941, 0.8104055630222226], "validation_balanced": 0.71532142162323, "validation_balanced_conf": [0.7068971487879753, 0.7237456944584847], "features": ["VCF0218", "VCF0301", "VCF9010", "VCF9203", "VCF9205", "VCF0521", "VCF0523", "VCF0428", "VCF0875", "VCF9052", "VCF0809", "VCF0822", "VCF0870", "VCF0843", "VCF9045", "VCF9239", "VCF0803", "VCF0606", "VCF0616", "VCF0743", "VCF0701", "VCF0724", "VCF0725", "VCF0726", "VCF0745", "VCF0104", "VCF0112"]}