{"validation": 0.924971676807995, "id_test": 0.9262546611345783, "ood_test": 0.45120671563483733, "ood_validation": 0.5518867924528302, "train": 0.9250803976129717, "id_test_conf": [0.9252559918028093, 0.9272440509844906], "id_test_balanced": 0.8792028427124023, "id_test_balanced_conf": [0.8783900010213256, 0.8800156844034791], "ood_test_conf": [0.4286942998756706, 0.4738694997049344], "ood_test_balanced": 0.5130353569984436, "ood_test_balanced_conf": [0.5094584700884297, 0.5166122439084575], "features": ["Average_confidence(CONFUSED)", "Average_confidence(FRUSTRATED)", "attempt_count", "skill_id", "problem_type", "bottom_hint", "position", "overlap_time", "first_action", "school_id"]}