{"id_test": 0.8590604026845637, "id_test_conf": [0.8143009396363827, 0.8964985645660271], "id_test_balanced": 0.7799312472343445, "id_test_balanced_conf": [0.7493014975637198, 0.8105609969049692], "ood_test": 0.7441178249561483, "ood_test_conf": [0.7393781395346409, 0.7488145943545776], "ood_test_balanced": 0.7491108179092407, "ood_test_balanced_conf": [0.7458722818270326, 0.7523493539914489], "validation": 0.8557046979865772, "validation_conf": [0.8105959549889452, 0.8935641170497503], "validation_balanced": 0.7910547256469727, "validation_balanced_conf": [0.7606603402271866, 0.8214491110667587], "features": ["LIVING_QUARTERS_TYPE", "MARITAL_STATUS", "HOUSEHOLD_INC", "UNEMPLOYMENT_COMP", "SAVINGS_INV_AMOUNT", "DISABILITY_BENEFITS_AMOUNT", "EDUCATION", "GENDER", "SNAP_ASSISTANCE", "WIC_ASSISTANCE", "PRESCRIPTION_MEDS", "HEALTH_OVER_THE_COUNTER_PRODUCTS_PAY", "HEALTH_COGNITIVE", "HEALTH_AMBULATORY", "HEALTH_CORE_DISABILITY", "HEALTH_SUPPLEMENTAL_DISABILITY", "HEALTH_INSURANCE_PREMIUMS", "CITIZENSHIP_STATUS"]}