{"id_test": 0.6482605900421459, "id_test_conf": [0.6426342490526987, 0.6538561499252163], "id_test_balanced": 0.5878614783287048, "id_test_balanced_conf": [0.5846725929155946, 0.5910503637418151], "ood_test": 0.5721085754051398, "ood_test_conf": [0.5707755176331399, 0.573440845246292], "ood_test_balanced": 0.6081909537315369, "ood_test_balanced_conf": [0.6073601037473417, 0.609021803715732], "validation": 0.6444388884920351, "validation_conf": [0.6387992426142093, 0.6500485470137917], "validation_balanced": 0.5842283964157104, "validation_balanced_conf": [0.5810663899034262, 0.5873904029279947], "features": ["FRUIT_ONCE_PER_DAY", "VEG_ONCE_PER_DAY", "DRNK_PER_WEEK", "RFBING5", "SMOKDAY2", "CHCSCNCR", "DIABETES", "POVERTY", "IYEAR", "STATE", "MEDCOST", "SEX", "STATE", "MEDCOST", "BMI5CAT"]}