{"validation": 0.5986499035645403, "id_test": 0.5993285234659619, "ood_test": 0.4202855639520301, "ood_validation": 0.4198788125668313, "train": 0.6019447817701264, "id_test_conf": [0.593560607812156, 0.6050758192548347], "id_test_balanced": 0.5027066469192505, "id_test_balanced_conf": [0.5019080827047583, 0.5035052111337427], "ood_test_conf": [0.41895648029323457, 0.4216155186528936], "ood_test_balanced": 0.5017823576927185, "ood_test_balanced_conf": [0.5016288256194094, 0.5019358897660277], "features": ["FRUIT_ONCE_PER_DAY", "VEG_ONCE_PER_DAY", "DRNK_PER_WEEK", "RFBING5", "SMOKDAY2", "CHCSCNCR", "DIABETES", "POVERTY", "IYEAR", "STATE", "MEDCOST", "SEX", "STATE", "MEDCOST", "BMI5CAT"]}