{"validation": 0.8743334929098503, "id_test": 0.872179209931162, "ood_test": 0.8261110447761194, "ood_validation": 0.8267709766162311, "train": 0.8751688197526075, "id_test_conf": [0.8702860642596932, 0.8740545217339097], "id_test_balanced": 0.5269811153411865, "id_test_balanced_conf": [0.5262373647466302, 0.5277248659357429], "ood_test_conf": [0.824480688251336, 0.8277323677493993], "ood_test_balanced": 0.5249784588813782, "ood_test_balanced_conf": [0.5244053192005959, 0.5255515985621605], "features": ["PHYSHLTH", "CHOL_CHK_PAST_5_YEARS", "BMI5", "FRUIT_ONCE_PER_DAY", "RFBING5", "TOTINDA", "INCOME", "MARITAL", "MENTHLTH", "STATE", "MEDCOST", "PRACE1", "IYEAR", "STATE", "MEDCOST", "PRACE1"]}