{"validation": 0.7844047597652467, "id_test": 0.7834746456541969, "ood_test": 0.42940442144723473, "ood_validation": 0.4257889871913376, "train": 0.7833404763408365, "id_test_conf": [0.7823312587274853, 0.7846147520610791], "id_test_balanced": 0.5531165599822998, "id_test_balanced_conf": [0.5525863471953198, 0.5536467727692798], "ood_test_conf": [0.42833130421571225, 0.4304780387034116], "ood_test_balanced": 0.5407591462135315, "ood_test_balanced_conf": [0.540321913260268, 0.541196379166795], "features": ["ESP", "ANC", "NATIVITY", "DEYE", "DREM", "PINCP", "FER", "MAR", "CIT", "DIVISION", "ACS_YEAR", "DIS"]}