{"validation": 0.7871664460113303, "id_test": 0.7862383232624176, "ood_test": 0.4138385111697725, "ood_validation": 0.41081253576301774, "train": 0.7860904302253804, "id_test_conf": [0.7851002264809204, 0.7873731075233931], "id_test_balanced": 0.538830041885376, "id_test_balanced_conf": [0.5384013462346047, 0.5392587375361473], "ood_test_conf": [0.41277080410019484, 0.4149068285188388], "ood_test_balanced": 0.5349956154823303, "ood_test_balanced_conf": [0.5346490092040039, 0.5353422217606567], "features": ["ESP", "ANC", "NATIVITY", "DEYE", "DREM", "PINCP", "FER", "MAR", "CIT", "DIVISION", "ACS_YEAR", "DIS"]}