{"validation": 0.8210029633586428, "id_test": 0.8190975225110647, "ood_test": 0.7970252465321822, "ood_validation": 0.8018781071625851, "train": 0.8195329863374339, "id_test_conf": [0.8163888047510688, 0.8217826750698235], "id_test_balanced": 0.6244516372680664, "id_test_balanced_conf": [0.622633093893528, 0.6262701806426049], "ood_test_conf": [0.7934316956163919, 0.800583488110971], "ood_test_balanced": 0.6458486318588257, "ood_test_balanced_conf": [0.6433733189711347, 0.6483239447465167], "features": ["HUPAC", "WIF", "OCCP", "DIS", "DEAR", "DEYE", "AGEP", "SEX", "MAR", "SCHL", "ACS_YEAR", "DIVISION"]}