{"id_test": 0.8760121622061071, "id_test_conf": [0.8741574692455045, 0.8778491083350526], "id_test_balanced": 0.5405474305152893, "id_test_balanced_conf": [0.5396912391809746, 0.541403621849604], "ood_test": 0.8289634089161462, "ood_test_conf": [0.8273585509390795, 0.830559321050919], "ood_test_balanced": 0.5361320376396179, "ood_test_balanced_conf": [0.5354946108383593, 0.5367694644408766], "validation": 0.8761910181782706, "validation_conf": [0.874337461953373, 0.878026819097889], "validation_balanced": 0.5396134853363037, "validation_balanced_conf": [0.5387667797098402, 0.5404601909627672], "features": ["CHOL_CHK_PAST_5_YEARS", "TOLDHI", "BMI5", "BMI5CAT", "MICHD", "VEG_ONCE_PER_DAY", "DRNK_PER_WEEK", "MARITAL", "EDUCA", "HEALTH_COV", "MENTHLTH", "PRACE1", "PRACE1", "SEX", "PRACE1", "IYEAR"]}