{"id_test": 0.6707082655626201, "id_test_conf": [0.6650714472170076, 0.6763083978183193], "id_test_balanced": 0.635307788848877, "id_test_balanced_conf": [0.6315479551954195, 0.6390676225023344], "ood_test": 0.6000053989225294, "ood_test_conf": [0.598670581115551, 0.6013390994491212], "ood_test_balanced": 0.6252943277359009, "ood_test_balanced_conf": [0.6244086455926299, 0.6261800098791719], "validation": 0.6631178144985398, "validation_conf": [0.6574496760272981, 0.668750897674864], "validation_balanced": 0.6275159120559692, "validation_balanced_conf": [0.6237417189544067, 0.6312901051575318], "features": ["AGEG5YR", "FRUIT_ONCE_PER_DAY", "VEG_ONCE_PER_DAY", "TOTINDA", "SMOKE100", "SMOKDAY2", "CHCSCNCR", "CHCOCNCR", "DIABETES", "IYEAR", "STATE", "PRACE1", "IYEAR", "MEDCOST", "BMI5CAT"]}