{"id_test": 0.6692665976637587, "id_test_conf": [0.6636237243278145, 0.6748730949067809], "id_test_balanced": 0.6342229843139648, "id_test_balanced_conf": [0.6304542244924233, 0.6379917441355064], "ood_test": 0.6010928961748634, "ood_test_conf": [0.5997586798978402, 0.6024259830212693], "ood_test_balanced": 0.6259499192237854, "ood_test_balanced_conf": [0.625062988968566, 0.6268368494790048], "validation": 0.6606040442127833, "validation_conf": [0.6549259276586998, 0.6662476459717461], "validation_balanced": 0.625548779964447, "validation_balanced_conf": [0.6217604345967993, 0.6293371253320947], "features": ["AGEG5YR", "FRUIT_ONCE_PER_DAY", "VEG_ONCE_PER_DAY", "TOTINDA", "SMOKE100", "SMOKDAY2", "CHCSCNCR", "CHCOCNCR", "DIABETES", "IYEAR", "STATE", "PRACE1", "IYEAR", "MEDCOST", "BMI5CAT"]}