{"validation": 0.8757806058726051, "id_test": 0.8742295981257295, "ood_test": 0.825701743218329, "ood_validation": 0.831105453002334, "train": 0.8753315027341642, "id_test_conf": [0.8723597902695843, 0.8760816709688947], "id_test_balanced": 0.5045404434204102, "id_test_balanced_conf": [0.5042596964957192, 0.5048211903451011], "ood_test_conf": [0.8240803658195307, 0.8273142135625446], "ood_test_balanced": 0.5040762424468994, "ood_test_balanced_conf": [0.5038685513992095, 0.5042839334945893], "features": ["PHYSHLTH", "CHOL_CHK_PAST_5_YEARS", "BMI5", "BMI5CAT", "SMOKDAY2", "CVDSTRK3", "MICHD", "FRUIT_ONCE_PER_DAY", "DRNK_PER_WEEK", "INCOME", "MARITAL", "CHECKUP1", "EDUCA", "IYEAR", "STATE", "MEDCOST", "PRACE1", "SEX", "IYEAR", "STATE", "PRACE1", "SEX", "PRACE1"]}