{"validation": 0.8050126465854219, "id_test": 0.8108045977011494, "ood_test": 0.769346709999529, "ood_validation": 0.7702416278083933, "train": 0.8052362340498908, "id_test_conf": [0.7988434223910057, 0.8223469279692728], "id_test_balanced": 0.7415412664413452, "id_test_balanced_conf": [0.7330657548457384, 0.750016778036952], "ood_test_conf": [0.7636201422747686, 0.7749994414102691], "ood_test_balanced": 0.732803463935852, "ood_test_balanced_conf": [0.7290180284716189, 0.7365888994000852], "features": ["VCF0004", "VCF0901b", "VCF0218", "VCF0301", "VCF9010", "VCF9011", "VCF9201", "VCF9202", "VCF9206", "VCF0523", "VCF0428", "VCF0839", "VCF0870", "VCF0838", "VCF9239", "VCF0803", "VCF0846", "VCF0601", "VCF0606", "VCF0612", "VCF0717", "VCF0718", "VCF0720", "VCF0721", "VCF0701", "VCF0675", "VCF0101", "VCF0104", "VCF0112"]}