{"validation": 0.6024928231403758, "id_test": 0.6010537790697674, "ood_test": 0.4246628035151107, "ood_validation": 0.426206920307952, "train": 0.5983466194272218, "id_test_conf": [0.5952397317507968, 0.6068464832015418], "id_test_balanced": 0.5049168467521667, "id_test_balanced_conf": [0.5034094288223423, 0.5064242646819912], "ood_test_conf": [0.4233220662262963, 0.42600437615880316], "ood_test_balanced": 0.5026888251304626, "ood_test_balanced_conf": [0.5023540092032636, 0.5030236410576617], "features": ["VEG_ONCE_PER_DAY", "SMOKE100", "CHCSCNCR", "CHCOCNCR", "POVERTY", "EMPLOY1", "STATE", "PRACE1", "SEX", "PRACE1", "BMI5CAT", "IYEAR"]}