{"id_test": 0.6319404069767441, "id_test_conf": [0.6262105654496068, 0.6376423800991166], "id_test_balanced": 0.5811954736709595, "id_test_balanced_conf": [0.5776232250826433, 0.5847677222592756], "ood_test": 0.5296568327260479, "ood_test_conf": [0.5283024230414255, 0.5310109135724], "ood_test_balanced": 0.5726714134216309, "ood_test_balanced_conf": [0.5718624988908414, 0.5734803279524203], "validation": 0.6359969475635016, "validation_conf": [0.6302799006835437, 0.641685267888851], "validation_balanced": 0.5851748585700989, "validation_balanced_conf": [0.5816109908139333, 0.5887387263262644], "features": ["VEG_ONCE_PER_DAY", "SMOKE100", "CHCSCNCR", "CHCOCNCR", "POVERTY", "EMPLOY1", "STATE", "PRACE1", "SEX", "PRACE1", "BMI5CAT", "IYEAR"]}