{"validation": 0.8066222120027593, "id_test": 0.8163218390804597, "ood_test": 0.781404549950544, "ood_validation": 0.7821110640101738, "train": 0.8068456144384412, "id_test_conf": [0.804488836163263, 0.8277284992992266], "id_test_balanced": 0.7613809108734131, "id_test_balanced_conf": [0.7528854513913393, 0.7698763703554868], "ood_test_conf": [0.7757833494961003, 0.7869486005519815], "ood_test_balanced": 0.7533910870552063, "ood_test_balanced_conf": [0.7495414443314076, 0.757240729779005], "features": ["VCF0901b", "VCF0218", "VCF0301", "VCF9010", "VCF9201", "VCF9204", "VCF9206", "VCF0428", "VCF0429", "VCF0875", "VCF9052", "VCF0809", "VCF0822", "VCF0843", "VCF9045", "VCF0838", "VCF9239", "VCF0606", "VCF0612", "VCF0616", "VCF0617", "VCF0310", "VCF0718", "VCF0701", "VCF0725", "VCF0726", "VCF0104", "VCF0105a", "VCF0115", "VCF0140a", "VCF0112"]}