{"validation": 0.8158197286732582, "id_test": 0.8188505747126437, "ood_test": 0.78573783618294, "ood_validation": 0.7952522255192879, "train": 0.8100931141510519, "id_test_conf": [0.8070776091498799, 0.8301937593077096], "id_test_balanced": 0.7604879140853882, "id_test_balanced_conf": [0.752041339520365, 0.7689344886504114], "ood_test_conf": [0.7801561726949313, 0.7912411586344086], "ood_test_balanced": 0.7574418187141418, "ood_test_balanced_conf": [0.7536218429496512, 0.7612617944786325], "features": ["VCF0901b", "VCF0218", "VCF0301", "VCF9010", "VCF9201", "VCF9204", "VCF9206", "VCF0428", "VCF0429", "VCF0875", "VCF9052", "VCF0809", "VCF0822", "VCF0843", "VCF9045", "VCF0838", "VCF9239", "VCF0606", "VCF0612", "VCF0616", "VCF0617", "VCF0310", "VCF0718", "VCF0701", "VCF0725", "VCF0726", "VCF0104", "VCF0105a", "VCF0115", "VCF0140a", "VCF0112"]}