{"validation": 0.7886870544952863, "id_test": 0.7793103448275862, "ood_test": 0.7001083321558099, "ood_validation": 0.7002967359050445, "train": 0.7769283825727095, "id_test_conf": [0.7666860632629696, 0.7915584911072964], "id_test_balanced": 0.6422556638717651, "id_test_balanced_conf": [0.6350892190914601, 0.6494221086520702], "ood_test_conf": [0.6938941803581167, 0.7062676521986582], "ood_test_balanced": 0.634426474571228, "ood_test_balanced_conf": [0.6312566930288449, 0.6375962561136111], "features": ["VCF0901b", "VCF0218", "VCF0224", "VCF9008", "VCF9011", "VCF9204", "VCF9205", "VCF9206", "VCF0521", "VCF9052", "VCF0822", "VCF0870", "VCF9239", "VCF0803", "VCF0846", "VCF0606", "VCF0612", "VCF0615", "VCF0617", "VCF0310", "VCF0717", "VCF0720", "VCF0675", "VCF0724", "VCF0745", "VCF0115", "VCF0112"]}