{"id_test": 0.7988505747126436, "id_test_conf": [0.7866244262016805, 0.8106741057760679], "id_test_balanced": 0.718695878982544, "id_test_balanced_conf": [0.7102025396935642, 0.7271892182715237], "ood_test": 0.7544628138099948, "ood_test_conf": [0.7486151691742706, 0.7602407103725457], "ood_test_balanced": 0.7133084535598755, "ood_test_balanced_conf": [0.7095390781247989, 0.7170778289949521], "validation": 0.8038629570016096, "validation_conf": [0.7917444140578904, 0.8155719862134307], "validation_balanced": 0.7230594158172607, "validation_balanced_conf": [0.7146588183194399, 0.7314600133150816], "features": ["VCF0901b", "VCF0218", "VCF0224", "VCF9008", "VCF9011", "VCF9204", "VCF9205", "VCF9206", "VCF0521", "VCF9052", "VCF0822", "VCF0870", "VCF9239", "VCF0803", "VCF0846", "VCF0606", "VCF0612", "VCF0615", "VCF0617", "VCF0310", "VCF0717", "VCF0720", "VCF0675", "VCF0724", "VCF0745", "VCF0115", "VCF0112"]}