{"validation": 0.6022384534321741, "id_test": 0.602797965116279, "ood_test": 0.4177849138063015, "ood_validation": 0.41719915261535284, "train": 0.5983784152074675, "id_test_conf": [0.5969880240766717, 0.6085861945190839], "id_test_balanced": 0.5006040334701538, "id_test_balanced_conf": [0.5000548954727129, 0.5011531714675947], "ood_test_conf": [0.4164471899688288, 0.41912354926407197], "ood_test_balanced": 0.500311553478241, "ood_test_balanced_conf": [0.50018362732284, 0.5004394796336419], "features": ["SMOKE100", "CHCSCNCR", "CHCOCNCR", "POVERTY", "EMPLOY1", "PRACE1", "SEX", "IYEAR", "STATE", "BMI5CAT"]}