{"validation": 0.28523489932885904, "id_test": 0.2550335570469799, "ood_test": 0.5232565172684933, "ood_validation": 0.522591181273816, "train": 0.29656040268456374, "id_test_conf": [0.2065218173693059, 0.3084892588080364], "id_test_balanced": 0.5, "id_test_balanced_conf": [0.5, 0.5], "ood_test_conf": [0.5178561470702476, 0.5286528011480733], "ood_test_balanced": 0.4952736496925354, "ood_test_balanced_conf": [0.49425869384082033, 0.49628860554425047], "features": ["LIVING_QUARTERS_TYPE", "FAMILY_SIZE_AVG", "ORIGIN", "HOUSEHOLD_INC", "RECEIVED_WORK_COMP", "FOSTER_CHILD_CARE_AMT", "VA_BENEFITS_AMOUNT", "RETIREMENT_INCOME_AMOUNT", "EDUCATION", "RACE", "GENDER", "AGE", "SNAP_ASSISTANCE", "WIC_ASSISTANCE", "DAYS_SICK", "VISIT_DENTIST_NUM", "HEALTH_SEEING", "HEALTH_COGNITIVE", "HEALTH_INSURANCE_PREMIUMS", "CITIZENSHIP_STATUS"]}