{"validation": 0.5866099893730075, "id_test": 0.5955414012738853, "ood_test": 0.5570671724769443, "ood_validation": 0.5473808122424956, "train": 0.5810649316159873, "id_test_conf": [0.5634108343393368, 0.6270727132463175], "id_test_balanced": 0.5100411772727966, "id_test_balanced_conf": [0.5028388977609575, 0.5172434567846358], "ood_test_conf": [0.5491504891209198, 0.5649621326667209], "ood_test_balanced": 0.5049331188201904, "ood_test_balanced_conf": [0.5036605274491012, 0.5062057101912797], "features": ["JOBORG31", "OFREMP31", "MCRPHO31", "PRVHMO31", "FSAGT31", "PFSAMT31", "GOVTA31", "GOVAAT31", "GOVTB31", "GOVTC31", "BSNTY31", "RETPLN31", "VACMPY31", "VAPROX31", "HRHOW31", "DIFFWG31", "TEMPJB31", "SELFCM31", "CHOIC31", "STJBMM31", "PRING31", "TRIAT31X", "MCAID31X", "INS31X", "INSAT31X", "SEX", "RACEV2X", "RACEAX", "RACEBX", "RACETHX", "HISPANX", "EDUCYR", "BORNUSA", "TRICR31X", "PRIEU31", "MCRPD31X", "TRILI31X", "PRIEUO31", "PRSTX31", "PRIV31", "PRIVAT31", "DENTIN31", "DNTINS31", "PMEDIN31", "PMEDUP31", "MARRY31X", "REFRL31X", "HELD31X", "TRIEX31X", "TRICH31X", "VACMPM31", "ASMRCN31", "IADLHP31", "WLKLIM31", "LFTDIF31", "STPDIF31", "WLKDIF31", "RCHDIF31", "ACTLIM31", "WRKLIM31", "HSELIM31", "VASPOU31", "ASACUT31", "SOCLIM31", "FCRP1231", "FAMSZE31", "FAMS1231", "BEGRFY31", "INSCOP31", "INSC1231", "PSTATS31", "SPOUIN31", "RTHLTH31", "CHBRON31", "ASATAK31", "UNABLE31", "VALOCT31", "VAPAST31", "VACARC31", "VAPCOT31", "VAPCCO31", "VAPCRF31", "VAPCSO31", "VAPCOU31", "VAPACT31", "VAMOBL31", "VAGERD31", "VAHRLS31", "VAGOUT31", "VABIPL31", "VAMOOD31", "VAGCNS31", "REFPRS31", "MOPID31X", "AGE31X", "INSCOV19"]}