{"validation": 0.7885264057209759, "id_test": 0.7887745544754962, "ood_test": 0.7682417567941405, "ood_validation": 0.7609958506224066, "train": 0.7894437487491328, "id_test_conf": [0.7867535491892214, 0.7907849591018907], "id_test_balanced": 0.719343364238739, "id_test_balanced_conf": [0.7179299317626282, 0.7207567967148498], "ood_test_conf": [0.7652232854595604, 0.771239714173275], "ood_test_balanced": 0.727492094039917, "ood_test_balanced_conf": [0.7254902573255823, 0.7294939307542517], "features": ["FER", "HINS1", "HINS3", "HINS4", "NWLA", "NWLK", "OCCP", "RELP", "WKHP", "WRK", "AGEP", "SEX", "MAR", "DIVISION"]}