{"validation": 0.779869843304758, "id_test": 0.7796346514052023, "ood_test": 0.4066699515941884, "ood_validation": 0.40403406840089795, "train": 0.7791085876090078, "id_test_conf": [0.7784840395076327, 0.7807820272450827], "id_test_balanced": 0.5444893836975098, "id_test_balanced_conf": [0.5439830765896477, 0.5449956908053718], "ood_test_conf": [0.40560510457666804, 0.4077354596672393], "ood_test_balanced": 0.5253364443778992, "ood_test_balanced_conf": [0.5249617580906488, 0.5257111306651495], "features": ["ESP", "MIG", "DEAR", "DEYE", "FER", "AGEP", "SEX", "ST", "MAR", "DIVISION", "DIS"]}