{"validation": 0.7785210264848273, "id_test": 0.7778136391251519, "ood_test": 0.7755661234867147, "ood_validation": 0.7668049792531121, "train": 0.7790412800020251, "id_test_conf": [0.7757556703134724, 0.7798614100269236], "id_test_balanced": 0.7397607564926147, "id_test_balanced_conf": [0.7382764747249894, 0.7412450382602401], "ood_test_conf": [0.7725811353079511, 0.778530036879995], "ood_test_balanced": 0.7512526512145996, "ood_test_balanced_conf": [0.7491623651189729, 0.7533429373102263], "features": ["COW", "HINS3", "NWLK", "OCCP", "RELP", "WKHP", "WRK", "AGEP", "CIT", "DIVISION"]}