{"validation": 0.5986188559400273, "id_test": 0.5981018501421766, "ood_test": 0.41760161481997954, "ood_validation": 0.4143842740257939, "train": 0.5983012509809352, "id_test_conf": [0.5922335913849202, 0.6039490511620982], "id_test_balanced": 0.5016739368438721, "id_test_balanced_conf": [0.5009603750996757, 0.5023874985880684], "ood_test_conf": [0.41625966097388106, 0.41894448822217], "ood_test_balanced": 0.5006193518638611, "ood_test_balanced_conf": [0.5004733538546133, 0.5007653498731088], "features": ["AGEG5YR", "DRNK_PER_WEEK", "RFBING5", "TOTINDA", "SMOKE100", "SMOKDAY2", "CHCSCNCR", "CHCOCNCR", "MEDCOST", "PRACE1", "SEX", "IYEAR", "STATE", "MEDCOST", "BMI5CAT"]}