{"id_test": 0.9878820711678832, "id_test_conf": [0.9872957727236766, 0.9884480729132605], "id_test_balanced": 0.5005679726600647, "id_test_balanced_conf": [0.5004765411226253, 0.5006594041975041], "ood_test": 0.9242496391422746, "ood_test_conf": [0.9228221510454724, 0.9256587915761747], "ood_test_balanced": 0.5002334117889404, "ood_test_balanced_conf": [0.5001727535268583, 0.5002940700510226], "validation": 0.9886874763876909, "validation_conf": [0.9881202823247124, 0.9892343343831168], "validation_balanced": 0.5012485980987549, "validation_balanced_conf": [0.5011168827713118, 0.5013803134261979], "features": ["O2Sat", "Temp", "SBP", "DBP", "Resp", "EtCO2", "FiO2", "pH", "SaO2", "AST", "BUN", "Chloride", "Creatinine", "Glucose", "Magnesium", "Phosphate", "Hct", "Hgb", "Fibrinogen", "Platelets", "Gender", "Unit1", "Unit2", "HospAdmTime", "set", "ICULOS"]}