{"id_test": 0.7550335570469798, "id_test_conf": [0.7021288104453476, 0.8027883082068612], "id_test_balanced": 0.6279042363166809, "id_test_balanced_conf": [0.595163321942091, 0.6606451506912708], "ood_test": 0.6222101252041372, "ood_test_conf": [0.6169586742931304, 0.6274401006173214], "ood_test_balanced": 0.626573920249939, "ood_test_balanced_conf": [0.6229319809237495, 0.6302158595761285], "validation": 0.7248322147651006, "validation_conf": [0.6703758807635969, 0.7747554166843915], "validation_balanced": 0.6167668104171753, "validation_balanced_conf": [0.5831812286376953, 0.6503523921966553], "features": ["ORIGIN", "TANF_ASSISTANCE", "SEVERANCE_PAY_PENSION", "FOSTER_CHILD_CARE_AMT", "CHILD_SUPPORT_AMT", "ALIMONY_AMT", "UNEMPLOYMENT_COMP_AMOUNT", "RETIREMENT_INCOME_AMOUNT", "SURVIVOR_INCOME_AMOUNT", "DISABILITY_BENEFITS_AMOUNT", "GENDER", "AGE", "SNAP_ASSISTANCE", "HEALTHDISAB", "HOSPITAL_NIGHTS", "PRESCRIPTION_MEDS", "HEALTH_MEDICAL_CARE_PAY", "HEALTH_HEARING", "HEALTH_COGNITIVE", "HEALTH_AMBULATORY", "HEALTH_SELF_CARE", "HEALTH_ERRANDS_DIFFICULTY", "HEALTH_CORE_DISABILITY", "HEALTH_INSURANCE_PREMIUMS", "CITIZENSHIP_STATUS"]}