{"validation": 0.8771160694370737, "id_test": 0.875363411219985, "ood_test": 0.8326510195216343, "ood_validation": 0.830588792797062, "train": 0.875805663874724, "id_test_conf": [0.8735557826078311, 0.8771542807766131], "id_test_balanced": 0.5462468266487122, "id_test_balanced_conf": [0.5453555338201113, 0.5471381194773131], "ood_test_conf": [0.8311120357953456, 0.8341815380315007], "ood_test_balanced": 0.5412362813949585, "ood_test_balanced_conf": [0.540576802828582, 0.541895759961335], "features": ["PHYSHLTH", "HIGH_BLOOD_PRESS", "CHOL_CHK_PAST_5_YEARS", "TOLDHI", "BMI5CAT", "SMOKDAY2", "FRUIT_ONCE_PER_DAY", "RFBING5", "TOTINDA", "INCOME", "MARITAL", "CHECKUP1", "EDUCA", "HEALTH_COV", "IYEAR", "STATE", "MEDCOST", "PRACE1", "IYEAR", "PRACE1", "SEX", "PRACE1"]}