{"validation": 0.8022133687472333, "id_test": 0.8029806699129408, "ood_test": 0.7466266866566716, "ood_validation": 0.7733333333333333, "train": 0.798748704252266, "id_test_conf": [0.7987050424943767, 0.8072043021102957], "id_test_balanced": 0.690041184425354, "id_test_balanced_conf": [0.6874552089581266, 0.6926271598925814], "ood_test_conf": [0.7118223621551285, 0.7792317601529339], "ood_test_balanced": 0.6646825075149536, "ood_test_balanced_conf": [0.6468486607447267, 0.6825163542851805], "features": ["hint_count", "problem_type", "position", "first_action", "school_id"]}