{"validation": 0.8180610889774237, "id_test": 0.8186513206433526, "ood_test": 0.7496251874062968, "ood_validation": 0.7866666666666666, "train": 0.8151608940567141, "id_test_conf": [0.8145067895792649, 0.8227411591140761], "id_test_balanced": 0.7147067189216614, "id_test_balanced_conf": [0.7120698827784508, 0.7173435550648719], "ood_test_conf": [0.7149369120634419, 0.7820872228896554], "ood_test_balanced": 0.6686508059501648, "ood_test_balanced_conf": [0.6507104803994298, 0.6865911315008998], "features": ["hint_count", "problem_type", "position", "first_action", "school_id"]}