{"validation": 0.7952346296237699, "id_test": 0.7958118165249088, "ood_test": 0.7714692205345733, "ood_validation": 0.7709543568464731, "train": 0.7952232496363091, "id_test_conf": [0.7938156835789814, 0.797797090195294], "id_test_balanced": 0.7297593355178833, "id_test_balanced_conf": [0.7283506984612904, 0.7311679725744762], "ood_test_conf": [0.7684653444294068, 0.7744523355656235], "ood_test_balanced": 0.7341501712799072, "ood_test_balanced_conf": [0.7321272255014628, 0.7361731170583516], "features": ["ENG", "FER", "HINS3", "HINS4", "POBP", "RELP", "WKHP", "WKW", "AGEP", "SEX", "ST", "MAR", "SCHL", "DIVISION"]}