{"id_test": 0.8120805369127517, "id_test_conf": [0.7630200676943543, 0.8548126731682171], "id_test_balanced": 0.6878259778022766, "id_test_balanced_conf": [0.6566903425753117, 0.7189616130292416], "ood_test": 0.6978164882356499, "ood_test_conf": [0.6928346250160669, 0.7027635825545531], "ood_test_balanced": 0.7015445232391357, "ood_test_balanced_conf": [0.6980914964945987, 0.7049975499836728], "validation": 0.7885906040268457, "validation_conf": [0.7377881649182452, 0.8335525230741462], "validation_balanced": 0.6937026977539062, "validation_balanced_conf": [0.6610743188112974, 0.7263310766965151], "features": ["LIVING_QUARTERS_TYPE", "FAMILY_SIZE_AVG", "ORIGIN", "RECEIVED_WORK_COMP", "TANF_ASSISTANCE", "UNEMPLOYMENT_COMP", "ALIMONY_AMT", "INCOME_FROM_ASSISTANCE", "INCOME", "UNEMPLOYMENT_COMP_AMOUNT", "VA_BENEFITS_AMOUNT", "RETIREMENT_INCOME_AMOUNT", "SURVIVOR_INCOME_AMOUNT", "RACE", "AGE", "SNAP_ASSISTANCE", "MEDICAID_ASSISTANCE", "HEALTHDISAB", "DAYS_SICK", "HEALTH_HEARING", "HEALTH_SEEING", "HEALTH_COGNITIVE", "HEALTH_AMBULATORY", "HEALTH_SELF_CARE", "CITIZENSHIP_STATUS"]}