{"id_test": 0.6453340226743971, "id_test_conf": [0.6396020532054469, 0.651034792712724], "id_test_balanced": 0.6114644408226013, "id_test_balanced_conf": [0.6076268552709371, 0.6153020263742656], "ood_test": 0.538830603766244, "ood_test_conf": [0.5374734859432087, 0.5401872882488001], "ood_test_balanced": 0.5776995420455933, "ood_test_balanced_conf": [0.5768602038163226, 0.5785388802748639], "validation": 0.6480298386203331, "validation_conf": [0.6423074318234526, 0.6537204670302224], "validation_balanced": 0.613659679889679, "validation_balanced_conf": [0.6098287716228515, 0.6174905881565064], "features": ["AGEG5YR", "FRUIT_ONCE_PER_DAY", "VEG_ONCE_PER_DAY", "DRNK_PER_WEEK", "TOTINDA", "SMOKE100", "IYEAR", "PRACE1", "SEX", "IYEAR", "PRACE1", "BMI5CAT"]}