{"validation": 0.8239154488916022, "id_test": 0.8189576232385409, "ood_test": 0.7952043864315234, "ood_validation": 0.7991161848646658, "train": 0.8208302465112286, "id_test_conf": [0.8162481003823266, 0.8216435912471304], "id_test_balanced": 0.5523622632026672, "id_test_balanced_conf": [0.5511386645608581, 0.5535858618444763], "ood_test_conf": [0.7915990801673657, 0.7987746002562973], "ood_test_balanced": 0.5758196711540222, "ood_test_balanced_conf": [0.5739294980186969, 0.5777098442893476], "features": ["HUPAC", "WIF", "NWLA", "OCCP", "POBP", "MIL", "DEYE", "DREM", "AGEP", "SEX", "RAC1P", "DIVISION"]}