{"validation": 0.7175521311267917, "id_test": 0.7166109761036857, "ood_test": 0.6607738008984205, "ood_validation": 0.6614107883817427, "train": 0.7170053863429429, "id_test_conf": [0.714381919631502, 0.7188320825352672], "id_test_balanced": 0.6253612041473389, "id_test_balanced_conf": [0.6239260249747894, 0.6267963833198883], "ood_test_conf": [0.657393159860338, 0.6641421505342444], "ood_test_balanced": 0.5996795892715454, "ood_test_balanced_conf": [0.5977285653166473, 0.6016306132264435], "features": ["FER", "HINS2", "HINS3", "NWLA", "RELP", "WKW", "WRK", "ST", "MAR", "CIT", "RAC1P", "ACS_YEAR", "DIVISION"]}