{"validation": 0.8196421076729368, "id_test": 0.8161596377880653, "ood_test": 0.792708375956463, "ood_validation": 0.7978272877923035, "train": 0.8169464148879683, "id_test_conf": [0.8134341380857677, 0.818861789704831], "id_test_balanced": 0.5281593203544617, "id_test_balanced_conf": [0.5272727597982158, 0.5290458809107076], "ood_test_conf": [0.7890871370632228, 0.7962948197105639], "ood_test_balanced": 0.5398724675178528, "ood_test_balanced_conf": [0.5385463848523796, 0.541198550183326], "features": ["ENG", "FER", "HUPAC", "WIF", "NWLK", "OCCP", "POBP", "WKW", "WRK", "DEYE", "DREM", "SEX", "MAR", "ACS_YEAR", "DIVISION"]}