{"validation": 0.878400992644958, "id_test": 0.8776499783675236, "ood_test": 0.8299030078414176, "ood_validation": 0.8346700615319329, "train": 0.8778916885287554, "id_test_conf": [0.8758019324993249, 0.879480126510209], "id_test_balanced": 0.5448998808860779, "id_test_balanced_conf": [0.5440185576083604, 0.5457812041637954], "ood_test_conf": [0.8282970975011394, 0.8314998960648259], "ood_test_balanced": 0.5391675233840942, "ood_test_balanced_conf": [0.5385075819666963, 0.5398274648014921], "features": ["PHYSHLTH", "HIGH_BLOOD_PRESS", "TOLDHI", "BMI5", "BMI5CAT", "CVDSTRK3", "MICHD", "RFBING5", "TOTINDA", "MARITAL", "CHECKUP1", "EDUCA", "IYEAR", "MEDCOST", "SEX", "IYEAR", "STATE", "PRACE1", "SEX", "PRACE1"]}