{"validation": 0.8775356935861748, "id_test": 0.8772336552354675, "ood_test": 0.8298181338086279, "ood_validation": 0.8350944196902186, "train": 0.8774049573115295, "id_test_conf": [0.8753829359860599, 0.8790664965665514], "id_test_balanced": 0.5409649014472961, "id_test_balanced_conf": [0.5401188090955839, 0.5418109937990084], "ood_test_conf": [0.8282119075328037, 0.8314153402921876], "ood_test_balanced": 0.5370290875434875, "ood_test_balanced_conf": [0.5363877837802283, 0.5376703913067468], "features": ["PHYSHLTH", "HIGH_BLOOD_PRESS", "TOLDHI", "BMI5", "BMI5CAT", "CVDSTRK3", "MICHD", "RFBING5", "TOTINDA", "MARITAL", "CHECKUP1", "EDUCA", "IYEAR", "MEDCOST", "SEX", "IYEAR", "STATE", "PRACE1", "SEX", "PRACE1"]}