{"id_test": 0.8742522766786915, "id_test_conf": [0.8724416491649863, 0.8760462647711689], "id_test_balanced": 0.5245075225830078, "id_test_balanced_conf": [0.523842063518241, 0.5251729816477746], "ood_test": 0.829627981837453, "ood_test_conf": [0.8280826957149734, 0.8311649296644551], "ood_test_balanced": 0.524381697177887, "ood_test_balanced_conf": [0.5238683003606275, 0.5248950939951464], "validation": 0.8746342733720378, "validation_conf": [0.8728259718252676, 0.876425918325035], "validation_balanced": 0.5267268419265747, "validation_balanced_conf": [0.5260409108595923, 0.5274127729935572], "features": ["HIGH_BLOOD_PRESS", "CHOL_CHK_PAST_5_YEARS", "TOLDHI", "BMI5CAT", "SMOKE100", "CVDSTRK3", "MICHD", "FRUIT_ONCE_PER_DAY", "RFBING5", "MARITAL", "CHECKUP1", "MENTHLTH", "IYEAR", "MEDCOST", "PRACE1", "SEX", "IYEAR", "STATE", "MEDCOST", "PRACE1", "SEX", "PRACE1"]}