{"validation": 0.8075419636698091, "id_test": 0.8018390804597701, "ood_test": 0.7376948801281146, "ood_validation": 0.7422636710470538, "train": 0.798310150592022, "id_test_conf": [0.7896775877729572, 0.813593900886145], "id_test_balanced": 0.685845136642456, "id_test_balanced_conf": [0.6781473224610091, 0.693542950823903], "ood_test_conf": [0.7317220033714655, 0.7436026123978703], "ood_test_balanced": 0.6823735237121582, "ood_test_balanced_conf": [0.6789309827052057, 0.6858160647191107], "features": ["VCF0901b", "VCF0301", "VCF0302", "VCF9010", "VCF9201", "VCF9203", "VCF9205", "VCF9206", "VCF0523", "VCF0429", "VCF0870", "VCF0843", "VCF9045", "VCF0838", "VCF0803", "VCF0615", "VCF0743", "VCF0717", "VCF0721", "VCF0701", "VCF0675", "VCF0726", "VCF0745", "VCF0101", "VCF0115", "VCF0112"]}