{"validation": 0.813750287422396, "id_test": 0.820919540229885, "ood_test": 0.7782487871508643, "ood_validation": 0.7825349724459517, "train": 0.811587538797563, "id_test_conf": [0.8091963130638791, 0.8322101723963583], "id_test_balanced": 0.7489550113677979, "id_test_balanced_conf": [0.7406356867216527, 0.757274336013943], "ood_test_conf": [0.7725993573443151, 0.7838219344657956], "ood_test_balanced": 0.7417304515838623, "ood_test_balanced_conf": [0.7379953622631729, 0.7454655409045517], "features": ["VCF0004", "VCF0218", "VCF0301", "VCF0302", "VCF9008", "VCF9010", "VCF9011", "VCF9203", "VCF9204", "VCF9205", "VCF9206", "VCF0521", "VCF0523", "VCF0839", "VCF0822", "VCF9045", "VCF9239", "VCF0606", "VCF0615", "VCF0616", "VCF0617", "VCF0310", "VCF0743", "VCF0718", "VCF0701", "VCF0726", "VCF0104", "VCF0115", "VCF0140a", "VCF0112"]}