{"validation": 0.8329962989812659, "id_test": 0.8272243984331281, "ood_test": 0.7982527926674577, "ood_validation": 0.8015098508561959, "train": 0.8294484418569897, "id_test_conf": [0.8245634966688344, 0.8298611334578403], "id_test_balanced": 0.6096214056015015, "id_test_balanced_conf": [0.6079519890155644, 0.6112908221874386], "ood_test_conf": [0.7946672303584872, 0.8018028994091748], "ood_test_balanced": 0.6307647824287415, "ood_test_balanced_conf": [0.6283898359956219, 0.633139728861861], "features": ["WIF", "NWLA", "POBP", "RELP", "WKW", "WRK", "DEAR", "DEYE", "PUBCOV", "CIT", "SCHL", "ACS_YEAR", "DIVISION"]}