{"validation": 0.6031832552054944, "id_test": 0.6026162790697674, "ood_test": 0.4203091031568634, "ood_validation": 0.4197309725977851, "train": 0.5994730984987849, "id_test_conf": [0.596805906717594, 0.6084049781654735], "id_test_balanced": 0.5017836093902588, "id_test_balanced_conf": [0.5009146304416936, 0.502652588338824], "ood_test_conf": [0.41897024243006925, 0.42164884751444887], "ood_test_balanced": 0.5018604397773743, "ood_test_balanced_conf": [0.50166663234937, 0.5020542472053785], "features": ["VEG_ONCE_PER_DAY", "RFBING5", "TOTINDA", "SMOKDAY2", "EMPLOY1", "MEDCOST", "PRACE1", "IYEAR", "PRACE1", "SEX", "BMI5CAT"]}