{"validation": 0.6129946582361278, "id_test": 0.6104651162790697, "ood_test": 0.4604530910315686, "ood_validation": 0.4599989666040888, "train": 0.6078081351774886, "id_test_conf": [0.6046741376083896, 0.6162327636264702], "id_test_balanced": 0.5267097353935242, "id_test_balanced_conf": [0.5242845924990251, 0.5291348782880232], "ood_test_conf": [0.45910092529392377, 0.46180569527031695], "ood_test_balanced": 0.5257905721664429, "ood_test_balanced_conf": [0.5251983210281469, 0.5263828233047388], "features": ["VEG_ONCE_PER_DAY", "RFBING5", "TOTINDA", "SMOKDAY2", "EMPLOY1", "MEDCOST", "PRACE1", "IYEAR", "PRACE1", "SEX", "BMI5CAT"]}