{"validation": 0.6151386314909699, "id_test": 0.6143531976744186, "ood_test": 0.4538086744848281, "ood_validation": 0.4529029813472038, "train": 0.6102200722218437, "id_test_conf": [0.6085724061378993, 0.6201098365015952], "id_test_balanced": 0.5240804553031921, "id_test_balanced_conf": [0.5220733756059781, 0.5260875350004062], "ood_test_conf": [0.4524580959276916, 0.4551597652177416], "ood_test_balanced": 0.5238632559776306, "ood_test_balanced_conf": [0.5233470450900495, 0.5243794668652118], "features": ["VEG_ONCE_PER_DAY", "RFBING5", "TOTINDA", "SMOKDAY2", "EMPLOY1", "MEDCOST", "PRACE1", "IYEAR", "PRACE1", "SEX", "BMI5CAT"]}