{"id_test": 0.8108045977011494, "id_test_conf": [0.7988434223910057, 0.8223469279692728], "id_test_balanced": 0.73347008228302, "id_test_balanced_conf": [0.7250813060253859, 0.7418588585406541], "ood_test": 0.7683104893787386, "ood_test_conf": [0.7625751770534548, 0.7739722500793157], "ood_test_balanced": 0.7316919565200806, "ood_test_balanced_conf": [0.7279021978424862, 0.7354817151976749], "validation": 0.8077719015865716, "validation_conf": [0.7957404620875324, 0.8193885191553312], "validation_balanced": 0.7342186570167542, "validation_balanced_conf": [0.7257700224965811, 0.7426672915369272], "features": ["VCF0004", "VCF0218", "VCF0301", "VCF9008", "VCF9011", "VCF9201", "VCF9202", "VCF9204", "VCF9206", "VCF0521", "VCF0523", "VCF0428", "VCF0875", "VCF9052", "VCF0809", "VCF0822", "VCF0870", "VCF9239", "VCF0846", "VCF0717", "VCF0721", "VCF0701", "VCF0724", "VCF0725", "VCF0726", "VCF0104", "VCF0105a", "VCF0140a", "VCF0112"]}