{"validation": 0.8728037254331276, "id_test": 0.8734327489411242, "ood_test": 0.8299900114715414, "ood_validation": 0.8299442568893775, "train": 0.8735680934112909, "id_test_conf": [0.8716171346774866, 0.8752317603496496], "id_test_balanced": 0.5539191365242004, "id_test_balanced_conf": [0.5529482937860303, 0.5548899792623706], "ood_test_conf": [0.828446021306573, 0.8315256541698688], "ood_test_balanced": 0.5475065112113953, "ood_test_balanced_conf": [0.5467910894495435, 0.5482219329732471], "features": ["HIGH_BLOOD_PRESS", "CHOL_CHK_PAST_5_YEARS", "BMI5CAT", "CVDSTRK3", "MICHD", "FRUIT_ONCE_PER_DAY", "VEG_ONCE_PER_DAY", "DRNK_PER_WEEK", "RFBING5", "TOTINDA", "INCOME", "MARITAL", "CHECKUP1", "HEALTH_COV", "MENTHLTH", "IYEAR", "SEX", "PRACE1"]}