{"validation": 0.9249558067258968, "id_test": 0.9256407399883353, "ood_test": 0.9100055897149245, "ood_validation": 0.9281609195402298, "train": 0.9257944748213225, "id_test_conf": [0.9249797350995088, 0.9262977016612247], "id_test_balanced": 0.8849270343780518, "id_test_balanced_conf": [0.8843985762493685, 0.885455492506735], "ood_test_conf": [0.9048577313117038, 0.9149619549378666], "ood_test_balanced": 0.8835405111312866, "ood_test_balanced_conf": [0.8798382366588339, 0.8872427856037394], "features": ["Average_confidence(BORED)", "Average_confidence(CONCENTRATING)", "attempt_count", "hint_count", "problem_type", "ms_first_response", "tutor_mode", "overlap_time", "first_action", "school_id"]}