{"id_test": 0.9322545659482165, "id_test_conf": [0.9316212403974509, 0.9328837851602407], "features": ["Average_confidence(BORED)", "Average_confidence(CONCENTRATING)", "attempt_count", "hint_count", "problem_type", "ms_first_response", "tutor_mode", "overlap_time", "first_action", "school_id"], "ood_test": 0.909925736644574, "ood_test_conf": [0.9047758947359048, 0.9148841234612632], "validation": 0.9318760065335598, "validation_conf": [0.9312410516323057, 0.932506858703787]}