{"validation": 0.8387912362476897, "id_test": 0.8386936111841921, "ood_test": 0.7786472889882616, "ood_validation": 0.7959770114942529, "train": 0.8390546413197096, "id_test_conf": [0.8377638396890297, 0.8396201347735474], "id_test_balanced": 0.7520540952682495, "id_test_balanced_conf": [0.7514222769276239, 0.7526859136088752], "ood_test_conf": [0.7712718330383517, 0.7858930224555163], "ood_test_balanced": 0.7141867876052856, "ood_test_balanced_conf": [0.7098284536972642, 0.7185451215133071], "features": ["Average_confidence(BORED)", "Average_confidence(CONCENTRATING)", "Average_confidence(CONFUSED)", "Average_confidence(FRUSTRATED)", "hint_count", "problem_type", "bottom_hint", "ms_first_response", "overlap_time", "school_id"]}