{"validation": 0.8492156074347277, "id_test": 0.8492602833112436, "ood_test": 0.7923021640182065, "ood_validation": 0.8146551724137931, "train": 0.8496144945179976, "id_test_conf": [0.8483557189150344, 0.8501614983616277], "id_test_balanced": 0.7679661512374878, "id_test_balanced_conf": [0.7673368420696351, 0.7685954604053404], "ood_test_conf": [0.7850898345981372, 0.7993783911072879], "ood_test_balanced": 0.7315181493759155, "ood_test_balanced_conf": [0.7271392414718867, 0.7358970572799444], "features": ["Average_confidence(BORED)", "Average_confidence(CONCENTRATING)", "Average_confidence(CONFUSED)", "Average_confidence(FRUSTRATED)", "hint_count", "problem_type", "bottom_hint", "ms_first_response", "overlap_time", "school_id"]}