{"validation": 0.7513283740701382, "id_test": 0.7813163481953291, "ood_test": 0.7241153770684806, "ood_validation": 0.7204237786933491, "train": 0.7854202629132917, "id_test_conf": [0.7535305201903977, 0.807330603764815], "id_test_balanced": 0.7703899145126343, "id_test_balanced_conf": [0.751595920547843, 0.7891839084774256], "ood_test_conf": [0.7169557065274608, 0.7311896841147465], "ood_test_balanced": 0.7235796451568604, "ood_test_balanced_conf": [0.7185671664215625, 0.7285921238921582], "features": ["CMJHLD31", "MCRPHO31", "MCDHMO31", "HASFSA31", "GOVAAT31", "GOVBAT31", "GOVTC31", "GOVCAT31", "VAPROG31", "IHS31", "IHSAT31", "RETPLN31", "SICPAY31", "VACMPY31", "RNDFLG31", "MORJOB31", "HRWGIM31", "HRHOW31", "SELFCM31", "INDCAT31", "NUMEMP31", "MORE31", "NWK31", "STJBMM31", "OCCCAT31", "PAYVAC31", "PRING31", "PUBAT31X", "RACEV1X", "RACEAX", "RACEBX", "RACETHX", "OTHLGSPK", "BORNUSA", "PRSTX31", "PRIVAT31", "VERFLG31", "PMEDUP31", "MARRY31X", "FTSTU31X", "REFRL31X", "TRIST31X", "TRIPR31X", "VASPUN31", "VACMPM31", "ASPREV31", "ASPKFL31", "ASWNFL31", "AIDHLP31", "WLKLIM31", "BENDIF31", "FNGRDF31", "ACTLIM31", "WRKLIM31", "SCHLIM31", "VASPOU31", "ASACUT31", "RUSIZE31", "FAMSZE31", "REGION31", "RESP31", "BEGRFM31", "INSCOP31", "ELGRND31", "MNHLTH31", "VAWAIT31", "VALOCT31", "VANEED31", "VAOUT31", "VACOMP31", "VACARC31", "VAPROB31", "VACARE31", "VAPCPR31", "VAPROV31", "VAPCCO31", "VASPCL31", "VAPACT31", "VARECM31", "VACOPD31", "VAHRLS31", "VABACK31", "VAFIBR31", "VAPROS31", "VAGCNS31", "VARXMD31", "VACRGV31", "REFPRS31", "MOPID31X", "DAPID31X", "INSCOV19"]}