{"validation": 0.6168922071861875, "id_test": 0.6216468392815488, "ood_test": 0.5699458483754513, "ood_validation": 0.558792372881356, "train": 0.6112634157722818, "id_test_conf": [0.6069337719300993, 0.6361939623819405], "id_test_balanced": 0.5544205904006958, "id_test_balanced_conf": [0.5481997540220618, 0.5606414267793298], "ood_test_conf": [0.5656340445592236, 0.5742496843888312], "ood_test_balanced": 0.5655295848846436, "ood_test_balanced_conf": [0.5634275754354894, 0.5676315943337977], "features": ["gender", "weight", "discharge_disposition_id", "payer_code", "medical_specialty", "number_emergency", "number_inpatient", "diag_2", "diag_3", "number_diagnoses", "max_glu_serum", "nateglinide", "chlorpropamide", "acetohexamide", "glipizide", "glyburide", "tolbutamide", "pioglitazone", "rosiglitazone", "miglitol", "troglitazone", "tolazamide", "citoglipton", "insulin", "glyburide-metformin", "glipizide-metformin", "change", "diabetesMed", "admission_source_id"]}