{"validation": 0.6334577694820346, "id_test": 0.6405411709820388, "ood_test": 0.6001608852613405, "ood_validation": 0.5967514124293786, "train": 0.63132874475035, "id_test_conf": [0.6259688126711874, 0.6549217889417146], "id_test_balanced": 0.5998258590698242, "id_test_balanced_conf": [0.590817937143147, 0.6088337809965014], "ood_test_conf": [0.5958926614185249, 0.6044176990231314], "ood_test_balanced": 0.5976332426071167, "ood_test_balanced_conf": [0.5948989430675283, 0.6003675421467051], "features": ["gender", "weight", "discharge_disposition_id", "payer_code", "medical_specialty", "number_emergency", "number_inpatient", "diag_2", "diag_3", "number_diagnoses", "max_glu_serum", "nateglinide", "chlorpropamide", "acetohexamide", "glipizide", "glyburide", "tolbutamide", "pioglitazone", "rosiglitazone", "miglitol", "troglitazone", "tolazamide", "citoglipton", "insulin", "glyburide-metformin", "glipizide-metformin", "change", "diabetesMed", "admission_source_id"]}