{"id_test": 0.6244912790697674, "id_test_conf": [0.6187388767414543, 0.6302173868460449], "id_test_balanced": 0.5682592988014221, "id_test_balanced_conf": [0.5648050097981467, 0.5717135878046975], "ood_test": 0.5222564989742491, "ood_test_conf": [0.5209010872493043, 0.5236116639168356], "ood_test_balanced": 0.5657080411911011, "ood_test_balanced_conf": [0.5649000327393878, 0.5665160496428143], "validation": 0.6292016425015444, "validation_conf": [0.6234632325230127, 0.6349127617382329], "validation_balanced": 0.5723432302474976, "validation_balanced_conf": [0.568911808161065, 0.5757746523339301], "features": ["FRUIT_ONCE_PER_DAY", "VEG_ONCE_PER_DAY", "SMOKDAY2", "CHCSCNCR", "CHCOCNCR", "EMPLOY1", "IYEAR", "MEDCOST", "SEX", "MEDCOST", "PRACE1", "SEX", "BMI5CAT"]}