{"id_test": 0.874176667712168, "id_test_conf": [0.8722960869536516, 0.8760393185380051], "id_test_balanced": 0.5333347916603088, "id_test_balanced_conf": [0.5325395990023389, 0.5341299843182787], "ood_test": 0.8288668656716418, "ood_test_conf": [0.8272467024992259, 0.8304779188415846], "ood_test_balanced": 0.5345004200935364, "ood_test_balanced_conf": [0.5338598342228216, 0.5351410059642512], "validation": 0.8766611090017663, "validation_conf": [0.8747963717115828, 0.8785077968566526], "validation_balanced": 0.535732090473175, "validation_balanced_conf": [0.5349203519464936, 0.5365438289998565], "features": ["PHYSHLTH", "HIGH_BLOOD_PRESS", "BMI5", "BMI5CAT", "SMOKE100", "CVDSTRK3", "DRNK_PER_WEEK", "RFBING5", "HEALTH_COV", "MENTHLTH", "IYEAR", "STATE", "STATE", "MEDCOST", "PRACE1", "PRACE1"]}