{"id_test": 0.6666420227709596, "id_test_conf": [0.6609882787382129, 0.6722599550514355], "id_test_balanced": 0.6330839395523071, "id_test_balanced_conf": [0.6292874417547136, 0.6368804373499006], "ood_test": 0.5983664402975578, "ood_test_conf": [0.5970307288560726, 0.5997010527701476], "ood_test_balanced": 0.6245823502540588, "ood_test_balanced_conf": [0.6236998141743243, 0.6254648863337934], "validation": 0.6634505193893017, "validation_conf": [0.6577837148843626, 0.6690821970615165], "validation_balanced": 0.6297339200973511, "validation_balanced_conf": [0.6259330550488085, 0.6335347851458937], "features": ["AGEG5YR", "DRNK_PER_WEEK", "RFBING5", "SMOKE100", "DIABETES", "IYEAR", "STATE", "PRACE1", "STATE", "MEDCOST", "PRACE1", "SEX", "BMI5CAT"]}