{"id_test": 0.6672334762679284, "id_test_conf": [0.6615821648329525, 0.672848848776709], "id_test_balanced": 0.6323723793029785, "id_test_balanced_conf": [0.6285958533501252, 0.6361489052558318], "ood_test": 0.5978978909494777, "ood_test_conf": [0.5965619268864331, 0.5992327612785513], "ood_test_balanced": 0.6245788335800171, "ood_test_balanced_conf": [0.6236981137655675, 0.6254595533944667], "validation": 0.6626372407674392, "validation_conf": [0.6569671809685569, 0.6682723486033508], "validation_balanced": 0.6275650858879089, "validation_balanced_conf": [0.62378181647975, 0.6313483552960679], "features": ["AGEG5YR", "DRNK_PER_WEEK", "RFBING5", "SMOKE100", "DIABETES", "IYEAR", "STATE", "PRACE1", "STATE", "MEDCOST", "PRACE1", "SEX", "BMI5CAT"]}