{"id_test": 0.7953020134228188, "id_test_conf": [0.7449729880803729, 0.839651578788371], "id_test_balanced": 0.6722379922866821, "id_test_balanced_conf": [0.6404022935777902, 0.704073690995574], "ood_test": 0.7104578721345188, "ood_test_conf": [0.7055358388694282, 0.7153429127501272], "ood_test_balanced": 0.7093409299850464, "ood_test_balanced_conf": [0.7058832911588252, 0.7127985688112676], "validation": 0.7919463087248322, "validation_conf": [0.7413782347626473, 0.8366044326505158], "validation_balanced": 0.6996550559997559, "validation_balanced_conf": [0.6670056886970996, 0.7323044233024121], "features": ["LIVING_QUARTERS_TYPE", "FAMILY_SIZE_AVG", "ORIGIN", "TANF_ASSISTANCE", "FOSTER_CHILD_CARE_AMT", "ALIMONY_AMT", "INCOME", "SAVINGS_INV_AMOUNT", "DISABILITY_BENEFITS_AMOUNT", "FOOD_ASSISTANCE", "LIVING_OWNERSHIP", "SNAP_ASSISTANCE", "MEDICAID_ASSISTANCE", "HOSPITAL_NIGHTS", "PRESCRIPTION_MEDS", "TRANSPORTATION_ASSISTANCE", "HEALTH_OVER_THE_COUNTER_PRODUCTS_PAY", "HEALTH_MEDICAL_CARE_PAY", "HEALTH_SEEING", "HEALTH_COGNITIVE", "HEALTH_SELF_CARE", "HEALTH_SUPPLEMENTAL_DISABILITY", "CITIZENSHIP_STATUS"]}