{"validation": 0.7803309812359586, "id_test": 0.781591737545565, "ood_test": 0.7743936978830472, "ood_validation": 0.7724955542382929, "train": 0.7814698411467872, "id_test_conf": [0.7795462711187715, 0.7836268672467919], "id_test_balanced": 0.726440966129303, "id_test_balanced_conf": [0.724982291078195, 0.727899641180411], "ood_test_conf": [0.771403262843272, 0.7773631479158271], "ood_test_balanced": 0.7514963150024414, "ood_test_balanced_conf": [0.7493970728479326, 0.7535955571569503], "features": ["ENG", "POBP", "RELP", "WKHP", "WRK", "SEX", "MAR", "CIT", "RAC1P", "SCHL", "DIVISION"]}