{"id_test": 0.6681206565133816, "id_test_conf": [0.6624730126534579, 0.6737321706846631], "id_test_balanced": 0.6335664391517639, "id_test_balanced_conf": [0.6297876903275028, 0.637345187976025], "ood_test": 0.6009097184461901, "ood_test_conf": [0.5995754003679294, 0.6022429091404202], "ood_test_balanced": 0.6273910403251648, "ood_test_balanced_conf": [0.6265110255114269, 0.6282710551389027], "validation": 0.6659642896750583, "validation_conf": [0.6603076651959235, 0.671585246805358], "validation_balanced": 0.6313402652740479, "validation_balanced_conf": [0.6275585072906688, 0.635122023257427], "features": ["AGEG5YR", "DRNK_PER_WEEK", "RFBING5", "TOTINDA", "SMOKE100", "SMOKDAY2", "CHCSCNCR", "CHCOCNCR", "DIABETES", "EMPLOY1", "PRACE1", "SEX", "MEDCOST", "PRACE1", "SEX", "BMI5CAT", "IYEAR"]}