{"id_test": 0.6680467248262605, "id_test_conf": [0.6623987744780804, 0.6736585613827394], "id_test_balanced": 0.6331126689910889, "id_test_balanced_conf": [0.6293392382189631, 0.6368860997632146], "ood_test": 0.6001770075314969, "ood_test_conf": [0.5988422841917866, 0.6015106116735024], "ood_test_balanced": 0.6271153688430786, "ood_test_balanced_conf": [0.6262370155926328, 0.6279937220935244], "validation": 0.6650770766330265, "validation_conf": [0.6594168387702308, 0.6707018379190499], "validation_balanced": 0.6299065351486206, "validation_balanced_conf": [0.6261306257219985, 0.6336824445752427], "features": ["AGEG5YR", "DRNK_PER_WEEK", "RFBING5", "TOTINDA", "SMOKE100", "SMOKDAY2", "CHCSCNCR", "CHCOCNCR", "DIABETES", "EMPLOY1", "PRACE1", "SEX", "MEDCOST", "PRACE1", "SEX", "BMI5CAT", "IYEAR"]}