{"validation": 0.8178361122769532, "id_test": 0.8148115175255635, "ood_test": 0.7861410041327387, "ood_validation": 0.7972749033327196, "train": 0.8156412058160498, "id_test_conf": [0.8120784041673176, 0.8175213828577775], "id_test_balanced": 0.5745645761489868, "id_test_balanced_conf": [0.5730539519176818, 0.5760752003802918], "ood_test_conf": [0.7824788272521371, 0.7897691680088748], "ood_test_balanced": 0.5597198605537415, "ood_test_balanced_conf": [0.5579127151565626, 0.5615270059509203], "features": ["FER", "NWLK", "WKHP", "WKW", "WRK", "MIL", "ANC", "DEYE", "PUBCOV", "SEX", "MAR", "CIT", "DIVISION"]}