{"validation": 0.8778377319368822, "id_test": 0.8771030440567832, "ood_test": 0.8292051546829248, "ood_validation": 0.8345851899002759, "train": 0.8777335263931788, "id_test_conf": [0.8752514875156993, 0.8789367288934407], "id_test_balanced": 0.5380762219429016, "id_test_balanced_conf": [0.5372594534908421, 0.5388929903949611], "ood_test_conf": [0.8275966509331468, 0.8308046554291032], "ood_test_balanced": 0.5315512418746948, "ood_test_balanced_conf": [0.5309571033949032, 0.5321453803544864], "features": ["PHYSHLTH", "HIGH_BLOOD_PRESS", "CHOL_CHK_PAST_5_YEARS", "TOLDHI", "BMI5", "BMI5CAT", "SMOKE100", "DRNK_PER_WEEK", "TOTINDA", "MARITAL", "EDUCA", "HEALTH_COV", "IYEAR", "STATE", "PRACE1", "SEX", "PRACE1"]}