{"validation": 0.8777341235122241, "id_test": 0.8753652376314442, "ood_test": 0.8316179104477612, "ood_validation": 0.8330897524071527, "train": 0.878094856839818, "id_test_conf": [0.8734922063791871, 0.8772202817828911], "id_test_balanced": 0.5505305528640747, "id_test_balanced_conf": [0.5495748346985784, 0.551486271029571], "ood_test_conf": [0.8300080747984263, 0.8332185597711168], "ood_test_balanced": 0.5482814908027649, "ood_test_balanced_conf": [0.5475483044947032, 0.5490146771108266], "features": ["PHYSHLTH", "HIGH_BLOOD_PRESS", "TOLDHI", "BMI5", "BMI5CAT", "SMOKE100", "SMOKDAY2", "CVDSTRK3", "MICHD", "FRUIT_ONCE_PER_DAY", "RFBING5", "CHECKUP1", "MENTHLTH", "PRACE1", "MEDCOST", "PRACE1", "IYEAR"]}