{"validation": 0.7273423409170016, "id_test": 0.7257303057918185, "ood_test": 0.6978567006099248, "ood_validation": 0.7013633669235328, "train": 0.7263636529040292, "id_test_conf": [0.7235232597847747, 0.7279290669039418], "id_test_balanced": 0.6709588766098022, "id_test_balanced_conf": [0.6694097812101245, 0.67250797200948], "ood_test_conf": [0.694576077092975, 0.7011221964669159], "ood_test_balanced": 0.663975715637207, "ood_test_balanced_conf": [0.6617513104435057, 0.6662001208309084], "features": ["COW", "FER", "HINS2", "POBP", "WKW", "WRK", "SEX", "ST", "MAR", "CIT", "DIVISION"]}