{"validation": 0.8140842204331845, "id_test": 0.8103220226891183, "ood_test": 0.7803510781946889, "ood_validation": 0.7864113422942368, "train": 0.8111627966131335, "id_test_conf": [0.8075639425263386, 0.8130571870132505], "id_test_balanced": 0.5118260383605957, "id_test_balanced_conf": [0.5111869256384671, 0.5124651510827243], "ood_test_conf": [0.7766539613305099, 0.7840148714797524], "ood_test_balanced": 0.5037193298339844, "ood_test_balanced_conf": [0.503226352595957, 0.5042123070720117], "features": ["ENG", "WIF", "OCCP", "POBP", "DIS", "ANC", "DEAR", "DEYE", "SEX", "ST", "CIT", "ACS_YEAR", "DIVISION"]}