{"id_test": 0.8758389261744967, "id_test_conf": [0.8329410290398116, 0.9110522325021173], "id_test_balanced": 0.8171526789665222, "id_test_balanced_conf": [0.7876469857618212, 0.8466583721712232], "ood_test": 0.7786548115889433, "ood_test_conf": [0.7741406078333956, 0.7831200171116474], "ood_test_balanced": 0.7815303802490234, "ood_test_balanced_conf": [0.7784037473285571, 0.7846570131694898], "validation": 0.8657718120805369, "validation_conf": [0.8217332353931428, 0.9023444936749945], "validation_balanced": 0.8125277757644653, "validation_balanced_conf": [0.7827650052681565, 0.8422905462607742], "features": ["LIVING_QUARTERS_TYPE", "MARITAL_STATUS", "FAMILY_SIZE_AVG", "HOUSEHOLD_INC", "RECEIVED_WORK_COMP", "SEVERANCE_PAY_PENSION", "FOSTER_CHILD_CARE_AMT", "CHILD_SUPPORT_AMT", "ALIMONY_AMT", "INCOME_FROM_ASSISTANCE", "SAVINGS_INV_AMOUNT", "VA_BENEFITS_AMOUNT", "RETIREMENT_INCOME_AMOUNT", "DISABILITY_BENEFITS_AMOUNT", "FOOD_ASSISTANCE", "EDUCATION", "GENDER", "AGE", "LIVING_OWNERSHIP", "MEDICAID_ASSISTANCE", "DAYS_SICK", "HOSPITAL_NIGHTS", "PRESCRIPTION_MEDS", "VISIT_DENTIST_NUM", "TRANSPORTATION_ASSISTANCE", "VISIT_DOCTOR_NUM", "HEALTH_MEDICAL_CARE_PAY", "HEALTH_HEARING", "CITIZENSHIP_STATUS"]}