{"validation": 0.8237882661172371, "id_test": 0.818970341354225, "ood_test": 0.7920332255820615, "ood_validation": 0.7939605965752163, "train": 0.8199193027862478, "id_test_conf": [0.8162608916638157, 0.8216562352557749], "id_test_balanced": 0.5579949617385864, "id_test_balanced_conf": [0.5567020851257257, 0.5592878383514471], "ood_test_conf": [0.788407712773874, 0.7956240236644805], "ood_test_balanced": 0.5770615935325623, "ood_test_balanced_conf": [0.5751108808070421, 0.5790123062580824], "features": ["ENG", "WIF", "NWLA", "NWLK", "OCCP", "POBP", "RELP", "WKHP", "WKW", "MIL", "ANC", "NATIVITY", "DEYE", "ST", "SCHL", "ACS_YEAR", "DIVISION"]}