{"id_test": 0.9718464351005485, "id_test_conf": [0.9710277442567774, 0.9726481135814825], "id_test_balanced": 0.5868275761604309, "id_test_balanced_conf": [0.5859022592753171, 0.5877528930455447], "ood_test": 0.960234947527978, "ood_test_conf": [0.9592768509267854, 0.9611766913765037], "ood_test_balanced": 0.6219353675842285, "ood_test_balanced_conf": [0.6208911093953066, 0.6229796257731505], "validation": 0.9724969633871248, "validation_conf": [0.9716873691028466, 0.9732895207660117], "validation_balanced": 0.5904474854469299, "validation_balanced_conf": [0.5895076333626639, 0.591387337531196], "features": ["ENG", "POBP", "RELP", "WRK", "OCCP", "DIS", "ESP", "MIL", "ANC", "DEYE", "DPHY", "FER", "SEX", "MAR", "CIT", "SCHL"]}