{"validation": 0.7703002879473467, "id_test": 0.7681943600648036, "ood_test": 0.75502891544045, "ood_validation": 0.7468879668049793, "train": 0.770443224274853, "id_test_conf": [0.7661056548746699, 0.7702732207455742], "id_test_balanced": 0.6992123126983643, "id_test_balanced_conf": [0.6977610717853531, 0.7006635536113754], "ood_test_conf": [0.7519532267186002, 0.7580851017332075], "ood_test_balanced": 0.7198566198348999, "ood_test_balanced_conf": [0.717770697795786, 0.7219425418740139], "features": ["COW", "ENG", "HINS2", "OCCP", "POBP", "RELP", "WKW", "SEX", "DIVISION"]}