{"validation": 0.8175015716760967, "id_test": 0.8172576379039368, "ood_test": 0.4732905982905983, "ood_validation": 0.3523809523809524, "train": 0.818231390306428, "id_test_conf": [0.8151495106216324, 0.8193516515524699], "id_test_balanced": 0.7040504813194275, "id_test_balanced_conf": [0.7027072443021462, 0.7053937183367088], "ood_test_conf": [0.4408976192995767, 0.505852125913054], "ood_test_balanced": 0.5040241479873657, "ood_test_balanced_conf": [0.5011620454350486, 0.5068862505396828], "features": ["Average_confidence(CONFUSED)", "Average_confidence(FRUSTRATED)", "skill_id", "bottom_hint", "ms_first_response", "tutor_mode", "position", "overlap_time", "school_id"]}