{"validation": 0.8330496649646565, "id_test": 0.8324606125656457, "ood_test": 0.4732905982905983, "ood_validation": 0.3523809523809524, "train": 0.8334114377440763, "id_test_conf": [0.8304226858526416, 0.834483748076828], "id_test_balanced": 0.7271344661712646, "id_test_balanced_conf": [0.725782583868131, 0.7284863484743983], "ood_test_conf": [0.4408976192995767, 0.505852125913054], "ood_test_balanced": 0.5040241479873657, "ood_test_balanced_conf": [0.5011620454350486, 0.5068862505396828], "features": ["Average_confidence(CONFUSED)", "Average_confidence(FRUSTRATED)", "skill_id", "bottom_hint", "ms_first_response", "tutor_mode", "position", "overlap_time", "school_id"]}