{"validation": 0.7960320222763662, "id_test": 0.7963180943701904, "ood_test": 0.7823767306450975, "ood_validation": 0.7741553052756373, "train": 0.7972349209689247, "id_test_conf": [0.79432378631624, 0.7983015245419487], "id_test_balanced": 0.7562143802642822, "id_test_balanced_conf": [0.7547691389592365, 0.757659621569328], "ood_test_conf": [0.7794240549662507, 0.7853078099737647], "ood_test_balanced": 0.753150224685669, "ood_test_balanced_conf": [0.7511044370895251, 0.7551960122818128], "features": ["COW", "FER", "HINS4", "NWLK", "OCCP", "POBP", "RELP", "WKHP", "WKW", "WRK", "SEX", "ST", "MAR", "CIT", "RAC1P", "ACS_YEAR", "DIVISION"]}