{"id_test": 0.7937066428106442, "id_test_conf": [0.7925832287749222, 0.7948266578459776], "id_test_balanced": 0.5882307291030884, "id_test_balanced_conf": [0.5875995485088787, 0.588861909697298], "ood_test": 0.558632899568028, "ood_test_conf": [0.5575559457528088, 0.5597094380905729], "ood_test_balanced": 0.6322546005249023, "ood_test_balanced_conf": [0.6316424907161854, 0.6328667103336193], "validation": 0.7951240162865604, "validation_conf": [0.7940034528028403, 0.79624116434982], "validation_balanced": 0.5893077254295349, "validation_balanced_conf": [0.5886758564342744, 0.5899395944247954], "features": ["ESP", "DEAR", "DEYE", "DREM", "ESR", "FER", "AGEP", "ST", "MAR", "DIS"]}