{"id_test": 0.8022988505747126, "id_test_conf": [0.7901473973410329, 0.8140430076116508], "id_test_balanced": 0.7148692607879639, "id_test_balanced_conf": [0.7065255260840059, 0.7232129954919219], "ood_test": 0.7550280250576986, "ood_test_conf": [0.749184803880784, 0.7608013429466748], "ood_test_balanced": 0.7127318382263184, "ood_test_balanced_conf": [0.7089916651882231, 0.7164720112644136], "validation": 0.8093814670039089, "validation_conf": [0.7973864297026616, 0.8209594959257674], "validation_balanced": 0.723471999168396, "validation_balanced_conf": [0.7152161653153598, 0.7317278330214322], "features": ["VCF0901b", "VCF0218", "VCF0302", "VCF9201", "VCF9204", "VCF9206", "VCF0875", "VCF0839", "VCF9045", "VCF0838", "VCF0803", "VCF0846", "VCF0606", "VCF0615", "VCF0616", "VCF0310", "VCF0718", "VCF0720", "VCF0721", "VCF0724", "VCF0725", "VCF0745", "VCF0115", "VCF0112"]}