{"id_test": 0.9879105839416058, "id_test_conf": [0.9873249504535228, 0.9884759193524197], "id_test_balanced": 0.5005823969841003, "id_test_balanced_conf": [0.5004920518545259, 0.5006727421136747], "ood_test": 0.9242049969494501, "ood_test_conf": [0.9227771272389873, 0.9256145329435963], "ood_test_balanced": 0.5000289678573608, "ood_test_balanced_conf": [0.49999751717252366, 0.5000604185421981], "validation": 0.9886874763876909, "validation_conf": [0.9881202823247124, 0.9892343343831168], "validation_balanced": 0.5009373426437378, "validation_balanced_conf": [0.5008232922146272, 0.5010513930728484], "features": ["HR", "Resp", "EtCO2", "HCO3", "SaO2", "AST", "BUN", "Calcium", "Chloride", "Creatinine", "Glucose", "Lactate", "Phosphate", "TroponinI", "Hgb", "WBC", "Platelets", "Age", "Gender", "Unit1", "HospAdmTime", "set", "ICULOS"]}