{"validation": 0.5996432393863718, "id_test": 0.5968605066000714, "ood_test": 0.41874571443641545, "ood_validation": 0.4197070391970704, "train": 0.6001765972912829, "id_test_conf": [0.5910903758238117, 0.6026105529374646], "id_test_balanced": 0.5007996559143066, "id_test_balanced_conf": [0.5002030974207446, 0.5013962144078686], "ood_test_conf": [0.417418070125256, 0.42007424560704487], "ood_test_balanced": 0.5006032586097717, "ood_test_balanced_conf": [0.5004662892472698, 0.5007402279722737], "features": ["FRUIT_ONCE_PER_DAY", "VEG_ONCE_PER_DAY", "DRNK_PER_WEEK", "RFBING5", "TOTINDA", "SMOKDAY2", "CHCOCNCR", "POVERTY", "EMPLOY1", "IYEAR", "STATE", "SEX", "IYEAR", "STATE", "MEDCOST", "BMI5CAT"]}