{"validation": 0.8769007129836868, "id_test": 0.8748557891984187, "ood_test": 0.8319357966836477, "ood_validation": 0.8286932827863998, "train": 0.875629725343609, "id_test_conf": [0.8730450412818361, 0.8766498008059453], "id_test_balanced": 0.5329803228378296, "id_test_balanced_conf": [0.5322165782086086, 0.5337440674670506], "ood_test_conf": [0.830394210394882, 0.8334689359840072], "ood_test_balanced": 0.5306573510169983, "ood_test_balanced_conf": [0.5300853395427112, 0.5312293624912854], "features": ["PHYSHLTH", "HIGH_BLOOD_PRESS", "CHOL_CHK_PAST_5_YEARS", "TOLDHI", "BMI5CAT", "CVDSTRK3", "TOTINDA", "CHECKUP1", "IYEAR", "STATE", "IYEAR", "MEDCOST", "PRACE1"]}