{"id_test": 0.8736566683724846, "id_test_conf": [0.8717728018857338, 0.8755226299361658], "id_test_balanced": 0.5216760039329529, "id_test_balanced_conf": [0.5210260942438617, 0.5223259136220441], "ood_test": 0.8270853731343284, "ood_test_conf": [0.8254586032834568, 0.8287030824048023], "ood_test_balanced": 0.5201705098152161, "ood_test_balanced_conf": [0.5196660147514194, 0.5206750048790127], "validation": 0.8761163477887647, "validation_conf": [0.8742481158167787, 0.8779665565304481], "validation_balanced": 0.5232506394386292, "validation_balanced_conf": [0.5225898999825586, 0.5239113788946997], "features": ["PHYSHLTH", "CHOL_CHK_PAST_5_YEARS", "BMI5", "BMI5CAT", "SMOKE100", "CVDSTRK3", "FRUIT_ONCE_PER_DAY", "DRNK_PER_WEEK", "TOTINDA", "INCOME", "EDUCA", "MENTHLTH", "IYEAR", "PRACE1", "SEX", "IYEAR", "STATE", "PRACE1"]}