{"validation": 0.7776500344906875, "id_test": 0.7650574712643678, "ood_test": 0.7414629551128068, "ood_validation": 0.7477744807121661, "train": 0.7674732727899759, "id_test_conf": [0.7521680903506525, 0.7775900048449084], "id_test_balanced": 0.7144056558609009, "id_test_balanced_conf": [0.7052815267257393, 0.7235297849960625], "ood_test_conf": [0.7355172274581778, 0.7473425039464253], "ood_test_balanced": 0.7144626379013062, "ood_test_balanced_conf": [0.7103872512001544, 0.7185380246024579], "features": ["VCF0004", "VCF0218", "VCF0224", "VCF9010", "VCF9202", "VCF9205", "VCF9206", "VCF0521", "VCF0523", "VCF0875", "VCF9052", "VCF0809", "VCF0843", "VCF0803", "VCF0846", "VCF0601", "VCF0606", "VCF0616", "VCF0310", "VCF0743", "VCF0675", "VCF0726", "VCF0745", "VCF0115", "VCF0112"]}