{"validation": 0.5961804292469989, "id_test": 0.6006547835576573, "ood_test": 0.4164214390264463, "ood_validation": 0.42040830402096696, "train": 0.6001264113279101, "id_test_conf": [0.5948366200965043, 0.6064516648699305], "id_test_balanced": 0.5, "id_test_balanced_conf": [0.5, 0.5], "ood_test_conf": [0.4150836013185396, 0.4177602045038614], "ood_test_balanced": 0.5000010132789612, "ood_test_balanced_conf": [0.49999648277394954, 0.5000055437839728], "features": ["FRUIT_ONCE_PER_DAY", "VEG_ONCE_PER_DAY", "DRNK_PER_WEEK", "RFBING5", "TOTINDA", "DIABETES", "EMPLOY1", "MEDCOST", "PRACE1", "STATE", "SEX", "BMI5CAT", "IYEAR"]}