{"id_test": 0.6545289196071299, "id_test_conf": [0.6488734027005311, 0.660151759328374], "id_test_balanced": 0.6035081744194031, "id_test_balanced_conf": [0.6000108394725249, 0.6070055093662813], "ood_test": 0.5905215685372938, "ood_test_conf": [0.5891860946999735, 0.5918560375314013], "ood_test_balanced": 0.6199256181716919, "ood_test_balanced_conf": [0.6190577486052643, 0.6207934877381195], "validation": 0.657984721716988, "validation_conf": [0.652342277946002, 0.6635937571863767], "validation_balanced": 0.6093207597732544, "validation_balanced_conf": [0.6058339472999796, 0.6128075722465292], "features": ["FRUIT_ONCE_PER_DAY", "VEG_ONCE_PER_DAY", "DRNK_PER_WEEK", "RFBING5", "TOTINDA", "DIABETES", "EMPLOY1", "MEDCOST", "PRACE1", "STATE", "SEX", "BMI5CAT", "IYEAR"]}