{"id_test": 0.6546016733357585, "id_test_conf": [0.6489464282629156, 0.6602242258315812], "id_test_balanced": 0.603187084197998, "id_test_balanced_conf": [0.5996990418666974, 0.6066751265292987], "ood_test": 0.5898433608448093, "ood_test_conf": [0.5885075533896291, 0.5911781709855248], "ood_test_balanced": 0.6195876598358154, "ood_test_balanced_conf": [0.6187211467640009, 0.6204541729076299], "validation": 0.6574026918879593, "validation_conf": [0.6517580232425759, 0.6630140753688569], "validation_balanced": 0.6080917119979858, "validation_balanced_conf": [0.6046194303315133, 0.6115639936644583], "features": ["FRUIT_ONCE_PER_DAY", "VEG_ONCE_PER_DAY", "DRNK_PER_WEEK", "RFBING5", "TOTINDA", "DIABETES", "EMPLOY1", "MEDCOST", "PRACE1", "STATE", "SEX", "BMI5CAT", "IYEAR"]}