{"id_test": 0.6529647144416151, "id_test_conf": [0.6473033882565122, 0.6585936943595918], "id_test_balanced": 0.6018702387809753, "id_test_balanced_conf": [0.598371398570016, 0.6053690789919347], "ood_test": 0.5901920438957476, "ood_test_conf": [0.5888564076340546, 0.5915266789722645], "ood_test_balanced": 0.6198857426643372, "ood_test_balanced_conf": [0.6190191526408307, 0.6207523326878436], "validation": 0.6566024008730448, "validation_conf": [0.6509546883143604, 0.6622169975796081], "validation_balanced": 0.6073623299598694, "validation_balanced_conf": [0.603886565901339, 0.6108380940183997], "features": ["FRUIT_ONCE_PER_DAY", "VEG_ONCE_PER_DAY", "DRNK_PER_WEEK", "RFBING5", "TOTINDA", "DIABETES", "EMPLOY1", "MEDCOST", "PRACE1", "STATE", "SEX", "BMI5CAT", "IYEAR"]}