{"validation": 0.6912751677852349, "id_test": 0.6879194630872483, "ood_test": 0.4334664005322688, "ood_validation": 0.4221556886227545, "train": 0.6572986577181208, "id_test_conf": [0.6319537267863238, 0.7401018207980057], "id_test_balanced": 0.47469180822372437, "id_test_balanced_conf": [0.45503521054983137, 0.49434840589761736], "ood_test_conf": [0.4281160091768325, 0.43882848260731594], "ood_test_balanced": 0.45628994703292847, "ood_test_balanced_conf": [0.4539582931995392, 0.45862160086631776], "features": ["MARITAL_STATUS", "ORIGIN", "HOUSEHOLD_INC", "RECEIVED_WORK_COMP", "FOSTER_CHILD_CARE_AMT", "CHILD_SUPPORT_AMT", "INCOME", "UNEMPLOYMENT_COMP_AMOUNT", "RETIREMENT_INCOME_AMOUNT", "AGE", "LIVING_OWNERSHIP", "SNAP_ASSISTANCE", "WIC_ASSISTANCE", "HEALTHDISAB", "DAYS_SICK", "PRESCRIPTION_MEDS", "TRANSPORTATION_ASSISTANCE", "HEALTH_OVER_THE_COUNTER_PRODUCTS_PAY", "HEALTH_HEARING", "HEALTH_COGNITIVE", "HEALTH_AMBULATORY", "HEALTH_SELF_CARE", "HEALTH_CORE_DISABILITY", "CITIZENSHIP_STATUS"]}