{"id_test": 0.6445616587850127, "id_test_conf": [0.6388702666098559, 0.6502224823342291], "id_test_balanced": 0.5753670930862427, "id_test_balanced_conf": [0.5723978870129213, 0.5783362991595641], "ood_test": 0.5632112559486862, "ood_test_conf": [0.5618644022800225, 0.5645574079405642], "ood_test_balanced": 0.6038604378700256, "ood_test_balanced_conf": [0.6030463844607584, 0.6046744912792928], "validation": 0.6441251364132412, "validation_conf": [0.638432234624002, 0.6497875619178737], "validation_balanced": 0.5776493549346924, "validation_balanced_conf": [0.5747004474513233, 0.5805982624180615], "features": ["FRUIT_ONCE_PER_DAY", "VEG_ONCE_PER_DAY", "SMOKE100", "SMOKDAY2", "DIABETES", "PRACE1", "MEDCOST", "PRACE1", "BMI5CAT", "IYEAR"]}