{"id_test": 0.6181478889666433, "id_test_conf": [0.603411354133961, 0.6327232556299289], "id_test_balanced": 0.5808098316192627, "id_test_balanced_conf": [0.5714888512715697, 0.5901308119669557], "ood_test": 0.5727907706796421, "ood_test_conf": [0.5684823664978311, 0.5770908829617533], "ood_test_balanced": 0.5700372457504272, "ood_test_balanced_conf": [0.5673252985952422, 0.5727491929056123], "validation": 0.6208586094260382, "validation_conf": [0.6061384462301682, 0.6354138656777579], "validation_balanced": 0.5891165137290955, "validation_balanced_conf": [0.5796295741945505, 0.5986034532636404], "features": ["race", "gender", "age", "admission_type_id", "time_in_hospital", "payer_code", "num_procedures", "number_outpatient", "number_emergency", "diag_1", "number_diagnoses", "A1Cresult", "nateglinide", "glimepiride", "acetohexamide", "glipizide", "tolbutamide", "pioglitazone", "troglitazone", "examide", "insulin", "glyburide-metformin", "glipizide-metformin", "glimepiride-pioglitazone", "change", "admission_source_id"]}