{"id_test": 0.6283430232558139, "id_test_conf": [0.6226021052271149, 0.6340568329462689], "id_test_balanced": 0.5658659338951111, "id_test_balanced_conf": [0.562589155160822, 0.5691427126294002], "ood_test": 0.5141059891607214, "ood_test_conf": [0.5127498184955419, 0.5154620034173165], "ood_test_balanced": 0.5589441061019897, "ood_test_balanced_conf": [0.5581442603480536, 0.5597439518559258], "validation": 0.6250227115810895, "validation_conf": [0.6192717657149924, 0.6307472496553139], "validation_balanced": 0.5618216395378113, "validation_balanced_conf": [0.5585624254122377, 0.5650808536633849], "features": ["FRUIT_ONCE_PER_DAY", "DRNK_PER_WEEK", "TOTINDA", "SMOKDAY2", "CHCSCNCR", "IYEAR", "STATE", "PRACE1", "SEX", "IYEAR", "STATE", "BMI5CAT"]}