{"id_test": 0.6276162790697675, "id_test_conf": [0.6218731645492596, 0.6333324387983454], "id_test_balanced": 0.5640114545822144, "id_test_balanced_conf": [0.5607679014094173, 0.5672550077550114], "ood_test": 0.5132237668024128, "ood_test_conf": [0.5118675356308714, 0.5145798513475481], "ood_test_balanced": 0.5584815144538879, "ood_test_balanced_conf": [0.5576846819091589, 0.559278346998617], "validation": 0.6260038518841528, "validation_conf": [0.6202558082791619, 0.6317252803983837], "validation_balanced": 0.5624160170555115, "validation_balanced_conf": [0.5591699758730829, 0.56566205823794], "features": ["FRUIT_ONCE_PER_DAY", "DRNK_PER_WEEK", "TOTINDA", "SMOKDAY2", "CHCSCNCR", "IYEAR", "STATE", "PRACE1", "SEX", "IYEAR", "STATE", "BMI5CAT"]}