{"id_test": 0.6664334033123396, "id_test_conf": [0.652093310494868, 0.6805463885060563], "id_test_balanced": 0.6359272599220276, "id_test_balanced_conf": [0.62649798726663, 0.6453565325774252], "ood_test": 0.6125412023230262, "ood_test_conf": [0.6082956707921268, 0.6167739132217824], "ood_test_balanced": 0.6102105379104614, "ood_test_balanced_conf": [0.6074509258847683, 0.6129701499361545], "validation": 0.6560895940270649, "validation_conf": [0.6416494113488462, 0.6703167508273444], "validation_balanced": 0.6304267644882202, "validation_balanced_conf": [0.6208175218477845, 0.6400360071286559], "features": ["gender", "age", "weight", "admission_type_id", "discharge_disposition_id", "time_in_hospital", "payer_code", "num_lab_procedures", "num_procedures", "num_medications", "number_outpatient", "number_emergency", "number_inpatient", "diag_1", "diag_2", "diag_3", "A1Cresult", "repaglinide", "glyburide", "tolbutamide", "pioglitazone", "miglitol", "citoglipton", "insulin", "glyburide-metformin", "glimepiride-pioglitazone", "diabetesMed", "admission_source_id"]}