{"validation": 0.7082087836284203, "id_test": 0.7105747126436781, "ood_test": 0.6031275022372945, "ood_validation": 0.5985587113183553, "0": 0.6927865612648222, "1": 0.7088298636037329, "3": 0.6991766320329347, "id_test_conf": [0.6968450399640924, 0.7240211068400777], "id_test_balanced": 0.5120155215263367, "id_test_balanced_conf": [0.5097399763716385, 0.5142910666810349], "ood_test_conf": [0.596509180895894, 0.6097175745836034], "ood_test_balanced": 0.5107037425041199, "ood_test_balanced_conf": [0.5097266738093458, 0.511680811198894], "features": ["VCF0004", "VCF0901b", "VCF0218", "VCF0224", "VCF0301", "VCF0302", "VCF9008", "VCF9010", "VCF9011", "VCF9201", "VCF9202", "VCF9203", "VCF9204", "VCF9205", "VCF9206", "VCF0521", "VCF0523", "VCF0428", "VCF0429", "VCF0875", "VCF9052", "VCF0809", "VCF0839", "VCF0822", "VCF0870", "VCF0843", "VCF9045", "VCF0838", "VCF9239", "VCF0803", "VCF0846", "VCF0601", "VCF0606", "VCF0612", "VCF0615", "VCF0616", "VCF0617", "VCF0310", "VCF0743", "VCF0717", "VCF0718", "VCF0720", "VCF0721", "VCF0701", "VCF0675", "VCF0724", "VCF0725", "VCF0726", "VCF0745", "VCF0101", "VCF0104", "VCF0105a", "VCF0115", "VCF0140a", "VCF0112"]}