{"validation": 0.7944355024143481, "id_test": 0.7908045977011494, "ood_test": 0.7274268757948283, "ood_validation": 0.73505722763883, "0": 0.7880434782608695, "1": 0.7921033740129217, "3": 0.7970986081160557, "id_test_conf": [0.7784094417514704, 0.8028080466581485], "id_test_balanced": 0.6791229248046875, "id_test_balanced_conf": [0.6711883061379195, 0.6870575434714555], "ood_test_conf": [0.7213828420180987, 0.7334085831639896], "ood_test_balanced": 0.6738109588623047, "ood_test_balanced_conf": [0.6702616006927564, 0.677360317031853], "features": ["VCF0004", "VCF0901b", "VCF0218", "VCF0224", "VCF0301", "VCF0302", "VCF9008", "VCF9010", "VCF9011", "VCF9201", "VCF9202", "VCF9203", "VCF9204", "VCF9205", "VCF9206", "VCF0521", "VCF0523", "VCF0428", "VCF0429", "VCF0875", "VCF9052", "VCF0809", "VCF0839", "VCF0822", "VCF0870", "VCF0843", "VCF9045", "VCF0838", "VCF9239", "VCF0803", "VCF0846", "VCF0601", "VCF0606", "VCF0612", "VCF0615", "VCF0616", "VCF0617", "VCF0310", "VCF0743", "VCF0717", "VCF0718", "VCF0720", "VCF0721", "VCF0701", "VCF0675", "VCF0724", "VCF0725", "VCF0726", "VCF0745", "VCF0101", "VCF0104", "VCF0105a", "VCF0115", "VCF0140a", "VCF0112"]}