{"validation": 0.7408599678086917, "id_test": 0.7370114942528736, "ood_test": 0.632330083368659, "ood_validation": 0.6316235693090293, "0": 0.7267786561264822, "1": 0.7359655419956928, "3": 0.7195647912174084, "id_test_conf": [0.723657178553409, 0.7500468607815727], "id_test_balanced": 0.5579343438148499, "id_test_balanced_conf": [0.5530989167187363, 0.5627697709109634], "ood_test_conf": [0.6258029612973596, 0.6388209546808647], "ood_test_balanced": 0.5471512675285339, "ood_test_balanced_conf": [0.5451448979089036, 0.5491576371481642], "features": ["VCF0004", "VCF0901b", "VCF0218", "VCF0224", "VCF0301", "VCF0302", "VCF9008", "VCF9010", "VCF9011", "VCF9201", "VCF9202", "VCF9203", "VCF9204", "VCF9205", "VCF9206", "VCF0521", "VCF0523", "VCF0428", "VCF0429", "VCF0875", "VCF9052", "VCF0809", "VCF0839", "VCF0822", "VCF0870", "VCF0843", "VCF9045", "VCF0838", "VCF9239", "VCF0803", "VCF0846", "VCF0601", "VCF0606", "VCF0612", "VCF0615", "VCF0616", "VCF0617", "VCF0310", "VCF0743", "VCF0717", "VCF0718", "VCF0720", "VCF0721", "VCF0701", "VCF0675", "VCF0724", "VCF0725", "VCF0726", "VCF0745", "VCF0101", "VCF0104", "VCF0105a", "VCF0115", "VCF0140a", "VCF0112"]}