{"validation": 0.73327201655553, "id_test": 0.732183908045977, "ood_test": 0.6233809052800151, "ood_validation": 0.6193302246714709, "0": 0.7200592885375494, "1": 0.7277817659727207, "3": 0.7112330915506764, "id_test_conf": [0.7187566746627563, 0.7452987094470791], "id_test_balanced": 0.549570620059967, "id_test_balanced_conf": [0.5450576056074351, 0.554083634512499], "ood_test_conf": [0.6168231712599158, 0.6299048408849532], "ood_test_balanced": 0.5360068678855896, "ood_test_balanced_conf": [0.5342322725406848, 0.5377814632304944], "features": ["VCF0004", "VCF0901b", "VCF0218", "VCF0224", "VCF0301", "VCF0302", "VCF9008", "VCF9010", "VCF9011", "VCF9201", "VCF9202", "VCF9203", "VCF9204", "VCF9205", "VCF9206", "VCF0521", "VCF0523", "VCF0428", "VCF0429", "VCF0875", "VCF9052", "VCF0809", "VCF0839", "VCF0822", "VCF0870", "VCF0843", "VCF9045", "VCF0838", "VCF9239", "VCF0803", "VCF0846", "VCF0601", "VCF0606", "VCF0612", "VCF0615", "VCF0616", "VCF0617", "VCF0310", "VCF0743", "VCF0717", "VCF0718", "VCF0720", "VCF0721", "VCF0701", "VCF0675", "VCF0724", "VCF0725", "VCF0726", "VCF0745", "VCF0101", "VCF0104", "VCF0105a", "VCF0115", "VCF0140a", "VCF0112"]}