{"validation": 0.346746378477811, "id_test": 0.3464367816091954, "ood_test": 0.37016626630869953, "ood_validation": 0.34972445951674436, "0": 0.37885375494071144, "1": 0.35513280689160087, "3": 0.3138600274455989, "id_test_conf": [0.3322885466535181, 0.3607914920511792], "id_test_balanced": 0.4244793951511383, "id_test_balanced_conf": [0.4149071130529046, 0.434051677249372], "ood_test_conf": [0.3636659317394638, 0.3767021675435461], "ood_test_balanced": 0.41106119751930237, "ood_test_balanced_conf": [0.4068584595900029, 0.41526393544860185], "features": ["VCF0004", "VCF0901b", "VCF0218", "VCF0224", "VCF0301", "VCF0302", "VCF9008", "VCF9010", "VCF9011", "VCF9201", "VCF9202", "VCF9203", "VCF9204", "VCF9205", "VCF9206", "VCF0521", "VCF0523", "VCF0428", "VCF0429", "VCF0875", "VCF9052", "VCF0809", "VCF0839", "VCF0822", "VCF0870", "VCF0843", "VCF9045", "VCF0838", "VCF9239", "VCF0803", "VCF0846", "VCF0601", "VCF0606", "VCF0612", "VCF0615", "VCF0616", "VCF0617", "VCF0310", "VCF0743", "VCF0717", "VCF0718", "VCF0720", "VCF0721", "VCF0701", "VCF0675", "VCF0724", "VCF0725", "VCF0726", "VCF0745", "VCF0101", "VCF0104", "VCF0105a", "VCF0115", "VCF0140a", "VCF0112"]}