{"validation": 0.7364911473902046, "id_test": 0.7324137931034482, "ood_test": 0.6277141915124111, "ood_validation": 0.625688851208139, "0": 0.7236166007905138, "1": 0.7325915290739411, "3": 0.7160360713585572, "id_test_conf": [0.7189899865525162, 0.7455248573670881], "id_test_balanced": 0.5510791540145874, "id_test_balanced_conf": [0.5464378792885691, 0.5557204287406057], "ood_test_conf": [0.6211709824076377, 0.6342224147741965], "ood_test_balanced": 0.5413863658905029, "ood_test_balanced_conf": [0.5394963422091678, 0.5432763895718381], "features": ["VCF0004", "VCF0901b", "VCF0218", "VCF0224", "VCF0301", "VCF0302", "VCF9008", "VCF9010", "VCF9011", "VCF9201", "VCF9202", "VCF9203", "VCF9204", "VCF9205", "VCF9206", "VCF0521", "VCF0523", "VCF0428", "VCF0429", "VCF0875", "VCF9052", "VCF0809", "VCF0839", "VCF0822", "VCF0870", "VCF0843", "VCF9045", "VCF0838", "VCF9239", "VCF0803", "VCF0846", "VCF0601", "VCF0606", "VCF0612", "VCF0615", "VCF0616", "VCF0617", "VCF0310", "VCF0743", "VCF0717", "VCF0718", "VCF0720", "VCF0721", "VCF0701", "VCF0675", "VCF0724", "VCF0725", "VCF0726", "VCF0745", "VCF0101", "VCF0104", "VCF0105a", "VCF0115", "VCF0140a", "VCF0112"]}