{"validation": 0.7493676707289032, "id_test": 0.7445977011494253, "ood_test": 0.6440111158212048, "ood_validation": 0.6439169139465876, "0": 0.7356719367588933, "1": 0.7447236180904523, "3": 0.7352479905900804, "id_test_conf": [0.7313620796093279, 0.7575041287704393], "id_test_balanced": 0.5709492564201355, "id_test_balanced_conf": [0.5656816613208503, 0.5762168515194207], "ood_test_conf": [0.6375275705791822, 0.6504552090575242], "ood_test_balanced": 0.5616454482078552, "ood_test_balanced_conf": [0.5593921030173078, 0.5638987933984027], "features": ["VCF0004", "VCF0901b", "VCF0218", "VCF0224", "VCF0301", "VCF0302", "VCF9008", "VCF9010", "VCF9011", "VCF9201", "VCF9202", "VCF9203", "VCF9204", "VCF9205", "VCF9206", "VCF0521", "VCF0523", "VCF0428", "VCF0429", "VCF0875", "VCF9052", "VCF0809", "VCF0839", "VCF0822", "VCF0870", "VCF0843", "VCF9045", "VCF0838", "VCF9239", "VCF0803", "VCF0846", "VCF0601", "VCF0606", "VCF0612", "VCF0615", "VCF0616", "VCF0617", "VCF0310", "VCF0743", "VCF0717", "VCF0718", "VCF0720", "VCF0721", "VCF0701", "VCF0675", "VCF0724", "VCF0725", "VCF0726", "VCF0745", "VCF0101", "VCF0104", "VCF0105a", "VCF0115", "VCF0140a", "VCF0112"]}