{"validation": 0.44561968268567487, "id_test": 0.444367816091954, "ood_test": 0.5531534077528143, "ood_validation": 0.5633743111487919, "0": 0.45029644268774704, "1": 0.43948312993539124, "3": 0.4934326602626936, "id_test_conf": [0.429528223840351, 0.4592821758137487], "id_test_balanced": 0.5440834164619446, "id_test_balanced_conf": [0.5349722120165825, 0.5531946209073066], "ood_test_conf": [0.5464354431535164, 0.559856813502788], "ood_test_balanced": 0.5852909088134766, "ood_test_balanced_conf": [0.5808929857984185, 0.5896888318285346], "features": ["VCF0004", "VCF0901b", "VCF0218", "VCF0224", "VCF0301", "VCF0302", "VCF9008", "VCF9010", "VCF9011", "VCF9201", "VCF9202", "VCF9203", "VCF9204", "VCF9205", "VCF9206", "VCF0521", "VCF0523", "VCF0428", "VCF0429", "VCF0875", "VCF9052", "VCF0809", "VCF0839", "VCF0822", "VCF0870", "VCF0843", "VCF9045", "VCF0838", "VCF9239", "VCF0803", "VCF0846", "VCF0601", "VCF0606", "VCF0612", "VCF0615", "VCF0616", "VCF0617", "VCF0310", "VCF0743", "VCF0717", "VCF0718", "VCF0720", "VCF0721", "VCF0701", "VCF0675", "VCF0724", "VCF0725", "VCF0726", "VCF0745", "VCF0101", "VCF0104", "VCF0105a", "VCF0115", "VCF0140a", "VCF0112"]}