{"validation": 0.7256336423757238, "id_test": 0.7238507492912111, "ood_test": 0.695893875722886, "ood_validation": 0.6902193242442205, "train": 0.7247902300646377, "id_test_conf": [0.7216390734888354, 0.7260542092163953], "id_test_balanced": 0.6364830732345581, "id_test_balanced_conf": [0.6350373987411149, 0.6379287477280013], "ood_test_conf": [0.6926073463803734, 0.6991654275513384], "ood_test_balanced": 0.6637536883354187, "ood_test_balanced_conf": [0.6615132299577817, 0.6659941467130557], "features": ["ENG", "FER", "HINS2", "HINS4", "POBP", "RELP", "WRK", "AGEP", "SEX", "ST", "RAC1P", "DIVISION"]}