{"validation": 0.7313546182324463, "id_test": 0.73164109963548, "ood_test": 0.6887407622083755, "ood_validation": 0.6858328393598103, "train": 0.7310799661108927, "id_test_conf": [0.7294489343791422, 0.7338247629442667], "id_test_balanced": 0.6225262880325317, "id_test_balanced_conf": [0.6212112001609057, 0.6238413759041578], "ood_test_conf": [0.6854333030467606, 0.6920337910105405], "ood_test_balanced": 0.6326514482498169, "ood_test_balanced_conf": [0.6306592080788687, 0.6346436884207651], "features": ["ENG", "FER", "HINS2", "HINS4", "POBP", "RELP", "WRK", "AGEP", "SEX", "ST", "RAC1P", "DIVISION"]}