{"validation": 0.800643826166935, "id_test": 0.7937931034482759, "ood_test": 0.7303471339079648, "ood_validation": 0.7295464179737177, "train": 0.7898609035521325, "id_test_conf": [0.7814598718805692, 0.8057305766137102], "id_test_balanced": 0.6828165054321289, "id_test_balanced_conf": [0.6748927086032928, 0.6907403022609651], "ood_test_conf": [0.7243229225470462, 0.7363082174581601], "ood_test_balanced": 0.6759534478187561, "ood_test_balanced_conf": [0.672443860610947, 0.6794630350265652], "features": ["VCF0901b", "VCF0218", "VCF0224", "VCF0301", "VCF9011", "VCF9201", "VCF9202", "VCF9204", "VCF9205", "VCF9206", "VCF0521", "VCF0429", "VCF0839", "VCF0822", "VCF0870", "VCF9045", "VCF0606", "VCF0612", "VCF0615", "VCF0616", "VCF0617", "VCF0310", "VCF0743", "VCF0718", "VCF0675", "VCF0724", "VCF0725", "VCF0726", "VCF0745", "VCF0104", "VCF0115", "VCF0112"]}