{"validation": 0.28187919463087246, "id_test": 0.25838926174496646, "ood_test": 0.5053226879574185, "ood_validation": 0.4986390854654328, "train": 0.2961409395973154, "id_test_conf": [0.209632947799716, 0.3120209568880625], "id_test_balanced": 0.4979255497455597, "id_test_balanced_conf": [0.4895219549536705, 0.5063291445374489], "ood_test_conf": [0.4999183662362169, 0.5107260744518921], "ood_test_balanced": 0.4792155921459198, "ood_test_balanced_conf": [0.47755595509894194, 0.48087522919289766], "features": ["FAMILY_SIZE_AVG", "HOUSEHOLD_INC", "RECEIVED_WORK_COMP", "SEVERANCE_PAY_PENSION", "FOSTER_CHILD_CARE_AMT", "INCOME_FROM_ASSISTANCE", "SAVINGS_INV_AMOUNT", "VA_BENEFITS_AMOUNT", "RETIREMENT_INCOME_AMOUNT", "LIVING_OWNERSHIP", "SNAP_ASSISTANCE", "WIC_ASSISTANCE", "MEDICARE_ASSISTANCE", "HEALTHDISAB", "HOSPITAL_NIGHTS", "VISIT_DENTIST_NUM", "HEALTH_OVER_THE_COUNTER_PRODUCTS_PAY", "HEALTH_MEDICAL_CARE_PAY", "HEALTH_COGNITIVE", "HEALTH_SELF_CARE", "HEALTH_CORE_DISABILITY", "HEALTH_SUPPLEMENTAL_DISABILITY", "SOCIAL_SEC_BENEFITS", "CITIZENSHIP_STATUS"]}