{"validation": 0.757478720374648, "id_test": 0.758815562980964, "ood_test": 0.7350845068567138, "ood_validation": 0.7356253704801423, "train": 0.7576185228810804, "id_test_conf": [0.7566983522689076, 0.760923273707389], "id_test_balanced": 0.7201699614524841, "id_test_balanced_conf": [0.7186506465286948, 0.7216892763762734], "ood_test_conf": [0.7319297816813024, 0.7382212560798298], "ood_test_balanced": 0.7142602205276489, "ood_test_balanced_conf": [0.7120464621623978, 0.7164739788929001], "features": ["COW", "HINS1", "NWLA", "NWLK", "POBP", "RELP", "WKHP", "WRK", "AGEP", "SEX", "ST", "MAR", "RAC1P", "DIVISION"]}