{"validation": 0.7557447077809069, "id_test": 0.7567145099230458, "ood_test": 0.7394185295938664, "ood_validation": 0.7362181387077653, "train": 0.7559968452436986, "id_test_conf": [0.7545911052292509, 0.7588284918067397], "id_test_balanced": 0.6990041732788086, "id_test_balanced_conf": [0.6975067484588362, 0.700501598098781], "ood_test_conf": [0.7362802577512717, 0.7425384938091713], "ood_test_balanced": 0.7136970162391663, "ood_test_balanced_conf": [0.7115133674908429, 0.7158806649874896], "features": ["COW", "HINS1", "NWLA", "NWLK", "POBP", "RELP", "WKHP", "WRK", "AGEP", "SEX", "ST", "MAR", "RAC1P", "DIVISION"]}