{"validation": 0.8162590458748267, "id_test": 0.8108816197792135, "ood_test": 0.7820901018863292, "ood_validation": 0.78972564905174, "train": 0.8136825973183597, "id_test_conf": [0.808126619411733, 0.8136136629047585], "id_test_balanced": 0.6431208848953247, "id_test_balanced_conf": [0.6411695074988529, 0.6450722622917965], "ood_test_conf": [0.7784033679877331, 0.7857433051459283], "ood_test_balanced": 0.6708242893218994, "ood_test_balanced_conf": [0.6681545071303845, 0.6734940715134143], "features": ["ENG", "WIF", "NWLA", "RELP", "WKHP", "WRK", "NATIVITY", "DEAR", "DEYE", "DREM", "AGEP", "ST", "MAR", "CIT", "SCHL", "ACS_YEAR", "DIVISION"]}