{"id_test": 0.9382741985099375, "id_test_conf": [0.9373539734948821, 0.9391848803305728], "features": ["Average_confidence(BORED)", "Average_confidence(CONCENTRATING)", "attempt_count", "hint_count", "skill_id", "bottom_hint", "ms_first_response", "type", "overlap_time", "first_action", "school_id"], "ood_test": 0.583420776495278, "ood_test_conf": [0.5609118275348332, 0.6056726076827482], "validation": 0.9369574514379179, "validation_conf": [0.9360281962564339, 0.9378771923493833]}