{"validation": 0.6393889798145117, "id_test": 0.6360197846959558, "ood_test": 0.554760801355345, "ood_validation": 0.5571186817319362, "train": 0.6395832007346723, "id_test_conf": [0.6303004076530487, 0.6417104062760198], "id_test_balanced": 0.561436116695404, "id_test_balanced_conf": [0.5586906058248132, 0.5641816275659949], "ood_test_conf": [0.5534171125368604, 0.5561038875511429], "ood_test_balanced": 0.5990887880325317, "ood_test_balanced_conf": [0.5983003882865887, 0.5998771877784748], "features": ["AGEG5YR", "VEG_ONCE_PER_DAY", "DRNK_PER_WEEK", "RFBING5", "SMOKDAY2", "CHCOCNCR", "DIABETES", "EMPLOY1", "STATE", "MEDCOST", "SEX", "IYEAR", "STATE", "BMI5CAT"]}