{"id_test": 0.6416712079927339, "id_test_conf": [0.635973561978508, 0.6473389349875887], "id_test_balanced": 0.6090823411941528, "id_test_balanced_conf": [0.6052374983392655, 0.6129271840490401], "ood_test": 0.5471268205782974, "ood_test_conf": [0.5457818170992013, 0.5484713060264056], "ood_test_balanced": 0.5836181044578552, "ood_test_balanced_conf": [0.5827718696114608, 0.5844643393042497], "validation": 0.6432204621421305, "validation_conf": [0.6375279875818267, 0.6488826892778583], "validation_balanced": 0.6094397306442261, "validation_balanced_conf": [0.605596965085715, 0.6132824962027371], "features": ["AGEG5YR", "TOTINDA", "SMOKDAY2", "EMPLOY1", "STATE", "SEX", "IYEAR", "MEDCOST", "SEX", "BMI5CAT"]}