{"validation": 0.7440053159510173, "id_test": 0.7452093458890239, "ood_test": 0.7249805693509505, "ood_validation": 0.7192649673977475, "train": 0.7462422564892816, "id_test_conf": [0.7430532294174523, 0.7473564621250187], "id_test_balanced": 0.6472474932670593, "id_test_balanced_conf": [0.6458811115310528, 0.6486138750030659], "ood_test_conf": [0.7217889856568784, 0.7281549502584845], "ood_test_balanced": 0.6777114868164062, "ood_test_balanced_conf": [0.6756696534762159, 0.6797533201565966], "features": ["ENG", "HINS1", "NWLA", "POBP", "RELP", "WKW", "WRK", "RAC1P", "SCHL", "DIVISION"]}