{"validation": 0.7854291596526226, "id_test": 0.7842993558075171, "ood_test": 0.45444852954661885, "ood_validation": 0.4537171530437079, "train": 0.7841524578227664, "id_test_conf": [0.783157539544063, 0.7854378820018816], "id_test_balanced": 0.5516505837440491, "id_test_balanced_conf": [0.5511325255595148, 0.5521686419285834], "ood_test_conf": [0.4533689746146846, 0.45552840711572984], "ood_test_balanced": 0.5575741529464722, "ood_test_balanced_conf": [0.5570811074844095, 0.5580671984085348], "features": ["ESP", "MIG", "DEAR", "DEYE", "PINCP", "AGEP", "SEX", "MAR", "SCHL", "DIVISION", "DIS"]}