{"validation": 0.6516579793722967, "id_test": 0.6572157326630194, "ood_test": 0.6081269209559178, "ood_validation": 0.6072017353579175, "train": 0.6508218158966041, "id_test_conf": [0.6515245528740677, 0.6628731274260661], "id_test_balanced": 0.6380769610404968, "id_test_balanced_conf": [0.6341120228916407, 0.642041899189353], "ood_test_conf": [0.6067967613701369, 0.6094558725219454], "ood_test_balanced": 0.624794602394104, "ood_test_balanced_conf": [0.6238824440771714, 0.6257067607110366], "features": ["AGEG5YR", "DRNK_PER_WEEK", "CHCOCNCR", "DIABETES", "IYEAR", "PRACE1", "SEX", "SEX", "BMI5CAT"]}