{"validation": 0.6550959299101696, "id_test": 0.6582507762827148, "ood_test": 0.5782573820624656, "ood_validation": 0.5777353579175705, "train": 0.6550776069608292, "id_test_conf": [0.6525635852091553, 0.6639039597975199], "id_test_balanced": 0.6100132465362549, "id_test_balanced_conf": [0.6064644629089162, 0.6135620301635936], "ood_test_conf": [0.5769119601139421, 0.5796019297104948], "ood_test_balanced": 0.6136568784713745, "ood_test_balanced_conf": [0.612811436871998, 0.614502320070751], "features": ["AGEG5YR", "DRNK_PER_WEEK", "CHCOCNCR", "DIABETES", "IYEAR", "PRACE1", "SEX", "SEX", "BMI5CAT"]}