{"validation": 0.905653151685027, "id_test": 0.9050257479955675, "ood_test": 0.4659090909090909, "ood_validation": 0.5, "train": 0.9044951029919823, "id_test_conf": [0.9033718419870501, 0.906660487816448], "id_test_balanced": 0.845298171043396, "id_test_balanced_conf": [0.8440040047909133, 0.8465923372958787], "ood_test_conf": [0.4325441189504976, 0.49950301661301955], "ood_test_balanced": 0.508368194103241, "ood_test_balanced_conf": [0.504130293643102, 0.5126060945633799], "features": ["Average_confidence(CONCENTRATING)", "Average_confidence(FRUSTRATED)", "attempt_count", "skill_id", "bottom_hint", "ms_first_response", "tutor_mode", "school_id"]}