{"validation": 0.817659232007358, "id_test": 0.8149425287356322, "ood_test": 0.7830530827563469, "ood_validation": 0.7961000423908435, "train": 0.8125646626048971, "id_test_conf": [0.8030771233383626, 0.8263834663565414], "id_test_balanced": 0.7541229724884033, "id_test_balanced_conf": [0.7456371027044952, 0.7626088422723114], "ood_test_conf": [0.7774468171008826, 0.7885817454161479], "ood_test_balanced": 0.7516586780548096, "ood_test_balanced_conf": [0.7478652916382998, 0.7554520644713193], "features": ["VCF0901b", "VCF0218", "VCF0301", "VCF9008", "VCF9010", "VCF9011", "VCF9201", "VCF9203", "VCF9205", "VCF0428", "VCF0429", "VCF0875", "VCF0822", "VCF0870", "VCF0843", "VCF9045", "VCF0838", "VCF0601", "VCF0615", "VCF0310", "VCF0743", "VCF0717", "VCF0721", "VCF0701", "VCF0675", "VCF0724", "VCF0725", "VCF0104", "VCF0115", "VCF0140a", "VCF0112"]}