{"id_test": 0.8358345627511827, "id_test_conf": [0.8332266544655902, 0.8384176667828738], "id_test_balanced": 0.6389687061309814, "id_test_balanced_conf": [0.6371915947110393, 0.6407458175509236], "ood_test": 0.8073366340684971, "ood_test_conf": [0.8038118173843768, 0.8108249128933487], "ood_test_balanced": 0.6513548493385315, "ood_test_balanced_conf": [0.6489303747657686, 0.6537793239112943], "validation": 0.8403220267846923, "validation_conf": [0.8377427217709974, 0.8428761948709604], "validation_balanced": 0.6431000232696533, "validation_balanced_conf": [0.6413171649444849, 0.6448828815948218], "features": ["ENG", "FER", "WIF", "NWLK", "OCCP", "POBP", "WKW", "WRK", "DEYE", "DREM", "PUBCOV", "AGEP", "SEX", "ST", "SCHL", "DIVISION"]}