{"validation": 0.833225227975123, "id_test": 0.8284453375387902, "ood_test": 0.804574655264127, "ood_validation": 0.8110845148223164, "train": 0.8293005923518881, "id_test_conf": [0.8257918010993665, 0.8310746168511182], "id_test_balanced": 0.5841861367225647, "id_test_balanced_conf": [0.5827299737534486, 0.5856422996916808], "ood_test_conf": [0.8010310604042135, 0.808082041376265], "ood_test_balanced": 0.6026743054389954, "ood_test_balanced_conf": [0.6005990728968754, 0.6047495379811153], "features": ["ENG", "FER", "WIF", "NWLK", "OCCP", "POBP", "WKW", "WRK", "DEYE", "DREM", "PUBCOV", "AGEP", "SEX", "ST", "SCHL", "DIVISION"]}