{"validation": 0.923101623225635, "id_test": 0.923614930077544, "ood_test": 0.4527806925498426, "ood_validation": 0.5518867924528302, "train": 0.922974857661154, "id_test_conf": [0.9226084113338773, 0.9246123763278845], "id_test_balanced": 0.8785980939865112, "id_test_balanced_conf": [0.8777842616208363, 0.8794119263521861], "ood_test_conf": [0.43025904421898586, 0.47544785792931754], "ood_test_balanced": 0.5134841799736023, "ood_test_balanced_conf": [0.5088580409437418, 0.5181103190034628], "features": ["Average_confidence(BORED)", "Average_confidence(CONFUSED)", "attempt_count", "skill_id", "ms_first_response", "position", "type", "overlap_time", "first_action", "school_id"]}