{"validation": 0.9248732200987665, "id_test": 0.925109709422277, "ood_test": 0.4527806925498426, "ood_validation": 0.5518867924528302, "train": 0.9244004375469138, "id_test_conf": [0.9241122075770054, 0.9260981065584648], "id_test_balanced": 0.8788096904754639, "id_test_balanced_conf": [0.8779999001557007, 0.879619480795227], "ood_test_conf": [0.43025904421898586, 0.47544785792931754], "ood_test_balanced": 0.5142965912818909, "ood_test_balanced_conf": [0.5104016149416566, 0.5181915676221251], "features": ["Average_confidence(BORED)", "Average_confidence(CONFUSED)", "attempt_count", "skill_id", "ms_first_response", "position", "type", "overlap_time", "first_action", "school_id"]}