{"validation": 0.9249285825010519, "id_test": 0.9251207818618676, "ood_test": 0.45120671563483733, "ood_validation": 0.5518867924528302, "train": 0.9245107008455211, "id_test_conf": [0.9241233472348844, 0.9261091115411031], "id_test_balanced": 0.8777877688407898, "id_test_balanced_conf": [0.8769773598841857, 0.8785981777973939], "ood_test_conf": [0.4286942998756706, 0.4738694997049344], "ood_test_balanced": 0.5130353569984436, "ood_test_balanced_conf": [0.5094584700884297, 0.5166122439084575], "features": ["Average_confidence(BORED)", "Average_confidence(CONFUSED)", "attempt_count", "skill_id", "ms_first_response", "position", "type", "overlap_time", "first_action", "school_id"]}