{"id_test": 0.936698862860454, "id_test_conf": [0.9357754520985335, 0.9376129188423764], "id_test_balanced": 0.9012475609779358, "id_test_balanced_conf": [0.9004907587717753, 0.9020043631840963], "ood_test": 0.4527806925498426, "ood_test_conf": [0.43025904421898586, 0.47544785792931754], "ood_test_balanced": 0.5137549638748169, "ood_test_balanced_conf": [0.5093579503614456, 0.5181519773881882], "validation": 0.9362040584331702, "validation_conf": [0.9352773179751794, 0.9371214547661021], "validation_balanced": 0.9004441499710083, "validation_balanced_conf": [0.8996849869051948, 0.9012033130368218], "features": ["Average_confidence(BORED)", "Average_confidence(CONFUSED)", "attempt_count", "skill_id", "ms_first_response", "position", "type", "overlap_time", "first_action", "school_id"]}