{"validation": 0.9240038114388182, "id_test": 0.925178004696773, "ood_test": 0.45120671563483733, "ood_validation": 0.5518867924528302, "train": 0.9242410174600451, "id_test_conf": [0.9241727119615281, 0.9261740415423543], "id_test_balanced": 0.8784112930297852, "id_test_balanced_conf": [0.87759502325207, 0.8792275628075004], "ood_test_conf": [0.4286942998756706, 0.4738694997049344], "ood_test_balanced": 0.5130353569984436, "ood_test_balanced_conf": [0.5094584700884297, 0.5166122439084575], "features": ["Average_confidence(BORED)", "Average_confidence(CONCENTRATING)", "Average_confidence(FRUSTRATED)", "attempt_count", "skill_id", "bottom_hint", "tutor_mode", "overlap_time", "first_action", "school_id"]}