{"validation": 0.7820564278596832, "id_test": 0.7813260061264182, "ood_test": 0.37623016663874886, "ood_validation": 0.37248558475285004, "train": 0.7811536427216581, "id_test_conf": [0.7801785586936851, 0.7824701979179556], "id_test_balanced": 0.5240031480789185, "id_test_balanced_conf": [0.5236503635323606, 0.5243559326254763], "ood_test_conf": [0.37518010686340897, 0.37728110308355345], "ood_test_balanced": 0.5077917575836182, "ood_test_balanced_conf": [0.5075924243082409, 0.5079910908589954], "features": ["ESP", "ANC", "PINCP", "FER", "ST", "CIT", "ACS_YEAR", "DIS"]}