{"validation": 0.7834921852067072, "id_test": 0.7827577668526424, "ood_test": 0.3863502702729139, "ood_validation": 0.38333553413442495, "train": 0.7824448754932607, "id_test_conf": [0.7816130201045826, 0.7838992413815071], "id_test_balanced": 0.5331333875656128, "id_test_balanced_conf": [0.532719252127572, 0.5335475230036536], "ood_test_conf": [0.3852948138768633, 0.3874065316539467], "ood_test_balanced": 0.5149416327476501, "ood_test_balanced_conf": [0.5146890799188987, 0.5151941855764016], "features": ["ESP", "ANC", "PINCP", "FER", "ST", "CIT", "ACS_YEAR", "DIS"]}