{"validation": 0.8031731432513222, "id_test": 0.8002298850574713, "ood_test": 0.739390513871226, "ood_validation": 0.7575243747350572, "train": 0.8000919645936314, "id_test_conf": [0.7880334488350861, 0.8120218325452625], "id_test_balanced": 0.6920998692512512, "id_test_balanced_conf": [0.6841680908948183, 0.7000316476076841], "ood_test_conf": [0.7334297843392776, 0.7452856334781486], "ood_test_balanced": 0.6868079900741577, "ood_test_balanced_conf": [0.6832792389858514, 0.690336741162464], "features": ["VCF0004", "VCF0224", "VCF0302", "VCF9008", "VCF9010", "VCF9011", "VCF9201", "VCF9202", "VCF9203", "VCF9205", "VCF0523", "VCF0428", "VCF0429", "VCF9052", "VCF0809", "VCF0839", "VCF0870", "VCF0843", "VCF9045", "VCF0838", "VCF9239", "VCF0846", "VCF0601", "VCF0612", "VCF0717", "VCF0720", "VCF0721", "VCF0701", "VCF0675", "VCF0724", "VCF0725", "VCF0726", "VCF0140a", "VCF0112"]}