{"validation": 0.6946875889553088, "id_test": 0.6982689604867548, "ood_test": 0.46153846153846156, "ood_validation": 0.4318181818181818, "train": 0.6959467874075985, "id_test_conf": [0.6944552938428445, 0.7020621457297811], "id_test_balanced": 0.5, "id_test_balanced_conf": [0.5, 0.5], "ood_test_conf": [0.4112363651461769, 0.5124285732959801], "ood_test_balanced": 0.5, "ood_test_balanced_conf": [0.5, 0.5], "features": ["Average_confidence(CONFUSED)", "Average_confidence(FRUSTRATED)", "attempt_count", "skill_id", "problem_type", "position", "type", "overlap_time", "school_id"]}