{"validation": 0.7484795747239186, "id_test": 0.7502974382341029, "ood_test": 0.7402352755200169, "ood_validation": 0.7481920569057499, "train": 0.7504578272842121, "id_test_conf": [0.7481555397439272, 0.7524301496138719], "id_test_balanced": 0.7102198600769043, "id_test_balanced_conf": [0.7086869859113358, 0.7117527342424728], "ood_test_conf": [0.7371001483412765, 0.7433520325652276], "ood_test_balanced": 0.7125127911567688, "ood_test_balanced_conf": [0.7103411295311526, 0.714684452782385], "features": ["COW", "ENG", "HINS4", "NWLK", "WKHP", "WKW", "WRK", "AGEP", "MAR", "RAC1P", "DIVISION"]}