{"validation": 0.599135861737878, "id_test": 0.597880276228812, "ood_test": 0.4160954253829516, "ood_validation": 0.41252946886700875, "train": 0.5985782209296958, "id_test_conf": [0.5920115138671558, 0.6037280284222727], "id_test_balanced": 0.5001060366630554, "id_test_balanced_conf": [0.4999478064436698, 0.500264266882441], "ood_test_conf": [0.4147541709011658, 0.417437616230186], "ood_test_balanced": 0.5000548958778381, "ood_test_balanced_conf": [0.500028443487754, 0.5000813482679223], "features": ["AGEG5YR", "FRUIT_ONCE_PER_DAY", "DRNK_PER_WEEK", "TOTINDA", "SMOKDAY2", "CHCOCNCR", "POVERTY", "EMPLOY1", "IYEAR", "STATE", "PRACE1", "SEX", "STATE", "BMI5CAT"]}