{"id_test": 0.6510949444218768, "id_test_conf": [0.6453836516198492, 0.6567738005541468], "id_test_balanced": 0.6204454302787781, "id_test_balanced_conf": [0.6165770759154111, 0.624313784642145], "ood_test": 0.5580624471533597, "ood_test_conf": [0.5567103156323118, 0.5594139307087502], "ood_test_balanced": 0.592509388923645, "ood_test_balanced_conf": [0.5916505126655102, 0.5933682651817799], "validation": 0.6528675357287935, "validation_conf": [0.6471627880942303, 0.6585394659913307], "validation_balanced": 0.6215152144432068, "validation_balanced_conf": [0.6176546056754887, 0.6253758232109249], "features": ["AGEG5YR", "FRUIT_ONCE_PER_DAY", "DRNK_PER_WEEK", "TOTINDA", "SMOKDAY2", "CHCOCNCR", "POVERTY", "EMPLOY1", "IYEAR", "STATE", "PRACE1", "SEX", "STATE", "BMI5CAT"]}