{"validation": 0.7407777742619371, "id_test": 0.7408680133657352, "ood_test": 0.7041535482341162, "ood_validation": 0.7013633669235328, "train": 0.741376432514874, "id_test_conf": [0.738700070885469, 0.7430271150508667], "id_test_balanced": 0.6692491769790649, "id_test_balanced_conf": [0.6677641820535064, 0.6707341719046235], "ood_test_conf": [0.7008923505370496, 0.707399136577205], "ood_test_balanced": 0.6559990644454956, "ood_test_balanced_conf": [0.6539251580508426, 0.6580729708401486], "features": ["COW", "FER", "HINS1", "RELP", "SEX", "ST", "MAR", "CIT", "RAC1P", "ACS_YEAR", "DIVISION"]}