{"validation": 0.7060722083346518, "id_test": 0.7076751721344674, "ood_test": 0.6218598095137727, "ood_validation": 0.6192056905749852, "train": 0.7068418183990007, "id_test_conf": [0.7054256351036803, 0.7099170872180637], "id_test_balanced": 0.5539151430130005, "id_test_balanced_conf": [0.553040094464086, 0.554790191561915], "ood_test_conf": [0.6183990210475097, 0.6253112821813598], "ood_test_balanced": 0.5287407040596008, "ood_test_balanced_conf": [0.5277227644901723, 0.5297586436290294], "features": ["COW", "HINS1", "HINS2", "HINS4", "NWLA", "OCCP", "POBP", "RELP", "WRK", "ST", "CIT", "ACS_YEAR", "DIVISION"]}