{"validation": 0.7659968990285733, "id_test": 0.7658148541919806, "ood_test": 0.7313169369393105, "ood_validation": 0.7240071132187315, "train": 0.7662513853477866, "id_test_conf": [0.7637187825884555, 0.7679011686994073], "id_test_balanced": 0.6865894794464111, "id_test_balanced_conf": [0.6851676514209248, 0.6880113074718974], "ood_test_conf": [0.7281482249212254, 0.734467961315411], "ood_test_balanced": 0.6852965354919434, "ood_test_balanced_conf": [0.6832544303964824, 0.6873386405874043], "features": ["COW", "HINS1", "HINS2", "HINS4", "NWLA", "OCCP", "POBP", "RELP", "WRK", "ST", "CIT", "ACS_YEAR", "DIVISION"]}