{"validation": 0.6085976961372143, "id_test": 0.6083575581395348, "ood_test": 0.49779731467589333, "ood_validation": 0.4992680112295689, "train": 0.60515545865413, "id_test_conf": [0.6025612185174964, 0.6141310116674241], "id_test_balanced": 0.5529428720474243, "id_test_balanced_conf": [0.5494483751291409, 0.5564373689657077], "ood_test_conf": [0.49644070797416084, 0.49915394580121036], "ood_test_balanced": 0.5450069904327393, "ood_test_balanced_conf": [0.5442220395372714, 0.5457919413282071], "features": ["FRUIT_ONCE_PER_DAY", "VEG_ONCE_PER_DAY", "DRNK_PER_WEEK", "CHCSCNCR", "POVERTY", "IYEAR", "STATE", "MEDCOST", "PRACE1", "MEDCOST", "SEX", "BMI5CAT"]}