{"validation": 0.8177725208897707, "id_test": 0.8146970544844075, "ood_test": 0.7868161545071403, "ood_validation": 0.7893573927453508, "train": 0.8157604392879059, "id_test_conf": [0.8119632971853568, 0.8174075722273725], "id_test_balanced": 0.5405667424201965, "id_test_balanced_conf": [0.5394426715793088, 0.5416908132610843], "ood_test_conf": [0.7831581214586439, 0.7904400941516578], "ood_test_balanced": 0.5457186102867126, "ood_test_balanced_conf": [0.5441486626327969, 0.5472885579406284], "features": ["ENG", "FER", "HUPAC", "NWLA", "POBP", "WKHP", "DIS", "ANC", "NATIVITY", "DREM", "SEX", "RAC1P", "ACS_YEAR", "DIVISION"]}