{"id_test": 0.874105590410487, "id_test_conf": [0.8722524529188962, 0.8759413262663165], "id_test_balanced": 0.5106306672096252, "id_test_balanced_conf": [0.5101758983975742, 0.5110854360216763], "ood_test": 0.8237654931813894, "ood_test_conf": [0.8221567657860812, 0.8253655784051279], "ood_test_balanced": 0.5114933848381042, "ood_test_balanced_conf": [0.5111214590288, 0.5118653106474085], "validation": 0.8733684286435422, "validation_conf": [0.8715107065867886, 0.8752087834783316], "validation_balanced": 0.5118975639343262, "validation_balanced_conf": [0.5114224006136646, 0.5123727272549877], "features": ["BMI5", "SMOKDAY2", "CVDSTRK3", "VEG_ONCE_PER_DAY", "RFBING5", "TOTINDA", "MARITAL", "CHECKUP1", "EDUCA", "IYEAR", "MEDCOST", "PRACE1", "MEDCOST", "PRACE1", "SEX", "PRACE1"]}