{"validation": 0.9145168037930553, "id_test": 0.9158543998283691, "ood_test": 0.8856943718417842, "ood_validation": 0.8667711598746082, "train": 0.9147688875063021, "id_test_conf": [0.9148194427803578, 0.916880729730485], "id_test_balanced": 0.8697386980056763, "id_test_balanced_conf": [0.8689248700323514, 0.8705525259790011], "ood_test_conf": [0.8771784735047599, 0.8938159085345472], "ood_test_balanced": 0.8508597016334534, "ood_test_balanced_conf": [0.8449389510694891, 0.8567804521974176], "features": ["Average_confidence(BORED)", "Average_confidence(FRUSTRATED)", "attempt_count", "problem_type", "bottom_hint", "first_action", "school_id"]}