{"validation": 0.9144953498600131, "id_test": 0.9158186434011514, "ood_test": 0.8856943718417842, "ood_validation": 0.8667711598746082, "train": 0.9147519031426437, "id_test_conf": [0.9147834882422087, 0.9168451721598072], "id_test_balanced": 0.8697442412376404, "id_test_balanced_conf": [0.8689303031703457, 0.8705581793049351], "ood_test_conf": [0.8771784735047599, 0.8938159085345472], "ood_test_balanced": 0.8508597016334534, "ood_test_balanced_conf": [0.8449389510694891, 0.8567804521974176], "features": ["Average_confidence(BORED)", "Average_confidence(FRUSTRATED)", "attempt_count", "problem_type", "bottom_hint", "first_action", "school_id"]}