{"id_test": 0.9261057675117103, "id_test_conf": [0.9251300286030936, 0.9270726653615389], "id_test_balanced": 0.8855345249176025, "id_test_balanced_conf": [0.8847557128733023, 0.8863133369619027], "ood_test": 0.8858686182261718, "ood_test_conf": [0.8773580934037045, 0.8939845996548095], "ood_test_balanced": 0.8510009050369263, "ood_test_balanced_conf": [0.8450841456931084, 0.8569176643807441], "validation": 0.9246216062559669, "validation_conf": [0.9236369780974135, 0.9255974243136558], "validation_balanced": 0.8836195468902588, "validation_balanced_conf": [0.8828361593862064, 0.8844029343943112], "features": ["Average_confidence(BORED)", "Average_confidence(FRUSTRATED)", "attempt_count", "problem_type", "bottom_hint", "first_action", "school_id"]}