{"validation": 0.9196049615795816, "id_test": 0.9210927164157757, "ood_test": 0.8858686182261718, "ood_validation": 0.8667711598746082, "train": 0.9199178314364481, "id_test_conf": [0.9200873983114449, 0.9220892981059993], "id_test_balanced": 0.8777749538421631, "id_test_balanced_conf": [0.8769782841566485, 0.8785716235276777], "ood_test_conf": [0.8773580934037045, 0.8939845996548095], "ood_test_balanced": 0.8510009050369263, "ood_test_balanced_conf": [0.8450841456931084, 0.8569176643807441], "features": ["Average_confidence(BORED)", "Average_confidence(FRUSTRATED)", "attempt_count", "problem_type", "bottom_hint", "first_action", "school_id"]}