{"validation": 0.7384298958959592, "id_test": 0.7388808728230053, "ood_test": 0.7079869847584671, "ood_validation": 0.7042086544161233, "train": 0.7391306067526657, "id_test_conf": [0.7367076096839832, 0.7410453681447102], "id_test_balanced": 0.6639353632926941, "id_test_balanced_conf": [0.6624586849682964, 0.6654120416170918], "ood_test_conf": [0.7047379755432595, 0.7112200913568989], "ood_test_balanced": 0.6587789058685303, "ood_test_balanced_conf": [0.6567254659999162, 0.6608323457371443], "features": ["COW", "FER", "HINS1", "HINS3", "HINS4", "RELP", "WKW", "SEX", "MAR", "CIT", "ACS_YEAR", "DIVISION"]}