{"validation": 0.783002949393048, "id_test": 0.7823743664908084, "ood_test": 0.41931366207877224, "ood_validation": 0.41726088296139796, "train": 0.7821029097292754, "id_test_conf": [0.7812288945683924, 0.7835165706333447], "id_test_balanced": 0.5321529507637024, "id_test_balanced_conf": [0.5317430692882045, 0.5325628322392003], "ood_test_conf": [0.41824392764957524, 0.420383968006278], "ood_test_balanced": 0.5318208932876587, "ood_test_balanced_conf": [0.5313913135766052, 0.5322504729987122], "features": ["ESP", "NATIVITY", "DEYE", "DREM", "PINCP", "AGEP", "SEX", "MAR", "CIT", "SCHL", "ACS_YEAR", "DIS"]}