{"validation": 0.7790790784794152, "id_test": 0.7775079775231538, "ood_test": 0.5180913511444875, "ood_validation": 0.5176174127382367, "train": 0.7773328617367518, "id_test_conf": [0.7763534261412939, 0.7786593174708436], "id_test_balanced": 0.5753672122955322, "id_test_balanced_conf": [0.5747164070804138, 0.5760180175106506], "ood_test_conf": [0.5170077741699926, 0.5191747999798266], "ood_test_balanced": 0.5882138609886169, "ood_test_balanced_conf": [0.5875709107785951, 0.5888568111986388], "features": ["ESP", "NATIVITY", "DEYE", "DREM", "PINCP", "AGEP", "SEX", "MAR", "CIT", "SCHL", "ACS_YEAR", "DIS"]}