{"id_test": 0.772823779193206, "id_test_conf": [0.7447050032780381, 0.7992250517569292], "id_test_balanced": 0.7643837928771973, "id_test_balanced_conf": [0.7453370514512062, 0.7834305343031883], "ood_test": 0.7101183857675453, "ood_test_conf": [0.7028544353227676, 0.7173023112544479], "ood_test_balanced": 0.7070399522781372, "ood_test_balanced_conf": [0.7019488785415888, 0.7121310260146856], "validation": 0.7502656748140276, "validation_conf": [0.7213205076043754, 0.777634919653879], "validation_balanced": 0.7470125555992126, "validation_balanced_conf": [0.727389200143516, 0.7666359110549092], "features": ["MCRPD31", "MCRPB31", "MCDHMO31", "MCDMC31", "FSAGT31", "PFSAMT31", "MCAID31", "MCARE31", "GOVTA31", "GOVBAT31", "GOVTC31", "GOVCAT31", "VAPROG31", "SICPAY31", "VACMPY31", "MORJOB31", "HRWGIM31", "DIFFWG31", "NHRWG31", "HOUR31", "CHOIC31", "INDCAT31", "NUMEMP31", "MORE31", "UNION31", "NWK31", "STJBMM31", "STJBYY31", "OCCCAT31", "PAYVAC31", "PRING31", "TRIAT31X", "MCAID31X", "MCARE31X", "PUB31X", "INS31X", "RACEV1X", "RACEV2X", "RACEAX", "RACEBX", "RACEWX", "RACETHX", "HISPANX", "HISPNCAT", "EDUCYR", "HWELLSPK", "BORNUSA", "TRICR31X", "TRILI31X", "PRIOG31", "PRIEUO31", "PRSTX31", "PRIV31", "PRIVAT31", "DENTIN31", "DNTINS31", "PMEDIN31", "PMDINS31", "PMEDUP31", "PMEDPY31", "MARRY31X", "REFRL31X", "HRWG31X", "HELD31X", "OFFER31X", "TRIPR31X", "TRIEX31X", "VASPMH31", "ADLHLP31", "AIDHLP31", "WLKLIM31", "STNDIF31", "BENDIF31", "WRKLIM31", "ASSTIL31", "FCRP1231", "RUCLAS31", "FAMSZE31", "FMRS1231", "REGION31", "PROXY31", "BEGRFM31", "BEGRFY31", "ENDRFY31", "INSCOP31", "INSC1231", "ELGRND31", "SPOUID31", "ACTDTY31", "ASATAK31", "UNABLE31", "VAPRHT31", "VALOCT31", "VANEED31", "VACOMP31", "VAGTRC31", "VAREP31", "VAPCPR31", "VAPCCO31", "VAPCRC31", "VAPCSO31", "VASPCL31", "VACOPD31", "VAGERD31", "VAHRLS31", "VABACK31", "VAFIBR31", "VATMD31", "VARHAB31", "VAMNHC31", "VARXMD31", "REFPRS31", "INSCOV19"]}