{"validation": 0.8749195239117157, "id_test": 0.8728725423840732, "ood_test": 0.826235223880597, "ood_validation": 0.829049174690509, "train": 0.875607312616523, "id_test_conf": [0.8709837408357805, 0.8747434767205626], "id_test_balanced": 0.5017747282981873, "id_test_balanced_conf": [0.5015863043654827, 0.5019631522308918], "ood_test_conf": [0.8246053234401758, 0.8278560873246896], "ood_test_balanced": 0.5019910335540771, "ood_test_balanced_conf": [0.5018430784533848, 0.5021389886547695], "features": ["PHYSHLTH", "BMI5", "CVDSTRK3", "FRUIT_ONCE_PER_DAY", "TOTINDA", "INCOME", "MARITAL", "CHECKUP1", "EDUCA", "HEALTH_COV", "MENTHLTH", "PRACE1", "SEX", "IYEAR", "STATE", "SEX", "PRACE1"]}