{"validation": 0.5356976201586561, "id_test": 0.5376720317238162, "ood_test": 0.5038259299952912, "ood_validation": 0.5044138418079096, "train": 0.5374475034997667, "id_test_conf": [0.5226093066847513, 0.5526833812057999], "id_test_balanced": 0.5197019577026367, "id_test_balanced_conf": [0.5093726115114987, 0.5300313038937747], "ood_test_conf": [0.49947533749336165, 0.5081760866835701], "ood_test_balanced": 0.5026018619537354, "ood_test_balanced_conf": [0.49959363903384657, 0.5056100848736241], "features": ["discharge_disposition_id", "medical_specialty", "num_lab_procedures", "num_procedures", "num_medications", "number_outpatient", "number_inpatient", "diag_1", "repaglinide", "nateglinide", "chlorpropamide", "acetohexamide", "glyburide", "acarbose", "tolazamide", "insulin", "glipizide-metformin", "change", "admission_source_id"]}