{"id_test": 0.6412409610450198, "id_test_conf": [0.6266742732741086, 0.6556149528689488], "id_test_balanced": 0.6120988726615906, "id_test_balanced_conf": [0.6024627301283181, 0.6217350151948631], "ood_test": 0.6135810704755925, "ood_test_conf": [0.6093375752466004, 0.6178116265915918], "ood_test_balanced": 0.6123194694519043, "ood_test_balanced_conf": [0.609395245150663, 0.6152436937531456], "validation": 0.6332244517032198, "validation_conf": [0.6185930515691518, 0.647674059370047], "validation_balanced": 0.6066897511482239, "validation_balanced_conf": [0.5969930822588503, 0.6163864200375975], "features": ["discharge_disposition_id", "medical_specialty", "num_lab_procedures", "num_procedures", "num_medications", "number_outpatient", "number_inpatient", "diag_1", "repaglinide", "nateglinide", "chlorpropamide", "acetohexamide", "glyburide", "acarbose", "tolazamide", "insulin", "glipizide-metformin", "change", "admission_source_id"]}