{"validation": 0.8763928457726876, "id_test": 0.8747112268471278, "ood_test": 0.8262958614478567, "ood_validation": 0.8311903246339911, "train": 0.8758376215680093, "id_test_conf": [0.8728444557890307, 0.8765602399827744], "id_test_balanced": 0.5090093612670898, "id_test_balanced_conf": [0.5086090184643399, 0.5094097040698398], "ood_test_conf": [0.8246766501984596, 0.8279061493719206], "ood_test_balanced": 0.5075933933258057, "ood_test_balanced_conf": [0.5073053829942364, 0.5078814036573749], "features": ["PHYSHLTH", "CHOL_CHK_PAST_5_YEARS", "TOLDHI", "BMI5", "BMI5CAT", "SMOKE100", "MICHD", "FRUIT_ONCE_PER_DAY", "RFBING5", "TOTINDA", "INCOME", "IYEAR", "SEX", "IYEAR", "MEDCOST", "PRACE1", "SEX", "PRACE1"]}