{"validation": 0.8151299149229708, "id_test": 0.8172413793103448, "ood_test": 0.7705713343695539, "ood_validation": 0.7740568037303942, "train": 0.8097482469249339, "id_test_conf": [0.8054301129453799, 0.8286250528351602], "id_test_balanced": 0.7346823215484619, "id_test_balanced_conf": [0.7264425995200873, 0.7429220435768366], "ood_test_conf": [0.7648551634509599, 0.7762133325098237], "ood_test_balanced": 0.7296809554100037, "ood_test_balanced_conf": [0.7259921988798306, 0.7333697119401767], "features": ["VCF0004", "VCF0218", "VCF0301", "VCF9201", "VCF9203", "VCF9206", "VCF0523", "VCF0428", "VCF0429", "VCF0875", "VCF9052", "VCF0809", "VCF0870", "VCF0843", "VCF9045", "VCF9239", "VCF0601", "VCF0606", "VCF0612", "VCF0615", "VCF0310", "VCF0718", "VCF0701", "VCF0675", "VCF0725", "VCF0745", "VCF0104", "VCF0115", "VCF0140a", "VCF0112"]}