{"validation": 0.28523489932885904, "id_test": 0.2550335570469799, "ood_test": 0.5296679368535656, "ood_validation": 0.5293957539466522, "train": 0.2973993288590604, "id_test_conf": [0.2065218173693059, 0.3084892588080364], "id_test_balanced": 0.5, "id_test_balanced_conf": [0.5, 0.5], "ood_test_conf": [0.5242706656767798, 0.5350599951711618], "ood_test_balanced": 0.5007482171058655, "ood_test_balanced_conf": [0.5004121386347106, 0.5010842955770204], "features": ["UNEMPLOYMENT_COMP", "FOSTER_CHILD_CARE_AMT", "ALIMONY_AMT", "INCOME_FROM_ASSISTANCE", "SURVIVOR_INCOME_AMOUNT", "RACE", "GENDER", "WIC_ASSISTANCE", "MEDICARE_ASSISTANCE", "MEDICAID_ASSISTANCE", "DAYS_SICK", "HEALTH_AMBULATORY", "HEALTH_SELF_CARE", "HEALTH_ERRANDS_DIFFICULTY", "HEALTH_CORE_DISABILITY", "HEALTH_SUPPLEMENTAL_DISABILITY", "SOCIAL_SEC_BENEFITS", "CITIZENSHIP_STATUS"]}