{"validation": 0.7804848826133579, "id_test": 0.7793610792720186, "ood_test": 0.4274725906218172, "ood_validation": 0.42478762269466086, "train": 0.7793871524211301, "id_test_conf": [0.7782099581500699, 0.7805089675038377], "id_test_balanced": 0.5208005309104919, "id_test_balanced_conf": [0.5204585041705286, 0.5211425576504553], "ood_test_conf": [0.4264000856792555, 0.4285456092723193], "ood_test_balanced": 0.5415549278259277, "ood_test_balanced_conf": [0.5411407093895833, 0.5419691462622722], "features": ["ANC", "DREM", "ESR", "SEX", "MAR", "RAC1P", "SCHL", "DIS"]}