{"validation": 0.8319915550637822, "id_test": 0.827898458564379, "ood_test": 0.7988051884283318, "ood_validation": 0.794144724728411, "train": 0.8291511530671618, "id_test_conf": [0.8252416170870098, 0.8305310834012535], "id_test_balanced": 0.659159779548645, "id_test_balanced_conf": [0.6572444723593072, 0.6610750867379829], "ood_test_conf": [0.7952232378284213, 0.8023516176554712], "ood_test_balanced": 0.6692752242088318, "ood_test_balanced_conf": [0.6667066016048193, 0.6718438468128443], "features": ["ENG", "NWLK", "WKW", "WRK", "MIL", "ANC", "DEAR", "DREM", "PUBCOV", "AGEP", "ST", "MAR", "RAC1P", "SCHL", "ACS_YEAR", "DIVISION"]}