{"validation": 0.8346751116028845, "id_test": 0.8310271150226383, "ood_test": 0.7993575841892058, "ood_validation": 0.794144724728411, "train": 0.8314420255064243, "id_test_conf": [0.8283893137683027, 0.833640468003781], "id_test_balanced": 0.6424625515937805, "id_test_balanced_conf": [0.6406353611079976, 0.6442897420795635], "ood_test_conf": [0.7957792557935339, 0.8029003254053951], "ood_test_balanced": 0.6632809638977051, "ood_test_balanced_conf": [0.6607396140228957, 0.6658223137725144], "features": ["ENG", "NWLK", "WKW", "WRK", "MIL", "ANC", "DEAR", "DREM", "PUBCOV", "AGEP", "ST", "MAR", "RAC1P", "SCHL", "ACS_YEAR", "DIVISION"]}