{"id_test": 0.6292514534883721, "id_test_conf": [0.6235133005132572, 0.6349623061911916], "id_test_balanced": 0.5785123109817505, "id_test_balanced_conf": [0.5749357430590316, 0.5820888789044694], "ood_test": 0.5299324076058667, "ood_test_conf": [0.5285780409964849, 0.531286442321367], "ood_test_balanced": 0.5716980695724487, "ood_test_balanced_conf": [0.5708802111900877, 0.5725159279548098], "validation": 0.6351611613794106, "validation_conf": [0.6294414212116755, 0.640852351593935], "validation_balanced": 0.5842158794403076, "validation_balanced_conf": [0.5806533093098551, 0.5877784495707601], "features": ["FRUIT_ONCE_PER_DAY", "VEG_ONCE_PER_DAY", "RFBING5", "SMOKDAY2", "POVERTY", "EMPLOY1", "IYEAR", "STATE", "PRACE1", "STATE", "MEDCOST", "BMI5CAT"]}