{"id_test": 0.6294694767441861, "id_test_conf": [0.6237319905991003, 0.6351796165526105], "id_test_balanced": 0.5771908164024353, "id_test_balanced_conf": [0.5736488134227693, 0.5807328193821013], "ood_test": 0.5282674760402952, "ood_test_conf": [0.5269128554889455, 0.5296217831587678], "ood_test_balanced": 0.5709900259971619, "ood_test_balanced_conf": [0.5701785156445112, 0.5718015363498126], "validation": 0.6337439587194302, "validation_conf": [0.6280196939249957, 0.6394399730125233], "validation_balanced": 0.5813196897506714, "validation_balanced_conf": [0.5777877962496132, 0.5848515832517296], "features": ["FRUIT_ONCE_PER_DAY", "VEG_ONCE_PER_DAY", "RFBING5", "SMOKDAY2", "POVERTY", "EMPLOY1", "IYEAR", "STATE", "PRACE1", "STATE", "MEDCOST", "BMI5CAT"]}