{"id_test": 0.6273619186046512, "id_test_conf": [0.6216180385743499, 0.6330788975840362], "id_test_balanced": 0.5767736434936523, "id_test_balanced_conf": [0.5731909379176795, 0.5803563490696252], "ood_test": 0.5298309807403778, "ood_test_conf": [0.5284765982287684, 0.5311850324827421], "ood_test_balanced": 0.5707463622093201, "ood_test_balanced_conf": [0.569922525153961, 0.5715701992646791], "validation": 0.6322177404702206, "validation_conf": [0.6264886623181887, 0.637918890603828], "validation_balanced": 0.5820258855819702, "validation_balanced_conf": [0.5784422463178635, 0.585609524846077], "features": ["FRUIT_ONCE_PER_DAY", "VEG_ONCE_PER_DAY", "RFBING5", "SMOKDAY2", "POVERTY", "EMPLOY1", "IYEAR", "STATE", "PRACE1", "STATE", "MEDCOST", "BMI5CAT"]}