{"id_test": 0.7687829080599433, "id_test_conf": [0.7666960391702003, 0.770859910819085], "id_test_balanced": 0.7116512060165405, "id_test_balanced_conf": [0.710172882899642, 0.7131295291334391], "ood_test": 0.7377850377415658, "ood_test_conf": [0.7346405186065248, 0.7409113742597448], "ood_test_balanced": 0.6989714503288269, "ood_test_balanced_conf": [0.6968717573024332, 0.7010711433552206], "validation": 0.7688827010093978, "validation_conf": [0.7667961374153516, 0.7709593947442517], "validation_balanced": 0.7131468057632446, "validation_balanced_conf": [0.7116691031656228, 0.7146245083608664], "features": ["ENG", "NWLA", "OCCP", "POBP", "AGEP", "ST", "MAR", "CIT", "RAC1P", "DIVISION"]}