{"validation": 0.7639021611872291, "id_test": 0.7642137505062778, "ood_test": 0.7401694089130693, "ood_validation": 0.7356253704801423, "train": 0.7653930827933674, "id_test_conf": [0.7621127740249649, 0.7663050287079989], "id_test_balanced": 0.7076994180679321, "id_test_balanced_conf": [0.7062120630242862, 0.7091867731115781], "ood_test_conf": [0.7370340276114388, 0.7432864251220229], "ood_test_balanced": 0.7075324058532715, "ood_test_balanced_conf": [0.7053902558004483, 0.7096745559060946], "features": ["ENG", "NWLA", "OCCP", "POBP", "AGEP", "ST", "MAR", "CIT", "RAC1P", "DIVISION"]}