{"id_test": 0.7782608001086301, "id_test_conf": [0.7771076382674784, 0.7794107417991629], "id_test_balanced": 0.5183898210525513, "id_test_balanced_conf": [0.5180599634040846, 0.518719678701018], "ood_test": 0.37456487956012946, "ood_test_conf": [0.3735157543746543, 0.37561489321100217], "ood_test_balanced": 0.5059820413589478, "ood_test_balanced_conf": [0.5057795738280402, 0.5061845088898553], "validation": 0.7790051938871483, "validation_conf": [0.7778534102586434, 0.7801537487396819], "validation_balanced": 0.5181980133056641, "validation_balanced_conf": [0.5178692204598337, 0.5185268061514944], "features": ["MIG", "NATIVITY", "DEAR", "DEYE", "DREM", "FER", "ST", "RAC1P", "DIVISION", "ACS_YEAR", "DIS"]}