{"validation": 0.8227796463555089, "id_test": 0.8239824505068907, "ood_test": 0.76547153238042, "ood_validation": 0.7837643678160919, "train": 0.8239466732198808, "id_test_conf": [0.8230247015126866, 0.8249371235274454], "id_test_balanced": 0.7269842624664307, "id_test_balanced_conf": [0.7263590874127113, 0.7276094375201501], "ood_test_conf": [0.7579495023627669, 0.7728699917308698], "ood_test_balanced": 0.696479320526123, "ood_test_balanced_conf": [0.6921993402112275, 0.7007593008410186], "features": ["Average_confidence(CONFUSED)", "hint_count", "problem_type", "ms_first_response", "tutor_mode", "overlap_time", "school_id"]}