{"validation": 0.8228566466848082, "id_test": 0.8240479825946775, "ood_test": 0.76547153238042, "ood_validation": 0.7837643678160919, "train": 0.8240132293010588, "id_test_conf": [0.8230903731696444, 0.8250025154233709], "id_test_balanced": 0.7270352244377136, "id_test_balanced_conf": [0.7264101636991837, 0.7276602851762436], "ood_test_conf": [0.7579495023627669, 0.7728699917308698], "ood_test_balanced": 0.696479320526123, "ood_test_balanced_conf": [0.6921993402112275, 0.7007593008410186], "features": ["Average_confidence(CONFUSED)", "hint_count", "problem_type", "ms_first_response", "tutor_mode", "overlap_time", "school_id"]}