{"id_test": 0.8254913268281814, "id_test_conf": [0.824536803821896, 0.8264427595232398], "features": ["Average_confidence(CONFUSED)", "hint_count", "problem_type", "ms_first_response", "tutor_mode", "overlap_time", "school_id"], "ood_test": 0.7657909446618223, "ood_test_conf": [0.7582723473684105, 0.7731858221968835], "validation": 0.8242459292219526, "validation_conf": [0.823288740890707, 0.82520003907091]}