{"validation": 0.6955780435449249, "id_test": 0.6957516359911929, "ood_test": 0.45422842197035745, "ood_validation": 0.4375, "train": 0.6955851766442988, "id_test_conf": [0.6935119035092201, 0.6979844063333129], "id_test_balanced": 0.5000201463699341, "id_test_balanced_conf": [0.5000047369629829, 0.5000355557768853], "ood_test_conf": [0.42512713770088006, 0.48356500615542697], "ood_test_balanced": 0.5, "ood_test_balanced_conf": [0.5, 0.5], "features": ["Average_confidence(FRUSTRATED)", "skill_id", "ms_first_response", "school_id"]}