{"id_test": 0.68072853381936, "id_test_conf": [0.678423463208475, 0.6830269717612469], "id_test_balanced": 0.546187162399292, "id_test_balanced_conf": [0.5450471696886234, 0.5473271551099606], "ood_test": 0.6225579955474174, "ood_test_conf": [0.6190984322657587, 0.6260081896476939], "ood_test_balanced": 0.5450906157493591, "ood_test_balanced_conf": [0.5434695135313086, 0.5467117179674097], "validation": 0.6799860772711451, "validation_conf": [0.677679597193679, 0.6822859518930595], "validation_balanced": 0.5484153628349304, "validation_balanced_conf": [0.5472657991363667, 0.5495649265334941], "features": ["ENG", "WKW", "WRK", "AGEP", "DIVISION"]}