{"id_test": 0.6663832618660358, "id_test_conf": [0.6607284567001956, 0.6720023109179396], "id_test_balanced": 0.6311490535736084, "id_test_balanced_conf": [0.6273758950131014, 0.6349222121341154], "ood_test": 0.5963784798947981, "ood_test_conf": [0.5950417053442831, 0.5977141776871254], "ood_test_balanced": 0.6229554414749146, "ood_test_balanced_conf": [0.6220734677871224, 0.6238374151627067], "validation": 0.6585338804480426, "validation_conf": [0.6528476798230357, 0.6641860113848553], "validation_balanced": 0.6233210563659668, "validation_balanced_conf": [0.6195302277803421, 0.6271118849515915], "features": ["AGEG5YR", "FRUIT_ONCE_PER_DAY", "RFBING5", "SMOKE100", "SMOKDAY2", "DIABETES", "PRACE1", "SEX", "STATE", "BMI5CAT", "IYEAR"]}