{"id_test": 0.8404130843974157, "id_test_conf": [0.8378343839751456, 0.8429666414678068], "id_test_balanced": 0.655287504196167, "id_test_balanced_conf": [0.6534633648535236, 0.6571116435388104], "ood_test": 0.8151520111297517, "ood_test_conf": [0.8116818382029909, 0.8185847147490296], "ood_test_balanced": 0.6650844216346741, "ood_test_balanced_conf": [0.6626484496006743, 0.6675203936686739], "validation": 0.8421407404581124, "validation_conf": [0.8395732372725426, 0.8446829719964508], "validation_balanced": 0.6527923345565796, "validation_balanced_conf": [0.6509761419449933, 0.6546085271681659], "features": ["HUPAC", "WIF", "NWLA", "NWLK", "OCCP", "POBP", "WKHP", "WKW", "MIL", "NATIVITY", "DEAR", "PUBCOV", "RAC1P", "SCHL", "DIVISION"]}