{"validation": 0.4290713952403173, "id_test": 0.42663867506414743, "ood_test": 0.4916614346256475, "ood_validation": 0.501412429378531, "train": 0.4293630424638357, "id_test_conf": [0.4117710327316313, 0.4416063727443907], "id_test_balanced": 0.4963493347167969, "id_test_balanced_conf": [0.4904670903459191, 0.5022315790876746], "ood_test_conf": [0.48731201153913, 0.4960118075627404], "ood_test_balanced": 0.49689939618110657, "ood_test_balanced_conf": [0.495283667689655, 0.49851512467255815], "features": ["gender", "weight", "time_in_hospital", "payer_code", "medical_specialty", "num_procedures", "number_inpatient", "diag_2", "metformin", "chlorpropamide", "rosiglitazone", "acarbose", "miglitol", "troglitazone", "examide", "glyburide-metformin", "glipizide-metformin", "glimepiride-pioglitazone", "metformin-pioglitazone", "change", "admission_source_id"]}