{"validation": 0.7612631712179223, "id_test": 0.7628404718509518, "ood_test": 0.7468087628933883, "ood_validation": 0.7479549496147007, "train": 0.7622422818032739, "id_test_conf": [0.7607353213419498, 0.7649359745268104], "id_test_balanced": 0.7060275077819824, "id_test_balanced_conf": [0.7045384041266516, 0.7075166114373133], "ood_test_conf": [0.7436994612148584, 0.7498991913382077], "ood_test_balanced": 0.7223031520843506, "ood_test_balanced_conf": [0.7201327867154032, 0.724473517453298], "features": ["COW", "FER", "HINS1", "HINS4", "NWLK", "POBP", "WKHP", "WKW", "WRK", "AGEP", "SEX", "CIT", "RAC1P", "DIVISION"]}