{"validation": 0.8271331730830377, "id_test": 0.8238032253141374, "ood_test": 0.799296206882442, "ood_validation": 0.8085067206775916, "train": 0.825737896212827, "id_test_conf": [0.8211219408010747, 0.8264605963388361], "id_test_balanced": 0.6044021844863892, "id_test_balanced_conf": [0.6027396528236568, 0.6060647161491215], "ood_test_conf": [0.795717475500346, 0.8028393583969728], "ood_test_balanced": 0.6231473088264465, "ood_test_balanced_conf": [0.6208356507960707, 0.6254589668568223], "features": ["ENG", "HUPAC", "NWLA", "OCCP", "RELP", "WKHP", "WRK", "DIS", "NATIVITY", "DEAR", "DEYE", "DREM", "SEX", "MAR", "CIT", "RAC1P", "DIVISION"]}