{"validation": 0.5977597870688699, "id_test": 0.5978855537483365, "ood_test": 0.41596769901778174, "ood_validation": 0.41662472885032537, "train": 0.5988373973596536, "id_test_conf": [0.5920138611389318, 0.6037362140430297], "id_test_balanced": 0.49993667006492615, "id_test_balanced_conf": [0.49976173877570546, 0.5001116013541469], "ood_test_conf": [0.4146257686313078, 0.4173105682245288], "ood_test_balanced": 0.5001571774482727, "ood_test_balanced_conf": [0.5001095943531982, 0.5002047605433472], "features": ["AGEG5YR", "FRUIT_ONCE_PER_DAY", "VEG_ONCE_PER_DAY", "DRNK_PER_WEEK", "RFBING5", "SMOKDAY2", "CHCSCNCR", "DIABETES", "POVERTY", "STATE", "MEDCOST", "SEX", "STATE", "PRACE1", "SEX", "BMI5CAT", "IYEAR"]}