{"id_test": 0.6676031347035339, "id_test_conf": [0.6619533486989224, 0.6732169022978228], "id_test_balanced": 0.6323649287223816, "id_test_balanced_conf": [0.6285948550747708, 0.6361350023699924], "ood_test": 0.5973290758972817, "ood_test_conf": [0.5959928068565667, 0.5986642575591764], "ood_test_balanced": 0.6241831183433533, "ood_test_balanced_conf": [0.6233028771239333, 0.6250633595627733], "validation": 0.6613064212043918, "validation_conf": [0.6556310747535499, 0.6669471018395388], "validation_balanced": 0.6268730163574219, "validation_balanced_conf": [0.6230772249866277, 0.6306688077282161], "features": ["AGEG5YR", "FRUIT_ONCE_PER_DAY", "VEG_ONCE_PER_DAY", "DRNK_PER_WEEK", "RFBING5", "SMOKDAY2", "CHCSCNCR", "DIABETES", "POVERTY", "STATE", "MEDCOST", "SEX", "STATE", "PRACE1", "SEX", "BMI5CAT", "IYEAR"]}