{"id_test": 0.738077156743621, "id_test_conf": [0.735901757954746, 0.7402438172312986], "id_test_balanced": 0.6703637838363647, "id_test_balanced_conf": [0.6688630783301778, 0.6718644893425517], "ood_test": 0.6960651289009498, "ood_test_conf": [0.6927791120240292, 0.699336155163937], "ood_test_balanced": 0.6425942182540894, "ood_test_balanced_conf": [0.6405757825635373, 0.6446126539446414], "validation": 0.7374616333892352, "validation_conf": [0.7352845984429714, 0.7396299525837694], "validation_balanced": 0.6716171503067017, "validation_balanced_conf": [0.6701145080593415, 0.6731197925540618], "features": ["COW", "FER", "HINS3", "HINS4", "WKW", "AGEP", "SEX", "ST", "MAR", "DIVISION"]}