{"id_test": 0.6144985465116279, "id_test_conf": [0.6087181432959536, 0.6202547663115503], "id_test_balanced": 0.5312743186950684, "id_test_balanced_conf": [0.5288230996159836, 0.5337255377741531], "ood_test": 0.4674285801769803, "ood_test_conf": [0.4660750082018156, 0.46878251330779663], "ood_test_balanced": 0.5309250950813293, "ood_test_balanced_conf": [0.5303077430312988, 0.5315424471313599], "validation": 0.6172462662160689, "validation_conf": [0.6114732004415557, 0.6229945671841964], "validation_balanced": 0.5336716175079346, "validation_balanced_conf": [0.5312429064279423, 0.5361003285879269], "features": ["FRUIT_ONCE_PER_DAY", "SMOKE100", "SMOKDAY2", "STATE", "IYEAR", "STATE", "PRACE1", "BMI5CAT"]}