{"validation": 0.784462669310537, "id_test": 0.7832849423501643, "ood_test": 0.3843426334277648, "ood_validation": 0.38076059685725605, "train": 0.783259852295751, "id_test_conf": [0.7821411950873813, 0.7844254112896697], "id_test_balanced": 0.5328728556632996, "id_test_balanced_conf": [0.5324646601942368, 0.5332810511323623], "ood_test_conf": [0.38328820916954953, 0.3853978768917353], "ood_test_balanced": 0.5129032135009766, "ood_test_balanced_conf": [0.5126499024213991, 0.513156524580554], "features": ["ESP", "ANC", "DEAR", "DEYE", "ESR", "AGEP", "ST", "CIT", "DIVISION", "ACS_YEAR", "DIS"]}