{"id_test": 0.784790587521117, "id_test_conf": [0.7836497100245818, 0.7859281692605931], "id_test_balanced": 0.5441590547561646, "id_test_balanced_conf": [0.5436861359264004, 0.5446319735859287], "ood_test": 0.3962197249708697, "ood_test_conf": [0.3951594687065134, 0.3972807163119873], "ood_test_balanced": 0.5201444625854492, "ood_test_balanced_conf": [0.51982726776856, 0.5204616574023384], "validation": 0.7862179275970933, "validation_conf": [0.7850797903560289, 0.7873527525471792], "validation_balanced": 0.545058012008667, "validation_balanced_conf": [0.5445839226746466, 0.5455321013426874], "features": ["ESP", "ANC", "DEAR", "DEYE", "ESR", "AGEP", "ST", "CIT", "DIVISION", "ACS_YEAR", "DIS"]}