{"validation": 0.7482264341992849, "id_test": 0.748993772782503, "ood_test": 0.7280631265560986, "ood_validation": 0.7299347954949614, "train": 0.7490979912555977, "id_test_conf": [0.7468481941972143, 0.751130212139179], "id_test_balanced": 0.6830267906188965, "id_test_balanced_conf": [0.6815368850459345, 0.6845166961918585], "ood_test_conf": [0.724882568366395, 0.7312262460882388], "ood_test_balanced": 0.7108973264694214, "ood_test_balanced_conf": [0.7086564888665453, 0.7131381640722975], "features": ["FER", "HINS2", "HINS3", "NWLK", "POBP", "RELP", "WRK", "AGEP", "SCHL", "ACS_YEAR", "DIVISION"]}