{"validation": 0.7904376166819606, "id_test": 0.7916983090319968, "ood_test": 0.7820473976103595, "ood_validation": 0.7719027860106699, "train": 0.7909617972301746, "id_test_conf": [0.7896875264779102, 0.7936983834834939], "id_test_balanced": 0.7319453954696655, "id_test_balanced_conf": [0.7305146588454954, 0.7333761320938357], "ood_test_conf": [0.7790931327312434, 0.7849800913617435], "ood_test_balanced": 0.7594629526138306, "ood_test_balanced_conf": [0.7573863047081977, 0.7615396005194635], "features": ["COW", "FER", "HINS1", "HINS2", "HINS4", "OCCP", "POBP", "WKHP", "WKW", "SEX", "RAC1P", "SCHL", "DIVISION"]}