{"validation": 0.7991329937031294, "id_test": 0.7985140745240988, "ood_test": 0.7949440792507014, "ood_validation": 0.7926496739774748, "train": 0.7985077401487038, "id_test_conf": [0.7965277381001654, 0.8004894523575452], "id_test_balanced": 0.7588353753089905, "id_test_balanced_conf": [0.7573947077523917, 0.7602760428655893], "ood_test_conf": [0.7920541419133349, 0.7978114576084125], "ood_test_balanced": 0.7822468876838684, "ood_test_balanced_conf": [0.7801945416815579, 0.7842992336861789], "features": ["COW", "FER", "HINS1", "HINS2", "HINS4", "OCCP", "POBP", "WKHP", "WKW", "SEX", "RAC1P", "SCHL", "DIVISION"]}