{"id_test": 0.9879034557481752, "id_test_conf": [0.9873176559448364, 0.9884689578189207], "id_test_balanced": 0.5005788207054138, "id_test_balanced_conf": [0.5004882027510029, 0.5006694386598247], "ood_test": 0.9242273180458624, "ood_test_conf": [0.9227996391242655, 0.9256366622778522], "ood_test_balanced": 0.5000410676002502, "ood_test_balanced_conf": [0.5000124903680262, 0.5000696448324743], "validation": 0.9886589634107223, "validation_conf": [0.9880910811249181, 0.9892065110282448], "validation_balanced": 0.5006116628646851, "validation_balanced_conf": [0.5005175452482945, 0.5007057804810756], "features": ["HR", "SBP", "MAP", "Resp", "BaseExcess", "HCO3", "FiO2", "pH", "PaCO2", "SaO2", "Calcium", "Creatinine", "Lactate", "Magnesium", "Phosphate", "Hgb", "Gender", "Unit1", "set", "ICULOS"]}