{"validation": 0.8062323631379505, "id_test": 0.8034120502132531, "ood_test": 0.5961754780652418, "ood_validation": 0.5858585858585859, "train": 0.8046369829879868, "id_test_conf": [0.8011892143969618, 0.8056206915229768], "id_test_balanced": 0.7065275311470032, "id_test_balanced_conf": [0.7050285775610245, 0.7080264847329818], "ood_test_conf": [0.5630842972093076, 0.6286271142050096], "ood_test_balanced": 0.6183382868766785, "ood_test_balanced_conf": [0.6003645730763674, 0.6363120006769896], "features": ["Average_confidence(CONCENTRATING)", "Average_confidence(CONFUSED)", "skill_id", "problem_type", "bottom_hint", "ms_first_response", "school_id"]}