{"id_test": 0.8526013657875854, "id_test_conf": [0.850616204135588, 0.8545700269034968], "id_test_balanced": 0.760442316532135, "id_test_balanced_conf": [0.7590463480399922, 0.7618382850242779], "ood_test": 0.5849268841394826, "ood_test_conf": [0.5517373439293816, 0.61755173273944], "ood_test_balanced": 0.6140167117118835, "ood_test_balanced_conf": [0.6002264117822051, 0.6278070116415619], "validation": 0.8550350721599613, "validation_conf": [0.8530634096701014, 0.8569901197800817], "validation_balanced": 0.7630276679992676, "validation_balanced_conf": [0.7616321144415997, 0.7644232215569354], "features": ["Average_confidence(CONCENTRATING)", "Average_confidence(CONFUSED)", "skill_id", "problem_type", "bottom_hint", "ms_first_response", "school_id"]}