{"validation": 0.8359026042086593, "id_test": 0.8329449895590618, "ood_test": 0.46569178852643417, "ood_validation": 0.45454545454545453, "train": 0.8334566233975651, "id_test_conf": [0.8308572116252404, 0.8350171888957014], "id_test_balanced": 0.7271296381950378, "id_test_balanced_conf": [0.7257430781167932, 0.7285161982732825], "ood_test_conf": [0.43249963144361286, 0.4991120046862623], "ood_test_balanced": 0.5031380653381348, "ood_test_balanced_conf": [0.5005423637246713, 0.5057337669515982], "features": ["Average_confidence(CONCENTRATING)", "Average_confidence(CONFUSED)", "skill_id", "problem_type", "bottom_hint", "ms_first_response", "school_id"]}