{"validation": 0.7776500344906875, "id_test": 0.7742528735632184, "ood_test": 0.6801846356742499, "ood_validation": 0.6778295888088173, "train": 0.767961834693643, "id_test_conf": [0.7615321781491537, 0.7866042802933626], "id_test_balanced": 0.6238638162612915, "id_test_balanced_conf": [0.6172837874107063, 0.6304438451118767], "ood_test_conf": [0.6738630017692727, 0.6864569014819147], "ood_test_balanced": 0.6074258685112, "ood_test_balanced_conf": [0.6045701952185482, 0.6102815418038517], "features": ["VCF0901b", "VCF0224", "VCF0301", "VCF0302", "VCF9010", "VCF9203", "VCF9205", "VCF9206", "VCF0521", "VCF0429", "VCF0875", "VCF0809", "VCF0839", "VCF0870", "VCF0843", "VCF0838", "VCF9239", "VCF0846", "VCF0601", "VCF0606", "VCF0310", "VCF0717", "VCF0718", "VCF0720", "VCF0724", "VCF0725", "VCF0726", "VCF0104", "VCF0140a", "VCF0112"]}