{"id_test": 0.6681576223569422, "id_test_conf": [0.66251013179962, 0.6737689752771483], "id_test_balanced": 0.633793294429779, "id_test_balanced_conf": [0.6300119179533794, 0.6375746709061787], "ood_test": 0.5983259483785879, "ood_test_conf": [0.5969902150555704, 0.5996605831851112], "ood_test_balanced": 0.6255648136138916, "ood_test_balanced_conf": [0.6246868420415558, 0.6264427851862274], "validation": 0.6637832242800635, "validation_conf": [0.6581177568665514, 0.669413493322792], "validation_balanced": 0.6292604207992554, "validation_balanced_conf": [0.625471863457933, 0.6330489781405777], "features": ["AGEG5YR", "SMOKDAY2", "CHCOCNCR", "DIABETES", "EMPLOY1", "IYEAR", "STATE", "MEDCOST", "PRACE1", "SEX", "STATE", "MEDCOST", "PRACE1", "SEX", "BMI5CAT"]}