{"validation": 0.40220324572104543, "id_test": 0.40196658287742126, "ood_test": 0.584308031668537, "ood_validation": 0.5834793926247288, "train": 0.4012411568728022, "id_test_conf": [0.3961162904719204, 0.4078379393737894], "id_test_balanced": 0.5, "id_test_balanced_conf": [0.5, 0.5], "ood_test_conf": [0.5829652890767173, 0.5856498323595016], "ood_test_balanced": 0.50002521276474, "ood_test_balanced_conf": [0.5000105245579652, 0.5000399009715147], "features": ["AGEG5YR", "SMOKDAY2", "CHCOCNCR", "DIABETES", "EMPLOY1", "IYEAR", "STATE", "MEDCOST", "PRACE1", "SEX", "STATE", "MEDCOST", "PRACE1", "SEX", "BMI5CAT"]}