{"id_test": 0.8765574545483682, "id_test_conf": [0.8747197151252574, 0.8783776778601953], "id_test_balanced": 0.5437682271003723, "id_test_balanced_conf": [0.5428921082441229, 0.5446443459566217], "ood_test": 0.8277098396947619, "ood_test_conf": [0.8261153015392775, 0.8292956302444057], "ood_test_balanced": 0.544622540473938, "ood_test_balanced_conf": [0.54392193576321, 0.545323145184666], "validation": 0.8750751183865773, "validation_conf": [0.8732280420519025, 0.8769047478213018], "validation_balanced": 0.543164074420929, "validation_balanced_conf": [0.5422882366750855, 0.5440399121667724], "features": ["HIGH_BLOOD_PRESS", "CHOL_CHK_PAST_5_YEARS", "TOLDHI", "BMI5", "BMI5CAT", "SMOKDAY2", "CVDSTRK3", "VEG_ONCE_PER_DAY", "DRNK_PER_WEEK", "RFBING5", "MARITAL", "EDUCA", "HEALTH_COV", "STATE", "PRACE1", "SEX", "IYEAR", "STATE", "MEDCOST", "PRACE1", "PRACE1"]}