{"id_test": 0.6565682281059063, "id_test_conf": [0.6509210059626018, 0.6621823488665585], "id_test_balanced": 0.621881365776062, "id_test_balanced_conf": [0.6180949936574325, 0.6256677378946915], "ood_test": 0.5925968836181027, "ood_test_conf": [0.5912682241419034, 0.5939245240883321], "ood_test_balanced": 0.6196765899658203, "ood_test_balanced_conf": [0.6188020835013595, 0.6205510964302812], "validation": 0.6579741771231133, "validation_conf": [0.652332209166549, 0.6635827450965457], "validation_balanced": 0.6228718757629395, "validation_balanced_conf": [0.619090952440165, 0.6266527990857139], "features": ["AGEG5YR", "VEG_ONCE_PER_DAY", "SMOKE100", "SMOKDAY2", "DIABETES", "POVERTY", "IYEAR", "STATE", "BMI5CAT"]}