{"id_test": 0.6550771021239453, "id_test_conf": [0.6494242575985922, 0.660697160661817], "id_test_balanced": 0.6194387078285217, "id_test_balanced_conf": [0.615662260595709, 0.6232151550613344], "ood_test": 0.5897650178154937, "ood_test_conf": [0.5884349552027821, 0.5910940925872192], "ood_test_balanced": 0.6175073385238647, "ood_test_balanced_conf": [0.616634452037979, 0.6183802250097505], "validation": 0.6567375886524822, "validation_conf": [0.6510909056624562, 0.6623511332295888], "validation_balanced": 0.620328426361084, "validation_balanced_conf": [0.6165630337037146, 0.6240938190184534], "features": ["AGEG5YR", "VEG_ONCE_PER_DAY", "SMOKE100", "SMOKDAY2", "DIABETES", "POVERTY", "IYEAR", "STATE", "BMI5CAT"]}