{"id_test": 0.8087248322147651, "id_test_conf": [0.7594005662417408, 0.8517907290851155], "id_test_balanced": 0.728840708732605, "id_test_balanced_conf": [0.6956367580592633, 0.7620446594059467], "ood_test": 0.7112139357648339, "ood_test_conf": [0.706295625378381, 0.7160951204894574], "ood_test_balanced": 0.7187949419021606, "ood_test_balanced_conf": [0.715516002131626, 0.7220738816726953], "validation": 0.8053691275167785, "validation_conf": [0.7557862046986504, 0.8487635463909062], "validation_balanced": 0.7270805835723877, "validation_balanced_conf": [0.6943476425111293, 0.759813524633646], "features": ["LIVING_QUARTERS_TYPE", "MARITAL_STATUS", "HOUSEHOLD_INC", "SEVERANCE_PAY_PENSION", "ALIMONY_AMT", "UNEMPLOYMENT_COMP_AMOUNT", "DISABILITY_BENEFITS_AMOUNT", "AGE", "WIC_ASSISTANCE", "HEALTHDISAB", "DAYS_SICK", "HOSPITAL_NIGHTS", "PRESCRIPTION_MEDS", "TRANSPORTATION_ASSISTANCE", "VISIT_DOCTOR_NUM", "HEALTH_MEDICAL_CARE_PAY", "HEALTH_SELF_CARE", "HEALTH_ERRANDS_DIFFICULTY", "HEALTH_SUPPLEMENTAL_DISABILITY", "HEALTH_INSURANCE_PREMIUMS", "SOCIAL_SEC_BENEFITS", "CITIZENSHIP_STATUS"]}