{"id_test": 0.8183908045977012, "id_test_conf": [0.8066068617939789, 0.8297455916627848], "id_test_balanced": 0.7453640103340149, "id_test_balanced_conf": [0.7370222945138812, 0.7537057261541485], "ood_test": 0.7761763459092836, "ood_test_conf": [0.7705086319227319, 0.7817683469568479], "ood_test_balanced": 0.7391937971115112, "ood_test_balanced_conf": [0.7354555135825649, 0.7429320806404576], "validation": 0.8199586111749828, "validation_conf": [0.8082108252399002, 0.8312750094046708], "validation_balanced": 0.7488604187965393, "validation_balanced_conf": [0.7405401148274541, 0.7571807227656245], "features": ["VCF0901b", "VCF0218", "VCF0301", "VCF0302", "VCF9008", "VCF9011", "VCF9205", "VCF0521", "VCF0523", "VCF0809", "VCF0843", "VCF9045", "VCF0846", "VCF0606", "VCF0615", "VCF0310", "VCF0743", "VCF0720", "VCF0721", "VCF0701", "VCF0724", "VCF0104", "VCF0105a", "VCF0112"]}