{"validation": 0.9083400872216433, "id_test": 0.9104627378333526, "ood_test": 0.8803738317757009, "ood_validation": 0.8333333333333334, "train": 0.9077936174831753, "id_test_conf": [0.9069207678947874, 0.9139123405395632], "id_test_balanced": 0.8620054125785828, "id_test_balanced_conf": [0.8592750634159892, 0.8647357617411763], "ood_test_conf": [0.8498189586813774, 0.9066430442794864], "ood_test_balanced": 0.8324607610702515, "ood_test_balanced_conf": [0.8124617891758681, 0.8524597329646348], "features": ["Average_confidence(CONCENTRATING)", "attempt_count", "bottom_hint", "position", "type", "first_action", "school_id"]}