{"validation": 0.7302154858715945, "id_test": 0.7291856520858647, "ood_test": 0.6892413484211775, "ood_validation": 0.6847658565500889, "train": 0.7302960234091145, "id_test_conf": [0.7269872455848119, 0.7313756468081478], "id_test_balanced": 0.6435276865959167, "id_test_balanced_conf": [0.6420806209254079, 0.6449747522664256], "ood_test_conf": [0.6859353239250183, 0.692532904268201], "ood_test_balanced": 0.6348792910575867, "ood_test_balanced_conf": [0.6328619020013139, 0.6368966801138595], "features": ["ENG", "HINS3", "NWLA", "RELP", "WKW", "WRK", "SEX", "ST", "MAR", "CIT", "ACS_YEAR", "DIVISION"]}