{"validation": 0.8052425845021844, "id_test": 0.7963218390804597, "ood_test": 0.7491875088314257, "ood_validation": 0.7486222975837219, "train": 0.7988849293022187, "id_test_conf": [0.7840417859124145, 0.8082027047758875], "id_test_balanced": 0.7101725339889526, "id_test_balanced_conf": [0.7017409212514758, 0.7186041467264295], "ood_test_conf": [0.7432992240169565, 0.7550074941204639], "ood_test_balanced": 0.7059369683265686, "ood_test_balanced_conf": [0.702190061188303, 0.7096838754648342], "features": ["VCF0901b", "VCF0224", "VCF0301", "VCF0302", "VCF9008", "VCF9011", "VCF9201", "VCF9203", "VCF0523", "VCF0428", "VCF0875", "VCF0843", "VCF0838", "VCF0803", "VCF0846", "VCF0601", "VCF0612", "VCF0310", "VCF0717", "VCF0721", "VCF0724", "VCF0726", "VCF0745", "VCF0104", "VCF0112"]}