{"validation": 0.8036330190848471, "id_test": 0.7905747126436782, "ood_test": 0.7355753379492251, "ood_validation": 0.7388724035608308, "train": 0.7925336245545465, "id_test_conf": [0.7781748342663142, 0.8025831956258167], "id_test_balanced": 0.6807531714439392, "id_test_balanced_conf": [0.672765808980912, 0.6887405339069664], "ood_test_conf": [0.7295874367800431, 0.7414986764016276], "ood_test_balanced": 0.6831376552581787, "ood_test_balanced_conf": [0.6795861075306311, 0.6866892029857263], "features": ["VCF0901b", "VCF0224", "VCF0301", "VCF0302", "VCF9008", "VCF9011", "VCF9201", "VCF9203", "VCF0523", "VCF0428", "VCF0875", "VCF0843", "VCF0838", "VCF0803", "VCF0846", "VCF0601", "VCF0612", "VCF0310", "VCF0717", "VCF0721", "VCF0724", "VCF0726", "VCF0745", "VCF0104", "VCF0112"]}