{"validation": 0.8863636363636364, "id_test": 0.8845779220779221, "ood_test": 0.7004437869822485, "ood_validation": 0.6490066225165563, "train": 0.8861155079345753, "id_test_conf": [0.8788039869346382, 0.8901694645421442], "id_test_balanced": 0.5462328791618347, "id_test_balanced_conf": [0.5436700816126541, 0.5487956767110154], "ood_test_conf": [0.6752405533390422, 0.7247726460812383], "ood_test_balanced": 0.5178571343421936, "ood_test_balanced_conf": [0.5129110492300242, 0.522803219454363], "features": ["STABBR", "CONTROL", "locale2", "ADM_RATE_ALL", "SATVRMID", "ACTENMID", "ACTWRMID", "PCIP04", "PCIP10", "PCIP11", "PCIP15", "PCIP19", "PCIP29", "PCIP30", "PCIP38", "PCIP39", "PCIP40", "PCIP43", "PCIP45", "PCIP46", "PCIP47", "PCIP48", "PCIP51", "UGDS", "UGDS_WHITE", "UGDS_HISP", "UGDS_AIAN", "UGDS_2MOR", "UGDS_NRA", "UGDS_UNKN", "UGDS_BLACKNH", "UGDS_AIANOld", "UGDS_HISPOld", "UG_NRA", "UG_UNKN", "UG_BLACKNH", "UG_API", "UG_AIANOld", "PPTUG_EF", "PPTUG_EF2", "TUITIONFEE_IN", "TUITIONFEE_PROG", "age_entry_sq", "married", "dependent", "first_gen", "faminc", "md_faminc", "pct_asian", "pct_hispanic", "pct_grad_prof", "poverty_rate", "CCBASIC"]}