{"validation": 0.8245767993183003, "id_test": 0.8219845347713283, "ood_test": 0.7966160644870903, "ood_validation": 0.8031670042349475, "train": 0.8231306576282396, "id_test_conf": [0.8192925659164678, 0.8246527247529191], "id_test_balanced": 0.5690711736679077, "id_test_balanced_conf": [0.5676920536602847, 0.5704502936755307], "ood_test_conf": [0.793019862123834, 0.8001770062554773], "ood_test_balanced": 0.5909579396247864, "ood_test_balanced_conf": [0.588907574173063, 0.5930083050765097], "features": ["HUPAC", "NWLA", "POBP", "WKHP", "WKW", "WRK", "MIL", "ANC", "DREM", "AGEP", "ST", "MAR", "CIT", "RAC1P", "DIVISION"]}