{"validation": 0.6548371594395771, "id_test": 0.6582507762827148, "ood_test": 0.5716051382316986, "ood_validation": 0.5733275488069415, "train": 0.6549020151471043, "id_test_conf": [0.6525635852091553, 0.6639039597975199], "id_test_balanced": 0.6038928031921387, "id_test_balanced_conf": [0.6004976580385119, 0.6072879483457655], "ood_test_conf": [0.5702570091903383, 0.5729524672937574], "ood_test_balanced": 0.610521137714386, "ood_test_balanced_conf": [0.609694505983498, 0.611347769445274], "features": ["AGEG5YR", "RFBING5", "TOTINDA", "CHCOCNCR", "DIABETES", "POVERTY", "PRACE1", "SEX", "STATE", "BMI5CAT", "IYEAR"]}