{"id_test": 0.9879034557481752, "id_test_conf": [0.9873176559448364, 0.9884689578189207], "id_test_balanced": 0.5005788207054138, "id_test_balanced_conf": [0.5004882027438725, 0.5006694386669551], "ood_test": 0.9242273180458624, "ood_test_conf": [0.9227996391242655, 0.9256366622778522], "ood_test_balanced": 0.5000861287117004, "ood_test_balanced_conf": [0.500046433885218, 0.5001258235381829], "validation": 0.9886660916549644, "validation_conf": [0.9880983813408191, 0.989213466951088], "validation_balanced": 0.5009265542030334, "validation_balanced_conf": [0.5008118562801974, 0.5010412521258695], "features": ["HR", "O2Sat", "SBP", "MAP", "DBP", "Resp", "BaseExcess", "FiO2", "PaCO2", "AST", "Calcium", "Chloride", "Creatinine", "Glucose", "Phosphate", "Bilirubin_total", "TroponinI", "Hct", "PTT", "Age", "Gender", "Unit1", "HospAdmTime", "set", "ICULOS"]}