{"validation": 0.8748495983870443, "id_test": 0.8740122272446424, "ood_test": 0.8281194320973762, "ood_validation": 0.8255970968014178, "train": 0.8746584203139942, "id_test_conf": [0.8721449080090173, 0.8758618943920473], "id_test_balanced": 0.5495665073394775, "id_test_balanced_conf": [0.5486054663872346, 0.5505275482917205], "ood_test_conf": [0.826511463451067, 0.8297184778862815], "ood_test_balanced": 0.5482490062713623, "ood_test_balanced_conf": [0.5475034761475399, 0.5489945363951847], "features": ["HIGH_BLOOD_PRESS", "CHOL_CHK_PAST_5_YEARS", "TOLDHI", "BMI5", "BMI5CAT", "SMOKE100", "VEG_ONCE_PER_DAY", "INCOME", "MARITAL", "EDUCA", "HEALTH_COV", "MENTHLTH", "SEX", "IYEAR", "STATE", "MEDCOST", "PRACE1"]}