{"id_test": 0.754765340218712, "id_test_conf": [0.7526362509104314, 0.7568850783118382], "id_test_balanced": 0.701414942741394, "id_test_balanced_conf": [0.6999061745917424, 0.7029237108910457], "ood_test": 0.7183280420492418, "ood_test_conf": [0.7151133082534887, 0.7215260820679044], "ood_test_balanced": 0.6758947372436523, "ood_test_balanced_conf": [0.6737854933086783, 0.6780039811786264], "validation": 0.7568838401417587, "validation_conf": [0.7547609253371513, 0.7589973258567921], "validation_balanced": 0.7046559453010559, "validation_balanced_conf": [0.703151392324362, 0.7061604982777498], "features": ["COW", "ENG", "FER", "HINS1", "HINS2", "HINS3", "POBP", "RELP", "WKW", "WRK", "SEX", "ST", "CIT", "RAC1P", "ACS_YEAR", "DIVISION"]}