{"validation": 0.915379914709848, "id_test": 0.9159436292980858, "ood_test": 0.8809390721073225, "ood_validation": 0.8943965517241379, "train": 0.916176609121255, "id_test_conf": [0.9152447454667758, 0.9166385623820997], "id_test_balanced": 0.8696966171264648, "id_test_balanced_conf": [0.8691457255545538, 0.8702475086983759], "ood_test_conf": [0.8751382457754306, 0.8865621955270485], "ood_test_balanced": 0.8459138870239258, "ood_test_balanced_conf": [0.8418695319909603, 0.8499582420568913], "features": ["Average_confidence(BORED)", "Average_confidence(CONFUSED)", "attempt_count", "hint_count", "tutor_mode", "position", "first_action", "school_id"]}