{"validation": 0.919403591491955, "id_test": 0.9199804059057517, "ood_test": 0.8809390721073225, "ood_validation": 0.8943965517241379, "train": 0.9202695009317852, "id_test_conf": [0.919296928108637, 0.9206598944723596], "id_test_balanced": 0.8760948181152344, "id_test_balanced_conf": [0.8755528280115686, 0.8766368082189001], "ood_test_conf": [0.8751382457754306, 0.8865621955270485], "ood_test_balanced": 0.8459138870239258, "ood_test_balanced_conf": [0.8418695319909603, 0.8499582420568913], "features": ["Average_confidence(BORED)", "Average_confidence(CONFUSED)", "attempt_count", "hint_count", "tutor_mode", "position", "first_action", "school_id"]}