{"validation": 0.7589785779831029, "id_test": 0.7573347002835156, "ood_test": 0.7445166049716115, "ood_validation": 0.7366923532898637, "train": 0.7603049703232992, "id_test_conf": [0.7552131167406394, 0.7594468382357527], "id_test_balanced": 0.7096136808395386, "id_test_balanced_conf": [0.7081006460636854, 0.7111267156153918], "ood_test_conf": [0.741398193089791, 0.7476163190547385], "ood_test_balanced": 0.7212353944778442, "ood_test_balanced_conf": [0.7190541057335212, 0.7234166832221672], "features": ["COW", "ENG", "HINS2", "HINS3", "HINS4", "NWLA", "OCCP", "POBP", "WKW", "ST", "ACS_YEAR", "DIVISION"]}