{"validation": 0.7267917602759232, "id_test": 0.729293236127987, "ood_test": 0.7019140835978975, "ood_validation": 0.7008891523414345, "train": 0.7275035736237692, "id_test_conf": [0.7270951013042337, 0.7314829552223143], "id_test_balanced": 0.6458393931388855, "id_test_balanced_conf": [0.6443829760979861, 0.6472958101797849], "ood_test_conf": [0.6986458928644634, 0.7051668362943175], "ood_test_balanced": 0.6536343097686768, "ood_test_balanced_conf": [0.6515577093232423, 0.6557109102141112], "features": ["ENG", "HINS2", "HINS3", "NWLA", "NWLK", "WKHP", "WKW", "WRK", "CIT", "RAC1P", "ACS_YEAR", "DIVISION"]}