{"validation": 0.7800275968936521, "id_test": 0.779341110503173, "ood_test": 0.3695360060253559, "ood_validation": 0.36624631365817156, "train": 0.7791352958840052, "id_test_conf": [0.778189952240032, 0.7804890361073927], "id_test_balanced": 0.5139037370681763, "id_test_balanced_conf": [0.5136342747753951, 0.5141731993609574], "ood_test_conf": [0.3684897837133626, 0.3705831524245852], "ood_test_balanced": 0.5035499930381775, "ood_test_balanced_conf": [0.5034112335220562, 0.5036887525542988], "features": ["ESP", "MIG", "DEAR", "ESR", "FER", "SEX", "RAC1P", "DIS"]}