{"validation": 0.7798219181638281, "id_test": 0.7791613915835633, "ood_test": 0.36963015221115153, "ood_validation": 0.3662793256745455, "train": 0.7789263722749136, "id_test_conf": [0.7780098992238663, 0.7803096533652071], "id_test_balanced": 0.5148389935493469, "id_test_balanced_conf": [0.5145562734897249, 0.515121713608969], "ood_test_conf": [0.3685838744380651, 0.37067735340457114], "ood_test_balanced": 0.5034849643707275, "ood_test_balanced_conf": [0.503341427318228, 0.5036285014232271], "features": ["ESP", "MIG", "DEAR", "ESR", "FER", "SEX", "RAC1P", "DIS"]}