{"validation": 0.8323858216643137, "id_test": 0.8268301368469247, "ood_test": 0.7966160644870903, "ood_validation": 0.7958018781071626, "train": 0.8285311390135099, "id_test_conf": [0.8241668670123589, 0.8294692691286457], "id_test_balanced": 0.636763870716095, "id_test_balanced_conf": [0.6349359890911728, 0.6385917523410172], "ood_test_conf": [0.793019862123834, 0.8001770062554773], "ood_test_balanced": 0.6501972675323486, "ood_test_balanced_conf": [0.6476964974962175, 0.6526980375684798], "features": ["ENG", "WIF", "NWLA", "NWLK", "RELP", "WRK", "MIL", "ANC", "NATIVITY", "DEAR", "DEYE", "DREM", "PUBCOV", "SEX", "CIT", "RAC1P", "SCHL", "DIVISION"]}