{"id_test": 0.7808070068853787, "id_test_conf": [0.7787589232753198, 0.7828447826032353], "id_test_balanced": 0.7258216142654419, "id_test_balanced_conf": [0.7243611820461229, 0.7272820464847609], "ood_test": 0.7549103555479443, "ood_test_conf": [0.7518341714079997, 0.7579670463342953], "ood_test_balanced": 0.7209587097167969, "ood_test_balanced_conf": [0.7188634658558294, 0.7230539535777644], "validation": 0.7800525266588615, "validation_conf": [0.7780019303489413, 0.7820928427330102], "validation_balanced": 0.7262355089187622, "validation_balanced_conf": [0.724774616130162, 0.7276964017073624], "features": ["COW", "HINS2", "HINS3", "NWLK", "OCCP", "POBP", "RELP", "SEX", "ST", "MAR", "ACS_YEAR", "DIVISION"]}