{"id_test": 0.8791946308724832, "id_test_conf": [0.836693836583857, 0.913937390595699], "id_test_balanced": 0.8194049596786499, "id_test_balanced_conf": [0.7901161504536867, 0.8486937689036131], "ood_test": 0.7759632250650215, "ood_test_conf": [0.7714299232467747, 0.7804480028636192], "ood_test_balanced": 0.7753075361251831, "ood_test_balanced_conf": [0.772127570034936, 0.7784875022154302], "validation": 0.8456375838926175, "validation_conf": [0.7995231772926141, 0.8847174565229574], "validation_balanced": 0.802125096321106, "validation_balanced_conf": [0.7711585398763419, 0.83309165276587], "features": ["FAMILY_SIZE_AVG", "ORIGIN", "HOUSEHOLD_INC", "UNEMPLOYMENT_COMP", "SEVERANCE_PAY_PENSION", "FOSTER_CHILD_CARE_AMT", "INCOME_FROM_ASSISTANCE", "SAVINGS_INV_AMOUNT", "DISABILITY_BENEFITS_AMOUNT", "GENDER", "AGE", "LIVING_OWNERSHIP", "WIC_ASSISTANCE", "MEDICAID_ASSISTANCE", "HEALTHDISAB", "DAYS_SICK", "HOSPITAL_NIGHTS", "TRANSPORTATION_ASSISTANCE", "HEALTH_OVER_THE_COUNTER_PRODUCTS_PAY", "HEALTH_MEDICAL_CARE_PAY", "HEALTH_HEARING", "HEALTH_SEEING", "HEALTH_COGNITIVE", "HEALTH_SELF_CARE", "HEALTH_SUPPLEMENTAL_DISABILITY", "SOCIAL_SEC_BENEFITS", "CITIZENSHIP_STATUS"]}