{"validation": 0.9710096427951712, "id_test": 0.970253772503331, "ood_test": 0.9588413981944979, "ood_validation": 0.9585808580858086, "15": 0.9637353340250618, "16": 0.9577061781487564, "17": 0.9627834742908465, "18": 0.9638006653900121, "19": 0.9744171136374298, "20": 0.9776349623197734, "21": 0.9829389610716412, "22": 0.9863126589988892, "23": 0.9857341104635027, "id_test_conf": [0.9694132785188874, 0.9710773138028591], "id_test_balanced": 0.6805046796798706, "id_test_balanced_conf": [0.6793053475744091, 0.6817040117853321], "ood_test_conf": [0.9578675786288721, 0.9597989156558027], "ood_test_balanced": 0.6935749650001526, "ood_test_balanced_conf": [0.6923632201133296, 0.6947867098869756], "features": ["ENG", "POBP", "RELP", "WKHP", "WKW", "WRK", "OCCP", "DIS", "ESP", "MIG", "MIL", "ANC", "NATIVITY", "DEAR", "DEYE", "DREM", "DPHY", "FER", "AGEP", "SEX", "ST", "MAR", "CIT", "RAC1P", "SCHL", "DIVISION", "ACS_YEAR"]}