{"validation": 0.907209786569495, "id_test": 0.9053388281225793, "ood_test": 0.8915415222692851, "ood_validation": 0.8883938393839383, "15": 0.8983446404341927, "16": 0.8961278634678225, "17": 0.8736153731008158, "18": 0.8746260490482451, "19": 0.9178173231794086, "20": 0.9268342789055786, "21": 0.9395314505238259, "22": 0.9491203554408972, "23": 0.9559256175409381, "id_test_conf": [0.9039000871911721, 0.9067629867350115], "id_test_balanced": 0.9369566440582275, "id_test_balanced_conf": [0.9361263220116962, 0.9377869661047589], "ood_test_conf": [0.8900247619291956, 0.8930443926115499], "ood_test_balanced": 0.9307070970535278, "ood_test_balanced_conf": [0.9298499221750535, 0.9315642719320022], "features": ["ENG", "POBP", "RELP", "WKHP", "WKW", "WRK", "OCCP", "DIS", "ESP", "MIG", "MIL", "ANC", "NATIVITY", "DEAR", "DEYE", "DREM", "DPHY", "FER", "AGEP", "SEX", "ST", "MAR", "CIT", "RAC1P", "SCHL", "DIVISION", "ACS_YEAR"]}