{"validation": 0.8977529064723234, "id_test": 0.8962910172590091, "ood_test": 0.88544779996455, "ood_validation": 0.8820682068206821, "15": 0.8905962167770772, "16": 0.8844454226842524, "17": 0.8603959284484695, "18": 0.8646363740656742, "19": 0.9077389794992885, "20": 0.9196885603448571, "21": 0.9311938533287479, "22": 0.9412375936077968, "23": 0.9514848737163475, "id_test_conf": [0.8947932265941048, 0.8977745527311026], "id_test_balanced": 0.939346432685852, "id_test_balanced_conf": [0.9385384656477254, 0.9401543997239787], "ood_test_conf": [0.8838946999196012, 0.8869872270525812], "ood_test_balanced": 0.9331051111221313, "ood_test_balanced_conf": [0.9322686474293005, 0.9339415748149622], "features": ["ENG", "POBP", "RELP", "WKHP", "WKW", "WRK", "OCCP", "DIS", "ESP", "MIG", "MIL", "ANC", "NATIVITY", "DEAR", "DEYE", "DREM", "DPHY", "FER", "AGEP", "SEX", "ST", "MAR", "CIT", "RAC1P", "SCHL", "DIVISION", "ACS_YEAR"]}