{"validation": 0.8568391958553333, "id_test": 0.855439531496917, "ood_test": 0.7928012175220492, "ood_validation": 0.7935093509350936, "15": 0.8308723760874771, "16": 0.8204121023314088, "17": 0.8153581318763565, "18": 0.8181693832346426, "19": 0.8751270543714522, "20": 0.8920404159376573, "21": 0.908965852758369, "22": 0.9216381812318607, "23": 0.9317790729947266, "id_test_conf": [0.853714263355176, 0.8571520186147722], "id_test_balanced": 0.924659013748169, "id_test_balanced_conf": [0.9237851482245606, 0.9255328792717773], "ood_test_conf": [0.7908290896895899, 0.7947629646629717], "ood_test_balanced": 0.8904374837875366, "ood_test_balanced_conf": [0.8894343684567139, 0.8914405991183594], "features": ["ENG", "POBP", "RELP", "WKHP", "WKW", "WRK", "OCCP", "DIS", "ESP", "MIG", "MIL", "ANC", "NATIVITY", "DEAR", "DEYE", "DREM", "DPHY", "FER", "AGEP", "SEX", "ST", "MAR", "CIT", "RAC1P", "SCHL", "DIVISION", "ACS_YEAR"]}