{"validation": 0.6971307120085016, "id_test": 0.7367303609341825, "ood_test": 0.6163908692524037, "ood_validation": 0.6144791053560918, "train": 0.736024432346302, "id_test_conf": [0.7073634760210197, 0.7646087738743949], "id_test_balanced": 0.7456899881362915, "id_test_balanced_conf": [0.7261539886519313, 0.7652259876206517], "ood_test_conf": [0.608628796294487, 0.6241086317058038], "ood_test_balanced": 0.6456989049911499, "ood_test_balanced_conf": [0.6413025385793298, 0.65009527140297], "features": ["FCSZ1231", "JOBORG31", "OFREMP31", "CMJHLD31", "MCRPD31", "MCRPB31", "MCDHMO31", "MCDMC31", "GOVTB31", "VAPROG31", "VACMPY31", "VAPROX31", "EMPST31", "MORJOB31", "HRWGIM31", "TEMPJB31", "NUMEMP31", "MORE31", "STJBMM31", "PAYDR31", "YRSINUS", "MCARE31X", "INSAT31X", "RACEAX", "HISPANX", "HISPNCAT", "EDUCYR", "HIDEG", "HWELLSPK", "BORNUSA", "WHTLGSPK", "PRIEU31", "MCRPD31X", "TRILI31X", "PRIEUO31", "PRSTX31", "PRIVAT31", "VERFLG31", "DNTINS31", "PMDINS31", "FTSTU31X", "DISVW31X", "HELD31X", "OFFER31X", "TRIPR31X", "TRIEX31X", "TRICH31X", "VACMPM31", "VASPMH31", "ASPREV31", "ASPKFL31", "AIDHLP31", "STNDIF31", "RCHDIF31", "FNGRDF31", "WRKLIM31", "SOCLIM31", "ASSTIL31", "FCRP1231", "RUCLAS31", "FAMS1231", "REGION31", "RESP31", "ENDRFM31", "INSCOP31", "INSC1231", "ELGRND31", "SPOUIN31", "ACTDTY31", "RTHLTH31", "UNABLE31", "VAPRHT31", "VAWAIT31", "VANTWK31", "VAPAST31", "VACARE31", "VAPROV31", "VAPCRC31", "VAPCSN31", "VAPCRF31", "VAPACT31", "VACTDY31", "VACOPD31", "VAGERD31", "VABACK31", "VAJTPN31", "VANECK31", "VAFIBR31", "VAGCNS31", "VACRGV31", "AGE31X", "INSCOV19"]}