{"id_test": 0.8925594411890488, "id_test_conf": [0.8913777251437733, 0.8937326146218678], "features": ["Average_confidence(BORED)", "Average_confidence(CONCENTRATING)", "skill_id", "problem_type", "bottom_hint", "tutor_mode", "position", "type", "first_action", "school_id"], "ood_test": 0.5802728226652676, "ood_test_conf": [0.5577453078174366, 0.6025529262963447], "validation": 0.8914152592603708, "validation_conf": [0.8902280705079774, 0.8925939303826707]}