{"id_test": 0.7988241697043338, "id_test_conf": [0.7968389663529191, 0.800798403068154], "id_test_balanced": 0.7529021501541138, "id_test_balanced_conf": [0.7514662380865775, 0.75433806222165], "ood_test": 0.7915321890108153, "ood_test_conf": [0.7886248086351916, 0.7944172717777922], "ood_test_balanced": 0.7676432132720947, "ood_test_balanced_conf": [0.7656020067259669, 0.7696844198182226], "validation": 0.7978609625668449, "validation_conf": [0.795872239387762, 0.7998387510901563], "validation_balanced": 0.7529832124710083, "validation_balanced_conf": [0.7515463846269995, 0.7544200403150171], "features": ["ENG", "HINS1", "HINS2", "HINS4", "NWLA", "NWLK", "OCCP", "WKHP", "WRK", "MAR", "SCHL", "ACS_YEAR", "DIVISION"]}