{"validation": 0.7952599436762333, "id_test": 0.7956852470635885, "ood_test": 0.7883969385201091, "ood_validation": 0.7830468286899822, "train": 0.7964343659596416, "id_test_conf": [0.7936886586488159, 0.7976709808544568], "id_test_balanced": 0.7497690916061401, "id_test_balanced_conf": [0.7483265110384673, 0.751211672173813], "ood_test_conf": [0.7854738018464925, 0.7912980177448574], "ood_test_balanced": 0.765039324760437, "ood_test_balanced_conf": [0.7629858216876164, 0.7670928278332576], "features": ["ENG", "HINS1", "HINS2", "HINS4", "NWLA", "NWLK", "OCCP", "WKHP", "WRK", "MAR", "SCHL", "ACS_YEAR", "DIVISION"]}