{"id_test": 0.8342702345220532, "id_test_conf": [0.8316525132932171, 0.8368632673398416], "id_test_balanced": 0.6447466611862183, "id_test_balanced_conf": [0.6429302301327698, 0.6465630922396667], "ood_test": 0.8065591881828226, "ood_test_conf": [0.8030290581159729, 0.8100528730325105], "ood_test_balanced": 0.6546320915222168, "ood_test_balanced_conf": [0.6521836269600317, 0.6570805560844019], "validation": 0.8395970849708115, "validation_conf": [0.837013108599473, 0.8421559781110483], "validation_balanced": 0.648456871509552, "validation_balanced_conf": [0.646643616182264, 0.65027012683684], "features": ["ENG", "FER", "WIF", "POBP", "WKHP", "WRK", "MIL", "ANC", "NATIVITY", "DEAR", "DEYE", "PUBCOV", "AGEP", "MAR", "RAC1P", "DIVISION"]}