{"validation": 0.7428408695377021, "id_test": 0.7433804171729446, "ood_test": 0.7357431729261898, "ood_validation": 0.7319502074688796, "train": 0.7435376146150335, "id_test_conf": [0.7412192846481591, 0.74553261663249], "id_test_balanced": 0.7216242551803589, "id_test_balanced_conf": [0.7200760071049445, 0.7231725032557733], "ood_test_conf": [0.7325909230564345, 0.7388773964383277], "ood_test_balanced": 0.7253655195236206, "ood_test_balanced_conf": [0.7231349935615435, 0.7275960454856977], "features": ["ENG", "NWLA", "POBP", "RELP", "WKHP", "WKW", "SEX", "ST", "DIVISION"]}