{"validation": 0.7792308414256931, "id_test": 0.7780331561437911, "ood_test": 0.4399561303227747, "ood_validation": 0.43845459747348037, "train": 0.7783298042632897, "id_test_conf": [0.7768795735467825, 0.7791835212259322], "id_test_balanced": 0.5196784138679504, "id_test_balanced_conf": [0.5193341848492855, 0.5200226428866154], "ood_test_conf": [0.4388799622798665, 0.4410327236522605], "ood_test_balanced": 0.5518162250518799, "ood_test_balanced_conf": [0.5513858743692981, 0.5522465757344617], "features": ["DEYE", "PINCP", "ESR", "FER", "CIT", "RAC1P", "DIS"]}