{"validation": 0.5987665718822704, "id_test": 0.5978064182576904, "ood_test": 0.41603186495913835, "ood_validation": 0.41261614200526975, "train": 0.598476665281817, "id_test_conf": [0.5919374883034612, 0.6036543539000936], "id_test_balanced": 0.5000141859054565, "id_test_balanced_conf": [0.4998780683879158, 0.5001503034229973], "ood_test_conf": [0.41469064027330743, 0.4173740267197603], "ood_test_balanced": 0.5000097751617432, "ood_test_balanced_conf": [0.4999926535707345, 0.5000268967527518], "features": ["AGEG5YR", "VEG_ONCE_PER_DAY", "DRNK_PER_WEEK", "SMOKE100", "SMOKDAY2", "CHCOCNCR", "EMPLOY1", "IYEAR", "STATE", "MEDCOST", "PRACE1", "SEX", "BMI5CAT"]}