{"validation": 0.5259056833708778, "id_test": 0.5221389268436796, "ood_test": 0.6244464946426267, "ood_validation": 0.6245146304257384, "train": 0.5251811845081475, "id_test_conf": [0.516168920173991, 0.5281041817188027], "id_test_balanced": 0.5834689140319824, "id_test_balanced_conf": [0.5802639683615416, 0.5866738597024233], "ood_test_conf": [0.6231275906667593, 0.6257640097862726], "ood_test_balanced": 0.574737012386322, "ood_test_balanced_conf": [0.5739752608002163, 0.5754987639724277], "features": ["AGEG5YR", "VEG_ONCE_PER_DAY", "DRNK_PER_WEEK", "SMOKE100", "SMOKDAY2", "CHCOCNCR", "EMPLOY1", "IYEAR", "STATE", "MEDCOST", "PRACE1", "SEX", "BMI5CAT"]}