{"validation": 0.8015635778339848, "id_test": 0.7965517241379311, "ood_test": 0.7551222269323159, "ood_validation": 0.7668503603221705, "train": 0.7950626508794114, "id_test_conf": [0.7842765412314454, 0.8084274077937057], "id_test_balanced": 0.7305137515068054, "id_test_balanced_conf": [0.7218363798223436, 0.7391911231912672], "ood_test_conf": [0.7492797443103796, 0.7608947803969334], "ood_test_balanced": 0.7237921357154846, "ood_test_balanced_conf": [0.7198426198493689, 0.7277416515816003], "features": ["VCF0004", "VCF0901b", "VCF0218", "VCF9008", "VCF9203", "VCF9204", "VCF9205", "VCF0521", "VCF0523", "VCF0429", "VCF0809", "VCF0870", "VCF0843", "VCF0838", "VCF9239", "VCF0846", "VCF0612", "VCF0617", "VCF0717", "VCF0701", "VCF0725", "VCF0726", "VCF0101", "VCF0104", "VCF0105a", "VCF0112"]}