{"validation": 0.8078916558554567, "id_test": 0.8073739368165249, "ood_test": 0.7962877580324327, "ood_validation": 0.7903971547125074, "train": 0.8082045813579849, "id_test_conf": [0.8054207099590938, 0.8093158794253706], "id_test_balanced": 0.7503964304924011, "id_test_balanced_conf": [0.7489930448611267, 0.7517998161236755], "ood_test_conf": [0.7934047761639476, 0.7991480779814012], "ood_test_balanced": 0.7660667896270752, "ood_test_balanced_conf": [0.76407188849058, 0.7680616907635703], "features": ["HINS1", "HINS2", "OCCP", "RELP", "WKHP", "WKW", "AGEP", "MAR", "CIT", "RAC1P", "SCHL", "DIVISION"]}