{"validation": 0.39594535677953785, "id_test": 0.3994187102633969, "ood_test": 0.5844936150514419, "ood_validation": 0.5763655300766644, "train": 0.4026476532164672, "id_test_conf": [0.3936253340339343, 0.40523332600321565], "id_test_balanced": 0.4998784065246582, "id_test_balanced_conf": [0.4997064170832164, 0.5000503959661], "ood_test_conf": [0.5831618096917026, 0.5858244916253474], "ood_test_balanced": 0.4999890625476837, "ood_test_balanced_conf": [0.499939885945787, 0.5000382391495805], "features": ["AGEG5YR", "DRNK_PER_WEEK", "RFBING5", "SMOKE100", "CHCSCNCR", "IYEAR", "STATE", "MEDCOST", "IYEAR", "MEDCOST", "BMI5CAT"]}