{"validation": 0.6151386314909699, "id_test": 0.614389534883721, "ood_test": 0.4538105881992713, "ood_validation": 0.4529029813472038, "train": 0.6102200722218437, "id_test_conf": [0.6086088403766882, 0.6201460690048137], "id_test_balanced": 0.5241105556488037, "id_test_balanced_conf": [0.5221039594523609, 0.5261171518452465], "ood_test_conf": [0.45246000915012696, 0.45516167940297286], "ood_test_balanced": 0.5238661766052246, "ood_test_balanced_conf": [0.5233499848842621, 0.5243823683261871], "features": ["FRUIT_ONCE_PER_DAY", "VEG_ONCE_PER_DAY", "DRNK_PER_WEEK", "SMOKE100", "SMOKDAY2", "CHCOCNCR", "EMPLOY1", "IYEAR", "MEDCOST", "PRACE1", "SEX", "IYEAR", "SEX", "BMI5CAT"]}