{"validation": 0.609760529088993, "id_test": 0.6076308139534884, "ood_test": 0.4622251906059585, "ood_validation": 0.4618246327138699, "train": 0.6055869728146079, "id_test_conf": [0.6018326518979928, 0.6134062434408194], "id_test_balanced": 0.5264255404472351, "id_test_balanced_conf": [0.5238617371069267, 0.5289893437875435], "ood_test_conf": [0.4608726424143011, 0.4635781576493439], "ood_test_balanced": 0.5257879495620728, "ood_test_balanced_conf": [0.5251706339628436, 0.5264052651613019], "features": ["FRUIT_ONCE_PER_DAY", "VEG_ONCE_PER_DAY", "DRNK_PER_WEEK", "SMOKE100", "SMOKDAY2", "CHCOCNCR", "EMPLOY1", "IYEAR", "MEDCOST", "PRACE1", "SEX", "IYEAR", "SEX", "BMI5CAT"]}