{"id_test": 0.6222383720930232, "id_test_conf": [0.6164794315273172, 0.6279714940844803], "id_test_balanced": 0.5738404393196106, "id_test_balanced_conf": [0.5702041500387713, 0.5774767286004499], "ood_test": 0.5355855200710371, "ood_test_conf": [0.5342321285269573, 0.5369385170386174], "ood_test_balanced": 0.5735702514648438, "ood_test_balanced_conf": [0.5727289109514095, 0.574411591978278], "validation": 0.6299647516261492, "validation_conf": [0.6242286801356578, 0.6356733711375162], "validation_balanced": 0.5803927183151245, "validation_balanced_conf": [0.576792365303263, 0.583993071326986], "features": ["FRUIT_ONCE_PER_DAY", "VEG_ONCE_PER_DAY", "DRNK_PER_WEEK", "SMOKE100", "SMOKDAY2", "CHCOCNCR", "EMPLOY1", "IYEAR", "MEDCOST", "PRACE1", "SEX", "IYEAR", "SEX", "BMI5CAT"]}