{"validation": 0.8096092310675846, "id_test": 0.8089789585959468, "ood_test": 0.7156231714452896, "ood_validation": 0.7473684210526316, "train": 0.809533188592657, "id_test_conf": [0.8062796763763079, 0.8116564978119987], "id_test_balanced": 0.7056771516799927, "id_test_balanced_conf": [0.703992067638319, 0.7073622357216663], "ood_test_conf": [0.6935851356470972, 0.7369183319466206], "ood_test_balanced": 0.6279363632202148, "ood_test_balanced_conf": [0.6173674543760717, 0.638505272064358], "features": ["Average_confidence(CONCENTRATING)", "problem_type", "bottom_hint", "ms_first_response", "overlap_time", "first_action", "school_id"]}