{"validation": 0.8745703228287781, "id_test": 0.8749629415959552, "ood_test": 0.8257031476529527, "ood_validation": 0.8288045729434181, "train": 0.8748104508915068, "id_test_conf": [0.8731151621320673, 0.876793279397222], "id_test_balanced": 0.5280608534812927, "id_test_balanced_conf": [0.527339241928421, 0.5287824650341645], "ood_test_conf": [0.8241013532633248, 0.8272962480777479], "ood_test_balanced": 0.525330126285553, "ood_test_balanced_conf": [0.5247928925836459, 0.52586735998746], "features": ["BMI5", "BMI5CAT", "SMOKE100", "SMOKDAY2", "CVDSTRK3", "MICHD", "FRUIT_ONCE_PER_DAY", "VEG_ONCE_PER_DAY", "DRNK_PER_WEEK", "TOTINDA", "MARITAL", "CHECKUP1", "EDUCA", "PRACE1", "SEX", "PRACE1", "IYEAR"]}