{"validation": 0.8776268220611784, "id_test": 0.87457285768526, "ood_test": 0.8306053731343284, "ood_validation": 0.8320581155433288, "train": 0.8774438239053929, "id_test_conf": [0.8726947873390831, 0.8764329790432279], "id_test_balanced": 0.5528475046157837, "id_test_balanced_conf": [0.5518641724297777, 0.5538308368017897], "ood_test_conf": [0.8289917185551345, 0.8322098694794339], "ood_test_balanced": 0.5458727478981018, "ood_test_balanced_conf": [0.5451499022089411, 0.5465955935872625], "features": ["PHYSHLTH", "CHOL_CHK_PAST_5_YEARS", "TOLDHI", "BMI5", "SMOKDAY2", "CVDSTRK3", "MICHD", "FRUIT_ONCE_PER_DAY", "VEG_ONCE_PER_DAY", "RFBING5", "INCOME", "MARITAL", "EDUCA", "HEALTH_COV", "MENTHLTH", "IYEAR", "STATE", "MEDCOST", "SEX", "IYEAR", "STATE", "PRACE1"]}