{"validation": 0.5982033935898857, "id_test": 0.5984030755581843, "ood_test": 0.4165885751086533, "ood_validation": 0.4174229934924078, "train": 0.5992301685219328, "id_test_conf": [0.5925325617621096, 0.6042524458228945], "id_test_balanced": 0.5006557703018188, "id_test_balanced_conf": [0.500334151161951, 0.5009773894416867], "ood_test_conf": [0.41524635426192785, 0.4179317278389459], "ood_test_balanced": 0.5006516575813293, "ood_test_balanced_conf": [0.5005807104530686, 0.5007226047095901], "features": ["AGEG5YR", "VEG_ONCE_PER_DAY", "RFBING5", "SMOKE100", "SMOKDAY2", "DIABETES", "EMPLOY1", "IYEAR", "PRACE1", "SEX", "IYEAR", "STATE", "BMI5CAT"]}