{"validation": 0.9160225894468961, "id_test": 0.9158604325617644, "ood_test": 0.8807793659666214, "ood_validation": 0.8943965517241379, "train": 0.9157747515368201, "id_test_conf": [0.9151577399805187, 0.9165591357140719], "id_test_balanced": 0.8705297708511353, "id_test_balanced_conf": [0.8699772692262195, 0.871082272476051], "ood_test_conf": [0.8749752897615086, 0.8864058147053047], "ood_test_balanced": 0.8457837700843811, "ood_test_balanced_conf": [0.8417369503155351, 0.8498305898532271], "features": ["Average_confidence(FRUSTRATED)", "attempt_count", "hint_count", "bottom_hint", "ms_first_response", "tutor_mode", "overlap_time", "first_action", "school_id"]}