{"validation": 0.9154335297417238, "id_test": 0.9153359046782261, "ood_test": 0.8807793659666214, "ood_validation": 0.8943965517241379, "train": 0.9152123729089453, "id_test_conf": [0.9146312375867777, 0.9160365873901923], "id_test_balanced": 0.8697199821472168, "id_test_balanced_conf": [0.8691663625836372, 0.8702736017107964], "ood_test_conf": [0.8749752897615086, 0.8864058147053047], "ood_test_balanced": 0.8457837700843811, "ood_test_balanced_conf": [0.8417369503155351, 0.8498305898532271], "features": ["Average_confidence(FRUSTRATED)", "attempt_count", "hint_count", "bottom_hint", "ms_first_response", "tutor_mode", "overlap_time", "first_action", "school_id"]}