{"id_test": 0.9878963275547445, "id_test_conf": [0.9873103614869962, 0.9884619962345316], "id_test_balanced": 0.4999927878379822, "id_test_balanced_conf": [0.4999828507207894, 0.500002724955175], "ood_test": 0.9242273180458624, "ood_test_conf": [0.9227996391242655, 0.9256366622778522], "ood_test_balanced": 0.5000861287117004, "ood_test_balanced_conf": [0.500046433885218, 0.5001258235381829], "validation": 0.9886518351664801, "validation_conf": [0.9880837809649617, 0.989199555049405], "validation_balanced": 0.49998557567596436, "validation_balanced_conf": [0.4999715225211912, 0.4999996288307375], "features": ["HR", "O2Sat", "DBP", "HCO3", "FiO2", "pH", "PaCO2", "SaO2", "BUN", "Alkalinephos", "Creatinine", "Glucose", "Lactate", "Phosphate", "Hgb", "Fibrinogen", "Platelets", "Gender", "HospAdmTime", "set", "ICULOS"]}