{"id_test": 0.7994316888386563, "id_test_conf": [0.7983199238110729, 0.8005399885681277], "id_test_balanced": 0.5981991291046143, "id_test_balanced_conf": [0.5975565155653748, 0.5988417426438537], "ood_test": 0.6257077775753567, "ood_test_conf": [0.6246579162748553, 0.626756748479111], "ood_test_balanced": 0.6853182315826416, "ood_test_balanced_conf": [0.6846904381748754, 0.6859460249904078], "validation": 0.800655376302216, "validation_conf": [0.7995461455279984, 0.8017611276002032], "validation_balanced": 0.5989868640899658, "validation_balanced_conf": [0.5983439200406429, 0.5996298081392888], "features": ["MIG", "NATIVITY", "DEAR", "DEYE", "DREM", "PINCP", "ESR", "FER", "AGEP", "SEX", "ST", "RAC1P", "SCHL", "DIVISION", "ACS_YEAR", "DIS"]}