{"validation": 0.876446926171193, "id_test": 0.8746711993723946, "ood_test": 0.8300139095484442, "ood_validation": 0.8262449156892944, "train": 0.8751490189744418, "id_test_conf": [0.8728593195622918, 0.8764663511446961], "id_test_balanced": 0.5190406441688538, "id_test_balanced_conf": [0.5184575110930019, 0.5196237772447057], "ood_test_conf": [0.8284653794780543, 0.8315540416096818], "ood_test_balanced": 0.5172903537750244, "ood_test_balanced_conf": [0.5168482954258797, 0.5177324121241691], "features": ["PHYSHLTH", "HIGH_BLOOD_PRESS", "BMI5CAT", "CVDSTRK3", "FRUIT_ONCE_PER_DAY", "VEG_ONCE_PER_DAY", "DRNK_PER_WEEK", "INCOME", "IYEAR", "MEDCOST", "SEX", "IYEAR", "STATE", "SEX", "PRACE1"]}