{"validation": 0.8759546828491659, "id_test": 0.8738866926117922, "ood_test": 0.8299261521450103, "ood_validation": 0.8262844054811831, "train": 0.8743846958474661, "id_test_conf": [0.8720700164564081, 0.8756866758810921], "id_test_balanced": 0.540928840637207, "id_test_balanced_conf": [0.5400721430988051, 0.5417855381756089], "ood_test_conf": [0.8283773067221011, 0.8314666017952111], "ood_test_balanced": 0.5377146005630493, "ood_test_balanced_conf": [0.5370602477551438, 0.5383689533709548], "features": ["PHYSHLTH", "HIGH_BLOOD_PRESS", "BMI5CAT", "CVDSTRK3", "FRUIT_ONCE_PER_DAY", "VEG_ONCE_PER_DAY", "DRNK_PER_WEEK", "INCOME", "IYEAR", "MEDCOST", "SEX", "IYEAR", "STATE", "SEX", "PRACE1"]}