{"validation": 0.7790431346237178, "id_test": 0.7780830780659049, "ood_test": 0.3950471770205055, "ood_validation": 0.3928760068664994, "train": 0.7779875888892578, "id_test_conf": [0.7769295876971004, 0.7792333503418274], "id_test_balanced": 0.5138014554977417, "id_test_balanced_conf": [0.5135180553368991, 0.5140848556585843], "ood_test_conf": [0.39398746728217154, 0.3961076301410542], "ood_test_balanced": 0.520268440246582, "ood_test_balanced_conf": [0.5199677943787537, 0.5205690861144103], "features": ["ANC", "DEYE", "DREM", "AGEP", "ST", "MAR", "SCHL", "DIS"]}