{"id_test": 0.7866457006980133, "id_test_conf": [0.7816221057379878, 0.7916053367785811], "id_test_balanced": 0.6465986967086792, "id_test_balanced_conf": [0.6438001871714368, 0.6493972062459216], "ood_test": 0.4797687861271676, "ood_test_conf": [0.4033514539692536, 0.5568911491056878], "ood_test_balanced": 0.5, "ood_test_balanced_conf": [0.5, 0.5], "validation": 0.7806159628734707, "validation_conf": [0.7755425343927937, 0.7856267786613796], "validation_balanced": 0.6443693041801453, "validation_balanced_conf": [0.6415876033110544, 0.6471510050492362], "features": ["Average_confidence(CONFUSED)", "Average_confidence(FRUSTRATED)", "skill_id", "problem_type", "position", "type", "first_action", "school_id"]}