{"id_test": 0.7688018934791414, "id_test_conf": [0.7667150839196639, 0.7708788362105506], "id_test_balanced": 0.7209959626197815, "id_test_balanced_conf": [0.7195030033937655, 0.7224889218457975], "ood_test": 0.7530265705892427, "ood_test_conf": [0.7499425568463152, 0.7560912351759098], "ood_test_balanced": 0.7215036153793335, "ood_test_balanced_conf": [0.7193868804909289, 0.7236203502677381], "validation": 0.7675726987944183, "validation_conf": [0.7654820535180487, 0.7696535223367386], "validation_balanced": 0.7203950881958008, "validation_balanced_conf": [0.7189013213478028, 0.7218888550437987], "features": ["COW", "FER", "HINS1", "HINS3", "NWLK", "RELP", "WKHP", "WKW", "AGEP", "SEX", "RAC1P", "DIVISION"]}