{"validation": 0.6132120808842557, "id_test": 0.6148898417861896, "ood_test": 0.4531662752447833, "ood_validation": 0.45612147505422995, "train": 0.6143356853394698, "id_test_conf": [0.6090604502272459, 0.6206945465978821], "id_test_balanced": 0.5266507267951965, "id_test_balanced_conf": [0.5248288269806654, 0.5284726266097277], "ood_test_conf": [0.45181076383962226, 0.45452230987774966], "ood_test_balanced": 0.527661919593811, "ood_test_balanced_conf": [0.5272148314333753, 0.5281090077542467], "features": ["AGEG5YR", "TOTINDA", "SMOKDAY2", "CHCOCNCR", "DIABETES", "POVERTY", "IYEAR", "STATE", "MEDCOST", "PRACE1", "STATE", "MEDCOST", "PRACE1", "BMI5CAT"]}