{"validation": 0.6444863406158737, "id_test": 0.6503031199171965, "ood_test": 0.5499843816883974, "ood_validation": 0.5499175704989154, "train": 0.6443110562771763, "id_test_conf": [0.6445860633432007, 0.6559878776089302], "id_test_balanced": 0.593449056148529, "id_test_balanced_conf": [0.590108304717578, 0.5967898075794801], "ood_test_conf": [0.5486291635698191, 0.5513390413796057], "ood_test_balanced": 0.5945154428482056, "ood_test_balanced_conf": [0.5937189412699081, 0.595311944426503], "features": ["AGEG5YR", "TOTINDA", "SMOKDAY2", "CHCOCNCR", "DIABETES", "POVERTY", "IYEAR", "STATE", "MEDCOST", "PRACE1", "STATE", "MEDCOST", "PRACE1", "BMI5CAT"]}