{"validation": 0.8136009258905974, "id_test": 0.8108307473164776, "ood_test": 0.7828880068742583, "ood_validation": 0.78972564905174, "train": 0.8119799433402541, "id_test_conf": [0.8080754665915739, 0.813563074563408], "id_test_balanced": 0.5244081020355225, "id_test_balanced_conf": [0.5234868338133674, 0.5253293702576776], "ood_test_conf": [0.7792060687545073, 0.7865363193478514], "ood_test_balanced": 0.5225858092308044, "ood_test_balanced_conf": [0.5214363483246416, 0.5237352701369673], "features": ["FER", "NWLK", "WKHP", "WKW", "MIL", "ANC", "NATIVITY", "DREM", "AGEP", "SEX", "MAR", "CIT", "RAC1P", "SCHL", "ACS_YEAR", "DIVISION"]}