{"validation": 0.8222747911022931, "id_test": 0.8190975225110647, "ood_test": 0.7924424076271533, "ood_validation": 0.8046400294605045, "train": 0.8198239160087629, "id_test_conf": [0.8163888047510688, 0.8217826750698235], "id_test_balanced": 0.5516597032546997, "id_test_balanced_conf": [0.5504471764154732, 0.5528722300939262], "ood_test_conf": [0.7888194832631785, 0.7960305685301801], "ood_test_balanced": 0.5660974383354187, "ood_test_balanced_conf": [0.5642978391097858, 0.5678970375610516], "features": ["FER", "NWLK", "WKHP", "WKW", "MIL", "ANC", "NATIVITY", "DREM", "AGEP", "SEX", "MAR", "CIT", "RAC1P", "SCHL", "ACS_YEAR", "DIVISION"]}