{"validation": 0.8070820878362842, "id_test": 0.8075862068965517, "ood_test": 0.7484338938344873, "ood_validation": 0.7503179313268334, "train": 0.8004080928842395, "id_test_conf": [0.7955520082415231, 0.8192059317208094], "id_test_balanced": 0.7042787671089172, "id_test_balanced_conf": [0.6963100172579288, 0.7122475169599056], "ood_test_conf": [0.7425398976169528, 0.7542597974442095], "ood_test_balanced": 0.6988990306854248, "ood_test_balanced_conf": [0.6953186606988311, 0.7024794006720185], "features": ["VCF0901b", "VCF0301", "VCF9201", "VCF9204", "VCF0429", "VCF9052", "VCF0839", "VCF0843", "VCF9239", "VCF0612", "VCF0615", "VCF0616", "VCF0718", "VCF0721", "VCF0701", "VCF0724", "VCF0745", "VCF0105a", "VCF0140a", "VCF0112"]}