{"validation": 0.781794836465441, "id_test": 0.7808826994580477, "ood_test": 0.3775017514858591, "ood_validation": 0.37427923764250187, "train": 0.7808064351466921, "id_test_conf": [0.7797344199115144, 0.7820277284962733], "id_test_balanced": 0.5258703827857971, "id_test_balanced_conf": [0.5254975848668255, 0.5262431807047687], "ood_test_conf": [0.37645098697418805, 0.37855338365983365], "ood_test_balanced": 0.5080227851867676, "ood_test_balanced_conf": [0.5078029049112228, 0.5082426654623123], "features": ["ESP", "MIG", "ANC", "DEAR", "AGEP", "DIVISION", "DIS"]}