{"validation": 0.6074082289009648, "id_test": 0.6130785154517226, "ood_test": 0.5916833454809091, "ood_validation": 0.5920867678958786, "train": 0.6098719566010969, "id_test_conf": [0.6072442653166754, 0.6188884681338022], "id_test_balanced": 0.592536985874176, "id_test_balanced_conf": [0.5884917884226888, 0.5965821833256633], "ood_test_conf": [0.5903441503877533, 0.5930215162725785], "ood_test_balanced": 0.5960448980331421, "ood_test_balanced_conf": [0.5951018861948978, 0.5969879098713864], "features": ["AGEG5YR", "FRUIT_ONCE_PER_DAY", "RFBING5", "TOTINDA", "SMOKDAY2", "CHCSCNCR", "CHCOCNCR", "DIABETES", "POVERTY", "EMPLOY1", "IYEAR", "STATE", "SEX", "STATE", "MEDCOST", "PRACE1", "SEX", "BMI5CAT"]}