{"validation": 0.5978337214890392, "id_test": 0.5980334171225787, "ood_test": 0.4157363166236681, "ood_validation": 0.41653796095444684, "train": 0.5987865681504175, "id_test_conf": [0.5921620606262106, 0.6038837095280796], "id_test_balanced": 0.5, "id_test_balanced_conf": [0.5, 0.5], "ood_test_conf": [0.4143944950434272, 0.4170790796092852], "ood_test_balanced": 0.5000166893005371, "ood_test_balanced_conf": [0.5000003163895235, 0.5000330622115507], "features": ["AGEG5YR", "FRUIT_ONCE_PER_DAY", "RFBING5", "TOTINDA", "SMOKDAY2", "CHCSCNCR", "CHCOCNCR", "DIABETES", "POVERTY", "EMPLOY1", "IYEAR", "STATE", "SEX", "STATE", "MEDCOST", "PRACE1", "SEX", "BMI5CAT"]}