{"validation": 0.5988773588389527, "id_test": 0.597880276228812, "ood_test": 0.4160145302980984, "ood_validation": 0.41254680349466094, "train": 0.5984812814476296, "id_test_conf": [0.5920115138671558, 0.6037280284222727], "id_test_balanced": 0.500045895576477, "id_test_balanced_conf": [0.4999888297790312, 0.5001029613739228], "ood_test_conf": [0.41467331374241306, 0.41735668412203303], "ood_test_balanced": 0.5000036358833313, "ood_test_balanced_conf": [0.49999673708161935, 0.5000105346850432], "features": ["AGEG5YR", "VEG_ONCE_PER_DAY", "DRNK_PER_WEEK", "TOTINDA", "SMOKDAY2", "CHCSCNCR", "CHCOCNCR", "EMPLOY1", "IYEAR", "PRACE1", "SEX", "MEDCOST", "SEX", "BMI5CAT"]}