{"validation": 0.6438568632519664, "id_test": 0.6410502603493482, "ood_test": 0.5155482279161233, "ood_validation": 0.5147691027596727, "train": 0.6419332502423487, "id_test_conf": [0.6353035014739596, 0.6467667397512296], "id_test_balanced": 0.5890059471130371, "id_test_balanced_conf": [0.5855196847673505, 0.5924922094587237], "ood_test_conf": [0.5141877901492622, 0.5169084921688045], "ood_test_balanced": 0.5665487051010132, "ood_test_balanced_conf": [0.5657953798107337, 0.5673020303912927], "features": ["AGEG5YR", "VEG_ONCE_PER_DAY", "DRNK_PER_WEEK", "TOTINDA", "SMOKDAY2", "CHCSCNCR", "CHCOCNCR", "EMPLOY1", "IYEAR", "PRACE1", "SEX", "MEDCOST", "SEX", "BMI5CAT"]}