{"id_test": 0.8057471264367816, "id_test_conf": [0.7936717649022215, 0.8174105112111755], "id_test_balanced": 0.7238219976425171, "id_test_balanced_conf": [0.7154333217814565, 0.7322106735035777], "ood_test": 0.7531439875653525, "ood_test_conf": [0.7472860738571615, 0.7589325153580605], "ood_test_balanced": 0.7126975059509277, "ood_test_balanced_conf": [0.7089056519512087, 0.7164893599506468], "validation": 0.813750287422396, "validation_conf": [0.801855663775748, 0.8252219658297688], "validation_balanced": 0.7334173917770386, "validation_balanced_conf": [0.7251294885203242, 0.7417052950337529], "features": ["VCF0004", "VCF0218", "VCF0301", "VCF0302", "VCF9008", "VCF9010", "VCF9011", "VCF9201", "VCF9202", "VCF9203", "VCF9204", "VCF0523", "VCF0429", "VCF0809", "VCF0839", "VCF0843", "VCF9045", "VCF0601", "VCF0612", "VCF0615", "VCF0617", "VCF0743", "VCF0717", "VCF0726", "VCF0745", "VCF0101", "VCF0104", "VCF0115", "VCF0112"]}