{"validation": 0.7932858128305358, "id_test": 0.7827586206896552, "ood_test": 0.7515425556968583, "ood_validation": 0.7503179313268334, "train": 0.784400505805265, "id_test_conf": [0.7702015974956655, 0.7949348387821763], "id_test_balanced": 0.7375247478485107, "id_test_balanced_conf": [0.7285792625509202, 0.7464702331461013], "ood_test_conf": [0.7456722704285863, 0.7573438947937992], "ood_test_balanced": 0.7276651859283447, "ood_test_balanced_conf": [0.7236052073631436, 0.7317251644935459], "features": ["VCF0004", "VCF0218", "VCF0301", "VCF0302", "VCF9008", "VCF9010", "VCF9011", "VCF9201", "VCF9202", "VCF9203", "VCF9204", "VCF0523", "VCF0429", "VCF0809", "VCF0839", "VCF0843", "VCF9045", "VCF0601", "VCF0612", "VCF0615", "VCF0617", "VCF0743", "VCF0717", "VCF0726", "VCF0745", "VCF0101", "VCF0104", "VCF0115", "VCF0112"]}