{"validation": 0.631409519429754, "id_test": 0.6459770114942529, "ood_test": 0.6518769723517498, "ood_validation": 0.6634167019923697, "0": 0.633399209486166, "1": 0.642569992821249, "3": 0.6469319741227211, "id_test_conf": [0.6315566679072135, 0.6602010900677429], "id_test_balanced": 0.6548753380775452, "id_test_balanced_conf": [0.644895952437073, 0.6648547237180173], "ood_test_conf": [0.6454251205927677, 0.6582872162212487], "ood_test_balanced": 0.6574567556381226, "ood_test_balanced_conf": [0.6529516560863704, 0.6619618551898747], "features": ["VCF0004", "VCF0901b", "VCF0701", "VCF0101", "VCF0104", "VCF0105a", "VCF0115", "VCF0140a", "VCF0112"]}