{"validation": 0.7105081627960451, "id_test": 0.7202298850574713, "ood_test": 0.6867787668974613, "ood_validation": 0.6947859262399322, "0": 0.7057312252964427, "1": 0.7085427135678392, "3": 0.7171142913154284, "id_test_conf": [0.7066305963712741, 0.7335328727936488], "id_test_balanced": 0.6354613304138184, "id_test_balanced_conf": [0.6263441021740437, 0.644578558653593], "ood_test_conf": [0.6804912161655854, 0.6930151414143537], "ood_test_balanced": 0.6535558700561523, "ood_test_balanced_conf": [0.6493503068760037, 0.657761433236301], "features": ["VCF0004", "VCF0901b", "VCF0701", "VCF0101", "VCF0104", "VCF0105a", "VCF0115", "VCF0140a", "VCF0112"]}