{"validation": 0.6808461715336859, "id_test": 0.6834482758620689, "ood_test": 0.6162686637464085, "ood_validation": 0.6210258584145825, "0": 0.6815217391304348, "1": 0.6809045226130653, "3": 0.6830033326798667, "id_test_conf": [0.6693913291296554, 0.6972585047454474], "id_test_balanced": 0.5765845775604248, "id_test_balanced_conf": [0.5677900284714997, 0.5853791266493499], "ood_test_conf": [0.6096882912167672, 0.6228171867032388], "ood_test_balanced": 0.5627833008766174, "ood_test_balanced_conf": [0.5589090363495052, 0.5666575654037297], "features": ["VCF0004", "VCF0901b", "VCF0701", "VCF0101", "VCF0104", "VCF0105a", "VCF0115", "VCF0140a", "VCF0112"]}