{"validation": 0.6010577144171074, "id_test": 0.6020689655172414, "ood_test": 0.5986058122556639, "ood_validation": 0.6180584993641374, "0": 0.6178853754940712, "1": 0.600646087580761, "3": 0.6179180552832778, "id_test_conf": [0.5873438913120315, 0.616656841957278], "id_test_balanced": 0.582862138748169, "id_test_balanced_conf": [0.5725483074784279, 0.59317597001791], "ood_test_conf": [0.5919755842240213, 0.6052090301287363], "ood_test_balanced": 0.5809993743896484, "ood_test_balanced_conf": [0.5763908462878317, 0.5856079024914652], "features": ["VCF0004", "VCF0901b", "VCF0701", "VCF0101", "VCF0104", "VCF0105a", "VCF0115", "VCF0140a", "VCF0112"]}