{"validation": 0.6964819498735342, "id_test": 0.6951724137931035, "ood_test": 0.6304931468136216, "ood_validation": 0.6384061042814752, "0": 0.691501976284585, "1": 0.6972720746590093, "3": 0.6966281121348755, "id_test_conf": [0.6812500200390819, 0.7088322924480963], "id_test_balanced": 0.5696724653244019, "id_test_balanced_conf": [0.5615335907414556, 0.5778113399073481], "ood_test_conf": [0.6239595464819105, 0.6369909997772167], "ood_test_balanced": 0.567162275314331, "ood_test_balanced_conf": [0.5636919566290453, 0.5706325939996169], "features": ["VCF0004", "VCF0901b", "VCF0701", "VCF0101", "VCF0104", "VCF0105a", "VCF0115", "VCF0140a", "VCF0112"]}