{"validation": 0.6957921361232468, "id_test": 0.6983908045977012, "ood_test": 0.5944609297725024, "ood_validation": 0.5858414582450191, "0": 0.6842885375494071, "1": 0.7012203876525485, "3": 0.6904528523818859, "id_test_conf": [0.6845071625873101, 0.7120075938888833], "id_test_balanced": 0.50201016664505, "id_test_balanced_conf": [0.49926520864013585, 0.5047551246499643], "ood_test_conf": [0.5878203001083095, 0.6010756848486062], "ood_test_balanced": 0.5001476407051086, "ood_test_balanced_conf": [0.4998818481352646, 0.5004134332749527], "features": ["VCF0004", "VCF0901b", "VCF0701", "VCF0101", "VCF0104", "VCF0105a", "VCF0115", "VCF0140a", "VCF0112"]}