{"validation": 0.697861577374109, "id_test": 0.7041379310344827, "ood_test": 0.6070368800339127, "ood_validation": 0.6011021619330225, "0": 0.6890316205533596, "1": 0.7066762383345297, "3": 0.6990786120368555, "id_test_conf": [0.6903254712592302, 0.7176757910572368], "id_test_balanced": 0.5276181697845459, "id_test_balanced_conf": [0.5224266383238136, 0.5328097012452782], "ood_test_conf": [0.6004293260630538, 0.6136151139036456], "ood_test_balanced": 0.5185135006904602, "ood_test_balanced_conf": [0.5168633474688977, 0.5201636539120227], "features": ["VCF0004", "VCF0901b", "VCF0701", "VCF0101", "VCF0104", "VCF0105a", "VCF0115", "VCF0140a", "VCF0112"]}