{"validation": 0.480110370200046, "id_test": 0.4657471264367816, "ood_test": 0.5375158965663417, "ood_validation": 0.543026706231454, "0": 0.48606719367588935, "1": 0.47552045944005744, "3": 0.49166830033326797, "id_test_conf": [0.45083584813548416, 0.4807044374498986], "id_test_balanced": 0.5444824695587158, "id_test_balanced_conf": [0.534839667994529, 0.5541252711229027], "ood_test_conf": [0.5307809228574769, 0.5442405947147055], "ood_test_balanced": 0.5614524483680725, "ood_test_balanced_conf": [0.5568891311250627, 0.5660157656110824], "features": ["VCF0004", "VCF0901b", "VCF0701", "VCF0101", "VCF0104", "VCF0105a", "VCF0115", "VCF0140a", "VCF0112"]}