{"validation": 0.3111060013796275, "id_test": 0.3082758620689655, "ood_test": 0.4097781545852762, "ood_validation": 0.41373463331920307, "0": 0.32272727272727275, "1": 0.30495333811916725, "3": 0.3154283473828661, "id_test_conf": [0.2945706911699664, 0.3222389011665758], "id_test_balanced": 0.503176748752594, "id_test_balanced_conf": [0.500164061835967, 0.506189435669221], "ood_test_conf": [0.4031521048896037, 0.4164289175179638], "ood_test_balanced": 0.5032333135604858, "ood_test_balanced_conf": [0.5025418308482039, 0.5039247962727678], "features": ["VCF0004", "VCF0901b", "VCF0701", "VCF0101", "VCF0104", "VCF0105a", "VCF0115", "VCF0140a", "VCF0112"]}