{"validation": 0.697861577374109, "id_test": 0.7016091954022988, "ood_test": 0.6038340162969243, "ood_validation": 0.5985587113183553, "0": 0.6878458498023715, "1": 0.7057430007178751, "3": 0.69241325230347, "id_test_conf": [0.6877651003610968, 0.7151820995925544], "id_test_balanced": 0.5090059041976929, "id_test_balanced_conf": [0.5056266301451251, 0.5123851782502606], "ood_test_conf": [0.5972176083160439, 0.6104219817113381], "ood_test_balanced": 0.512405276298523, "ood_test_balanced_conf": [0.5112158065591939, 0.513594746037852], "features": ["VCF0004", "VCF0901b", "VCF0701", "VCF0101", "VCF0104", "VCF0105a", "VCF0115", "VCF0140a", "VCF0112"]}