{"validation": 0.33708898597378706, "id_test": 0.331264367816092, "ood_test": 0.430549667938392, "ood_validation": 0.43196269605765153, "0": 0.34545454545454546, "1": 0.3273510409188801, "3": 0.35336208586551654, "id_test_conf": [0.3172797857022132, 0.34547585201898123], "id_test_balanced": 0.5096518993377686, "id_test_balanced_conf": [0.5046041558496654, 0.5146996428258717], "ood_test_conf": [0.4238755755221023, 0.43724278333017214], "ood_test_balanced": 0.5145769119262695, "ood_test_balanced_conf": [0.5124086560262368, 0.5167451678263023], "features": ["VCF0004", "VCF0901b", "VCF0701", "VCF0101", "VCF0104", "VCF0105a", "VCF0115", "VCF0140a", "VCF0112"]}