{"validation": 0.7797640086185379, "id_test": 0.7788418912820348, "ood_test": 0.37232860197804807, "ood_validation": 0.3697565913992693, "train": 0.7787441569408192, "id_test_conf": [0.7776898057463679, 0.7799907499389763], "id_test_balanced": 0.5105370879173279, "id_test_balanced_conf": [0.5103053774029831, 0.5107687984316727], "ood_test_conf": [0.37128075268492144, 0.3733773555771223], "ood_test_balanced": 0.5054572224617004, "ood_test_balanced_conf": [0.5052938460052246, 0.5056205989181762], "features": ["MIG", "ANC", "NATIVITY", "DEAR", "DEYE", "PINCP", "SEX", "ST", "CIT", "RAC1P", "SCHL", "DIS"]}