{"id_test": 0.6436352893386019, "id_test_conf": [0.6378973956299474, 0.6493423484313159], "id_test_balanced": 0.6102992296218872, "id_test_balanced_conf": [0.6064506182447076, 0.6141478409990668], "ood_test": 0.54023663738393, "ood_test_conf": [0.5388798150604002, 0.5415930106758835], "ood_test_balanced": 0.5804615616798401, "ood_test_balanced_conf": [0.5796316149225459, 0.5812915084371343], "validation": 0.646146460356734, "validation_conf": [0.6404173519402931, 0.6518441948640237], "validation_balanced": 0.6126195788383484, "validation_balanced_conf": [0.6087729790434241, 0.6164661786332727], "features": ["AGEG5YR", "POVERTY", "EMPLOY1", "IYEAR", "STATE", "MEDCOST", "SEX", "IYEAR", "STATE", "PRACE1", "SEX", "BMI5CAT"]}