{"validation": 0.619889951623029, "id_test": 0.6198530226374681, "ood_test": 0.47108482234861543, "ood_validation": 0.46616280682290945, "train": 0.6194017449106772, "id_test_conf": [0.6140402946910984, 0.6256400228461121], "id_test_balanced": 0.5546262860298157, "id_test_balanced_conf": [0.551521340594627, 0.5577312314650044], "ood_test_conf": [0.4697262510829342, 0.4724437163005208], "ood_test_balanced": 0.534018337726593, "ood_test_balanced_conf": [0.5333848142984788, 0.5346518611547072], "features": ["AGEG5YR", "POVERTY", "EMPLOY1", "IYEAR", "STATE", "MEDCOST", "SEX", "IYEAR", "STATE", "PRACE1", "SEX", "BMI5CAT"]}