{"validation": 0.6121717936408286, "id_test": 0.6115440008862957, "ood_test": 0.45679913557823615, "ood_validation": 0.45349119400915266, "train": 0.6106171813691548, "id_test_conf": [0.6057086271863412, 0.6173554308775853], "id_test_balanced": 0.5268476009368896, "id_test_balanced_conf": [0.5247513535665348, 0.5289438483072445], "ood_test_conf": [0.4554434539357995, 0.45815529933256843], "ood_test_balanced": 0.5258991122245789, "ood_test_balanced_conf": [0.5253546791756526, 0.5264435452735051], "features": ["AGEG5YR", "POVERTY", "EMPLOY1", "IYEAR", "STATE", "MEDCOST", "SEX", "IYEAR", "STATE", "PRACE1", "SEX", "BMI5CAT"]}