{"validation": 0.8309868111462984, "id_test": 0.826664801343033, "ood_test": 0.7952862228405417, "ood_validation": 0.7915669305836862, "train": 0.8286805782982363, "id_test_conf": [0.8240005399394112, 0.8293049374332785], "id_test_balanced": 0.6926045417785645, "id_test_balanced_conf": [0.6905915313819423, 0.6946175521751866], "ood_test_conf": [0.7916814424989478, 0.7988559009948133], "ood_test_balanced": 0.7031381130218506, "ood_test_balanced_conf": [0.7004660855978727, 0.7058101404458285], "features": ["ENG", "FER", "WIF", "OCCP", "RELP", "WRK", "MIL", "DEYE", "DREM", "PUBCOV", "AGEP", "ST", "MAR", "RAC1P", "SCHL", "DIVISION"]}