{"validation": 0.3969257603837349, "id_test": 0.3970203488372093, "ood_test": 0.5832867662818825, "ood_validation": 0.5835414477876716, "train": 0.4012672889555086, "id_test_conf": [0.39123258995945287, 0.40282985773213864], "id_test_balanced": 0.5000747442245483, "id_test_balanced_conf": [0.499967024911748, 0.5001824635373486], "ood_test_conf": [0.5819486125048565, 0.5846239965552491], "ood_test_balanced": 0.5000327825546265, "ood_test_balanced_conf": [0.5000131401040562, 0.5000524250051968], "features": ["DRNK_PER_WEEK", "SMOKE100", "CHCOCNCR", "STATE", "MEDCOST", "PRACE1", "SEX", "BMI5CAT", "IYEAR"]}