{"validation": 0.6151386314909699, "id_test": 0.6143531976744186, "ood_test": 0.4538220704859304, "ood_validation": 0.4529202046123904, "train": 0.6102336989848062, "id_test_conf": [0.6085724061378993, 0.6201098365015952], "id_test_balanced": 0.5240804553031921, "id_test_balanced_conf": [0.5220733756059781, 0.5260875350004062], "ood_test_conf": [0.45247148848516155, 0.45517316451393824], "ood_test_balanced": 0.5238747000694275, "ood_test_balanced_conf": [0.5233584567240905, 0.5243909434147644], "features": ["DRNK_PER_WEEK", "SMOKE100", "CHCOCNCR", "STATE", "MEDCOST", "PRACE1", "SEX", "BMI5CAT", "IYEAR"]}