{"validation": 0.4022402129311301, "id_test": 0.4020405145645424, "ood_test": 0.5842926061755961, "ood_validation": 0.5834446854663774, "train": 0.4012827444076318, "id_test_conf": [0.39619003814537757, 0.4079120391864946], "id_test_balanced": 0.5000618100166321, "id_test_balanced_conf": [0.4999955651629716, 0.5001280548702925], "ood_test_conf": [0.5829498564890138, 0.5856344141336596], "ood_test_balanced": 0.5000227689743042, "ood_test_balanced_conf": [0.5000004149855521, 0.5000451229630563], "features": ["AGEG5YR", "FRUIT_ONCE_PER_DAY", "VEG_ONCE_PER_DAY", "RFBING5", "CHCOCNCR", "DIABETES", "POVERTY", "EMPLOY1", "SEX", "IYEAR", "STATE", "MEDCOST", "PRACE1", "SEX", "BMI5CAT"]}