{"validation": 0.40220324572104543, "id_test": 0.40196658287742126, "ood_test": 0.584298390735449, "ood_validation": 0.5835140997830802, "train": 0.4012088110123792, "id_test_conf": [0.3961162904719204, 0.4078379393737894], "id_test_balanced": 0.5, "id_test_balanced_conf": [0.5, 0.5], "ood_test_conf": [0.5829556437092441, 0.5856401959685115], "ood_test_balanced": 0.5000096559524536, "ood_test_balanced_conf": [0.5000004626424925, 0.5000188492624147], "features": ["AGEG5YR", "FRUIT_ONCE_PER_DAY", "VEG_ONCE_PER_DAY", "RFBING5", "CHCOCNCR", "DIABETES", "POVERTY", "EMPLOY1", "SEX", "IYEAR", "STATE", "MEDCOST", "PRACE1", "SEX", "BMI5CAT"]}