{"validation": 0.573507145758706, "id_test": 0.5734702167731452, "ood_test": 0.6176686421760007, "ood_validation": 0.6176847871307725, "train": 0.5713474588007201, "id_test_conf": [0.5675534974229238, 0.5793711661799602], "id_test_balanced": 0.6078691482543945, "id_test_balanced_conf": [0.6040329965483398, 0.6117052999604493], "ood_test_conf": [0.6163451753099592, 0.6189907958555902], "ood_test_balanced": 0.5877658128738403, "ood_test_balanced_conf": [0.5868831070326269, 0.5886485187150537], "features": ["AGEG5YR", "RFBING5", "TOTINDA", "SMOKE100", "SMOKDAY2", "POVERTY", "MEDCOST", "PRACE1", "SEX", "IYEAR", "STATE", "PRACE1", "SEX", "BMI5CAT"]}