{"id_test": 0.9666470424193598, "id_test_conf": [0.9657594359783647, 0.9675178306530654], "id_test_balanced": 0.5367535948753357, "id_test_balanced_conf": [0.5360985234333202, 0.5374086663173512], "ood_test": 0.9488359584624506, "ood_test_conf": [0.9477572950862716, 0.9498986817764815], "ood_test_balanced": 0.5278429388999939, "ood_test_balanced_conf": [0.5272600751265418, 0.528425802673446], "validation": 0.9671550035943581, "validation_conf": [0.966273853168915, 0.968019316817904], "validation_balanced": 0.5376304984092712, "validation_balanced_conf": [0.5369693035178352, 0.5382916933007073], "features": ["WKW", "WRK", "DIS", "ESP", "NATIVITY", "DREM", "DPHY", "AGEP", "MAR", "CIT", "RAC1P", "ACS_YEAR", "SCHL"]}