{"validation": 0.8424917306561247, "id_test": 0.8438468646172599, "ood_test": 0.803880859219037, "ood_validation": 0.8304597701149425, "train": 0.8437117814503082, "id_test_conf": [0.8429337623934288, 0.844756702087391], "id_test_balanced": 0.7585048675537109, "id_test_balanced_conf": [0.7578759886079933, 0.7591337464994286], "ood_test_conf": [0.796816403879039, 0.8108037983909167], "ood_test_balanced": 0.746545135974884, "ood_test_balanced_conf": [0.742154233418405, 0.750936038531363], "features": ["Average_confidence(BORED)", "Average_confidence(CONCENTRATING)", "Average_confidence(FRUSTRATED)", "hint_count", "ms_first_response", "position", "type", "overlap_time", "school_id"]}