{"validation": 0.7389488339714584, "id_test": 0.7390454131227218, "ood_test": 0.7151664449157566, "ood_validation": 0.7071724955542383, "train": 0.7389162288796264, "id_test_conf": [0.7368725883610503, 0.74120946402438], "id_test_balanced": 0.6566251516342163, "id_test_balanced_conf": [0.6551767998607829, 0.6580735034076497], "ood_test_conf": [0.7119410133970725, 0.7183754245497831], "ood_test_balanced": 0.6839562654495239, "ood_test_balanced_conf": [0.681747712646611, 0.6861648182524368], "features": ["ENG", "FER", "HINS1", "HINS4", "NWLA", "NWLK", "POBP", "RELP", "WRK", "SEX", "MAR", "CIT", "RAC1P", "ACS_YEAR", "DIVISION"]}