{"id_test": 0.8120805369127517, "id_test_conf": [0.7630200676943543, 0.8548126731682171], "id_test_balanced": 0.7008060812950134, "id_test_balanced_conf": [0.6688841839134693, 0.7327279786765576], "ood_test": 0.6933708340893969, "ood_test_conf": [0.6883689954285264, 0.6983386857935362], "ood_test_balanced": 0.6980723142623901, "ood_test_balanced_conf": [0.6946280984580517, 0.7015165300667285], "validation": 0.7953020134228188, "validation_conf": [0.7449729880803729, 0.839651578788371], "validation_balanced": 0.6947596669197083, "validation_balanced_conf": [0.662751282453537, 0.7267680513858795], "features": ["FAMILY_SIZE_AVG", "ORIGIN", "RECEIVED_WORK_COMP", "TANF_ASSISTANCE", "UNEMPLOYMENT_COMP", "FOSTER_CHILD_CARE_AMT", "ALIMONY_AMT", "INCOME_FROM_ASSISTANCE", "INCOME", "UNEMPLOYMENT_COMP_AMOUNT", "VA_BENEFITS_AMOUNT", "RETIREMENT_INCOME_AMOUNT", "SURVIVOR_INCOME_AMOUNT", "FOOD_ASSISTANCE", "EDUCATION", "RACE", "MEDICARE_ASSISTANCE", "HEALTHDISAB", "DAYS_SICK", "HOSPITAL_NIGHTS", "VISIT_DOCTOR_NUM", "HEALTH_OVER_THE_COUNTER_PRODUCTS_PAY", "HEALTH_MEDICAL_CARE_PAY", "HEALTH_HEARING", "HEALTH_AMBULATORY", "SOCIAL_SEC_BENEFITS", "CITIZENSHIP_STATUS"]}