{"id_test": 0.6476974777502862, "id_test_conf": [0.6419738812801088, 0.6533893672124169], "id_test_balanced": 0.615785539150238, "id_test_balanced_conf": [0.6119260119274259, 0.6196450663730502], "ood_test": 0.5512845946867337, "ood_test_conf": [0.5499304728184178, 0.5526381442297184], "ood_test_balanced": 0.587398886680603, "ood_test_balanced_conf": [0.5865470384678337, 0.5882507348933723], "validation": 0.6510580154363159, "validation_conf": [0.645346587196425, 0.6567370149376789], "validation_balanced": 0.6190617084503174, "validation_balanced_conf": [0.6152052551880479, 0.6229181617125868], "features": ["AGEG5YR", "FRUIT_ONCE_PER_DAY", "RFBING5", "TOTINDA", "SMOKE100", "POVERTY", "EMPLOY1", "PRACE1", "IYEAR", "MEDCOST", "PRACE1", "SEX", "BMI5CAT"]}