{"validation": 0.6402008936814506, "id_test": 0.6392776690424314, "ood_test": 0.5795535746960174, "ood_validation": 0.5778498127860213, "train": 0.638438812722153, "id_test_conf": [0.6335249354209085, 0.6450005038524775], "id_test_balanced": 0.6305952072143555, "id_test_balanced_conf": [0.6265475062374025, 0.6346429081913084], "ood_test_conf": [0.5782094471928425, 0.5808968143916384], "ood_test_balanced": 0.5979775190353394, "ood_test_balanced_conf": [0.5970583440817427, 0.598896693988936], "features": ["AGEG5YR", "FRUIT_ONCE_PER_DAY", "RFBING5", "TOTINDA", "SMOKE100", "POVERTY", "EMPLOY1", "PRACE1", "IYEAR", "MEDCOST", "PRACE1", "SEX", "BMI5CAT"]}