{"validation": 0.9206454265900158, "id_test": 0.9213336435185489, "ood_test": 0.9097660305038728, "ood_validation": 0.9281609195402298, "train": 0.9213921484303004, "id_test_conf": [0.9206554430636111, 0.9220078418392375], "id_test_balanced": 0.8784976601600647, "id_test_balanced_conf": [0.8779588570771739, 0.8790364632429555], "ood_test_conf": [0.9046122251485925, 0.9147284569395455], "ood_test_balanced": 0.883345365524292, "ood_test_balanced_conf": [0.8796390537405386, 0.8870516773080453], "features": ["Average_confidence(CONCENTRATING)", "Average_confidence(CONFUSED)", "attempt_count", "hint_count", "ms_first_response", "tutor_mode", "position", "overlap_time", "first_action", "school_id"]}