{"validation": 0.9215890902001517, "id_test": 0.9222658374673158, "ood_test": 0.909925736644574, "ood_validation": 0.9281609195402298, "train": 0.9223816837664598, "id_test_conf": [0.921591306529291, 0.9229363573812189], "id_test_balanced": 0.880099892616272, "id_test_balanced_conf": [0.8795633305446244, 0.8806364546879195], "ood_test_conf": [0.9047758947359048, 0.9148841234612632], "ood_test_balanced": 0.8834754228591919, "ood_test_balanced_conf": [0.8797718017036096, 0.8871790440147742], "features": ["Average_confidence(CONCENTRATING)", "Average_confidence(CONFUSED)", "attempt_count", "hint_count", "ms_first_response", "tutor_mode", "position", "overlap_time", "first_action", "school_id"]}