{"id_test": 0.8252032520325203, "id_test_conf": [0.7958405988763037, 0.8519378083326818], "id_test_balanced": 0.7314606308937073, "id_test_balanced_conf": [0.712249618768692, 0.7506716430187226], "ood_test": 0.5, "ood_test_conf": [0.06758598648854294, 0.932414013511457], "ood_test_balanced": 0.3333333432674408, "ood_test_balanced_conf": [0.10234512716531755, 0.5643215593695641], "validation": 0.8046132971506106, "validation_conf": [0.7741130685375245, 0.832651639712878], "validation_balanced": 0.704819917678833, "validation_balanced_conf": [0.6856836170330644, 0.7239562183246017], "features": ["Average_confidence(BORED)", "Average_confidence(FRUSTRATED)", "skill_id", "ms_first_response", "tutor_mode", "position", "type", "school_id"]}