{"id_test": 0.8758389261744967, "id_test_conf": [0.8329410290398116, 0.9110522325021173], "id_test_balanced": 0.8128259778022766, "id_test_balanced_conf": [0.7832622279971838, 0.8423897276073694], "ood_test": 0.7643500877033811, "ood_test_conf": [0.759737430367172, 0.7689162666350666], "ood_test_balanced": 0.7654275894165039, "ood_test_balanced_conf": [0.7622011474706233, 0.7686540313623845], "validation": 0.8523489932885906, "validation_conf": [0.8068981296050279, 0.8906223129483003], "validation_balanced": 0.7995660901069641, "validation_balanced_conf": [0.7689292396605015, 0.8302029405534267], "features": ["LIVING_QUARTERS_TYPE", "MARITAL_STATUS", "FAMILY_SIZE_AVG", "ORIGIN", "HOUSEHOLD_INC", "RECEIVED_WORK_COMP", "UNEMPLOYMENT_COMP", "SEVERANCE_PAY_PENSION", "FOSTER_CHILD_CARE_AMT", "INCOME_FROM_ASSISTANCE", "SAVINGS_INV_AMOUNT", "UNEMPLOYMENT_COMP_AMOUNT", "RETIREMENT_INCOME_AMOUNT", "FOOD_ASSISTANCE", "AGE", "LIVING_OWNERSHIP", "SNAP_ASSISTANCE", "WIC_ASSISTANCE", "MEDICARE_ASSISTANCE", "MEDICAID_ASSISTANCE", "HEALTHDISAB", "HOSPITAL_NIGHTS", "PRESCRIPTION_MEDS", "VISIT_DENTIST_NUM", "HEALTH_OVER_THE_COUNTER_PRODUCTS_PAY", "HEALTH_HEARING", "HEALTH_SELF_CARE", "HEALTH_SUPPLEMENTAL_DISABILITY", "CITIZENSHIP_STATUS"]}