{"validation": 0.8309359380365523, "id_test": 0.8271226535076563, "ood_test": 0.7984778427922583, "ood_validation": 0.8007733382434175, "train": 0.8278268666397464, "id_test_conf": [0.8244611401477911, 0.8297600076600443], "id_test_balanced": 0.6028648018836975, "id_test_balanced_conf": [0.6012418229342438, 0.6044877808331512], "ood_test_conf": [0.7948937506554749, 0.8020264525522758], "ood_test_balanced": 0.6228567361831665, "ood_test_balanced_conf": [0.6205394500121474, 0.6251740223541856], "features": ["ENG", "FER", "NWLA", "NWLK", "POBP", "WKHP", "WRK", "DIS", "MIL", "DEAR", "DREM", "PUBCOV", "SEX", "MAR", "CIT", "SCHL", "ACS_YEAR", "DIVISION"]}