{"id_test": 0.6559476173153874, "id_test_conf": [0.650297427431076, 0.6615648298748862], "id_test_balanced": 0.6083678603172302, "id_test_balanced_conf": [0.604797931117937, 0.6119377895165234], "ood_test": 0.596508571472362, "ood_test_conf": [0.5951761567428164, 0.5978399148970357], "ood_test_balanced": 0.6233168840408325, "ood_test_balanced_conf": [0.6224397422804031, 0.6241940258012619], "validation": 0.6586758821389597, "validation_conf": [0.6530360925856947, 0.6642821171643808], "validation_balanced": 0.6134304404258728, "validation_balanced_conf": [0.6098666548123584, 0.6169942260393873], "features": ["FRUIT_ONCE_PER_DAY", "TOTINDA", "SMOKE100", "SMOKDAY2", "CHCSCNCR", "DIABETES", "POVERTY", "EMPLOY1", "STATE", "SEX", "IYEAR", "STATE", "PRACE1", "SEX", "BMI5CAT"]}