{"id_test": 0.6379291553133515, "id_test_conf": [0.6322190318257441, 0.6436101503307972], "id_test_balanced": 0.6067586541175842, "id_test_balanced_conf": [0.602889044797048, 0.6106282634381205], "ood_test": 0.5426627635415738, "ood_test_conf": [0.5413166981275996, 0.5440083599950583], "ood_test_balanced": 0.5791576504707336, "ood_test_balanced_conf": [0.5783098733390216, 0.5800054276024457], "validation": 0.6398415927917454, "validation_conf": [0.6341376952173213, 0.6455159568007481], "validation_balanced": 0.6079837083816528, "validation_balanced_conf": [0.6041116443648934, 0.6118557723984123], "features": ["AGEG5YR", "VEG_ONCE_PER_DAY", "DRNK_PER_WEEK", "TOTINDA", "SMOKE100", "EMPLOY1", "IYEAR", "IYEAR", "BMI5CAT"]}