{"validation": 0.7407194159635642, "id_test": 0.7412703040860993, "ood_test": 0.45068205666316896, "ood_validation": 0.5566037735849056, "train": 0.7408074318385967, "id_test_conf": [0.7396168840719758, 0.7429185618117797], "id_test_balanced": 0.5876476764678955, "id_test_balanced_conf": [0.586857135023456, 0.588438217912335], "ood_test_conf": [0.42817276850460056, 0.4733433302353122], "ood_test_balanced": 0.5108094811439514, "ood_test_balanced_conf": [0.5057283612713218, 0.515890601016581], "features": ["Average_confidence(BORED)", "Average_confidence(CONCENTRATING)", "Average_confidence(FRUSTRATED)", "skill_id", "ms_first_response", "tutor_mode", "overlap_time", "first_action", "school_id"]}