{"id_test": 0.8648938945236379, "id_test_conf": [0.8622455149425403, 0.8675097387021233], "id_test_balanced": 0.7812448143959045, "id_test_balanced_conf": [0.7793270128080622, 0.7831626159837469], "ood_test": 0.5838779956427015, "ood_test_conf": [0.5372750627076199, 0.6293931122570774], "ood_test_balanced": 0.6069958806037903, "ood_test_balanced_conf": [0.5882359229028225, 0.6257558383047581], "validation": 0.8667812370532906, "validation_conf": [0.8641483257387581, 0.8693814439310885], "validation_balanced": 0.7831233143806458, "validation_balanced_conf": [0.7812097522662953, 0.7850368764949962], "features": ["Average_confidence(BORED)", "Average_confidence(CONCENTRATING)", "Average_confidence(FRUSTRATED)", "skill_id", "ms_first_response", "tutor_mode", "overlap_time", "first_action", "school_id"]}