{"validation": 0.7974105159037728, "id_test": 0.79793535909767, "ood_test": 0.440713536201469, "ood_validation": 0.5424528301886793, "train": 0.7982227770757527, "id_test_conf": [0.79641837821264, 0.7994459644166539], "id_test_balanced": 0.6746461987495422, "id_test_balanced_conf": [0.6737230662314687, 0.6755693312676158], "ood_test_conf": [0.4182684416860449, 0.46334134265201565], "ood_test_balanced": 0.5034535527229309, "ood_test_balanced_conf": [0.5010335715813562, 0.5058735338645056], "features": ["Average_confidence(BORED)", "Average_confidence(CONCENTRATING)", "Average_confidence(FRUSTRATED)", "skill_id", "ms_first_response", "tutor_mode", "overlap_time", "first_action", "school_id"]}