{"validation": 0.8058492274171027, "id_test": 0.8035475901858189, "ood_test": 0.579520697167756, "ood_validation": 0.46153846153846156, "train": 0.8045135279247209, "id_test_conf": [0.8004760417610378, 0.8065920876528445], "id_test_balanced": 0.7017931342124939, "id_test_balanced_conf": [0.6997542365593836, 0.7038320318656042], "ood_test_conf": [0.5328803819951731, 0.6251297513407079], "ood_test_balanced": 0.6021090745925903, "ood_test_balanced_conf": [0.5824753509089351, 0.6217427982762456], "features": ["Average_confidence(BORED)", "Average_confidence(CONCENTRATING)", "Average_confidence(FRUSTRATED)", "skill_id", "ms_first_response", "tutor_mode", "overlap_time", "first_action", "school_id"]}