{"validation": 0.7891652087900731, "id_test": 0.7898155700645523, "ood_test": 0.4422875131164743, "ood_validation": 0.5424528301886793, "train": 0.790167097339425, "id_test_conf": [0.7882764632430492, 0.7913484752216965], "id_test_balanced": 0.6644824147224426, "id_test_balanced_conf": [0.6635587940260302, 0.665406035418855], "ood_test_conf": [0.4198316791579562, 0.4649212072436826], "ood_test_balanced": 0.5048502087593079, "ood_test_balanced_conf": [0.5021606623614207, 0.5075397551571951], "features": ["Average_confidence(BORED)", "Average_confidence(CONCENTRATING)", "Average_confidence(FRUSTRATED)", "skill_id", "ms_first_response", "tutor_mode", "overlap_time", "first_action", "school_id"]}