{"validation": 0.8013336399172224, "id_test": 0.8002298850574713, "ood_test": 0.7442419104140172, "ood_validation": 0.7532852903772785, "train": 0.7973905046557076, "id_test_conf": [0.7880334488350861, 0.8120218325452625], "id_test_balanced": 0.7055517435073853, "id_test_balanced_conf": [0.6973160209134222, 0.7137874661013484], "ood_test_conf": [0.7383165691820148, 0.7501003099392562], "ood_test_balanced": 0.6969972848892212, "ood_test_balanced_conf": [0.6933299974817783, 0.7006645722966641], "features": ["VCF0004", "VCF0901b", "VCF0218", "VCF9010", "VCF9201", "VCF9203", "VCF9204", "VCF9206", "VCF0428", "VCF0429", "VCF9052", "VCF0809", "VCF0822", "VCF0843", "VCF0838", "VCF9239", "VCF0803", "VCF0601", "VCF0718", "VCF0720", "VCF0701", "VCF0745", "VCF0101", "VCF0104", "VCF0112"]}