{"id_test": 0.6414934081760774, "id_test_conf": [0.6357481562187701, 0.6472082854934815], "id_test_balanced": 0.604765772819519, "id_test_balanced_conf": [0.6009636614844203, 0.6085678841546178], "ood_test": 0.530949111213407, "ood_test_conf": [0.529590537705582, 0.5323073393367337], "ood_test_balanced": 0.5743229985237122, "ood_test_balanced_conf": [0.5735119418951217, 0.5751340551523026], "validation": 0.6454078806455187, "validation_conf": [0.6396761705302281, 0.651108375468554], "validation_balanced": 0.6083838939666748, "validation_balanced_conf": [0.6045871130051091, 0.6121806749282405], "features": ["AGEG5YR", "SMOKDAY2", "CHCSCNCR", "CHCOCNCR", "POVERTY", "STATE", "MEDCOST", "SEX", "IYEAR", "PRACE1", "BMI5CAT"]}