{"id_test": 0.8732408175578852, "id_test_conf": [0.8714380721207353, 0.8750272227409721], "id_test_balanced": 0.506528913974762, "id_test_balanced_conf": [0.5061724067118485, 0.5068854212376754], "ood_test": 0.8264980180365091, "ood_test_conf": [0.8249570634379969, 0.828030876087627], "ood_test_balanced": 0.5087046027183533, "ood_test_balanced_conf": [0.5083919692714699, 0.5090172361652366], "validation": 0.8727647089879251, "validation_conf": [0.8709590964062178, 0.8745540021086875], "validation_balanced": 0.5064929127693176, "validation_balanced_conf": [0.5061407290620263, 0.5068450964766089], "features": ["CHOL_CHK_PAST_5_YEARS", "TOLDHI", "SMOKE100", "SMOKDAY2", "CVDSTRK3", "MICHD", "VEG_ONCE_PER_DAY", "DRNK_PER_WEEK", "RFBING5", "INCOME", "STATE", "MEDCOST", "PRACE1", "SEX", "STATE", "MEDCOST", "PRACE1", "SEX", "PRACE1", "IYEAR"]}