{"validation": 0.8183490457576454, "id_test": 0.8009195402298851, "ood_test": 0.7514483538222411, "ood_validation": 0.7494701144552777, "train": 0.8002931371422003, "id_test_conf": [0.7887380428477858, 0.8126956131281712], "id_test_balanced": 0.7141131162643433, "id_test_balanced_conf": [0.70574348654598, 0.7224827459827066], "ood_test_conf": [0.7455773441496714, 0.7572504431901491], "ood_test_balanced": 0.7101085782051086, "ood_test_balanced_conf": [0.7063281016470865, 0.7138890547631308], "features": ["VCF0004", "VCF0901b", "VCF0224", "VCF9010", "VCF9011", "VCF9201", "VCF9203", "VCF9204", "VCF9205", "VCF0521", "VCF0523", "VCF0429", "VCF0809", "VCF0822", "VCF0843", "VCF0838", "VCF9239", "VCF0803", "VCF0846", "VCF0606", "VCF0612", "VCF0615", "VCF0616", "VCF0310", "VCF0717", "VCF0675", "VCF0745", "VCF0101", "VCF0104", "VCF0112"]}