{"validation": 0.7536689554789102, "id_test": 0.7538983394086675, "ood_test": 0.73463661392947, "ood_validation": 0.7280379371665678, "train": 0.7546433377131814, "id_test_conf": [0.751766740479157, 0.7560206189683284], "id_test_balanced": 0.6868039965629578, "id_test_balanced_conf": [0.6853245917870663, 0.6882834013388492], "ood_test_conf": [0.7314802106756579, 0.7377750755063571], "ood_test_balanced": 0.7048503160476685, "ood_test_balanced_conf": [0.7026766280084848, 0.7070240040868521], "features": ["ENG", "FER", "HINS2", "HINS3", "RELP", "WRK", "AGEP", "SCHL", "DIVISION"]}