{"validation": 0.7599088694111319, "id_test": 0.760201498582422, "ood_test": 0.7408544216253244, "ood_validation": 0.7382335506816835, "train": 0.7603445234364061, "id_test_conf": [0.7580884116631073, 0.7623050346071372], "id_test_balanced": 0.700343132019043, "id_test_balanced_conf": [0.6988558942568488, 0.7018303697812371], "ood_test_conf": [0.737721687677283, 0.7439687380556106], "ood_test_balanced": 0.7124659419059753, "ood_test_balanced_conf": [0.7102993977675215, 0.7146324860444292], "features": ["ENG", "FER", "HINS2", "HINS3", "RELP", "WRK", "AGEP", "SCHL", "DIVISION"]}