{"validation": 0.9084562885348729, "id_test": 0.9077568694536512, "ood_test": 0.872107969151671, "ood_validation": 0.8574181117533719, "train": 0.9077389471058163, "id_test_conf": [0.906552303207262, 0.9089508947217023], "id_test_balanced": 0.858761191368103, "id_test_balanced_conf": [0.8578270867024549, 0.8596952960337512], "ood_test_conf": [0.8621871760295978, 0.8815606655827593], "ood_test_balanced": 0.8338215351104736, "ood_test_balanced_conf": [0.8270578024350107, 0.8405852677859366], "features": ["Average_confidence(BORED)", "Average_confidence(FRUSTRATED)", "attempt_count", "bottom_hint", "ms_first_response", "school_id"]}