{"validation": 0.9092075988362143, "id_test": 0.9092114833354725, "ood_test": 0.8670886075949367, "ood_validation": 0.8679245283018868, "train": 0.9072521125254038, "id_test_conf": [0.9054557034097155, 0.9128651445547323], "id_test_balanced": 0.8612728714942932, "id_test_balanced_conf": [0.8583952804887667, 0.8641504624998197], "ood_test_conf": [0.8331733588471635, 0.8963342388081396], "ood_test_balanced": 0.8168604373931885, "ood_test_balanced_conf": [0.7951738118752837, 0.8385470629110933], "features": ["Average_confidence(BORED)", "Average_confidence(FRUSTRATED)", "attempt_count", "bottom_hint", "ms_first_response", "school_id"]}