{"validation": 0.9103200410747904, "id_test": 0.910409446797587, "ood_test": 0.8670886075949367, "ood_validation": 0.8679245283018868, "train": 0.9086640282383143, "id_test_conf": [0.9066754833149171, 0.9140409879515516], "id_test_balanced": 0.8631169199943542, "id_test_balanced_conf": [0.8602512709330767, 0.8659825690556318], "ood_test_conf": [0.8331733588471635, 0.8963342388081396], "ood_test_balanced": 0.8168604373931885, "ood_test_balanced_conf": [0.7951738118752837, 0.8385470629110933], "features": ["Average_confidence(BORED)", "Average_confidence(FRUSTRATED)", "attempt_count", "bottom_hint", "ms_first_response", "school_id"]}