{"validation": 0.877108378135167, "id_test": 0.875409558676491, "ood_test": 0.8317690576171233, "ood_validation": 0.8292856296647316, "train": 0.8761133159509911, "id_test_conf": [0.873602214118484, 0.8772001421110744], "id_test_balanced": 0.5262503027915955, "id_test_balanced_conf": [0.5255750592821278, 0.5269255463010631], "ood_test_conf": [0.8302268660413649, 0.8333028064539059], "ood_test_balanced": 0.5216271281242371, "ood_test_balanced_conf": [0.5211523825046607, 0.5221018737438134], "features": ["PHYSHLTH", "TOLDHI", "BMI5CAT", "CVDSTRK3", "MICHD", "DRNK_PER_WEEK", "TOTINDA", "MARITAL", "PRACE1", "SEX", "PRACE1", "IYEAR"]}