{"validation": 0.8201762753252699, "id_test": 0.8153202421529226, "ood_test": 0.7858341175989197, "ood_validation": 0.7910145461241024, "train": 0.8171546760188103, "id_test_conf": [0.8125899954829703, 0.8180272031522592], "id_test_balanced": 0.5711630582809448, "id_test_balanced_conf": [0.5696889423509128, 0.5726371742109768], "ood_test_conf": [0.7821700620054, 0.7894641967327017], "ood_test_balanced": 0.600853681564331, "ood_test_balanced_conf": [0.5985863687004894, 0.6031209944281727], "features": ["FER", "WIF", "NWLA", "NWLK", "OCCP", "POBP", "RELP", "ANC", "DEAR", "DEYE", "AGEP", "SEX", "ST", "CIT", "DIVISION"]}