{"validation": 0.7525424801442901, "id_test": 0.7500126569461321, "ood_test": 0.7432519661182174, "ood_validation": 0.7413159454653231, "train": 0.752017011002885, "id_test_conf": [0.747869952351162, 0.7521461848903673], "id_test_balanced": 0.7116962671279907, "id_test_balanced_conf": [0.7101616011117585, 0.7132309331442229], "ood_test_conf": [0.7401285761927436, 0.7463567550342785], "ood_test_balanced": 0.7245609760284424, "ood_test_balanced_conf": [0.7223615280538798, 0.726760424003005], "features": ["ENG", "FER", "HINS2", "HINS3", "HINS4", "RELP", "WKW", "WRK", "AGEP", "MAR", "RAC1P", "SCHL", "DIVISION"]}