{"id_test": 0.7882758620689655, "id_test_conf": [0.7758290783434417, 0.8003343659939849], "id_test_balanced": 0.6887596845626831, "id_test_balanced_conf": [0.6804986218735576, 0.6970207472518086], "ood_test": 0.7221044698789506, "ood_test_conf": [0.7160251412023914, 0.7281229326361224], "ood_test_balanced": 0.6754246354103088, "ood_test_balanced_conf": [0.6716417363286018, 0.6792075344920159], "validation": 0.786617613244424, "validation_conf": [0.7741358824729827, 0.798713221913775], "validation_balanced": 0.6920326948165894, "validation_balanced_conf": [0.6836874897591769, 0.7003778998740018], "features": ["VCF0004", "VCF9008", "VCF9010", "VCF9011", "VCF9201", "VCF9203", "VCF9206", "VCF0428", "VCF0875", "VCF0809", "VCF0870", "VCF0803", "VCF0601", "VCF0606", "VCF0612", "VCF0616", "VCF0617", "VCF0718", "VCF0720", "VCF0721", "VCF0675", "VCF0724", "VCF0104", "VCF0115", "VCF0112"]}