{"validation": 0.8749549289680536, "id_test": 0.8762529746881085, "ood_test": 0.8278433123305703, "ood_validation": 0.8299643774335184, "train": 0.8756287421551208, "id_test_conf": [0.8744133104689706, 0.8780751370129197], "id_test_balanced": 0.5451956391334534, "id_test_balanced_conf": [0.5443027231888845, 0.5460885550780222], "ood_test_conf": [0.8262492595904672, 0.8294286138968813], "ood_test_balanced": 0.5446629524230957, "ood_test_balanced_conf": [0.5439631694811397, 0.5453627353650518], "features": ["HIGH_BLOOD_PRESS", "TOLDHI", "BMI5", "BMI5CAT", "SMOKE100", "SMOKDAY2", "CVDSTRK3", "VEG_ONCE_PER_DAY", "RFBING5", "TOTINDA", "INCOME", "MARITAL", "CHECKUP1", "HEALTH_COV", "IYEAR", "MEDCOST", "PRACE1", "SEX", "PRACE1"]}