{"validation": 0.7453722747840394, "id_test": 0.7480634872417983, "ood_test": 0.7242692099959163, "ood_validation": 0.7178423236514523, "train": 0.7477705887797311, "id_test_conf": [0.7459152982893488, 0.750202571133315], "id_test_balanced": 0.6893516778945923, "id_test_balanced_conf": [0.6878427671361714, 0.6908605886530131], "ood_test_conf": [0.7210751089812668, 0.7274461626545896], "ood_test_balanced": 0.7089133262634277, "ood_test_balanced_conf": [0.7066598414303735, 0.7111668110964819], "features": ["COW", "ENG", "HINS1", "HINS4", "NWLA", "WRK", "ST", "RAC1P", "SCHL", "DIVISION"]}