{"id_test": 0.8640711637073035, "id_test_conf": [0.8632045523606788, 0.864934283487697], "features": ["Average_confidence(BORED)", "Average_confidence(FRUSTRATED)", "problem_type", "bottom_hint", "position", "type", "overlap_time", "school_id"], "ood_test": 0.7971732013095904, "ood_test_conf": [0.79002197737851, 0.8041860458492688], "validation": 0.863736921964481, "validation_conf": [0.8628694179033254, 0.8646009376694788]}