{"validation": 0.7893768682455737, "id_test": 0.7965517241379311, "ood_test": 0.7314304554660638, "ood_validation": 0.7418397626112759, "train": 0.7878204391309346, "id_test_conf": [0.7842765412314454, 0.8084274077937057], "id_test_balanced": 0.6881402730941772, "id_test_balanced_conf": [0.6801768944598734, 0.6961036517284811], "ood_test_conf": [0.7254136808261736, 0.7373838049868731], "ood_test_balanced": 0.6808879375457764, "ood_test_balanced_conf": [0.6772571956319734, 0.6845186794595793], "features": ["VCF0004", "VCF0224", "VCF9008", "VCF9010", "VCF9011", "VCF9201", "VCF9202", "VCF9203", "VCF9205", "VCF9206", "VCF0521", "VCF0523", "VCF0428", "VCF0429", "VCF0875", "VCF0809", "VCF0822", "VCF9045", "VCF9239", "VCF0601", "VCF0606", "VCF0612", "VCF0616", "VCF0743", "VCF0701", "VCF0725", "VCF0726", "VCF0115", "VCF0140a", "VCF0112"]}