{"validation": 0.7822121845677052, "id_test": 0.7811562715912314, "ood_test": 0.41251679653542034, "ood_validation": 0.40972313922267706, "train": 0.7813178861323897, "id_test_conf": [0.7800085053289699, 0.7823007841775933], "id_test_balanced": 0.5258433818817139, "id_test_balanced_conf": [0.525473171370686, 0.5262135923927417], "ood_test_conf": [0.41144959921569807, 0.4135846134965228], "ood_test_balanced": 0.5314198732376099, "ood_test_balanced_conf": [0.5310486566787586, 0.5317910897964612], "features": ["MIG", "DEAR", "DEYE", "DREM", "ESR", "FER", "SEX", "MAR", "CIT", "RAC1P", "DIVISION", "DIS"]}