{"validation": 0.7741416954086637, "id_test": 0.7738013872012961, "ood_test": 0.7539750497292882, "ood_validation": 0.7576763485477178, "train": 0.7744175210798316, "id_test_conf": [0.7717304091994348, 0.7758623147040579], "id_test_balanced": 0.7216477394104004, "id_test_balanced_conf": [0.7201698073837907, 0.7231256714370101], "ood_test_conf": [0.750894968291144, 0.7570357094088539], "ood_test_balanced": 0.7244737148284912, "ood_test_balanced_conf": [0.7223472131788731, 0.7266002164781094], "features": ["COW", "ENG", "HINS2", "HINS3", "NWLA", "NWLK", "WKHP", "WKW", "WRK", "ST", "CIT", "SCHL", "DIVISION"]}