{"validation": 0.7865554004644745, "id_test": 0.7852838161116015, "ood_test": 0.5354179173641024, "ood_validation": 0.5335182006250275, "train": 0.7856655939258893, "id_test_conf": [0.7841438836199975, 0.7864204471350235], "id_test_balanced": 0.5534722805023193, "id_test_balanced_conf": [0.5529502295574639, 0.5539943314471748], "ood_test_conf": [0.534336291512543, 0.5364992923538927], "ood_test_balanced": 0.6141965985298157, "ood_test_balanced_conf": [0.6135963643807918, 0.6147968326788396], "features": ["ANC", "DEAR", "DREM", "ESR", "FER", "AGEP", "SEX", "MAR", "CIT", "DIVISION", "ACS_YEAR", "DIS"]}