{"id_test": 0.9879034557481752, "id_test_conf": [0.9873176559448364, 0.9884689578189207], "id_test_balanced": 0.5005788207054138, "id_test_balanced_conf": [0.5004882027510029, 0.5006694386598247], "ood_test": 0.9242347584113332, "ood_test_conf": [0.9228071430940084, 0.9256440387146192], "ood_test_balanced": 0.5000450611114502, "ood_test_balanced_conf": [0.5000175082415808, 0.5000726139813196], "validation": 0.9886518351664801, "validation_conf": [0.9880837809649617, 0.989199555049405], "validation_balanced": 0.5006080865859985, "validation_balanced_conf": [0.5005137070543424, 0.5007024661176547], "features": ["O2Sat", "Temp", "SBP", "DBP", "Resp", "EtCO2", "BaseExcess", "HCO3", "pH", "PaCO2", "SaO2", "AST", "Alkalinephos", "Calcium", "Creatinine", "Lactate", "Phosphate", "TroponinI", "Hgb", "Platelets", "Age", "Gender", "Unit1", "HospAdmTime", "set", "ICULOS"]}