{"validation": 0.7822900629217163, "id_test": 0.7813919030636085, "ood_test": 0.38119057022021646, "ood_validation": 0.37826268761829307, "train": 0.7813203822328567, "id_test_conf": [0.7802445794878553, 0.7825359702351626], "id_test_balanced": 0.5237439274787903, "id_test_balanced_conf": [0.5233940699486993, 0.5240937850088813], "ood_test_conf": [0.3801378047556426, 0.3822441772177411], "ood_test_balanced": 0.5110209584236145, "ood_test_balanced_conf": [0.5107887973653851, 0.5112531194818439], "features": ["ESP", "ANC", "NATIVITY", "DREM", "ESR", "SEX", "CIT", "DIS"]}