{"validation": 0.8736463854833989, "id_test": 0.8734593996943188, "ood_test": 0.8248044787036516, "ood_validation": 0.8217993079584776, "train": 0.8736777601518652, "id_test_conf": [0.8715886173799287, 0.8753125561074822], "id_test_balanced": 0.5151237845420837, "id_test_balanced_conf": [0.5145654941990506, 0.5156820748851169], "ood_test_conf": [0.8231844274660683, 0.8264156973590264], "ood_test_balanced": 0.5155763030052185, "ood_test_balanced_conf": [0.51512374331709, 0.516028862693347], "features": ["BMI5", "VEG_ONCE_PER_DAY", "DRNK_PER_WEEK", "RFBING5", "EDUCA", "HEALTH_COV", "MENTHLTH", "STATE", "MEDCOST", "PRACE1", "IYEAR", "STATE", "PRACE1", "PRACE1"]}