{"validation": 0.7944355024143481, "id_test": 0.7891954022988505, "ood_test": 0.7760350430973576, "ood_validation": 0.7838066977532853, "train": 0.790952983101506, "id_test_conf": [0.7767673113230803, 0.8012339673185586], "id_test_balanced": 0.7629503011703491, "id_test_balanced_conf": [0.7541172490827739, 0.7717833532579244], "ood_test_conf": [0.7703660897462224, 0.7816283223410024], "ood_test_balanced": 0.7629932165145874, "ood_test_balanced_conf": [0.7590020730346442, 0.7669843599945306], "features": ["VCF0218", "VCF0224", "VCF0302", "VCF9008", "VCF9010", "VCF9011", "VCF9202", "VCF9204", "VCF9205", "VCF0429", "VCF0809", "VCF0839", "VCF0846", "VCF0612", "VCF0615", "VCF0717", "VCF0721", "VCF0701", "VCF0725", "VCF0745", "VCF0101", "VCF0105a", "VCF0115", "VCF0140a", "VCF0112"]}