{"validation": 0.9272276295571358, "id_test": 0.9276228157246901, "ood_test": 0.9109758846067163, "ood_validation": 0.9047619047619048, "train": 0.9268312385548498, "id_test_conf": [0.9268444663845665, 0.9283953993872275], "id_test_balanced": 0.8889853358268738, "id_test_balanced_conf": [0.8883630877325777, 0.8896075839211699], "ood_test_conf": [0.9048586620663226, 0.9168217014084994], "ood_test_balanced": 0.8827191591262817, "ood_test_balanced_conf": [0.878307947712019, 0.8871303705405444], "features": ["Average_confidence(BORED)", "Average_confidence(CONCENTRATING)", "Average_confidence(CONFUSED)", "Average_confidence(FRUSTRATED)", "attempt_count", "hint_count", "problem_type", "bottom_hint", "ms_first_response", "tutor_mode", "type", "school_id"]}