{"id_test": 0.8147126436781609, "id_test_conf": [0.8028418613498365, 0.8261592706836309], "id_test_balanced": 0.7337816953659058, "id_test_balanced_conf": [0.7254877674020827, 0.7420756233297289], "ood_test": 0.7664264518863926, "ood_test_conf": [0.7606753632733014, 0.7721045064656946], "ood_test_balanced": 0.7275604009628296, "ood_test_balanced_conf": [0.7238048850465566, 0.7313159168791026], "validation": 0.8091515290871465, "validation_conf": [0.7971512721256985, 0.8207350900454041], "validation_balanced": 0.7296960353851318, "validation_balanced_conf": [0.7213393476977944, 0.7380527230724693], "features": ["VCF0004", "VCF0901b", "VCF0218", "VCF0224", "VCF0302", "VCF9008", "VCF9010", "VCF9204", "VCF9205", "VCF0521", "VCF0523", "VCF0428", "VCF0875", "VCF9052", "VCF0839", "VCF0870", "VCF9045", "VCF9239", "VCF0803", "VCF0846", "VCF0601", "VCF0612", "VCF0615", "VCF0617", "VCF0310", "VCF0743", "VCF0717", "VCF0718", "VCF0675", "VCF0724", "VCF0725", "VCF0104", "VCF0105a", "VCF0115", "VCF0140a", "VCF0112"]}