{"id_test": 0.9492694805194806, "id_test_conf": [0.9452464353631442, 0.953078542343249], "id_test_balanced": 0.8532812595367432, "id_test_balanced_conf": [0.8491658041067421, 0.8573967149667442], "ood_test": 0.856508875739645, "ood_test_conf": [0.8366781887614695, 0.8747752068829291], "ood_test_balanced": 0.8004393577575684, "ood_test_balanced_conf": [0.7864466829784215, 0.8144320325367153], "validation": 0.9518668831168832, "validation_conf": [0.9479384846010964, 0.9555799876650821], "validation_balanced": 0.8620611429214478, "validation_balanced_conf": [0.8580250058043748, 0.8660972800385207], "features": ["STABBR", "NUMBRANCH", "HIGHDEG", "region", "LOCALE", "CCSIZSET", "HBCU", "ADM_RATE_ALL", "SATWRMID", "ACTENMID", "ACTMTMID", "PCIP01", "PCIP05", "PCIP09", "PCIP12", "PCIP13", "PCIP19", "PCIP29", "PCIP30", "PCIP46", "PCIP47", "PCIP49", "PCIP50", "PCIP54", "DISTANCEONLY", "UGDS", "UG", "UGDS_WHITE", "UGDS_BLACK", "UGDS_AIAN", "UGDS_NHPI", "UGDS_2MOR", "UGDS_NRA", "UGDS_UNKN", "UGDS_WHITENH", "UGDS_AIANOld", "UGDS_HISPOld", "UG_NRA", "UG_API", "UG_AIANOld", "PPTUG_EF", "PPTUG_EF2", "TUITFTE", "AVGFACSAL", "age_entry_sq", "agege24", "female", "dependent", "faminc", "md_faminc", "pct_white", "pct_black", "pct_asian", "pct_hispanic", "pct_ba", "pct_grad_prof", "pct_born_us", "median_hh_inc", "poverty_rate", "unemp_rate", "CCBASIC"]}