{"validation": 0.8206484249252701, "id_test": 0.8135632183908046, "ood_test": 0.7977956761339551, "ood_validation": 0.7999152183128444, "train": 0.8098632026669732, "id_test_conf": [0.8016656514684273, 0.8250381921160455], "id_test_balanced": 0.789238452911377, "id_test_balanced_conf": [0.7807607134245336, 0.7977161923982203], "ood_test_conf": [0.792328903864227, 0.8031807915844659], "ood_test_balanced": 0.7843412160873413, "ood_test_balanced_conf": [0.7804883734509349, 0.7881940587237477], "features": ["VCF0004", "VCF0901b", "VCF0218", "VCF0224", "VCF0301", "VCF0302", "VCF9008", "VCF9010", "VCF9011", "VCF9201", "VCF9202", "VCF9203", "VCF9204", "VCF9206", "VCF0521", "VCF0523", "VCF0428", "VCF0429", "VCF0875", "VCF9052", "VCF0809", "VCF0839", "VCF0822", "VCF0870", "VCF0843", "VCF9045", "VCF0838", "VCF9239", "VCF0803", "VCF0846", "VCF0601", "VCF0606", "VCF0612", "VCF0615", "VCF0616", "VCF0617", "VCF0310", "VCF0743", "VCF0717", "VCF0718", "VCF0720", "VCF0721", "VCF0701", "VCF0675", "VCF0724", "VCF0725", "VCF0726", "VCF0745", "VCF0101", "VCF0104", "VCF0105a", "VCF0115", "VCF0140a", "VCF0112"]}