{"validation": 0.7875373649114739, "id_test": 0.783448275862069, "ood_test": 0.7305355376571994, "ood_validation": 0.7312420517168292, "train": 0.784400505805265, "id_test_conf": [0.7709048546259767, 0.7956099578640268], "id_test_balanced": 0.7014706134796143, "id_test_balanced_conf": [0.6928367062099278, 0.7101045207493007], "ood_test_conf": [0.7245126163912372, 0.7364952794071726], "ood_test_balanced": 0.6898797154426575, "ood_test_balanced_conf": [0.6859853360056877, 0.6937740948796273], "features": ["VCF0901b", "VCF0218", "VCF0224", "VCF0301", "VCF0302", "VCF9202", "VCF9204", "VCF9205", "VCF0521", "VCF0523", "VCF0429", "VCF0875", "VCF9052", "VCF0843", "VCF0846", "VCF0718", "VCF0721", "VCF0724", "VCF0745", "VCF0101", "VCF0104", "VCF0112"]}