{"validation": 0.6964831261101243, "id_test": 0.6929539439796807, "ood_test": 0.48120300751879697, "ood_validation": 0.26666666666666666, "train": 0.6942649138660266, "id_test_conf": [0.689125021349, 0.6967629671782559], "id_test_balanced": 0.4999776780605316, "id_test_balanced_conf": [0.49992537582380464, 0.5000299802972585], "ood_test_conf": [0.4312218606852509, 0.5314649489831906], "ood_test_balanced": 0.5, "ood_test_balanced_conf": [0.5, 0.5], "features": ["Average_confidence(BORED)", "skill_id", "bottom_hint", "type", "overlap_time", "school_id"]}