{"validation": 0.8176774232272683, "id_test": 0.8186978084226796, "ood_test": 0.44176285414480587, "ood_validation": 0.5424528301886793, "train": 0.8178193372554426, "id_test_conf": [0.8172299263485858, 0.8201587580822787], "id_test_balanced": 0.7031910419464111, "id_test_balanced_conf": [0.7022563105437439, 0.7041257733490783], "ood_test_conf": [0.4193105747992078, 0.4643946109053047], "ood_test_balanced": 0.5046554803848267, "ood_test_balanced_conf": [0.502499567558989, 0.5068113932106644], "features": ["Average_confidence(BORED)", "skill_id", "bottom_hint", "type", "overlap_time", "school_id"]}