{"id_test": 0.6545679371544952, "id_test_conf": [0.6489131868094355, 0.660190009206937], "id_test_balanced": 0.6186346411705017, "id_test_balanced_conf": [0.6148612790787592, 0.6224080032622442], "ood_test": 0.5906614904236973, "ood_test_conf": [0.5893318670669467, 0.5919901160737031], "ood_test_balanced": 0.6180769801139832, "ood_test_balanced_conf": [0.6172030363837258, 0.6189509238442406], "validation": 0.658446990361884, "validation_conf": [0.6528068363904295, 0.6640536443372153], "validation_balanced": 0.6225922107696533, "validation_balanced_conf": [0.6188227903842926, 0.6263616311550141], "features": ["AGEG5YR", "VEG_ONCE_PER_DAY", "DRNK_PER_WEEK", "RFBING5", "SMOKDAY2", "DIABETES", "STATE", "MEDCOST", "BMI5CAT", "IYEAR"]}