{"validation": 0.7586494953010791, "id_test": 0.7603154110976104, "ood_test": 0.7407885550183768, "ood_validation": 0.7369294605809129, "train": 0.7593825917256469, "id_test_conf": [0.7582026644705667, 0.7624186026457206], "id_test_balanced": 0.7087533473968506, "id_test_balanced_conf": [0.7072508321283385, 0.7102558626653627], "ood_test_conf": [0.7376555660864665, 0.7439031314734246], "ood_test_balanced": 0.7114631533622742, "ood_test_balanced_conf": [0.7093017155304551, 0.7136245911940933], "features": ["COW", "FER", "HINS1", "HINS4", "NWLA", "NWLK", "POBP", "RELP", "WKHP", "SEX", "ST", "ACS_YEAR", "DIVISION"]}