{"validation": 0.7421637186343069, "id_test": 0.7441018631024706, "ood_test": 0.7285505394475109, "ood_validation": 0.727089508002371, "train": 0.7428628385054302, "id_test_conf": [0.7419427032991612, 0.7462520633444258], "id_test_balanced": 0.680903434753418, "id_test_balanced_conf": [0.6793990874756127, 0.6824077820312232], "ood_test_conf": [0.7253717421171366, 0.7317118608236872], "ood_test_balanced": 0.7004184722900391, "ood_test_balanced_conf": [0.6982210687547922, 0.702615875825286], "features": ["NWLA", "NWLK", "POBP", "RELP", "WKHP", "WRK", "AGEP", "SEX", "MAR", "ACS_YEAR", "DIVISION"]}