{"validation": 0.7521184697655285, "id_test": 0.7543476609963548, "ood_test": 0.7380748508121353, "ood_validation": 0.7422643746295199, "train": 0.7533879219031693, "id_test_conf": [0.7522173612235726, 0.7564686248955502], "id_test_balanced": 0.685875415802002, "id_test_balanced_conf": [0.6844005723390728, 0.6873502592649311], "ood_test_conf": [0.734931435988819, 0.7412000608395197], "ood_test_balanced": 0.7122725248336792, "ood_test_balanced_conf": [0.71008594176732, 0.7144591079000384], "features": ["NWLA", "NWLK", "POBP", "RELP", "WKHP", "WRK", "AGEP", "SEX", "MAR", "ACS_YEAR", "DIVISION"]}