{"validation": 0.8262047388301729, "id_test": 0.8233708093808821, "ood_test": 0.804022259503253, "ood_validation": 0.7983796722518873, "train": 0.8243547879392958, "id_test_conf": [0.8206869751120773, 0.8260307621685062], "id_test_balanced": 0.6100651621818542, "id_test_balanced_conf": [0.6083613615948706, 0.6117689627688379], "ood_test_conf": [0.8004749416855036, 0.8075334343916326], "ood_test_balanced": 0.6217659711837769, "ood_test_balanced_conf": [0.6195114187244326, 0.6240205236431211], "features": ["HUPAC", "OCCP", "WKHP", "DIS", "MIL", "ANC", "NATIVITY", "DEYE", "DREM", "PUBCOV", "SEX", "RAC1P", "SCHL", "DIVISION"]}