{"validation": 0.7789572687462184, "id_test": 0.7783266970458204, "ood_test": 0.408741167681693, "ood_validation": 0.4057616972578018, "train": 0.7782611615004459, "id_test_conf": [0.777173657095811, 0.7794765160822342], "id_test_balanced": 0.5347371697425842, "id_test_balanced_conf": [0.5342805510095786, 0.5351937884755898], "ood_test_conf": [0.40767547026087875, 0.4098075114872448], "ood_test_balanced": 0.527170717716217, "ood_test_balanced_conf": [0.5267939683934674, 0.5275474670389667], "features": ["ESP", "MIG", "DEAR", "DREM", "AGEP", "SEX", "ST", "MAR", "RAC1P", "DIVISION", "DIS"]}