{"validation": 0.7456760434135999, "id_test": 0.7483862393681653, "ood_test": 0.7196190275454151, "ood_validation": 0.7125074096028453, "train": 0.7480996706807803, "id_test_conf": [0.7462389545738326, 0.750524407247509], "id_test_balanced": 0.6827304363250732, "id_test_balanced_conf": [0.6812387885292992, 0.6842220841208473], "ood_test_conf": [0.7164087180325238, 0.7228125445060996], "ood_test_balanced": 0.6922938227653503, "ood_test_balanced_conf": [0.6900719979917631, 0.6945156475389376], "features": ["COW", "ENG", "HINS1", "HINS4", "NWLA", "WRK", "ST", "RAC1P", "SCHL", "DIVISION"]}