{"id_test": 0.8270336266978684, "id_test_conf": [0.8243715784662963, 0.8296715223125289], "id_test_balanced": 0.6030897498130798, "id_test_balanced_conf": [0.6014643501653336, 0.604715149460826], "ood_test": 0.802815172470232, "ood_test_conf": [0.7992597568760236, 0.8063345889560507], "ood_test_balanced": 0.6293453574180603, "ood_test_balanced_conf": [0.6270216684555635, 0.6316690463805571], "validation": 0.8308469100944968, "validation_conf": [0.8282079865052745, 0.8334613984416663], "validation_balanced": 0.6049113869667053, "validation_balanced_conf": [0.6032830874552019, 0.6065396864782088], "features": ["ENG", "WIF", "NWLA", "OCCP", "POBP", "WKHP", "WRK", "DIS", "AGEP", "SEX", "ST", "MAR", "CIT", "SCHL", "DIVISION"]}