{"validation": 0.8247802917572844, "id_test": 0.8224423869359516, "ood_test": 0.7956544866811245, "ood_validation": 0.8018781071625851, "train": 0.8226298770464439, "id_test_conf": [0.8197530980716428, 0.8251078630386991], "id_test_balanced": 0.5651800036430359, "id_test_balanced_conf": [0.563848497509025, 0.5665115097770468], "ood_test_conf": [0.7920520757883353, 0.7992217515205532], "ood_test_balanced": 0.5820220708847046, "ood_test_balanced_conf": [0.5800609148619696, 0.5839832269074395], "features": ["ENG", "WIF", "NWLA", "OCCP", "POBP", "WKHP", "WRK", "DIS", "AGEP", "SEX", "ST", "MAR", "CIT", "SCHL", "DIVISION"]}