{"validation": 0.7371768502990222, "id_test": 0.7379062879708383, "ood_test": 0.7273517672010644, "ood_validation": 0.7317131001778304, "train": 0.7370857108050404, "id_test_conf": [0.7357304363545477, 0.7400734075609825], "id_test_balanced": 0.679017186164856, "id_test_balanced_conf": [0.6774936661077663, 0.6805407062219456], "ood_test_conf": [0.724168647713284, 0.7305175024638215], "ood_test_balanced": 0.7039390802383423, "ood_test_balanced_conf": [0.7017163863498718, 0.7061617741268128], "features": ["FER", "HINS3", "NWLA", "POBP", "RELP", "WKHP", "MAR", "RAC1P", "DIVISION"]}