{"id_test": 0.6477713357214078, "id_test_conf": [0.642048003362262, 0.653462945210538], "id_test_balanced": 0.614404559135437, "id_test_balanced_conf": [0.6105649524182081, 0.618244165852666], "ood_test": 0.5503331144029846, "ood_test_conf": [0.5489787334777847, 0.5516869336212815], "ood_test_balanced": 0.5875816941261292, "ood_test_balanced_conf": [0.5867363441956696, 0.5884270440565887], "validation": 0.6513165183352413, "validation_conf": [0.6456060389479786, 0.6569945134653135], "validation_balanced": 0.6175440549850464, "validation_balanced_conf": [0.6137118269596249, 0.6213762830104679], "features": ["AGEG5YR", "VEG_ONCE_PER_DAY", "TOTINDA", "CHCSCNCR", "CHCOCNCR", "POVERTY", "EMPLOY1", "IYEAR", "STATE", "PRACE1", "SEX", "IYEAR", "STATE", "MEDCOST", "PRACE1", "SEX", "BMI5CAT"]}