{"validation": 0.6114701429151741, "id_test": 0.6117286458140995, "ood_test": 0.45379638707142456, "ood_validation": 0.4508736652336708, "train": 0.6104094539075844, "id_test_conf": [0.6058937559875144, 0.6175395522879629], "id_test_balanced": 0.5258147716522217, "id_test_balanced_conf": [0.5238114367472008, 0.5278181065572426], "ood_test_conf": [0.45244145535514557, 0.45515183440985746], "ood_test_balanced": 0.524279773235321, "ood_test_balanced_conf": [0.5237588211765979, 0.5248007252940442], "features": ["AGEG5YR", "VEG_ONCE_PER_DAY", "TOTINDA", "CHCSCNCR", "CHCOCNCR", "POVERTY", "EMPLOY1", "IYEAR", "STATE", "PRACE1", "SEX", "IYEAR", "STATE", "MEDCOST", "PRACE1", "SEX", "BMI5CAT"]}