{"validation": 0.790986433662911, "id_test": 0.7908045977011494, "ood_test": 0.7202204323866045, "ood_validation": 0.7312420517168292, "train": 0.7880216116795034, "id_test_conf": [0.7784094417514704, 0.8028080466581485], "id_test_balanced": 0.6634290814399719, "id_test_balanced_conf": [0.6559909302182496, 0.6708672326616942], "ood_test_conf": [0.7141288648238027, 0.7262516509769934], "ood_test_balanced": 0.6597030162811279, "ood_test_balanced_conf": [0.6563823265954852, 0.6630237059667706], "features": ["VCF0218", "VCF0224", "VCF0302", "VCF9008", "VCF9010", "VCF9011", "VCF9202", "VCF9203", "VCF9205", "VCF9206", "VCF0523", "VCF0428", "VCF0875", "VCF0843", "VCF0803", "VCF0606", "VCF0612", "VCF0616", "VCF0617", "VCF0718", "VCF0720", "VCF0701", "VCF0724", "VCF0726", "VCF0745", "VCF0104", "VCF0112"]}