{"id_test": 0.875417249919242, "id_test_conf": [0.8736099527114014, 0.8772077856590074], "id_test_balanced": 0.5337177515029907, "id_test_balanced_conf": [0.5329523995588533, 0.5344831034471281], "ood_test": 0.8321113114905156, "ood_test_conf": [0.8305703629356042, 0.8336438085839178], "ood_test_balanced": 0.5284801721572876, "ood_test_balanced_conf": [0.5279319938027766, 0.5290283505117986], "validation": 0.8773160432866471, "validation_conf": [0.875520497542213, 0.879094742341399], "validation_balanced": 0.5343828797340393, "validation_balanced_conf": [0.5336118221271318, 0.5351539373409469], "features": ["PHYSHLTH", "TOLDHI", "BMI5CAT", "CVDSTRK3", "MICHD", "DRNK_PER_WEEK", "TOTINDA", "MARITAL", "PRACE1", "SEX", "PRACE1", "IYEAR"]}