{"validation": 0.8116808461715337, "id_test": 0.8154022988505747, "ood_test": 0.7551222269323159, "ood_validation": 0.7630351844001696, "train": 0.808052649729854, "id_test_conf": [0.8035476674043729, 0.8268318375848044], "id_test_balanced": 0.718578040599823, "id_test_balanced_conf": [0.7105598445236683, 0.7265962366759777], "ood_test_conf": [0.7492797443103796, 0.7608947803969334], "ood_test_balanced": 0.707459032535553, "ood_test_balanced_conf": [0.7038582706358284, 0.7110597944352776], "features": ["VCF0901b", "VCF0224", "VCF9010", "VCF9011", "VCF9201", "VCF9202", "VCF9203", "VCF9204", "VCF9205", "VCF9206", "VCF0428", "VCF0875", "VCF0839", "VCF0870", "VCF0843", "VCF9045", "VCF0803", "VCF0846", "VCF0606", "VCF0612", "VCF0615", "VCF0616", "VCF0310", "VCF0717", "VCF0701", "VCF0724", "VCF0726", "VCF0745", "VCF0112"]}