{"validation": 0.8121407220050586, "id_test": 0.8108045977011494, "ood_test": 0.7756582355988885, "ood_validation": 0.7842306061890632, "train": 0.8061846189217151, "id_test_conf": [0.7988434223910057, 0.8223469279692728], "id_test_balanced": 0.7384024858474731, "id_test_balanced_conf": [0.729957749452442, 0.7468472222425043], "ood_test_conf": [0.7699859818028714, 0.7812549188370683], "ood_test_balanced": 0.7398653030395508, "ood_test_balanced_conf": [0.7361016454175114, 0.7436289606615901], "features": ["VCF0901b", "VCF0224", "VCF9010", "VCF9011", "VCF9201", "VCF9202", "VCF9203", "VCF9204", "VCF9205", "VCF9206", "VCF0428", "VCF0875", "VCF0839", "VCF0870", "VCF0843", "VCF9045", "VCF0803", "VCF0846", "VCF0606", "VCF0612", "VCF0615", "VCF0616", "VCF0310", "VCF0717", "VCF0701", "VCF0724", "VCF0726", "VCF0745", "VCF0112"]}