{"id_test": 0.802013422818792, "id_test_conf": [0.7521768838484463, 0.8457312284885319], "id_test_balanced": 0.6853958964347839, "id_test_balanced_conf": [0.6533854127675295, 0.7174063801020384], "ood_test": 0.6862638359644347, "ood_test_conf": [0.6812311894054146, 0.691263745521166], "ood_test_balanced": 0.6893219947814941, "ood_test_balanced_conf": [0.6858178212307393, 0.692826168332249], "validation": 0.8154362416107382, "validation_conf": [0.7666448127172291, 0.8578292705384343], "validation_balanced": 0.7268580198287964, "validation_balanced_conf": [0.6950155635178089, 0.7587004761397839], "features": ["MARITAL_STATUS", "FAMILY_SIZE_AVG", "ORIGIN", "RECEIVED_WORK_COMP", "UNEMPLOYMENT_COMP", "SEVERANCE_PAY_PENSION", "INCOME_FROM_ASSISTANCE", "INCOME", "UNEMPLOYMENT_COMP_AMOUNT", "VA_BENEFITS_AMOUNT", "SURVIVOR_INCOME_AMOUNT", "DISABILITY_BENEFITS_AMOUNT", "GENDER", "WIC_ASSISTANCE", "DAYS_SICK", "PRESCRIPTION_MEDS", "TRANSPORTATION_ASSISTANCE", "VISIT_DOCTOR_NUM", "HEALTH_OVER_THE_COUNTER_PRODUCTS_PAY", "HEALTH_HEARING", "HEALTH_COGNITIVE", "HEALTH_CORE_DISABILITY", "HEALTH_SUPPLEMENTAL_DISABILITY", "HEALTH_INSURANCE_PREMIUMS", "CITIZENSHIP_STATUS"]}