{"id_test": 0.6215116279069768, "id_test_conf": [0.6157506063133986, 0.6272469844659347], "id_test_balanced": 0.5547720193862915, "id_test_balanced_conf": [0.5516214092541486, 0.5579226295184344], "ood_test": 0.5003999663186258, "ood_test_conf": [0.49904333246638205, 0.5017565957360014], "ood_test_balanced": 0.5520273447036743, "ood_test_balanced_conf": [0.5512818395078648, 0.5527728498994838], "validation": 0.6253497583487773, "validation_conf": [0.6195997771169933, 0.6310732626892215], "validation_balanced": 0.5591667890548706, "validation_balanced_conf": [0.5560027378750965, 0.5623308402346447], "features": ["FRUIT_ONCE_PER_DAY", "VEG_ONCE_PER_DAY", "DRNK_PER_WEEK", "RFBING5", "SMOKDAY2", "POVERTY", "STATE", "MEDCOST", "PRACE1", "SEX", "STATE", "PRACE1", "BMI5CAT", "IYEAR"]}