{"validation": 0.7584406543682561, "id_test": 0.75882189145403, "ood_test": 0.7368497319229097, "ood_validation": 0.7337285121517486, "train": 0.7590416438906658, "id_test_conf": [0.756704699503216, 0.7609295831867551], "id_test_balanced": 0.711848258972168, "id_test_balanced_conf": [0.7103367944899946, 0.7133597234543413], "ood_test_conf": [0.7337016608369908, 0.739979691969302], "ood_test_balanced": 0.7117094397544861, "ood_test_balanced_conf": [0.7095167977549136, 0.7139020817540586], "features": ["COW", "HINS1", "HINS3", "HINS4", "NWLA", "OCCP", "WRK", "AGEP", "SEX", "ST", "MAR", "RAC1P", "ACS_YEAR", "DIVISION"]}