{"id_test": 0.9878820711678832, "id_test_conf": [0.9872957727236766, 0.9884480729132605], "id_test_balanced": 0.49998557567596436, "id_test_balanced_conf": [0.4999715225711043, 0.49999962878082443], "ood_test": 0.9242198776803917, "ood_test_conf": [0.9227921351585159, 0.9256292858370916], "ood_test_balanced": 0.4999919533729553, "ood_test_balanced_conf": [0.4999812297470089, 0.5000026769989018], "validation": 0.9886732198992066, "validation_conf": [0.988105681612717, 0.9892204228178827], "validation_balanced": 0.5006188750267029, "validation_balanced_conf": [0.5005252834441489, 0.5007124666092568], "features": ["HR", "O2Sat", "Temp", "SBP", "HCO3", "FiO2", "pH", "PaCO2", "SaO2", "AST", "Creatinine", "Bilirubin_direct", "Bilirubin_total", "TroponinI", "Hct", "Hgb", "PTT", "Platelets", "Age", "Gender", "Unit1", "HospAdmTime", "ICULOS"]}