{"validation": 0.8045818434958707, "id_test": 0.8049311462130417, "ood_test": 0.7999499413787198, "ood_validation": 0.7918197984588026, "train": 0.8045633217653662, "id_test_conf": [0.8029686364714878, 0.8068824615002157], "id_test_balanced": 0.7824916243553162, "id_test_balanced_conf": [0.7810699267312884, 0.7839133219793439], "ood_test_conf": [0.7970861671365674, 0.8027907731216419], "ood_test_balanced": 0.7939051389694214, "ood_test_balanced_conf": [0.7918758727703243, 0.7959344051685184], "features": ["COW", "ENG", "FER", "HINS1", "HINS2", "HINS3", "HINS4", "NWLA", "NWLK", "OCCP", "POBP", "RELP", "WKHP", "WKW", "WRK", "AGEP", "SEX", "ST", "MAR", "CIT", "RAC1P", "SCHL", "DIVISION"]}