{"validation": 0.7549536436414265, "id_test": 0.7543539894694208, "ood_test": 0.7402616221627959, "ood_validation": 0.7421458209839953, "train": 0.7554518033450859, "id_test_conf": [0.7522237080168858, 0.7564749348159218], "id_test_balanced": 0.699347972869873, "id_test_balanced_conf": [0.6978414970706217, 0.7008544486691244], "ood_test_conf": [0.7371265966588284, 0.7433782755168918], "ood_test_balanced": 0.7131180763244629, "ood_test_balanced_conf": [0.7109434735355898, 0.7152926791133359], "features": ["HINS1", "HINS3", "POBP", "RELP", "WKHP", "WRK", "SEX", "ST", "MAR", "CIT", "ACS_YEAR", "DIVISION"]}