{"validation": 0.8214226665140474, "id_test": 0.8186523884621254, "ood_test": 0.7883915053807439, "ood_validation": 0.7923034431964647, "train": 0.8189717941298977, "id_test_conf": [0.8159411111107884, 0.8213401335553697], "id_test_balanced": 0.5701934099197388, "id_test_balanced_conf": [0.5687648053537123, 0.5716220144857652], "ood_test_conf": [0.7847431985448848, 0.7920055312077557], "ood_test_balanced": 0.5952423810958862, "ood_test_balanced_conf": [0.5930521228304133, 0.5974326393613592], "features": ["HUPAC", "NWLA", "NWLK", "OCCP", "POBP", "WKHP", "WKW", "DIS", "ANC", "NATIVITY", "DEAR", "DEYE", "DREM", "AGEP", "SEX", "ST", "CIT", "SCHL", "DIVISION"]}