{"validation": 0.8208376257519682, "id_test": 0.8187668515032813, "ood_test": 0.7944883178526126, "ood_validation": 0.805376542073283, "train": 0.8194169324248273, "id_test_conf": [0.816056231753817, 0.8214539305236073], "id_test_balanced": 0.5913127660751343, "id_test_balanced_conf": [0.5897013780241832, 0.5929241541260853], "ood_test_conf": [0.7908784193877718, 0.7980632091714752], "ood_test_balanced": 0.6109110116958618, "ood_test_balanced_conf": [0.6086478824028745, 0.6131741409888491], "features": ["ENG", "FER", "WIF", "NWLK", "OCCP", "RELP", "WKW", "DIS", "MIL", "DEYE", "DREM", "SEX", "MAR", "SCHL", "ACS_YEAR", "DIVISION"]}