{"id_test": 0.8216091954022988, "id_test_conf": [0.8099026725000242, 0.8328821851094819], "id_test_balanced": 0.7510145902633667, "id_test_balanced_conf": [0.7426912899129092, 0.7593378906138242], "ood_test": 0.7818284583863219, "ood_test_conf": [0.7762110859053883, 0.787368564494738], "ood_test_balanced": 0.7476388216018677, "ood_test_balanced_conf": [0.7438829353591427, 0.7513947078445926], "validation": 0.8181191078408829, "validation_conf": [0.8063272978788729, 0.8294820323168896], "validation_balanced": 0.749530553817749, "validation_balanced_conf": [0.7411615949310363, 0.7578995127044618], "features": ["VCF0004", "VCF0901b", "VCF0218", "VCF0301", "VCF9011", "VCF9201", "VCF9204", "VCF9206", "VCF0521", "VCF0523", "VCF0428", "VCF0429", "VCF0809", "VCF0839", "VCF0822", "VCF0870", "VCF0838", "VCF0846", "VCF0601", "VCF0615", "VCF0718", "VCF0720", "VCF0701", "VCF0675", "VCF0724", "VCF0745", "VCF0101", "VCF0140a", "VCF0112"]}