{"validation": 0.7825536511968305, "id_test": 0.781657487689254, "ood_test": 0.43701925839704503, "ood_validation": 0.4367379726220344, "train": 0.7816835648508118, "id_test_conf": [0.7805106637265107, 0.7828010521726744], "id_test_balanced": 0.5487040877342224, "id_test_balanced_conf": [0.5481866556592285, 0.5492215198092163], "ood_test_conf": [0.43594388978480764, 0.4380950730977745], "ood_test_balanced": 0.5474177002906799, "ood_test_balanced_conf": [0.5469744185864692, 0.5478609819948906], "features": ["MIG", "NATIVITY", "DEYE", "DREM", "FER", "AGEP", "MAR", "CIT", "SCHL", "DIVISION", "DIS"]}