{"validation": 0.816384812044314, "id_test": 0.81649843764795, "ood_test": 0.7599629286376274, "ood_validation": 0.7483333333333333, "train": 0.8157555230354716, "id_test_conf": [0.8150166079327248, 0.8179733165314643], "id_test_balanced": 0.7163698673248291, "id_test_balanced_conf": [0.7154220361087937, 0.7173176985408645], "ood_test_conf": [0.748334497075476, 0.7713095089205537], "ood_test_balanced": 0.6883176565170288, "ood_test_balanced_conf": [0.6818066320568323, 0.6948286809772253], "features": ["Average_confidence(CONCENTRATING)", "hint_count", "problem_type", "bottom_hint", "tutor_mode", "position", "type", "overlap_time", "school_id"]}