{"validation": 0.5443791357066282, "id_test": 0.5547464143131746, "ood_test": 0.6182730389378005, "ood_validation": 0.6157570498915401, "train": 0.5473196833802348, "id_test_conf": [0.5487998931384601, 0.5606811729815846], "id_test_balanced": 0.6018814444541931, "id_test_balanced_conf": [0.5982883377932012, 0.605474551115185], "ood_test_conf": [0.6169492413744635, 0.619595515120371], "ood_test_balanced": 0.5654965043067932, "ood_test_balanced_conf": [0.5647568729950581, 0.5662361356185284], "features": ["AGEG5YR", "RFBING5", "TOTINDA", "CHCSCNCR", "DIABETES", "POVERTY", "STATE", "MEDCOST", "PRACE1", "IYEAR", "MEDCOST", "SEX", "BMI5CAT"]}