{"validation": 0.8050126465854219, "id_test": 0.8018390804597701, "ood_test": 0.7420752672978193, "ood_validation": 0.741415854175498, "train": 0.7971318542361191, "id_test_conf": [0.7896775877729572, 0.813593900886145], "id_test_balanced": 0.6988486051559448, "id_test_balanced_conf": [0.6908085828647017, 0.706888627447188], "ood_test_conf": [0.7361340048811735, 0.7479501828047472], "ood_test_balanced": 0.6936061978340149, "ood_test_balanced_conf": [0.6899631548300386, 0.6972492408379912], "features": ["VCF0901b", "VCF0218", "VCF0224", "VCF0301", "VCF0302", "VCF9010", "VCF9011", "VCF9201", "VCF9202", "VCF9203", "VCF9205", "VCF0521", "VCF0523", "VCF0429", "VCF0809", "VCF0839", "VCF0843", "VCF0838", "VCF0803", "VCF0846", "VCF0616", "VCF0310", "VCF0717", "VCF0718", "VCF0720", "VCF0724", "VCF0104", "VCF0112"]}