{"id_test": 0.7791932059447984, "id_test_conf": [0.7513226476614957, 0.8053057165277188], "id_test_balanced": 0.7705715894699097, "id_test_balanced_conf": [0.7517080097272992, 0.7894351692125201], "ood_test": 0.7195369219700438, "ood_test_conf": [0.7123422037634337, 0.7266480231292387], "ood_test_balanced": 0.7206766605377197, "ood_test_balanced_conf": [0.7156491487845779, 0.7257041722908616], "validation": 0.7513283740701382, "validation_conf": [0.7224190882067407, 0.7786549909912449], "validation_balanced": 0.7463572025299072, "validation_balanced_conf": [0.7267403637245298, 0.7659740413352847], "features": ["FCSZ1231", "HASFSA31", "PFSAMT31", "MCAID31", "GOVTC31", "GOVCAT31", "VAPROG31", "RETPLN31", "SICPAY31", "VACMPY31", "VAPROX31", "MORJOB31", "HRWGIM31", "DIFFWG31", "NHRWG31", "TEMPJB31", "SSNLJB31", "CHOIC31", "INDCAT31", "NUMEMP31", "MORE31", "YRSINUS", "TRIAT31X", "MCARE31X", "MCDAT31X", "PUBAT31X", "INS31X", "SEX", "RACEV1X", "RACEV2X", "RACEAX", "RACEWX", "RACETHX", "HISPNCAT", "HIDEG", "OTHLGSPK", "HWELLSPK", "BORNUSA", "TRICR31X", "MCRPD31X", "TRILI31X", "PRIOG31", "PRIEUO31", "PRIVAT31", "VERFLG31", "PMEDUP31", "PMEDPY31", "MARRY31X", "FTSTU31X", "HRWG31X", "HELD31X", "OFFER31X", "TRIST31X", "VASPUN31", "VASPMH31", "ASMRCN31", "ASDALY31", "ASWNFL31", "ADLHLP31", "AIDHLP31", "WLKLIM31", "STPDIF31", "ACTLIM31", "SCHLIM31", "ASSTIL31", "RUCLAS31", "FMRS1231", "ENDRFM31", "INSCOP31", "PSTATS31", "SPOUID31", "SPOUIN31", "ACTDTY31", "MNHLTH31", "CHBRON31", "COGLIM31", "VAPRHT31", "VALOCT31", "VANEED31", "VAPAST31", "VACOMP31", "VAMREC31", "VAGTRC31", "VACARE31", "VAPCOT31", "VAPCCO31", "VAPCRF31", "VAPCSO31", "VAPCUN31", "VAPACT31", "VACTDY31", "VAMOBL31", "VACOPD31", "VABACK31", "VAJTPN31", "VARTHR31", "VAGOUT31", "VAFIBR31", "VATMD31", "VAPTSD31", "VADEPR31", "VAPROS31", "VAGCNS31", "VALCOH31", "DAPID31X", "INSCOV19"]}