{"validation": 0.7263993924627409, "id_test": 0.7264897225597408, "ood_test": 0.6970399546837744, "ood_validation": 0.6927089508002371, "train": 0.7267892444010591, "id_test_conf": [0.7242845610680082, 0.7286865712703003], "id_test_balanced": 0.6451389789581299, "id_test_balanced_conf": [0.6436704982421361, 0.6466074596741237], "ood_test_conf": [0.6937568651351602, 0.7003079790495628], "ood_test_balanced": 0.6470392346382141, "ood_test_balanced_conf": [0.6449753359565511, 0.6491031333198771], "features": ["ENG", "FER", "HINS1", "HINS2", "HINS4", "NWLK", "WRK", "SEX", "MAR", "ACS_YEAR", "DIVISION"]}