{"validation": 0.8749068532006442, "id_test": 0.8755879265722779, "ood_test": 0.8265131884771693, "ood_validation": 0.8290945240659432, "train": 0.8752110830891147, "id_test_conf": [0.8737440706999001, 0.8774143116021217], "id_test_balanced": 0.5382727384567261, "id_test_balanced_conf": [0.5374414853460621, 0.5391039915673901], "ood_test_conf": [0.8249143138182572, 0.828103347518292], "ood_test_balanced": 0.5355508327484131, "ood_test_balanced_conf": [0.5349173630552833, 0.5361843024415429], "features": ["HIGH_BLOOD_PRESS", "TOLDHI", "BMI5", "BMI5CAT", "SMOKDAY2", "CVDSTRK3", "RFBING5", "TOTINDA", "INCOME", "EDUCA", "HEALTH_COV", "IYEAR", "MEDCOST", "IYEAR", "STATE", "MEDCOST", "PRACE1", "SEX", "PRACE1"]}