{"validation": 0.7591557763503465, "id_test": 0.7596572498987444, "ood_test": 0.7316594432954381, "ood_validation": 0.7234143449911085, "train": 0.7601016673219299, "id_test_conf": [0.7575425399731959, 0.7617624289214394], "id_test_balanced": 0.7138891220092773, "id_test_balanced_conf": [0.7123776505677961, 0.7154005934507586], "ood_test_conf": [0.7284919907744126, 0.7348091819650118], "ood_test_balanced": 0.6937044858932495, "ood_test_balanced_conf": [0.6915829073265195, 0.6958260644599795], "features": ["COW", "ENG", "HINS2", "HINS4", "NWLA", "OCCP", "RELP", "SEX", "ST", "CIT", "DIVISION"]}