{"validation": 0.8268788075343075, "id_test": 0.8235997354631938, "ood_test": 0.7988665657350955, "ood_validation": 0.8024304916221691, "train": 0.8243070945505534, "id_test_conf": [0.8209172503301901, 0.8262583221700986], "id_test_balanced": 0.5749814510345459, "id_test_balanced_conf": [0.573560582366772, 0.5764023197023198], "ood_test_conf": [0.7952850170834516, 0.8024125857021709], "ood_test_balanced": 0.6008869409561157, "ood_test_balanced_conf": [0.5987615753849969, 0.6030123065272346], "features": ["ENG", "FER", "HUPAC", "WIF", "NWLK", "POBP", "RELP", "DIS", "MIL", "NATIVITY", "DEAR", "DEYE", "SEX", "ST", "MAR", "CIT", "DIVISION"]}