{"validation": 0.8387846845450317, "id_test": 0.8389218396489299, "ood_test": 0.44333683105981114, "ood_validation": 0.5424528301886793, "train": 0.8393145405918878, "id_test_conf": [0.8375322046792029, 0.8403042208950071], "id_test_balanced": 0.7373622059822083, "id_test_balanced_conf": [0.7364160278870259, 0.7383083840773906], "ood_test_conf": [0.42087396343299993, 0.4659743243902479], "ood_test_balanced": 0.5060521364212036, "ood_test_balanced_conf": [0.503597485604696, 0.5085067872377113], "features": ["Average_confidence(BORED)", "Average_confidence(CONCENTRATING)", "hint_count", "skill_id", "tutor_mode", "position", "type", "school_id"]}