{"validation": 0.8494428077366466, "id_test": 0.8506660689125144, "ood_test": 0.45719489981785066, "ood_validation": 0.4634146341463415, "train": 0.8503896349264041, "id_test_conf": [0.8488884897081939, 0.8524306166942427], "id_test_balanced": 0.7592595815658569, "id_test_balanced_conf": [0.7580016568792053, 0.7605175062525086], "ood_test_conf": [0.42742214103660153, 0.48719761144975066], "ood_test_balanced": 0.5044509172439575, "ood_test_balanced_conf": [0.500191863225773, 0.508709971262142], "features": ["Average_confidence(BORED)", "Average_confidence(CONCENTRATING)", "hint_count", "skill_id", "tutor_mode", "position", "type", "school_id"]}