{"validation": 0.8503352459123524, "id_test": 0.8518840428173726, "ood_test": 0.46526508226691043, "ood_validation": 0.39344262295081966, "train": 0.8505822711187644, "id_test_conf": [0.8500943466599636, 0.8536603954069308], "id_test_balanced": 0.7582805156707764, "id_test_balanced_conf": [0.7570218806783668, 0.7595391506631859], "ood_test_conf": [0.43537858181912126, 0.495338865276759], "ood_test_balanced": 0.5049281120300293, "ood_test_balanced_conf": [0.5014616239303723, 0.5083946001296863], "features": ["Average_confidence(BORED)", "Average_confidence(CONCENTRATING)", "Average_confidence(FRUSTRATED)", "skill_id", "problem_type", "bottom_hint", "tutor_mode", "position", "type", "overlap_time", "first_action", "school_id"]}