{"id_test": 0.8937603743252605, "id_test_conf": [0.8922057192478189, 0.8953000923372402], "id_test_balanced": 0.8304618000984192, "id_test_balanced_conf": [0.8292619573394768, 0.8316616428573615], "ood_test": 0.5868372943327239, "ood_test_conf": [0.5570007988618105, 0.6162054635165493], "ood_test_balanced": 0.6167092323303223, "ood_test_balanced_conf": [0.6035605541244149, 0.6298579105362296], "validation": 0.892074342251441, "validation_conf": [0.8905089851592366, 0.8936248265237893], "validation_balanced": 0.8296587467193604, "validation_balanced_conf": [0.8284571532951668, 0.8308603401435539], "features": ["Average_confidence(BORED)", "Average_confidence(CONCENTRATING)", "Average_confidence(FRUSTRATED)", "skill_id", "problem_type", "bottom_hint", "tutor_mode", "position", "type", "overlap_time", "first_action", "school_id"]}