{"validation": 0.8150635277957954, "id_test": 0.8107798748537417, "ood_test": 0.784013257498261, "ood_validation": 0.7893573927453508, "train": 0.8121230235064816, "id_test_conf": [0.8080243138466927, 0.8135124861467788], "id_test_balanced": 0.5070440173149109, "id_test_balanced_conf": [0.5065868934616446, 0.5075011411681771], "ood_test_conf": [0.7803381168918173, 0.7876546384705992], "ood_test_balanced": 0.511980414390564, "ood_test_balanced_conf": [0.511236210471252, 0.5127246183098759], "features": ["HUPAC", "NWLA", "OCCP", "POBP", "WKHP", "DEYE", "AGEP", "MAR", "DIVISION"]}