{"id_test": 0.6981065208586472, "id_test_conf": [0.695836212086248, 0.7003695589913013], "id_test_balanced": 0.5761432647705078, "id_test_balanced_conf": [0.5748940913565457, 0.57739243818447], "ood_test": 0.6420413378825203, "ood_test_conf": [0.6386190653172571, 0.6454527515192581], "ood_test_balanced": 0.5681723356246948, "ood_test_balanced_conf": [0.5664715391770005, 0.5698731320723891], "validation": 0.6954846058918457, "validation_conf": [0.6932088031759762, 0.6977532341808914], "validation_balanced": 0.5758901834487915, "validation_balanced_conf": [0.5746358054992743, 0.5771445613983087], "features": ["FER", "HINS2", "HINS4", "AGEP", "CIT", "RAC1P", "DIVISION"]}