{"id_test": 0.9251861081189305, "id_test_conf": [0.9245199430387686, 0.9258481939553196], "id_test_balanced": 0.886439323425293, "id_test_balanced_conf": [0.8859089950111229, 0.8869696518394631], "ood_test": 0.8809390721073225, "ood_test_conf": [0.8751382457754306, 0.8865621955270485], "ood_test_balanced": 0.8460288047790527, "ood_test_balanced_conf": [0.8419830131623894, 0.850074596395716], "validation": 0.9253300637210372, "validation_conf": [0.9246644848517624, 0.9259915619594629], "validation_balanced": 0.8863324522972107, "validation_balanced_conf": [0.8858020354085602, 0.8868628691858612], "features": ["Average_confidence(BORED)", "Average_confidence(CONFUSED)", "Average_confidence(FRUSTRATED)", "attempt_count", "hint_count", "bottom_hint", "ms_first_response", "type", "school_id"]}