{"validation": 0.8766446010862209, "id_test": 0.8738382554434851, "ood_test": 0.8290817910447761, "ood_validation": 0.8300808115543329, "train": 0.8767958862147129, "id_test_conf": [0.8719555351717311, 0.8757030620587539], "id_test_balanced": 0.5538121461868286, "id_test_balanced_conf": [0.5528139402484521, 0.5548103521252051], "ood_test_conf": [0.8274624292094304, 0.83069203691506], "ood_test_balanced": 0.5403745770454407, "ood_test_balanced_conf": [0.5396834832557943, 0.541065670835087], "features": ["PHYSHLTH", "BMI5", "BMI5CAT", "SMOKE100", "CVDSTRK3", "MICHD", "VEG_ONCE_PER_DAY", "DRNK_PER_WEEK", "RFBING5", "TOTINDA", "MARITAL", "CHECKUP1", "HEALTH_COV", "MENTHLTH", "IYEAR", "STATE", "MEDCOST", "PRACE1", "SEX", "STATE", "SEX", "PRACE1"]}