{"validation": 0.8022533915842722, "id_test": 0.8045977011494253, "ood_test": 0.7533794922518958, "ood_validation": 0.7562526494277236, "train": 0.7979365444303943, "id_test_conf": [0.7924968188471504, 0.8162881670859155], "id_test_balanced": 0.7086563110351562, "id_test_balanced_conf": [0.7004943808354437, 0.7168182412348688], "ood_test_conf": [0.7475234069454465, 0.7591661269728754], "ood_test_balanced": 0.7085216045379639, "ood_test_balanced_conf": [0.7048360362835229, 0.7122071727924049], "features": ["VCF0901b", "VCF0218", "VCF0301", "VCF9008", "VCF9010", "VCF9011", "VCF9201", "VCF9202", "VCF9204", "VCF9206", "VCF0523", "VCF0875", "VCF9052", "VCF0822", "VCF0870", "VCF9045", "VCF0838", "VCF0803", "VCF0606", "VCF0617", "VCF0718", "VCF0721", "VCF0701", "VCF0724", "VCF0745", "VCF0105a", "VCF0140a", "VCF0112"]}