{"validation": 0.8312793315273379, "id_test": 0.8281146665310067, "ood_test": 0.7995212570072425, "ood_validation": 0.8048241576136992, "train": 0.8290033035620602, "id_test_conf": [0.8254591305331794, 0.830745969882112], "id_test_balanced": 0.6215485334396362, "id_test_balanced_conf": [0.6198110523121432, 0.6232860145671293], "ood_test_conf": [0.7959440038775689, 0.8030629034589191], "ood_test_balanced": 0.629071831703186, "ood_test_balanced_conf": [0.6267197339329869, 0.6314239294733852], "features": ["WIF", "NWLA", "OCCP", "RELP", "WKHP", "WKW", "WRK", "DIS", "MIL", "NATIVITY", "DEAR", "PUBCOV", "SEX", "CIT", "SCHL", "DIVISION"]}