{"validation": 0.8732642644808217, "id_test": 0.8738571989455381, "ood_test": 0.8233972928067455, "ood_validation": 0.8258222185403032, "train": 0.8735945321717671, "id_test_conf": [0.8720025143563144, 0.8756944934951407], "id_test_balanced": 0.5054121017456055, "id_test_balanced_conf": [0.5050836212415015, 0.5057405822497094], "ood_test_conf": [0.8217872560711752, 0.824998697212448], "ood_test_balanced": 0.5066496133804321, "ood_test_balanced_conf": [0.5063679620879702, 0.5069312646728941], "features": ["BMI5", "SMOKDAY2", "CVDSTRK3", "VEG_ONCE_PER_DAY", "RFBING5", "TOTINDA", "MARITAL", "CHECKUP1", "EDUCA", "IYEAR", "MEDCOST", "PRACE1", "MEDCOST", "PRACE1", "SEX", "PRACE1"]}