{"validation": 0.7600607537259121, "id_test": 0.7598281186715269, "ood_test": 0.7475859888553701, "ood_validation": 0.7434499110847659, "train": 0.761494727965554, "id_test_conf": [0.7577139177899302, 0.7619327823738061], "id_test_balanced": 0.7055220007896423, "id_test_balanced_conf": [0.7040232258639298, 0.7070207757153548], "ood_test_conf": [0.7444798020162312, 0.7506732429728946], "ood_test_balanced": 0.7148476839065552, "ood_test_balanced_conf": [0.7127248086268082, 0.7169705591863021], "features": ["HINS2", "HINS3", "NWLA", "OCCP", "WKW", "SEX", "MAR", "CIT", "DIVISION"]}