{"validation": 0.8931394911087982, "id_test": 0.893187866082534, "ood_test": 0.4496327387198321, "ood_validation": 0.5518867924528302, "train": 0.8929241872925932, "id_test_conf": [0.8920187826369124, 0.8943485315622843], "id_test_balanced": 0.825084924697876, "id_test_balanced_conf": [0.8241858462861273, 0.8259840031096246], "ood_test_conf": [0.4271297809244683, 0.47229091615738866], "ood_test_balanced": 0.5116387605667114, "ood_test_balanced_conf": [0.5082540769642219, 0.515023444169201], "features": ["Average_confidence(CONCENTRATING)", "Average_confidence(CONFUSED)", "attempt_count", "skill_id", "tutor_mode", "position", "school_id"]}