{"id_test": 0.640363306085377, "id_test_conf": [0.6346612565085032, 0.6460357129541444], "id_test_balanced": 0.6040191650390625, "id_test_balanced_conf": [0.6002229328360409, 0.6078153972420841], "ood_test": 0.5266771517305098, "ood_test_conf": [0.5253281742184437, 0.5280258360008101], "ood_test_balanced": 0.5697655081748962, "ood_test_balanced_conf": [0.5689549173065461, 0.5705760990432464], "validation": 0.6400959162912367, "validation_conf": [0.6343928678835391, 0.6457693774028865], "validation_balanced": 0.6023547649383545, "validation_balanced_conf": [0.5985582055337727, 0.6061513243429363], "features": ["AGEG5YR", "FRUIT_ONCE_PER_DAY", "RFBING5", "SMOKE100", "CHCSCNCR", "CHCOCNCR", "POVERTY", "MEDCOST", "SEX", "IYEAR", "STATE", "SEX", "BMI5CAT"]}