{"validation": 0.6077409337917268, "id_test": 0.6099733845926364, "ood_test": 0.4570612122123628, "ood_validation": 0.4584295010845987, "train": 0.6088368890675613, "id_test_conf": [0.6041310021522173, 0.6157921369313987], "id_test_balanced": 0.5267913937568665, "id_test_balanced_conf": [0.5245732936961577, 0.5290094938175752], "ood_test_conf": [0.45570472356286507, 0.45841818057499606], "ood_test_balanced": 0.5245939493179321, "ood_test_balanced_conf": [0.5240200555790215, 0.5251678430568427], "features": ["AGEG5YR", "VEG_ONCE_PER_DAY", "DRNK_PER_WEEK", "TOTINDA", "SMOKDAY2", "CHCSCNCR", "DIABETES", "MEDCOST", "PRACE1", "IYEAR", "STATE", "MEDCOST", "PRACE1", "BMI5CAT"]}