{"validation": 0.7373350631269183, "id_test": 0.73779237545565, "ood_test": 0.6982387269302209, "ood_validation": 0.7038529934795495, "train": 0.7380033430291197, "id_test_conf": [0.7356162221894973, 0.7399598008790194], "id_test_balanced": 0.6724595427513123, "id_test_balanced_conf": [0.6709517752588726, 0.6739673102437519], "ood_test_conf": [0.6949592610837255, 0.7015030358934304], "ood_test_balanced": 0.6507781744003296, "ood_test_balanced_conf": [0.6486848686495796, 0.6528714801510795], "features": ["ENG", "HINS4", "NWLA", "WKHP", "WRK", "AGEP", "ST", "MAR", "DIVISION"]}