{"validation": 0.795815129914923, "id_test": 0.786896551724138, "ood_test": 0.7272855729829023, "ood_validation": 0.7308181432810513, "train": 0.7898034256811127, "id_test_conf": [0.7744219012469836, 0.7989847914313291], "id_test_balanced": 0.6823985576629639, "id_test_balanced_conf": [0.6742390835285187, 0.690558031797409], "ood_test_conf": [0.7212405883203168, 0.7332682700141476], "ood_test_balanced": 0.6778076887130737, "ood_test_balanced_conf": [0.6741263615293428, 0.6814890158968047], "features": ["VCF0004", "VCF0901b", "VCF0218", "VCF0224", "VCF0302", "VCF9008", "VCF9011", "VCF9201", "VCF9202", "VCF9206", "VCF0521", "VCF0523", "VCF0428", "VCF0429", "VCF0875", "VCF9052", "VCF9045", "VCF0846", "VCF0601", "VCF0606", "VCF0617", "VCF0717", "VCF0718", "VCF0721", "VCF0726", "VCF0745", "VCF0101", "VCF0105a", "VCF0112"]}