{"id_test": 0.6678249297648973, "id_test_conf": [0.6621760608872803, 0.6734377325415608], "id_test_balanced": 0.6342537999153137, "id_test_balanced_conf": [0.6304604406515136, 0.6380471591791138], "ood_test": 0.602028066684406, "ood_test_conf": [0.6006943731607021, 0.6033606203291552], "ood_test_balanced": 0.6267474889755249, "ood_test_balanced_conf": [0.6258604783460032, 0.6276344996050466], "validation": 0.6610846179438837, "validation_conf": [0.6554083952269132, 0.6667262225359859], "validation_balanced": 0.6269581317901611, "validation_balanced_conf": [0.6231574006797745, 0.6307588629005477], "features": ["AGEG5YR", "FRUIT_ONCE_PER_DAY", "VEG_ONCE_PER_DAY", "DRNK_PER_WEEK", "TOTINDA", "SMOKDAY2", "CHCSCNCR", "DIABETES", "EMPLOY1", "STATE", "MEDCOST", "IYEAR", "STATE", "PRACE1", "BMI5CAT"]}