{"validation": 0.8767106327484029, "id_test": 0.8748700001650792, "ood_test": 0.8286376119402985, "ood_validation": 0.8302527510316369, "train": 0.8770827121351095, "id_test_conf": [0.8729938166177826, 0.876728220432185], "id_test_balanced": 0.5271925330162048, "id_test_balanced_conf": [0.5264826140704099, 0.5279024519619998], "ood_test_conf": [0.8270165950288407, 0.8302495252093468], "ood_test_balanced": 0.5248206853866577, "ood_test_balanced_conf": [0.524278951807646, 0.5253624189656694], "features": ["PHYSHLTH", "HIGH_BLOOD_PRESS", "BMI5", "BMI5CAT", "MICHD", "FRUIT_ONCE_PER_DAY", "VEG_ONCE_PER_DAY", "RFBING5", "TOTINDA", "INCOME", "EDUCA", "MENTHLTH", "IYEAR", "SEX", "PRACE1"]}