{"validation": 0.7978845711657853, "id_test": 0.7983908045977012, "ood_test": 0.7695822146860722, "ood_validation": 0.768122085629504, "train": 0.7954362570410392, "id_test_conf": [0.786154800764701, 0.810224814683546], "id_test_balanced": 0.7392194867134094, "id_test_balanced_conf": [0.730514082480222, 0.7479248909465969], "ood_test_conf": [0.7638576410972333, 0.7752328872573406], "ood_test_balanced": 0.7397747039794922, "ood_test_balanced_conf": [0.7358805632125587, 0.7436688447464257], "features": ["VCF0004", "VCF0218", "VCF0224", "VCF0301", "VCF9010", "VCF9011", "VCF9202", "VCF9203", "VCF9205", "VCF0521", "VCF0523", "VCF0870", "VCF0843", "VCF9045", "VCF0838", "VCF9239", "VCF0846", "VCF0606", "VCF0612", "VCF0743", "VCF0717", "VCF0718", "VCF0720", "VCF0721", "VCF0701", "VCF0675", "VCF0724", "VCF0725", "VCF0745", "VCF0104", "VCF0105a", "VCF0115", "VCF0112"]}