{"validation": 0.7799494136583123, "id_test": 0.7783908045977012, "ood_test": 0.7740097027930856, "ood_validation": 0.7740568037303942, "train": 0.7759512587653753, "id_test_conf": [0.7657487972304033, 0.7906579217308302], "id_test_balanced": 0.7590819597244263, "id_test_balanced_conf": [0.7501512701436878, 0.7680126493051648], "ood_test_conf": [0.7683230867137754, 0.7796212013271525], "ood_test_balanced": 0.7600532174110413, "ood_test_balanced_conf": [0.7560524983797222, 0.7640539364423603], "features": ["VCF0004", "VCF0218", "VCF0224", "VCF0301", "VCF9010", "VCF9011", "VCF9202", "VCF9203", "VCF9205", "VCF0521", "VCF0523", "VCF0870", "VCF0843", "VCF9045", "VCF0838", "VCF9239", "VCF0846", "VCF0606", "VCF0612", "VCF0743", "VCF0717", "VCF0718", "VCF0720", "VCF0721", "VCF0701", "VCF0675", "VCF0724", "VCF0725", "VCF0745", "VCF0104", "VCF0105a", "VCF0115", "VCF0112"]}