{"validation": 0.7337278106508875, "id_test": 0.7347863507492912, "ood_test": 0.6722741104714731, "ood_validation": 0.6686425607587433, "0": 0.924192212096106, "2": 0.6919865396680546, "3": 0.7542571188346485, "4": 0.7663880192363555, "5": 0.7434367448137338, "6": 0.7825849671864981, "7": 0.7407620979234191, "8": 0.7532737111698612, "9": 0.6889940817407301, "id_test_conf": [0.732602304969083, 0.7369617790794516], "id_test_balanced": 0.5915258526802063, "id_test_balanced_conf": [0.5905286509357393, 0.5925230544246733], "ood_test_conf": [0.6689219273797244, 0.6756131226502835], "ood_test_balanced": 0.5903303027153015, "ood_test_balanced_conf": [0.5889022402907722, 0.5917583651398308], "features": ["DIVISION", "AGEP", "SEX", "RAC1P", "POBP", "ST", "FER", "ENG", "CIT", "SCHL", "OCCP", "COW", "WKHP", "WKW", "WRK", "NWLA"]}