{"validation": 0.8030123722431415, "id_test": 0.8029250202511138, "ood_test": 0.7778846280512706, "ood_validation": 0.7791345583876704, "0": 0.9069317867992267, "2": 0.779244852563737, "3": 0.8087310189734291, "4": 0.8110254010263693, "5": 0.8119291968741174, "6": 0.8230799667089627, "7": 0.8098798327069787, "8": 0.8103106411103768, "9": 0.7881551197123559, "id_test_conf": [0.8009549754849633, 0.8048839443025386], "id_test_balanced": 0.7328154444694519, "id_test_balanced_conf": [0.7314316871669143, 0.7341992017719895], "ood_test_conf": [0.7749105104719524, 0.7808374932994102], "ood_test_balanced": 0.738530158996582, "ood_test_balanced_conf": [0.736543931895867, 0.7405163860972971], "features": ["DIVISION", "AGEP", "SEX", "RAC1P", "POBP", "ST", "FER", "ENG", "CIT", "SCHL", "OCCP", "COW", "WKHP", "WKW", "WRK", "NWLA"]}