{"validation": 0.8037338227383476, "id_test": 0.8038932766302147, "ood_test": 0.7795839865105189, "ood_validation": 0.7779490219324244, "0": 0.9095553714443524, "2": 0.7820338789710831, "3": 0.8114711751775276, "4": 0.8111437454948413, "5": 0.8117997363713398, "6": 0.8231618299155444, "7": 0.8128889861008928, "8": 0.8075739424983477, "9": 0.786575678462925, "id_test_conf": [0.8019268587467767, 0.8058485382088566], "id_test_balanced": 0.7363227605819702, "id_test_balanced_conf": [0.7349342817883007, 0.7377112393756398], "ood_test_conf": [0.7766179210342474, 0.7825286695173441], "ood_test_balanced": 0.7399751543998718, "ood_test_balanced_conf": [0.7379964177962393, 0.7419538910035044], "features": ["DIVISION", "AGEP", "SEX", "RAC1P", "POBP", "ST", "FER", "ENG", "CIT", "SCHL", "OCCP", "COW", "WKHP", "WKW", "WRK", "NWLA"]}