{"validation": 0.808733348099864, "id_test": 0.8079434993924666, "ood_test": 0.7965643977816127, "ood_validation": 0.7937166567871962, "0": 0.8900856117094725, "2": 0.791347744253693, "3": 0.8120840382102373, "4": 0.8038171470376227, "5": 0.8145184069296676, "6": 0.8199828087266178, "7": 0.8139362245067043, "8": 0.8125826173165895, "9": 0.8046324082762721, "id_test_conf": [0.8059924541153674, 0.8098832394838649], "id_test_balanced": 0.7657927870750427, "id_test_balanced_conf": [0.7643743348843418, 0.7672112392657436], "ood_test_conf": [0.7936828540099286, 0.7994232584398413], "ood_test_balanced": 0.7750371694564819, "ood_test_balanced_conf": [0.7730048883939162, 0.7770694505190476], "features": ["DIVISION", "AGEP", "SEX", "RAC1P", "POBP", "ST", "FER", "ENG", "CIT", "SCHL", "OCCP", "COW", "WKHP", "WKW", "WRK", "NWLA"]}