{"validation": 0.7037812865867165, "id_test": 0.7065803462940462, "ood_test": 0.6465334404763473, "ood_validation": 0.6449318316538234, "0": 0.9204639602319801, "2": 0.6553014315861518, "3": 0.7198962691329761, "4": 0.7401370644116666, "5": 0.708243103285943, "6": 0.7594449674593754, "7": 0.7275589403007828, "8": 0.7196794448116325, "9": 0.6638763204593386, "id_test_conf": [0.704328372470296, 0.7088247383676142], "id_test_balanced": 0.5442623496055603, "id_test_balanced_conf": [0.5435404178674799, 0.5449842813436407], "ood_test_conf": [0.643120627239081, 0.649935051287065], "ood_test_balanced": 0.5567781925201416, "ood_test_balanced_conf": [0.5556165919569321, 0.5579397930833511], "features": ["DIVISION", "AGEP", "SEX", "RAC1P", "POBP", "ST", "FER", "ENG", "CIT", "SCHL", "OCCP", "COW", "WKHP", "WKW", "WRK", "NWLA"]}