{"validation": 0.33014587222732017, "id_test": 0.32723901377075737, "ood_test": 0.40975616182107993, "ood_validation": 0.41327800829875516, "0": 0.10535763601215134, "2": 0.3749329835167969, "3": 0.3110609114944741, "4": 0.2859417530043357, "5": 0.32860998650472334, "6": 0.2677745487290737, "7": 0.309067891537916, "8": 0.3150611368142763, "9": 0.3775933031691024, "id_test_conf": [0.32492558410387207, 0.32955878362655816], "id_test_balanced": 0.5047241449356079, "id_test_balanced_conf": [0.504485643634107, 0.5049626462371088], "ood_test_conf": [0.4062546412451652, 0.4132645810112772], "ood_test_balanced": 0.5097807049751282, "ood_test_balanced_conf": [0.5092864527576603, 0.5102749571925961], "features": ["DIVISION", "AGEP", "SEX", "RAC1P", "POBP", "ST", "FER", "ENG", "CIT", "SCHL", "OCCP", "COW", "WKHP", "WKW", "WRK", "NWLA"]}