{"validation": 0.8047020852450717, "id_test": 0.804007189145403, "ood_test": 0.7997128215937084, "ood_validation": 0.7973918197984589, "0": 0.8971278652305993, "2": 0.7902754805224433, "3": 0.8069937295501282, "4": 0.8003421230997644, "5": 0.8097715218278254, "6": 0.8123285989112193, "7": 0.8055980858072683, "8": 0.8024826503635162, "9": 0.8074846933561268, "id_test_conf": [0.8020411991657801, 0.8059620186331202], "id_test_balanced": 0.7920112609863281, "id_test_balanced_conf": [0.7906010180409067, 0.7934215039317496], "ood_test_conf": [0.7968477924939292, 0.8025549263621068], "ood_test_balanced": 0.7908357381820679, "ood_test_balanced_conf": [0.7888016152987256, 0.7928698610654101], "features": ["DIVISION", "AGEP", "SEX", "RAC1P", "POBP", "ST", "FER", "ENG", "CIT", "SCHL", "OCCP", "COW", "WKHP", "WKW", "WRK", "NWLA"]}