{"validation": 0.784558427997342, "id_test": 0.7843382948562171, "ood_test": 0.7423298336209508, "ood_validation": 0.7413159454653231, "0": 0.9225352112676056, "2": 0.7694861119032681, "3": 0.7835529847949189, "4": 0.7905410493926777, "5": 0.7836244233123059, "6": 0.8040331273109301, "7": 0.7916061853346855, "8": 0.7928990416391276, "9": 0.7776936441425957, "id_test_conf": [0.7823020735975961, 0.7863640784698303], "id_test_balanced": 0.6851969957351685, "id_test_balanced_conf": [0.6838963666814379, 0.686497624788899], "ood_test_conf": [0.7392028353899025, 0.7454383014170205], "ood_test_balanced": 0.6859716773033142, "ood_test_balanced_conf": [0.6840953055024147, 0.6878480491042137], "features": ["DIVISION", "AGEP", "SEX", "RAC1P", "POBP", "ST", "FER", "ENG", "CIT", "SCHL", "OCCP", "COW", "WKHP", "WKW", "WRK", "NWLA"]}