{"validation": 0.7467075910514824, "id_test": 0.7483419400567031, "ood_test": 0.697659100789082, "ood_validation": 0.6962655601659751, "0": 0.9199116266224799, "2": 0.7289168995608282, "3": 0.7503976012237, "4": 0.766431053588527, "5": 0.7478227097260145, "6": 0.7749307573710995, "7": 0.7520629933785369, "8": 0.7556179775280899, "9": 0.7319734653870096, "id_test_conf": [0.7461945310692455, 0.7504802337561995], "id_test_balanced": 0.6158474683761597, "id_test_balanced_conf": [0.6147455986402929, 0.6169493381120265], "ood_test_conf": [0.6943778795290872, 0.7009252095045957], "ood_test_balanced": 0.6241480112075806, "ood_test_balanced_conf": [0.6225194052583538, 0.6257766171568073], "features": ["DIVISION", "AGEP", "SEX", "RAC1P", "POBP", "ST", "FER", "ENG", "CIT", "SCHL", "OCCP", "COW", "WKHP", "WKW", "WRK", "NWLA"]}