{"validation": 0.7335759263361074, "id_test": 0.7311727926285946, "ood_test": 0.7685447431860996, "ood_validation": 0.7688203912270303, "0": 0.8695111847555924, "2": 0.713163748360235, "3": 0.7319306705025477, "4": 0.7185553367975986, "5": 0.7383524777955622, "6": 0.7469062529845961, "7": 0.7369575735883823, "8": 0.7391048413747522, "9": 0.7393039309505449, "id_test_conf": [0.7289794304621322, 0.733357670044792], "id_test_balanced": 0.7799195051193237, "id_test_balanced_conf": [0.7785551211610436, 0.7812838890776038], "ood_test_conf": [0.765527631472756, 0.7715413177457326], "ood_test_balanced": 0.7918506860733032, "ood_test_balanced_conf": [0.7898909575073049, 0.7938104146393016], "features": ["DIVISION", "AGEP", "SEX", "RAC1P", "POBP", "ST", "FER", "ENG", "CIT", "SCHL", "OCCP", "COW", "WKHP", "WKW", "WRK", "NWLA"]}