{"validation": 0.6986362054235358, "id_test": 0.7006125961927906, "ood_test": 0.6265890318926111, "ood_validation": 0.6258446947243628, "0": 0.9207401270367301, "2": 0.6629897906804312, "3": 0.7053445708439275, "4": 0.7302391634121937, "5": 0.7040532906505979, "6": 0.747356500620796, "7": 0.7062164867139913, "8": 0.7158583939193655, "9": 0.6691860303066903, "id_test_conf": [0.6983476135836224, 0.7028702161552098], "id_test_balanced": 0.5345193147659302, "id_test_balanced_conf": [0.5338765431591309, 0.5351620863727294], "ood_test_conf": [0.6231366913951897, 0.6300316949959824], "ood_test_balanced": 0.5313219428062439, "ood_test_balanced_conf": [0.5304351449490059, 0.5322087406634819], "features": ["DIVISION", "AGEP", "SEX", "RAC1P", "POBP", "ST", "FER", "ENG", "CIT", "SCHL", "OCCP", "COW", "WKHP", "WKW", "WRK", "NWLA"]}