{"validation": 0.5510616080751828, "id_test": 0.5476344167679222, "ood_test": 0.626233352215094, "ood_validation": 0.6215767634854772, "0": 0.620270643468655, "2": 0.5676837962698911, "3": 0.535627095637023, "4": 0.5024583373678039, "5": 0.5503562125349151, "6": 0.5250706070156768, "7": 0.5434040550661815, "8": 0.5538045274289491, "9": 0.5815688497022289, "id_test_conf": [0.545176323032301, 0.5500907625400989], "id_test_balanced": 0.6641707420349121, "id_test_balanced_conf": [0.6629766713944264, 0.6653648126753978], "ood_test_conf": [0.6227803641668348, 0.6296766900647517], "ood_test_balanced": 0.6875099539756775, "ood_test_balanced_conf": [0.685733811839018, 0.6892860961123369], "features": ["DIVISION", "AGEP", "SEX", "RAC1P", "POBP", "ST", "FER", "ENG", "CIT", "SCHL", "OCCP", "COW", "WKHP", "WKW", "WRK", "NWLA"]}