{"validation": 0.7744771066038034, "id_test": 0.7733394086674767, "ood_test": 0.7870137397742093, "ood_validation": 0.7896858328393598, "0": 0.895747031206849, "2": 0.7616437574858838, "3": 0.7752210865403122, "4": 0.7630205811789261, "5": 0.7799602987791482, "6": 0.7796106040140259, "7": 0.7755330642328316, "8": 0.7773050231328487, "9": 0.7792080495758735, "id_test_conf": [0.7712669502559031, 0.7754018335525936], "id_test_balanced": 0.7989563345909119, "id_test_balanced_conf": [0.7975814166362397, 0.800331252545584], "ood_test_conf": [0.7840837335967362, 0.7899217944500628], "ood_test_balanced": 0.801226019859314, "ood_test_balanced_conf": [0.7992493687663227, 0.8032026709523052], "features": ["DIVISION", "AGEP", "SEX", "RAC1P", "POBP", "ST", "FER", "ENG", "CIT", "SCHL", "OCCP", "COW", "WKHP", "WKW", "WRK", "NWLA"]}