{"validation": 0.4591146410150935, "id_test": 0.4543020959902795, "ood_test": 0.5411600426815613, "ood_validation": 0.5414344991108476, "0": 0.3323667495167081, "2": 0.49256829977756234, "3": 0.43738667098878614, "4": 0.4154213601007004, "5": 0.4560815051941123, "6": 0.3979643349296659, "7": 0.4364730601234151, "8": 0.4479097818902842, "9": 0.5137829476090047, "id_test_conf": [0.4518448196443536, 0.4567610492375143], "id_test_balanced": 0.5963352918624878, "id_test_balanced_conf": [0.5953270401060581, 0.5973435436189175], "ood_test_conf": [0.5376071600288934, 0.5447097789917199], "ood_test_balanced": 0.6176685094833374, "ood_test_balanced_conf": [0.6161132654780522, 0.6192237534886226], "features": ["DIVISION", "AGEP", "SEX", "RAC1P", "POBP", "ST", "FER", "ENG", "CIT", "SCHL", "OCCP", "COW", "WKHP", "WKW", "WRK", "NWLA"]}