{"validation": 0.6445400753093061, "id_test": 0.6408211826650466, "ood_test": 0.6858162848599018, "ood_validation": 0.6825133372851215, "0": 0.7230046948356808, "2": 0.6409171277020476, "3": 0.6345259681716422, "4": 0.6097214601555692, "5": 0.641245331575809, "6": 0.6319703109437463, "7": 0.6423680844153692, "8": 0.6432790812954395, "9": 0.6723727852981892, "id_test_conf": [0.6384499606051242, 0.6431872369068132], "id_test_balanced": 0.7263672351837158, "id_test_balanced_conf": [0.7250544759421609, 0.7276799944252708], "ood_test_conf": [0.6825005337703927, 0.6891178292792361], "ood_test_balanced": 0.7335724830627441, "ood_test_balanced_conf": [0.7316857871855609, 0.7354591789399274], "features": ["DIVISION", "AGEP", "SEX", "RAC1P", "POBP", "ST", "FER", "ENG", "CIT", "SCHL", "OCCP", "COW", "WKHP", "WKW", "WRK", "NWLA"]}