{"validation": 0.6002151694459387, "id_test": 0.5953574321587687, "ood_test": 0.6494447445034317, "ood_validation": 0.6476585655008892, "0": 0.7195526097763049, "2": 0.6035532994923858, "3": 0.5909164581581693, "4": 0.5635456002754199, "5": 0.6003475818347299, "6": 0.5946270448746811, "7": 0.5842861214398866, "8": 0.5985727858559154, "9": 0.6164930829764106, "id_test_conf": [0.5929324982466608, 0.5977788668088784], "id_test_balanced": 0.6968681812286377, "id_test_balanced_conf": [0.6956062670331449, 0.6981300954241305], "ood_test_conf": [0.6460382370513893, 0.6528398269055575], "ood_test_balanced": 0.7059683799743652, "ood_test_balanced_conf": [0.7041487345192582, 0.7077880254294723], "features": ["DIVISION", "AGEP", "SEX", "RAC1P", "POBP", "ST", "FER", "ENG", "CIT", "SCHL", "OCCP", "COW", "WKHP", "WKW", "WRK", "NWLA"]}