{"id_test": 0.7430997876857749, "id_test_conf": [0.7139345535164677, 0.7707362104982496], "id_test_balanced": 0.7388079166412354, "id_test_balanced_conf": [0.7190006748214364, 0.7586151584610343], "ood_test": 0.6411145267839623, "ood_test_conf": [0.6334522021384676, 0.6487231244083767], "ood_test_balanced": 0.6597994565963745, "ood_test_balanced_conf": [0.6548624487034976, 0.6647364644892514], "validation": 0.7173219978746015, "validation_conf": [0.6873699592447914, 0.7459068476565176], "validation_balanced": 0.717086911201477, "validation_balanced_conf": [0.6967372668534517, 0.7374365555495024], "features": ["FCSZ1231", "MCRPB31", "PRVHMO31", "FSAGT31", "HASFSA31", "MCAID31", "MCARE31", "GOVAAT31", "GOVTB31", "GOVTC31", "GOVCAT31", "VAPROG31", "BSNTY31", "IHSAT31", "RETPLN31", "SICPAY31", "EMPST31", "RNDFLG31", "MORJOB31", "SSNLJB31", "SELFCM31", "CHOIC31", "NUMEMP31", "MORE31", "NWK31", "STJBYY31", "OCCCAT31", "PAYVAC31", "PAYDR31", "PRIDK31", "TRIAT31X", "MCAID31X", "PUBAT31X", "INS31X", "HISPNCAT", "WHTLGSPK", "TRICR31X", "MCRPD31X", "PRIOG31", "PRIEUO31", "PRIV31", "PRIVAT31", "PMDINS31", "MARRY31X", "FTSTU31X", "HRWG31X", "DISVW31X", "OFFER31X", "TRIPR31X", "VASPUN31", "ASMRCN31", "ASPREV31", "ASDALY31", "ASPKFL31", "ASEVFL31", "WLKLIM31", "STPDIF31", "WLKDIF31", "MILDIF31", "RCHDIF31", "FNGRDF31", "ACTLIM31", "WRKLIM31", "SCHLIM31", "ASACUT31", "SOCLIM31", "ASSTIL31", "FAMSZE31", "FAMS1231", "RESP31", "PROXY31", "BEGRFY31", "ENDRFM31", "INSCOP31", "INSC1231", "PSTATS31", "SPOUID31", "SPOUIN31", "RTHLTH31", "ASATAK31", "COGLIM31", "VAWAIT31", "VALOCT31", "VANEED31", "VAPAST31", "VAMREC31", "VAPROB31", "VAPCOT31", "VAPCCO31", "VAPCSN31", "VAPCSO31", "VAPCOU31", "VAPCUN31", "VAPACT31", "VACTDY31", "VARECM31", "VACOPD31", "VAHRLS31", "VABACK31", "VAJTPN31", "VAGOUT31", "VANECK31", "VATMD31", "VADEPR31", "VAMOOD31", "VAPROS31", "VARHAB31", "VAGCNS31", "VACRGV31", "VALCOH31", "MOPID31X", "DAPID31X", "INSCOV19"]}