{"validation": 0.49813345776948204, "id_test": 0.4854210403545603, "ood_test": 0.5111050070632553, "ood_validation": 0.5208333333333334, "0.0": 0.5148506265446819, "13.0": 0.531588785046729, "id_test_conf": [0.4703577860225761, 0.5005041763789588], "id_test_balanced": 0.5292184948921204, "id_test_balanced_conf": [0.5202142748609185, 0.5382227149233222], "ood_test_conf": [0.5067549436080984, 0.5154538055405322], "ood_test_balanced": 0.5141425132751465, "ood_test_balanced_conf": [0.5114734897622839, 0.5168115367880091], "features": ["admission_source_id", "race", "gender", "age", "payer_code", "medical_specialty"]}