{"validation": 0.5716285580961269, "id_test": 0.5670632143690226, "ood_test": 0.5050816198398995, "ood_validation": 0.4897598870056497, "0.0": 0.5506655682261631, "13.0": 0.5257943925233645, "id_test_conf": [0.5520730883494198, 0.5819618765389475], "id_test_balanced": 0.48915964365005493, "id_test_balanced_conf": [0.4852493718918413, 0.49306991540826856], "ood_test_conf": [0.5007310529235947, 0.5094316079062416], "ood_test_balanced": 0.4994466006755829, "ood_test_balanced_conf": [0.49820589639712126, 0.5006873049540446], "features": ["admission_source_id", "race", "gender", "age", "payer_code", "medical_specialty"]}