{"validation": 0.5111992533831078, "id_test": 0.5082808490786097, "ood_test": 0.5084955266049286, "ood_validation": 0.519774011299435, "0.0": 0.5341022416858171, "13.0": 0.5418691588785046, "id_test_conf": [0.49319769905478245, 0.5233527063341621], "id_test_balanced": 0.539697527885437, "id_test_balanced_conf": [0.5299207543954253, 0.5494743013754487], "ood_test_conf": [0.504145167669543, 0.5128449178101815], "ood_test_balanced": 0.5117785930633545, "ood_test_balanced_conf": [0.5091822856478393, 0.5143749004788697], "features": ["admission_source_id", "race", "gender", "age", "payer_code", "medical_specialty"]}