{"validation": 0.5335977601493234, "id_test": 0.5255423372988104, "ood_test": 0.5036101083032491, "ood_validation": 0.5028248587570622, "0.0": 0.5491913454450852, "13.0": 0.5491588785046729, "id_test_conf": [0.5104648964124162, 0.5405849451484266], "id_test_balanced": 0.5341110825538635, "id_test_balanced_conf": [0.5236076450534165, 0.5446145200543105], "ood_test_conf": [0.49925951416107867, 0.507960291216131], "ood_test_balanced": 0.5045090913772583, "ood_test_balanced_conf": [0.5014726134389639, 0.5075455693155527], "features": ["admission_source_id", "race", "gender", "age", "payer_code", "medical_specialty"]}