{"validation": 0.4913672421838544, "id_test": 0.48448798693725215, "ood_test": 0.5028056819965468, "ood_validation": 0.5134180790960452, "0.0": 0.5146771885704375, "13.0": 0.516822429906542, "id_test_conf": [0.46942620916892225, 0.4995709188383767], "id_test_balanced": 0.5288220643997192, "id_test_balanced_conf": [0.5198591931536793, 0.5377849356457591], "ood_test_conf": [0.49845508886600304, 0.5071559555304247], "ood_test_balanced": 0.5066207647323608, "ood_test_balanced_conf": [0.5042110028211028, 0.5090305266436189], "features": ["admission_source_id", "race", "gender", "age", "payer_code", "medical_specialty"]}