{"validation": 0.40381957075300107, "id_test": 0.3993088395780284, "ood_test": 0.5835651500869792, "ood_validation": 0.5796089385474861, "train": 0.39990996603263956, "id_test_conf": [0.39351205049649246, 0.4051269185012043], "id_test_balanced": 0.4999391734600067, "id_test_balanced_conf": [0.4998470847742283, 0.5000312621457852], "ood_test_conf": [0.5822263785162605, 0.5849029940370618], "ood_test_balanced": 0.49999475479125977, "ood_test_balanced_conf": [0.4999798408080642, 0.5000096687744553], "features": ["VEG_ONCE_PER_DAY", "DRNK_PER_WEEK", "RFBING5", "TOTINDA", "SMOKE100", "CHCSCNCR", "DIABETES", "EMPLOY1", "STATE", "MEDCOST", "PRACE1", "SEX", "STATE", "MEDCOST", "PRACE1", "SEX", "BMI5CAT", "IYEAR"]}