{"validation": 0.8255591485785884, "id_test": 0.8266583135133513, "ood_test": 0.6343126967471143, "ood_validation": 0.6839622641509434, "train": 0.8260007146454487, "id_test_conf": [0.8252158773594896, 0.8280936438790893], "id_test_balanced": 0.7285324335098267, "id_test_balanced_conf": [0.7275474055344239, 0.7295174614852294], "ood_test_conf": [0.6122349841299529, 0.6559762843800967], "ood_test_balanced": 0.6637312173843384, "ood_test_balanced_conf": [0.6506613002903759, 0.6768011344783008], "features": ["Average_confidence(CONCENTRATING)", "Average_confidence(CONFUSED)", "skill_id", "problem_type", "bottom_hint", "ms_first_response", "tutor_mode", "position", "type", "overlap_time", "first_action", "school_id"]}