{"id_test": 0.8020770048602673, "id_test_conf": [0.800103798692611, 0.8040391214830405], "id_test_balanced": 0.7567019462585449, "id_test_balanced_conf": [0.7552725996705704, 0.7581312928465195], "ood_test": 0.7938506935753712, "ood_test_conf": [0.7909551324118366, 0.7967237795214678], "ood_test_balanced": 0.7699390053749084, "ood_test_balanced_conf": [0.7679056247416883, 0.7719723860081286], "validation": 0.8023415498528621, "validation_conf": [0.800369322133665, 0.8043026782332388], "validation_balanced": 0.7574942111968994, "validation_balanced_conf": [0.7560670644347556, 0.7589213579590433], "features": ["COW", "HINS1", "HINS2", "NWLK", "OCCP", "RELP", "WKHP", "RAC1P", "SCHL", "ACS_YEAR", "DIVISION"]}