{"id_test": 0.6365915697674419, "id_test_conf": [0.6308765547292996, 0.6422777336573068], "id_test_balanced": 0.590779185295105, "id_test_balanced_conf": [0.5871147726522759, 0.5944435979379341], "ood_test": 0.544717765393919, "ood_test_conf": [0.5433663181083146, 0.5460687168429139], "ood_test_balanced": 0.5818058252334595, "ood_test_balanced_conf": [0.5809619822213427, 0.5826496682455763], "validation": 0.6395944620080671, "validation_conf": [0.6338892197562198, 0.6452702175378482], "validation_balanced": 0.5932741165161133, "validation_balanced_conf": [0.5896246599964797, 0.5969235730357468], "features": ["FRUIT_ONCE_PER_DAY", "VEG_ONCE_PER_DAY", "RFBING5", "TOTINDA", "SMOKE100", "POVERTY", "EMPLOY1", "STATE", "MEDCOST", "PRACE1", "IYEAR", "STATE", "PRACE1", "SEX", "BMI5CAT"]}