{"validation": 0.8747032616825469, "id_test": 0.8742561217521382, "ood_test": 0.8250623605093869, "ood_validation": 0.8211241454975103, "train": 0.8741249005366701, "id_test_conf": [0.8723903340560191, 0.8761042458066466], "id_test_balanced": 0.5075370073318481, "id_test_balanced_conf": [0.5071568894188385, 0.5079171252448578], "ood_test_conf": [0.8234432415433556, 0.8266726398706341], "ood_test_balanced": 0.5056275129318237, "ood_test_balanced_conf": [0.5053638563846471, 0.5058911694790004], "features": ["BMI5", "BMI5CAT", "SMOKE100", "CVDSTRK3", "FRUIT_ONCE_PER_DAY", "DRNK_PER_WEEK", "TOTINDA", "INCOME", "MARITAL", "HEALTH_COV", "MENTHLTH", "PRACE1", "SEX", "STATE", "PRACE1", "PRACE1", "IYEAR"]}