{"validation": 0.8750853630776235, "id_test": 0.8745000162596338, "ood_test": 0.8254702826384591, "ood_validation": 0.8212929361127521, "train": 0.8743637141512818, "id_test_conf": [0.8726357623828853, 0.876346594941191], "id_test_balanced": 0.5115602016448975, "id_test_balanced_conf": [0.511090776330675, 0.5120296269591199], "ood_test_conf": [0.8238526409848945, 0.8270790735787117], "ood_test_balanced": 0.5087245106697083, "ood_test_balanced_conf": [0.5083994064852595, 0.509049614854157], "features": ["BMI5", "BMI5CAT", "SMOKE100", "CVDSTRK3", "FRUIT_ONCE_PER_DAY", "DRNK_PER_WEEK", "TOTINDA", "INCOME", "MARITAL", "HEALTH_COV", "MENTHLTH", "PRACE1", "SEX", "STATE", "PRACE1", "PRACE1", "IYEAR"]}