{"validation": 0.6835933297471759, "id_test": 0.6856900567031187, "ood_test": 0.6421730710964155, "ood_validation": 0.6387670420865441, "train": 0.6846509398215206, "id_test_conf": [0.6833945288075606, 0.6879787697914423], "id_test_balanced": 0.5588322281837463, "id_test_balanced_conf": [0.5576183268241585, 0.5600461295433342], "ood_test_conf": [0.6387510712817626, 0.6455842019094048], "ood_test_balanced": 0.5898358821868896, "ood_test_balanced_conf": [0.5877246613521129, 0.5919471030216664], "features": ["ENG", "FER", "HINS1", "HINS3", "NWLK", "POBP", "AGEP", "RAC1P", "DIVISION"]}