{"id_test": 0.6410076976906928, "id_test_conf": [0.6264391160546403, 0.6553839019132641], "id_test_balanced": 0.6023991107940674, "id_test_balanced_conf": [0.5932573711872101, 0.6115408504009247], "ood_test": 0.5910767540417516, "ood_test_conf": [0.586793682267867, 0.5953494506901549], "ood_test_balanced": 0.5881079435348511, "ood_test_balanced_conf": [0.5854733450943604, 0.5907425419753417], "validation": 0.6437237517498834, "validation_conf": [0.629175729470908, 0.6580756416240117], "validation_balanced": 0.6102364659309387, "validation_balanced_conf": [0.6009613704681397, 0.6195115613937378], "features": ["age", "admission_type_id", "num_lab_procedures", "number_outpatient", "number_inpatient", "diag_2", "diag_3", "max_glu_serum", "A1Cresult", "nateglinide", "chlorpropamide", "glimepiride", "acetohexamide", "glyburide", "rosiglitazone", "miglitol", "tolazamide", "examide", "citoglipton", "insulin", "admission_source_id"]}