{"validation": 0.8123706599218211, "id_test": 0.8165517241379311, "ood_test": 0.771513353115727, "ood_validation": 0.7774480712166172, "train": 0.8086274284400505, "id_test_conf": [0.8047241452070713, 0.8279526478495638], "id_test_balanced": 0.7362099289894104, "id_test_balanced_conf": [0.7279311198368669, 0.7444887381419539], "ood_test_conf": [0.7658052258751733, 0.7771470487493394], "ood_test_balanced": 0.7316359877586365, "ood_test_balanced_conf": [0.7279302190290764, 0.7353417564881966], "features": ["VCF0218", "VCF0301", "VCF0302", "VCF9010", "VCF9201", "VCF9202", "VCF9206", "VCF0521", "VCF0523", "VCF0428", "VCF0809", "VCF9045", "VCF0838", "VCF0803", "VCF0601", "VCF0606", "VCF0310", "VCF0717", "VCF0720", "VCF0701", "VCF0675", "VCF0726", "VCF0104", "VCF0112"]}