{"validation": 0.7839374896411805, "id_test": 0.7827817293752571, "ood_test": 0.42753372450869753, "ood_validation": 0.4250627228311105, "train": 0.7827181984944022, "id_test_conf": [0.7816370279987588, 0.7839231582551025], "id_test_balanced": 0.5324375629425049, "id_test_balanced_conf": [0.5320287107600598, 0.53284641512495], "ood_test_conf": [0.42646119993417675, 0.42860676235815703], "ood_test_balanced": 0.5436173677444458, "ood_test_balanced_conf": [0.5432216401037294, 0.5440130953851622], "features": ["MIG", "DEYE", "PINCP", "ST", "MAR", "CIT", "ACS_YEAR", "DIS"]}