{"validation": 0.7873176597158498, "id_test": 0.7891099635479951, "ood_test": 0.7589018719289694, "ood_validation": 0.7534084173088322, "train": 0.7886890753510537, "id_test_conf": [0.7870901230870053, 0.791119191023685], "id_test_balanced": 0.7212399244308472, "id_test_balanced_conf": [0.7198229120182805, 0.7226569368434138], "ood_test_conf": [0.7558425405667311, 0.7619414043862629], "ood_test_balanced": 0.7195724248886108, "ood_test_balanced_conf": [0.7175313358521089, 0.7216135139251127], "features": ["COW", "HINS3", "HINS4", "NWLA", "OCCP", "POBP", "WKHP", "WRK", "ST", "SCHL", "ACS_YEAR", "DIVISION"]}