{"validation": 0.8237882661172371, "id_test": 0.8216157094164929, "ood_test": 0.7953476001473055, "ood_validation": 0.805376542073283, "train": 0.821788883624952, "id_test_conf": [0.8189215864401744, 0.8242860808180459], "id_test_balanced": 0.5770896077156067, "id_test_balanced_conf": [0.5756267236522399, 0.5785524917789735], "ood_test_conf": [0.7917432143958917, 0.798916876400426], "ood_test_balanced": 0.5958583354949951, "ood_test_balanced_conf": [0.5937415134441107, 0.5979751575458795], "features": ["ENG", "NWLK", "OCCP", "RELP", "WKW", "MIL", "DEAR", "AGEP", "MAR", "CIT", "RAC1P", "SCHL", "DIVISION"]}