{"id_test": 0.6311773255813954, "id_test_conf": [0.6254451060919476, 0.6368818378940363], "id_test_balanced": 0.5830197334289551, "id_test_balanced_conf": [0.5793920333031565, 0.5866474335547537], "ood_test": 0.5365155852904253, "ood_test_conf": [0.5351623708837823, 0.5378683948078435], "ood_test_balanced": 0.5762465000152588, "ood_test_balanced_conf": [0.5754168043064419, 0.5770761957240756], "validation": 0.6361059631527308, "validation_conf": [0.6303892689360475, 0.6417939077797563], "validation_balanced": 0.587690532207489, "validation_balanced_conf": [0.584076245748438, 0.59130481866654], "features": ["VEG_ONCE_PER_DAY", "DRNK_PER_WEEK", "RFBING5", "SMOKDAY2", "CHCSCNCR", "CHCOCNCR", "EMPLOY1", "STATE", "MEDCOST", "PRACE1", "SEX", "PRACE1", "BMI5CAT", "IYEAR"]}