{"validation": 0.602601838729605, "id_test": 0.6025799418604652, "ood_test": 0.4202727425824428, "ood_validation": 0.41992042851483785, "train": 0.5985010560741296, "id_test_conf": [0.5967694833456144, 0.6083687347949092], "id_test_balanced": 0.5022229552268982, "id_test_balanced_conf": [0.5012678960850462, 0.5031780143687502], "ood_test_conf": [0.4189338979772351, 0.42161247122162204], "ood_test_balanced": 0.5013991594314575, "ood_test_balanced_conf": [0.5011829946990474, 0.5016153241638677], "features": ["VEG_ONCE_PER_DAY", "DRNK_PER_WEEK", "RFBING5", "SMOKDAY2", "CHCSCNCR", "CHCOCNCR", "EMPLOY1", "STATE", "MEDCOST", "PRACE1", "SEX", "PRACE1", "BMI5CAT", "IYEAR"]}