{"id_test": 0.6399423907825252, "id_test_conf": [0.6341918877765271, 0.645662852229453], "id_test_balanced": 0.6037240624427795, "id_test_balanced_conf": [0.5999108908278867, 0.6075372340576723], "ood_test": 0.5222952632075671, "ood_test_conf": [0.5209354828297224, 0.5236547947759531], "ood_test_balanced": 0.5670063495635986, "ood_test_balanced_conf": [0.5662024863495025, 0.5678102127776947], "validation": 0.6421581299161712, "validation_conf": [0.6364151482771642, 0.647870594165], "validation_balanced": 0.6052906513214111, "validation_balanced_conf": [0.6014849457889795, 0.6090963568538428], "features": ["AGEG5YR", "CHCSCNCR", "CHCOCNCR", "POVERTY", "IYEAR", "IYEAR", "MEDCOST", "PRACE1", "BMI5CAT"]}