{"validation": 0.8213972299591743, "id_test": 0.8199496362618914, "ood_test": 0.7999304390523344, "ood_validation": 0.7967225188731357, "train": 0.8200083304452337, "id_test_conf": [0.8172458352368709, 0.8226298090216968], "id_test_balanced": 0.6040314435958862, "id_test_balanced_conf": [0.6023394584306516, 0.6057234287611208], "ood_test_conf": [0.7963558781367491, 0.8034693445431704], "ood_test_balanced": 0.6048765778541565, "ood_test_balanced_conf": [0.6027250929735601, 0.6070280627347528], "features": ["ENG", "HUPAC", "NWLK", "WKHP", "WKW", "WRK", "MIL", "ANC", "PUBCOV", "AGEP", "SEX", "ACS_YEAR", "DIVISION"]}