{"validation": 0.8431066427501088, "id_test": 0.8432806900344353, "ood_test": 0.4422875131164743, "ood_validation": 0.5424528301886793, "train": 0.8436346474042682, "id_test_conf": [0.8419063223798346, 0.8446477105307713], "id_test_balanced": 0.7432608604431152, "id_test_balanced_conf": [0.74231771198567, 0.7442040089005605], "ood_test_conf": [0.4198316791579562, 0.4649212072436826], "ood_test_balanced": 0.5051210522651672, "ood_test_balanced_conf": [0.5028609747998416, 0.5073811297304929], "features": ["Average_confidence(BORED)", "Average_confidence(FRUSTRATED)", "hint_count", "skill_id", "problem_type", "position", "type", "school_id"]}