{"validation": 0.8580877088085272, "id_test": 0.8579885806239689, "ood_test": 0.4422875131164743, "ood_validation": 0.5377358490566038, "train": 0.8582489173205188, "id_test_conf": [0.8566685550814593, 0.859300943651984], "id_test_balanced": 0.7673811316490173, "id_test_balanced_conf": [0.7664402261422947, 0.76832203715574], "ood_test_conf": [0.4198316791579562, 0.4649212072436826], "ood_test_balanced": 0.5051210522651672, "ood_test_balanced_conf": [0.5028609747998416, 0.5073811297304929], "features": ["Average_confidence(BORED)", "Average_confidence(FRUSTRATED)", "hint_count", "skill_id", "problem_type", "position", "type", "school_id"]}