{"validation": 0.7647944815365629, "id_test": 0.7638530275415147, "ood_test": 0.7408017283397663, "ood_validation": 0.7334914048606994, "train": 0.7661667416857378, "id_test_conf": [0.761750951721103, 0.7659454183333292], "id_test_balanced": 0.6938878893852234, "id_test_balanced_conf": [0.6924323439691216, 0.6953434348013252], "ood_test_conf": [0.7376687903972925, 0.7439162527971979], "ood_test_balanced": 0.7020602822303772, "ood_test_balanced_conf": [0.6999672537110746, 0.7041533107496798], "features": ["COW", "FER", "HINS1", "HINS2", "HINS3", "HINS4", "NWLA", "OCCP", "RELP", "AGEP", "RAC1P", "DIVISION"]}