{"validation": 0.8368880918768362, "id_test": 0.8349061403062522, "ood_test": 0.8095666762142477, "ood_validation": 0.805376542073283, "train": 0.8354482701607903, "id_test_conf": [0.8322923979926257, 0.8374951471191711], "id_test_balanced": 0.6363333463668823, "id_test_balanced_conf": [0.6345634021214209, 0.6381032906123437], "ood_test_conf": [0.8060572220372018, 0.8130393267807259], "ood_test_balanced": 0.6541874408721924, "ood_test_balanced_conf": [0.6517651373753324, 0.6566097443690524], "features": ["ENG", "FER", "HUPAC", "NWLK", "OCCP", "POBP", "WRK", "DEYE", "PUBCOV", "AGEP", "ST", "MAR", "RAC1P", "DIVISION"]}