{"validation": 0.8142771255893427, "id_test": 0.8139935196435804, "ood_test": 0.8091580930299956, "ood_validation": 0.8075874333135744, "train": 0.8146857544716772, "id_test_conf": [0.8120660558751717, 0.8159094558120541], "id_test_balanced": 0.7778185606002808, "id_test_balanced_conf": [0.7764125574706122, 0.7792245637299493], "ood_test_conf": [0.8063442779794581, 0.8119482599703112], "ood_test_balanced": 0.7914543747901917, "ood_test_balanced_conf": [0.7894578819116578, 0.7934508676687255], "features": ["COW", "FER", "HINS1", "HINS2", "HINS3", "HINS4", "OCCP", "POBP", "RELP", "WKHP", "WRK", "AGEP", "SEX", "MAR", "CIT", "RAC1P", "SCHL", "ACS_YEAR", "DIVISION"]}