{"validation": 0.8165006931461203, "id_test": 0.8129038001729664, "ood_test": 0.7807602602397806, "ood_validation": 0.7880684956729884, "train": 0.8139926043451857, "id_test_conf": [0.8101600052437341, 0.8156244882379406], "id_test_balanced": 0.5750400424003601, "id_test_balanced_conf": [0.573506066952832, 0.5765740178478882], "ood_test_conf": [0.7770655778998726, 0.7844215702814573], "ood_test_balanced": 0.5861414670944214, "ood_test_balanced_conf": [0.583952688765712, 0.5883302454231307], "features": ["ENG", "WIF", "POBP", "WKHP", "WKW", "WRK", "DIS", "NATIVITY", "DEYE", "AGEP", "ACS_YEAR", "DIVISION"]}