{"validation": 0.7843812296300984, "id_test": 0.7821613001215066, "ood_test": 0.763683787593366, "ood_validation": 0.7542382928275044, "train": 0.7836626657374322, "id_test_conf": [0.7801177400010243, 0.7841945025887744], "id_test_balanced": 0.7421599626541138, "id_test_balanced_conf": [0.7406852957978844, 0.7436346295103431], "ood_test_conf": [0.7606451233877594, 0.7667022868107904], "ood_test_balanced": 0.7490307092666626, "ood_test_balanced_conf": [0.746879860763438, 0.7511815577698872], "features": ["COW", "ENG", "NWLK", "OCCP", "RELP", "WRK", "AGEP", "ST", "CIT", "RAC1P", "SCHL", "DIVISION"]}