{"validation": 0.8292952802472433, "id_test": 0.8268428549626088, "ood_test": 0.8039199639919801, "ood_validation": 0.8077702080648131, "train": 0.8278777395877384, "id_test_conf": [0.8241796614390866, 0.8294819099917842], "id_test_balanced": 0.5955908298492432, "id_test_balanced_conf": [0.594020581690129, 0.5971610780083574], "ood_test_conf": [0.8003719579250076, 0.8074318393180362], "ood_test_balanced": 0.6214999556541443, "ood_test_balanced_conf": [0.6192464975174516, 0.6237534137908369], "features": ["HUPAC", "WIF", "NWLA", "OCCP", "POBP", "RELP", "DIS", "MIL", "ANC", "DEAR", "SEX", "ST", "MAR", "SCHL", "DIVISION"]}