{"validation": 0.824945629363959, "id_test": 0.8237014803886656, "ood_test": 0.7936904128646834, "ood_validation": 0.8002209537838335, "train": 0.8250272647205644, "id_test_conf": [0.8210195954022037, 0.826359459417909], "id_test_balanced": 0.6445020437240601, "id_test_balanced_conf": [0.6426193641661666, 0.6463847232819535], "ood_test_conf": [0.7900754176608357, 0.7972704959615383], "ood_test_balanced": 0.6698060035705566, "ood_test_balanced_conf": [0.6672041070321575, 0.6724079001089558], "features": ["HUPAC", "WIF", "NWLA", "OCCP", "POBP", "RELP", "DIS", "MIL", "ANC", "DEAR", "SEX", "ST", "MAR", "SCHL", "DIVISION"]}