{"id_test": 0.8399552322327923, "id_test_conf": [0.8373735778885107, 0.8425117771381511], "id_test_balanced": 0.6607820987701416, "id_test_balanced_conf": [0.658931782618165, 0.6626324149221182], "ood_test": 0.8146200744711322, "ood_test_conf": [0.8111461101903552, 0.8180566328504688], "ood_test_balanced": 0.6705905795097351, "ood_test_balanced_conf": [0.6681240734551102, 0.6730570855643601], "validation": 0.8419118114642553, "validation_conf": [0.8393428162084929, 0.8444555520311605], "validation_balanced": 0.6592646241188049, "validation_balanced_conf": [0.6574194000125863, 0.6611098482250236], "features": ["HUPAC", "WIF", "NWLA", "NWLK", "OCCP", "POBP", "RELP", "WKHP", "WRK", "NATIVITY", "DEAR", "PUBCOV", "AGEP", "SEX", "CIT", "RAC1P", "DIVISION"]}