{"id_test": 0.9879248403284672, "id_test_conf": [0.9873395396236112, 0.9884898422665698], "id_test_balanced": 0.5008808374404907, "id_test_balanced_conf": [0.5007706672248605, 0.5009910076561209], "ood_test": 0.9242570795077454, "ood_test_conf": [0.9228296550271942, 0.9256661680009617], "ood_test_balanced": 0.500192403793335, "ood_test_balanced_conf": [0.5001388937922456, 0.5002459137944243], "validation": 0.9886589634107223, "validation_conf": [0.9880910811249181, 0.9892065110282448], "validation_balanced": 0.49998918175697327, "validation_balanced_conf": [0.4999770113240629, 0.5000013521898836], "features": ["Resp", "EtCO2", "HCO3", "pH", "PaCO2", "SaO2", "BUN", "Alkalinephos", "Glucose", "Phosphate", "TroponinI", "PTT", "WBC", "Fibrinogen", "Unit1", "Unit2", "HospAdmTime", "ICULOS"]}