{"validation": 0.760143024396418, "id_test": 0.7594484102875658, "ood_test": 0.7415657809803585, "ood_validation": 0.7374036751630113, "train": 0.760873744089776, "id_test_conf": [0.7573330788235998, 0.7615542185199], "id_test_balanced": 0.6970201730728149, "id_test_balanced_conf": [0.6955375469359569, 0.698502799209673], "ood_test_conf": [0.73843580670667, 0.7446772832943458], "ood_test_balanced": 0.7056906223297119, "ood_test_balanced_conf": [0.703575612665154, 0.7078056319942698], "features": ["HINS2", "HINS3", "NWLK", "OCCP", "RELP", "SEX", "MAR", "RAC1P", "DIVISION"]}