{"validation": 0.7604974211309053, "id_test": 0.7594420818144998, "ood_test": 0.743041192975985, "ood_validation": 0.7364552459988145, "train": 0.7611245108268736, "id_test_conf": [0.7573267315267852, 0.7615479091030435], "id_test_balanced": 0.6989253759384155, "id_test_balanced_conf": [0.6974383466131985, 0.7004124052636326], "ood_test_conf": [0.7399169766980032, 0.7461468243759326], "ood_test_balanced": 0.7084307670593262, "ood_test_balanced_conf": [0.7063097491161898, 0.7105517850024625], "features": ["HINS2", "HINS3", "NWLK", "OCCP", "RELP", "SEX", "MAR", "RAC1P", "DIVISION"]}