{"validation": 0.7392336170616713, "id_test": 0.738102470635885, "ood_test": 0.7026781362384898, "ood_validation": 0.7001778304682869, "train": 0.7384669055147324, "id_test_conf": [0.7359271389685567, 0.7402690630723794], "id_test_balanced": 0.6603179574012756, "id_test_balanced_conf": [0.6588503762613982, 0.6617855385411531], "ood_test_conf": [0.6994123208607862, 0.7059284551302645], "ood_test_balanced": 0.6567485332489014, "ood_test_balanced_conf": [0.6546455965004861, 0.6588514699973166], "features": ["ENG", "HINS2", "HINS3", "HINS4", "NWLK", "POBP", "RELP", "WKW", "SEX", "ST", "MAR", "RAC1P", "ACS_YEAR", "DIVISION"]}