{"id_test": 0.6528192069843579, "id_test_conf": [0.6471573438119497, 0.6584487546724832], "id_test_balanced": 0.5994594097137451, "id_test_balanced_conf": [0.5960144391097129, 0.6029043803177774], "ood_test": 0.5845671348981922, "ood_test_conf": [0.5832288213891041, 0.5859045096637348], "ood_test_balanced": 0.6166669130325317, "ood_test_balanced_conf": [0.6158100587385706, 0.6175237673264928], "validation": 0.6545652964714441, "validation_conf": [0.6489099154635395, 0.6601879925981622], "validation_balanced": 0.6038960218429565, "validation_balanced_conf": [0.6004518580622971, 0.607340185623616], "features": ["VEG_ONCE_PER_DAY", "RFBING5", "SMOKE100", "DIABETES", "POVERTY", "EMPLOY1", "IYEAR", "STATE", "MEDCOST", "PRACE1", "SEX", "STATE", "MEDCOST", "PRACE1", "BMI5CAT"]}