{"id_test": 0.6539105129137869, "id_test_conf": [0.6482526912909954, 0.6595357881799542], "id_test_balanced": 0.599894642829895, "id_test_balanced_conf": [0.5964682309888303, 0.6033210546709598], "ood_test": 0.5846054517169766, "ood_test_conf": [0.5832671558374966, 0.5859428084275651], "ood_test_balanced": 0.6169989109039307, "ood_test_balanced_conf": [0.6161436801822856, 0.6178541416255757], "validation": 0.6545289196071299, "validation_conf": [0.6488734027005311, 0.660151759328374], "validation_balanced": 0.6031392216682434, "validation_balanced_conf": [0.5997136910352856, 0.6065647523012012], "features": ["VEG_ONCE_PER_DAY", "RFBING5", "SMOKE100", "DIABETES", "POVERTY", "EMPLOY1", "IYEAR", "STATE", "MEDCOST", "PRACE1", "SEX", "STATE", "MEDCOST", "PRACE1", "BMI5CAT"]}