{"id_test": 0.6543106584212441, "id_test_conf": [0.6486543268860466, 0.6599343589460218], "id_test_balanced": 0.600426197052002, "id_test_balanced_conf": [0.5969973051873967, 0.6038550889166072], "ood_test": 0.5844502686008997, "ood_test_conf": [0.5831119013728947, 0.5857876983826824], "ood_test_balanced": 0.6169219613075256, "ood_test_balanced_conf": [0.61606708265841, 0.6177768399566412], "validation": 0.6551837031647872, "validation_conf": [0.6495306380011324, 0.6608039526176979], "validation_balanced": 0.6038481593132019, "validation_balanced_conf": [0.6004225896624849, 0.607273728963919], "features": ["VEG_ONCE_PER_DAY", "RFBING5", "SMOKE100", "DIABETES", "POVERTY", "EMPLOY1", "IYEAR", "STATE", "MEDCOST", "PRACE1", "SEX", "STATE", "MEDCOST", "PRACE1", "BMI5CAT"]}