{"validation": 0.41160421971626043, "id_test": 0.40618406693343034, "ood_test": 0.5826685365274233, "ood_validation": 0.5774363749224084, "train": 0.4073127589044958, "id_test_conf": [0.4003704359455281, 0.41201753385734724], "id_test_balanced": 0.5032199621200562, "id_test_balanced_conf": [0.5021096562198363, 0.504330268020276], "ood_test_conf": [0.5813293598847545, 0.5840067955026429], "ood_test_balanced": 0.5021647214889526, "ood_test_balanced_conf": [0.5019069105607923, 0.502422532417113], "features": ["VEG_ONCE_PER_DAY", "RFBING5", "SMOKE100", "DIABETES", "POVERTY", "EMPLOY1", "IYEAR", "STATE", "MEDCOST", "PRACE1", "SEX", "STATE", "MEDCOST", "PRACE1", "BMI5CAT"]}