{"validation": 0.825098248693197, "id_test": 0.8208399043597701, "ood_test": 0.7954089774540694, "ood_validation": 0.7993003130178604, "train": 0.822167251175642, "id_test_conf": [0.8181412641145043, 0.8235148504501068], "id_test_balanced": 0.5845001935958862, "id_test_balanced_conf": [0.5829631813801825, 0.5860372058115899], "ood_test_conf": [0.7918049864199606, 0.7989778516788988], "ood_test_balanced": 0.6145081520080566, "ood_test_balanced_conf": [0.6122251667827368, 0.6167911372333765], "features": ["WIF", "NWLK", "OCCP", "POBP", "RELP", "WRK", "DEYE", "AGEP", "SEX", "ST", "CIT", "SCHL", "DIVISION"]}