{"validation": 0.7796538303325634, "id_test": 0.7800918894289186, "ood_test": 0.7755134302011566, "ood_validation": 0.7704801422643747, "train": 0.7795538883478902, "id_test_conf": [0.7780414301421635, 0.7821320670987455], "id_test_balanced": 0.746652364730835, "id_test_balanced_conf": [0.745171295995824, 0.7481334334658459], "ood_test_conf": [0.772528196498642, 0.7784775931532234], "ood_test_balanced": 0.7675006985664368, "ood_test_balanced_conf": [0.7653849957091734, 0.7696164014237001], "features": ["COW", "ENG", "HINS1", "NWLA", "POBP", "WKHP", "WKW", "SEX", "MAR", "RAC1P", "SCHL", "ACS_YEAR", "DIVISION"]}