{"validation": 0.7872543745846913, "id_test": 0.7875974584852167, "ood_test": 0.7785564674421361, "ood_validation": 0.7761707172495554, "train": 0.787799130306149, "id_test_conf": [0.7855723814324047, 0.7896119781328541], "id_test_balanced": 0.738834798336029, "id_test_balanced_conf": [0.7373786148312501, 0.740290981840808], "ood_test_conf": [0.7755855246731427, 0.7815061064304829], "ood_test_balanced": 0.7604346871376038, "ood_test_balanced_conf": [0.7583346728421748, 0.7625347014330327], "features": ["COW", "ENG", "HINS1", "NWLA", "POBP", "WKHP", "WKW", "SEX", "MAR", "RAC1P", "SCHL", "ACS_YEAR", "DIVISION"]}