{"validation": 0.7926399392462741, "id_test": 0.7927804779262859, "ood_test": 0.7902016835504736, "ood_validation": 0.7848251333728512, "train": 0.7933167895845579, "id_test_conf": [0.7907735188763796, 0.794776689104524], "id_test_balanced": 0.7605469226837158, "id_test_balanced_conf": [0.7590924825426191, 0.7620013628248126], "ood_test_conf": [0.7872875850748817, 0.7930935863361406], "ood_test_balanced": 0.7726644277572632, "ood_test_balanced_conf": [0.770600994550623, 0.7747278609639033], "features": ["HINS1", "HINS3", "NWLK", "OCCP", "RELP", "WKHP", "WRK", "SEX", "CIT", "RAC1P", "SCHL", "ACS_YEAR", "DIVISION"]}