{"validation": 0.8006961364427427, "id_test": 0.8008999088699879, "ood_test": 0.7892663777318175, "ood_validation": 0.7842323651452282, "train": 0.8012717116926122, "id_test_conf": [0.7989223377003238, 0.802866433759531], "id_test_balanced": 0.7496686577796936, "id_test_balanced_conf": [0.7482429045904427, 0.7510944109689445], "ood_test_conf": [0.7863475845660528, 0.7921630468515646], "ood_test_balanced": 0.7624121308326721, "ood_test_balanced_conf": [0.7603761398885399, 0.7644481217768043], "features": ["HINS1", "HINS3", "NWLK", "OCCP", "RELP", "WKHP", "WRK", "SEX", "CIT", "RAC1P", "SCHL", "ACS_YEAR", "DIVISION"]}