{"validation": 0.8008353637312914, "id_test": 0.8004189449169704, "ood_test": 0.7942590665384464, "ood_validation": 0.7895672791938352, "train": 0.8015240605542341, "id_test_conf": [0.7984395979267007, 0.8023872633049182], "id_test_balanced": 0.759274959564209, "id_test_balanced_conf": [0.7578391515440308, 0.7607107675843872], "ood_test_conf": [0.7913656020729071, 0.797130024502129], "ood_test_balanced": 0.7732179164886475, "ood_test_balanced_conf": [0.7711763539910317, 0.7752594789862632], "features": ["HINS1", "HINS3", "NWLK", "OCCP", "RELP", "WKHP", "WRK", "SEX", "CIT", "RAC1P", "SCHL", "ACS_YEAR", "DIVISION"]}