{"id_test": 0.627797965116279, "id_test_conf": [0.6220553984238364, 0.6335135386302904], "id_test_balanced": 0.5692636966705322, "id_test_balanced_conf": [0.5658742072666064, 0.572653186074458], "ood_test": 0.5097427202302581, "ood_test_conf": [0.508386291534406, 0.5110990408979059], "ood_test_balanced": 0.5596553087234497, "ood_test_balanced_conf": [0.5588965454755817, 0.5604140719713178], "validation": 0.6268032995385007, "validation_conf": [0.6210576392926483, 0.6325221757823044], "validation_balanced": 0.5686023235321045, "validation_balanced_conf": [0.5652026557410136, 0.5720019913231954], "features": ["FRUIT_ONCE_PER_DAY", "VEG_ONCE_PER_DAY", "CHCSCNCR", "POVERTY", "EMPLOY1", "IYEAR", "PRACE1", "SEX", "PRACE1", "BMI5CAT"]}