{"validation": 0.62738471601439, "id_test": 0.6244912790697674, "ood_test": 0.526101151290609, "ood_validation": 0.5241384061590396, "train": 0.6232381731053122, "id_test_conf": [0.6187388767414543, 0.6302173868460449], "id_test_balanced": 0.5746910572052002, "id_test_balanced_conf": [0.5710872140433639, 0.5782949003670365], "ood_test_conf": [0.5247462229333923, 0.5274557902354593], "ood_test_balanced": 0.5677142143249512, "ood_test_balanced_conf": [0.5668940804200246, 0.5685343482298777], "features": ["FRUIT_ONCE_PER_DAY", "VEG_ONCE_PER_DAY", "CHCSCNCR", "POVERTY", "EMPLOY1", "IYEAR", "PRACE1", "SEX", "PRACE1", "BMI5CAT"]}