{"id_test": 0.7980598344189688, "id_test_conf": [0.7969452462347641, 0.7991709731918906], "id_test_balanced": 0.5901616811752319, "id_test_balanced_conf": [0.5895416144246701, 0.5907817479257937], "ood_test": 0.5889088457066283, "ood_test_conf": [0.5878415773735044, 0.5899754843003484], "ood_test_balanced": 0.661660373210907, "ood_test_balanced_conf": [0.6610617016546894, 0.6622590447671246], "validation": 0.7994173101615277, "validation_conf": [0.7983055143261165, 0.8005256408584172], "validation_balanced": 0.5912236571311951, "validation_balanced_conf": [0.5906026585749351, 0.591844655687455], "features": ["ESP", "ANC", "DEAR", "PINCP", "ESR", "FER", "SEX", "ST", "MAR", "RAC1P", "DIVISION", "ACS_YEAR", "DIS"]}