{"validation": 0.7844888143530677, "id_test": 0.7826739064398542, "ood_test": 0.7729578058515894, "ood_validation": 0.7670420865441613, "train": 0.783771041267345, "id_test_conf": [0.7806320668555748, 0.7847053695358788], "id_test_balanced": 0.7490111589431763, "id_test_balanced_conf": [0.7475353763159365, 0.7504869415704161], "ood_test_conf": [0.7699607455207904, 0.7759339911260041], "ood_test_balanced": 0.7643459439277649, "ood_test_balanced_conf": [0.7622216555662453, 0.7664702322892845], "features": ["COW", "ENG", "FER", "HINS2", "NWLA", "NWLK", "OCCP", "POBP", "WKW", "AGEP", "CIT", "RAC1P", "SCHL", "DIVISION"]}