{"validation": 0.8734057878104519, "id_test": 0.8740478165774191, "ood_test": 0.8271650866547792, "ood_validation": 0.8293630940927458, "train": 0.8734793233224476, "id_test_conf": [0.8722499382401381, 0.8758293192061705], "id_test_balanced": 0.5172505974769592, "id_test_balanced_conf": [0.5166940175264608, 0.5178071774274576], "ood_test_conf": [0.8256264589377392, 0.8286956012595694], "ood_test_balanced": 0.5152433514595032, "ood_test_balanced_conf": [0.5148334379540757, 0.5156532649649307], "features": ["HIGH_BLOOD_PRESS", "BMI5CAT", "SMOKE100", "MICHD", "FRUIT_ONCE_PER_DAY", "RFBING5", "INCOME", "EDUCA", "HEALTH_COV", "IYEAR", "MEDCOST", "PRACE1", "SEX", "IYEAR", "PRACE1", "PRACE1"]}