{"validation": 0.8629420106090049, "id_test": 0.8634972202006257, "ood_test": 0.5755508919202519, "ood_validation": 0.660377358490566, "train": 0.8628035484678733, "id_test_conf": [0.8621880849850097, 0.8647984468717596], "id_test_balanced": 0.7764668464660645, "id_test_balanced_conf": [0.7755219161405694, 0.7774117767915595], "ood_test_conf": [0.5529972595545705, 0.5978716720234993], "ood_test_balanced": 0.6233705878257751, "ood_test_balanced_conf": [0.6136932133324444, 0.6330479623191059], "features": ["Average_confidence(CONCENTRATING)", "Average_confidence(CONFUSED)", "Average_confidence(FRUSTRATED)", "skill_id", "problem_type", "bottom_hint", "ms_first_response", "position", "type", "first_action", "school_id"]}