{"validation": 0.750283200961934, "id_test": 0.7514682057513163, "ood_test": 0.7297624850153469, "ood_validation": 0.725903971547125, "train": 0.7516009122530007, "id_test_conf": [0.7493296342139822, 0.7535975471770496], "id_test_balanced": 0.6859933137893677, "id_test_balanced_conf": [0.6845058213849552, 0.6874808061937802], "ood_test_conf": [0.7265880868774607, 0.7329193144605028], "ood_test_balanced": 0.7024404406547546, "ood_test_balanced_conf": [0.7002415172522888, 0.7046393640572205], "features": ["ENG", "FER", "HINS1", "NWLA", "SEX", "RAC1P", "SCHL", "DIVISION"]}