{"validation": 0.7953552540813981, "id_test": 0.7993103448275862, "ood_test": 0.7840893033771372, "ood_validation": 0.788045782111064, "train": 0.7905218990688585, "id_test_conf": [0.7870940759839731, 0.8111233724924121], "id_test_balanced": 0.7723817825317383, "id_test_balanced_conf": [0.7636814127303659, 0.7810821523331106], "ood_test_conf": [0.7784924920291038, 0.7896082268813737], "ood_test_balanced": 0.7643786668777466, "ood_test_balanced_conf": [0.7604659354034812, 0.768291398352012], "features": ["VCF0004", "VCF0218", "VCF9010", "VCF9011", "VCF9202", "VCF9206", "VCF0523", "VCF9052", "VCF0809", "VCF0839", "VCF0870", "VCF0838", "VCF0846", "VCF0601", "VCF0606", "VCF0615", "VCF0616", "VCF0617", "VCF0310", "VCF0721", "VCF0701", "VCF0675", "VCF0724", "VCF0725", "VCF0115", "VCF0140a", "VCF0112"]}