{"id_test": 0.87248322147651, "id_test_conf": [0.8291968457241251, 0.9081581659892126], "id_test_balanced": 0.7975936532020569, "id_test_balanced_conf": [0.7677613334357738, 0.82742597296834], "ood_test": 0.7684025887618702, "ood_test_conf": [0.7638170704004099, 0.7729409149603259], "ood_test_balanced": 0.7700964212417603, "ood_test_balanced_conf": [0.7668971621245145, 0.773295680359006], "validation": 0.8523489932885906, "validation_conf": [0.8068981296050279, 0.8906223129483003], "validation_balanced": 0.785102367401123, "validation_balanced_conf": [0.7545356576517225, 0.8156690771505236], "features": ["LIVING_QUARTERS_TYPE", "ORIGIN", "HOUSEHOLD_INC", "RECEIVED_WORK_COMP", "CHILD_SUPPORT_AMT", "INCOME", "UNEMPLOYMENT_COMP_AMOUNT", "VA_BENEFITS_AMOUNT", "SURVIVOR_INCOME_AMOUNT", "DISABILITY_BENEFITS_AMOUNT", "FOOD_ASSISTANCE", "EDUCATION", "GENDER", "AGE", "SNAP_ASSISTANCE", "WIC_ASSISTANCE", "MEDICAID_ASSISTANCE", "DAYS_SICK", "HOSPITAL_NIGHTS", "PRESCRIPTION_MEDS", "VISIT_DENTIST_NUM", "TRANSPORTATION_ASSISTANCE", "HEALTH_MEDICAL_CARE_PAY", "HEALTH_AMBULATORY", "HEALTH_ERRANDS_DIFFICULTY", "HEALTH_SUPPLEMENTAL_DISABILITY", "SOCIAL_SEC_BENEFITS", "CITIZENSHIP_STATUS"]}