{"id_test": 0.8456375838926175, "id_test_conf": [0.7995231772926141, 0.8847174565229574], "id_test_balanced": 0.7665955424308777, "id_test_balanced_conf": [0.7352023991197347, 0.7979886857420206], "ood_test": 0.7436339442327466, "ood_test_conf": [0.7388913876428377, 0.7483336699783074], "ood_test_balanced": 0.7494534254074097, "ood_test_balanced_conf": [0.7462402919400484, 0.752666558874771], "validation": 0.8355704697986577, "validation_conf": [0.7885098367165799, 0.8758098484250081], "validation_balanced": 0.7661882638931274, "validation_balanced_conf": [0.7346977760642767, 0.7976787517219782], "features": ["LIVING_QUARTERS_TYPE", "MARITAL_STATUS", "HOUSEHOLD_INC", "RECEIVED_WORK_COMP", "CHILD_SUPPORT_AMT", "ALIMONY_AMT", "INCOME", "SAVINGS_INV_AMOUNT", "UNEMPLOYMENT_COMP_AMOUNT", "SURVIVOR_INCOME_AMOUNT", "DISABILITY_BENEFITS_AMOUNT", "RACE", "GENDER", "LIVING_OWNERSHIP", "WIC_ASSISTANCE", "MEDICARE_ASSISTANCE", "HEALTHDISAB", "VISIT_DOCTOR_NUM", "HEALTH_OVER_THE_COUNTER_PRODUCTS_PAY", "HEALTH_MEDICAL_CARE_PAY", "HEALTH_HEARING", "HEALTH_ERRANDS_DIFFICULTY", "HEALTH_CORE_DISABILITY", "HEALTH_SUPPLEMENTAL_DISABILITY", "HEALTH_INSURANCE_PREMIUMS", "SOCIAL_SEC_BENEFITS", "CITIZENSHIP_STATUS"]}