{"id_test": 0.6481775545625762, "id_test_conf": [0.6424556774783716, 0.6538676215357464], "id_test_balanced": 0.6153755187988281, "id_test_balanced_conf": [0.6115289655514061, 0.6192220720462501], "ood_test": 0.5518643427948481, "ood_test_conf": [0.5505103812260532, 0.5532177255683869], "ood_test_balanced": 0.5881076455116272, "ood_test_balanced_conf": [0.5872567865473683, 0.588958504475886], "validation": 0.6527198197865505, "validation_conf": [0.6470145234139502, 0.6583923305125599], "validation_balanced": 0.6198104023933411, "validation_balanced_conf": [0.6159695525839924, 0.6236512522026897], "features": ["AGEG5YR", "FRUIT_ONCE_PER_DAY", "VEG_ONCE_PER_DAY", "DRNK_PER_WEEK", "TOTINDA", "SMOKDAY2", "CHCSCNCR", "EMPLOY1", "IYEAR", "MEDCOST", "PRACE1", "SEX", "PRACE1", "SEX", "BMI5CAT"]}