{"validation": 0.8279471428389739, "id_test": 0.8248206745688559, "ood_test": 0.798539220099022, "ood_validation": 0.803903516847726, "train": 0.8252975272567716, "id_test_conf": [0.8221454128160175, 0.8274719475203335], "id_test_balanced": 0.5903707146644592, "id_test_balanced_conf": [0.588823395371437, 0.5919180339574814], "ood_test_conf": [0.7949555292199777, 0.8020874212895834], "ood_test_balanced": 0.6011114716529846, "ood_test_balanced_conf": [0.5989801067020744, 0.6032428366038949], "features": ["WIF", "NWLA", "NWLK", "OCCP", "WKW", "MIL", "ANC", "PUBCOV", "AGEP", "MAR", "CIT", "SCHL", "ACS_YEAR", "DIVISION"]}