{"validation": 0.28187919463087246, "id_test": 0.2550335570469799, "ood_test": 0.5307566684812194, "ood_validation": 0.5274904735982581, "train": 0.2961409395973154, "id_test_conf": [0.2065218173693059, 0.3084892588080364], "id_test_balanced": 0.5, "id_test_balanced_conf": [0.5, 0.5], "ood_test_conf": [0.5253600119734141, 0.5361479208296083], "ood_test_balanced": 0.5021930932998657, "ood_test_balanced_conf": [0.5015109215711709, 0.5028752650285605], "features": ["LIVING_QUARTERS_TYPE", "HOUSEHOLD_INC", "INCOME_FROM_ASSISTANCE", "INCOME", "UNEMPLOYMENT_COMP_AMOUNT", "RETIREMENT_INCOME_AMOUNT", "RACE", "AGE", "LIVING_OWNERSHIP", "WIC_ASSISTANCE", "MEDICAID_ASSISTANCE", "DAYS_SICK", "HOSPITAL_NIGHTS", "VISIT_DENTIST_NUM", "TRANSPORTATION_ASSISTANCE", "HEALTH_SEEING", "HEALTH_CORE_DISABILITY", "HEALTH_SUPPLEMENTAL_DISABILITY", "HEALTH_INSURANCE_PREMIUMS", "CITIZENSHIP_STATUS"]}