{"validation": 0.8153598528397332, "id_test": 0.82, "ood_test": 0.7885167914841505, "ood_validation": 0.798219584569733, "train": 0.8113576273134843, "id_test_conf": [0.8082545977895792, 0.8313140579936853], "id_test_balanced": 0.7781198024749756, "id_test_balanced_conf": [0.7696606181003154, 0.7865789868496358], "ood_test_conf": [0.7829609629454358, 0.7939935149610772], "ood_test_balanced": 0.7655742168426514, "ood_test_balanced_conf": [0.761713813431561, 0.7694346202537418], "features": ["VCF0004", "VCF0218", "VCF0224", "VCF0301", "VCF9205", "VCF9206", "VCF0523", "VCF0428", "VCF0875", "VCF0839", "VCF0822", "VCF0870", "VCF0843", "VCF9045", "VCF9239", "VCF0803", "VCF0606", "VCF0612", "VCF0615", "VCF0310", "VCF0717", "VCF0718", "VCF0701", "VCF0724", "VCF0725", "VCF0726", "VCF0745", "VCF0101", "VCF0104", "VCF0115", "VCF0112"]}