{"validation": 0.818578983674408, "id_test": 0.8234482758620689, "ood_test": 0.7918609580330649, "ood_validation": 0.8020347604917338, "train": 0.8133406138636625, "id_test_conf": [0.8117866058046256, 0.8346739104076936], "id_test_balanced": 0.7702576518058777, "id_test_balanced_conf": [0.7618556432798504, 0.7786596603319049], "ood_test_conf": [0.7863367249807305, 0.797305166480167], "ood_test_balanced": 0.7638100385665894, "ood_test_balanced_conf": [0.7600249485578388, 0.76759512857534], "features": ["VCF0004", "VCF0218", "VCF0224", "VCF0301", "VCF9205", "VCF9206", "VCF0523", "VCF0428", "VCF0875", "VCF0839", "VCF0822", "VCF0870", "VCF0843", "VCF9045", "VCF9239", "VCF0803", "VCF0606", "VCF0612", "VCF0615", "VCF0310", "VCF0717", "VCF0718", "VCF0701", "VCF0724", "VCF0725", "VCF0726", "VCF0745", "VCF0101", "VCF0104", "VCF0115", "VCF0112"]}