{"validation": 0.9240375741842546, "id_test": 0.9253318127593166, "ood_test": 0.4522560335781742, "ood_validation": 0.5518867924528302, "train": 0.924218040014518, "id_test_conf": [0.924327462498459, 0.9263269037604558], "id_test_balanced": 0.878425121307373, "id_test_balanced_conf": [0.8776092773594428, 0.8792409652553033], "ood_test_conf": [0.4297374377405798, 0.4749217635443068], "ood_test_balanced": 0.5139665007591248, "ood_test_balanced_conf": [0.5102676123892889, 0.5176653891289607], "features": ["Average_confidence(BORED)", "attempt_count", "hint_count", "skill_id", "problem_type", "bottom_hint", "ms_first_response", "position", "type", "overlap_time", "first_action", "school_id"]}