{"validation": 0.924423518049016, "id_test": 0.9246498853072558, "ood_test": 0.4666666666666667, "ood_validation": 0.46153846153846156, "train": 0.9243914493540988, "id_test_conf": [0.9226139459174472, 0.9266485449708117], "id_test_balanced": 0.8770835399627686, "id_test_balanced_conf": [0.8754414471029304, 0.8787256328226067], "ood_test_conf": [0.42058439601535785, 0.5131754415314924], "ood_test_balanced": 0.5059760808944702, "ood_test_balanced_conf": [0.5010373840574175, 0.5109147777315229], "features": ["Average_confidence(BORED)", "attempt_count", "hint_count", "skill_id", "problem_type", "bottom_hint", "ms_first_response", "position", "type", "overlap_time", "first_action", "school_id"]}