{"validation": 0.9256319260520847, "id_test": 0.9269674302049024, "ood_test": 0.45120671563483733, "ood_validation": 0.5518867924528302, "train": 0.9257969187714475, "id_test_conf": [0.925973179528793, 0.927952385778266], "id_test_balanced": 0.8803378343582153, "id_test_balanced_conf": [0.8795276689203456, 0.881147999796085], "ood_test_conf": [0.4286942998756706, 0.4738694997049344], "ood_test_balanced": 0.5130353569984436, "ood_test_balanced_conf": [0.5094584700884297, 0.5166122439084575], "features": ["Average_confidence(BORED)", "attempt_count", "hint_count", "skill_id", "problem_type", "bottom_hint", "ms_first_response", "position", "type", "overlap_time", "first_action", "school_id"]}