{"validation": 0.9259808077549275, "id_test": 0.9273313175723836, "ood_test": 0.45120671563483733, "ood_validation": 0.5518867924528302, "train": 0.926195038184763, "id_test_conf": [0.9263393332668526, 0.9283139987995493], "id_test_balanced": 0.881502091884613, "id_test_balanced_conf": [0.8806937156734057, 0.8823104680958204], "ood_test_conf": [0.4286942998756706, 0.4738694997049344], "ood_test_balanced": 0.5130353569984436, "ood_test_balanced_conf": [0.5094584700884297, 0.5166122439084575], "features": ["Average_confidence(BORED)", "attempt_count", "hint_count", "skill_id", "problem_type", "bottom_hint", "ms_first_response", "position", "type", "overlap_time", "first_action", "school_id"]}