{"id_test": 0.9878963275547445, "id_test_conf": [0.9873103614869962, 0.9884619962345316], "id_test_balanced": 0.4999927878379822, "id_test_balanced_conf": [0.4999828507207894, 0.500002724955175], "ood_test": 0.9242347584113332, "ood_test_conf": [0.9228071430940084, 0.9256440387146192], "ood_test_balanced": 0.5000901818275452, "ood_test_balanced_conf": [0.5000512179637008, 0.5001291456913896], "validation": 0.9886660916549644, "validation_conf": [0.9880983813408191, 0.989213466951088], "validation_balanced": 0.5006152987480164, "validation_balanced_conf": [0.5005214437813266, 0.5007091537147061], "features": ["HR", "Resp", "EtCO2", "BaseExcess", "HCO3", "SaO2", "BUN", "Calcium", "Creatinine", "Magnesium", "Phosphate", "Potassium", "Bilirubin_total", "TroponinI", "Hgb", "PTT", "WBC", "Fibrinogen", "Gender", "Unit1", "HospAdmTime", "ICULOS"]}