{"validation": 0.8202017118801429, "id_test": 0.8181945362975022, "ood_test": 0.7872662547567413, "ood_validation": 0.7915669305836862, "train": 0.8182404955025134, "id_test_conf": [0.8154806325377015, 0.8208849416830706], "id_test_balanced": 0.5695542097091675, "id_test_balanced_conf": [0.5681268595298752, 0.5709815598884598], "ood_test_conf": [0.7836109924287806, 0.7908873700801926], "ood_test_balanced": 0.5835620760917664, "ood_test_balanced_conf": [0.5814752440946177, 0.585648908088915], "features": ["ENG", "HUPAC", "OCCP", "POBP", "WKHP", "WKW", "WRK", "DIS", "MIL", "ANC", "NATIVITY", "AGEP", "SEX", "ST", "SCHL", "DIVISION"]}