{"id_test": 0.9362521851999129, "id_test_conf": [0.9353181406993327, 0.9371767309188014], "id_test_balanced": 0.8971776366233826, "id_test_balanced_conf": [0.8964078269002493, 0.8979474463465158], "ood_test": 0.583420776495278, "ood_test_conf": [0.560911827534833, 0.6056726076827481], "ood_test_balanced": 0.6302183866500854, "ood_test_balanced_conf": [0.6203215744532645, 0.6401151988469064], "validation": 0.9350667376934793, "validation_conf": [0.9341247157467369, 0.9359992868861542], "validation_balanced": 0.8959174156188965, "validation_balanced_conf": [0.8951441362244077, 0.8966906950133853], "features": ["Average_confidence(BORED)", "Average_confidence(CONCENTRATING)", "attempt_count", "hint_count", "skill_id", "bottom_hint", "tutor_mode", "position", "overlap_time", "first_action", "school_id"]}