{"validation": 0.8211543820203127, "id_test": 0.8217116831454844, "ood_test": 0.7671683913452493, "ood_validation": 0.7780126849894292, "train": 0.8212756911014384, "id_test_conf": [0.8200604890663128, 0.823353913039973], "id_test_balanced": 0.7242231369018555, "id_test_balanced_conf": [0.7231540819001384, 0.7252921919035725], "ood_test_conf": [0.754166364587908, 0.7798023777791371], "ood_test_balanced": 0.6945631504058838, "ood_test_balanced_conf": [0.6872285952139646, 0.701897705597803], "features": ["Average_confidence(CONCENTRATING)", "Average_confidence(FRUSTRATED)", "hint_count", "bottom_hint", "type", "school_id"]}