{"validation": 0.8452000038434561, "id_test": 0.845603566727201, "ood_test": 0.8047977422389464, "ood_validation": 0.8266384778012685, "train": 0.845249248123913, "id_test_conf": [0.8440440878853439, 0.8471534145568809], "id_test_balanced": 0.7616186141967773, "id_test_balanced_conf": [0.7605435509164817, 0.762693677477073], "ood_test_conf": [0.7925589988792785, 0.8166162744950607], "ood_test_balanced": 0.7440645098686218, "ood_test_balanced_conf": [0.7365404702909291, 0.7515885494463146], "features": ["Average_confidence(CONCENTRATING)", "Average_confidence(FRUSTRATED)", "hint_count", "bottom_hint", "type", "school_id"]}