{"validation": 0.8217279051725235, "id_test": 0.8197207101795798, "ood_test": 0.7912966979008961, "ood_validation": 0.8000368256306389, "train": 0.8193883163915818, "id_test_conf": [0.8170155860486015, 0.8224022229880841], "id_test_balanced": 0.5809324979782104, "id_test_balanced_conf": [0.5794151111249812, 0.5824498848314397], "ood_test_conf": [0.7876665398713837, 0.7948922289264475], "ood_test_balanced": 0.5938634872436523, "ood_test_balanced_conf": [0.5917191971465945, 0.5960077773407102], "features": ["NWLA", "NWLK", "POBP", "DIS", "ANC", "NATIVITY", "DEYE", "AGEP", "SEX", "MAR", "CIT", "SCHL", "ACS_YEAR", "DIVISION"]}