{"validation": 0.821918679334071, "id_test": 0.8201531261128351, "ood_test": 0.7910102704693318, "ood_validation": 0.8037193886945314, "train": 0.8197889408570184, "id_test_conf": [0.8174505025371226, 0.8228321063630033], "id_test_balanced": 0.5721644163131714, "id_test_balanced_conf": [0.5707329915161244, 0.5735958411102183], "ood_test_conf": [0.7873783108061446, 0.7946076372420713], "ood_test_balanced": 0.5765729546546936, "ood_test_balanced_conf": [0.5746141390129924, 0.5785317702963948], "features": ["NWLA", "NWLK", "POBP", "DIS", "ANC", "NATIVITY", "DEYE", "AGEP", "SEX", "MAR", "CIT", "SCHL", "ACS_YEAR", "DIVISION"]}