{"validation": 0.8277945235097358, "id_test": 0.8268810093096607, "ood_test": 0.800605589426736, "ood_validation": 0.8040876450009207, "train": 0.8274278319539345, "id_test_conf": [0.8242180447505759, 0.8295198325498947], "id_test_balanced": 0.63068687915802, "id_test_balanced_conf": [0.6288897822028957, 0.6324839761131443], "ood_test_conf": [0.7970354833401834, 0.8041399596549479], "ood_test_balanced": 0.6566300392150879, "ood_test_balanced_conf": [0.6541270177857951, 0.6591330606443807], "features": ["ENG", "HUPAC", "POBP", "RELP", "WKW", "DIS", "ANC", "DREM", "AGEP", "ST", "MAR", "RAC1P", "SCHL", "DIVISION"]}