{"validation": 0.8161485384518881, "id_test": 0.8129277986310444, "ood_test": 0.7598415449368655, "ood_validation": 0.7728285077951003, "train": 0.8155275373227951, "id_test_conf": [0.8112085555452133, 0.8146379341230569], "id_test_balanced": 0.7116476893424988, "id_test_balanced_conf": [0.710562906533014, 0.7127324721519835], "ood_test_conf": [0.7463584419748246, 0.7729477624195491], "ood_test_balanced": 0.686489999294281, "ood_test_balanced_conf": [0.6790328539535403, 0.6939471446350217], "features": ["Average_confidence(BORED)", "attempt_count", "hint_count", "problem_type", "first_action", "school_id"]}