{"id_test": 0.7541767922235723, "id_test_conf": [0.7520459980379919, 0.7562982568116456], "id_test_balanced": 0.6859318017959595, "id_test_balanced_conf": [0.6844560481468216, 0.6874075554450974], "ood_test": 0.7379035976340714, "ood_test_conf": [0.734759530050649, 0.7410294735273895], "ood_test_balanced": 0.7083041667938232, "ood_test_balanced_conf": [0.7061372436583042, 0.7104710899293423], "validation": 0.7512704490080055, "validation_conf": [0.7491313072483552, 0.753400367861089], "validation_balanced": 0.6830583810806274, "validation_balanced_conf": [0.6815826980513521, 0.6845340641099028], "features": ["ENG", "HINS1", "HINS2", "HINS3", "NWLK", "RELP", "MAR", "RAC1P", "SCHL", "DIVISION"]}