{"validation": 0.7886870544952863, "id_test": 0.7816091954022989, "ood_test": 0.7291225095379398, "ood_validation": 0.7291225095379398, "train": 0.781038050350615, "id_test_conf": [0.769029614021862, 0.7938095284424657], "id_test_balanced": 0.6799855828285217, "id_test_balanced_conf": [0.6717064971290528, 0.6882646685279906], "ood_test_conf": [0.7230899458029727, 0.7350922815409533], "ood_test_balanced": 0.6787437200546265, "ood_test_balanced_conf": [0.6750976352626458, 0.6823898048466072], "features": ["VCF0218", "VCF0224", "VCF9008", "VCF9010", "VCF9203", "VCF9205", "VCF9206", "VCF0521", "VCF0429", "VCF0875", "VCF0839", "VCF0838", "VCF0846", "VCF0601", "VCF0606", "VCF0616", "VCF0743", "VCF0720", "VCF0721", "VCF0701", "VCF0724", "VCF0104", "VCF0105a", "VCF0115", "VCF0112"]}