{"id_test": 0.8052873563218391, "id_test_conf": [0.7932017675470998, 0.8169615925192742], "id_test_balanced": 0.7201322317123413, "id_test_balanced_conf": [0.7117863412201405, 0.7284781222045421], "ood_test": 0.7514012528849324, "ood_test_conf": [0.7455298811488263, 0.7572037172496864], "ood_test_balanced": 0.710474967956543, "ood_test_balanced_conf": [0.7066849432280287, 0.7142649926850573], "validation": 0.8075419636698091, "validation_conf": [0.7955053495693265, 0.8191640681550301], "validation_balanced": 0.7252435088157654, "validation_balanced_conf": [0.7169086281768977, 0.733578389454633], "features": ["VCF0218", "VCF0224", "VCF9008", "VCF9010", "VCF9203", "VCF9205", "VCF9206", "VCF0521", "VCF0429", "VCF0875", "VCF0839", "VCF0838", "VCF0846", "VCF0601", "VCF0606", "VCF0616", "VCF0743", "VCF0720", "VCF0721", "VCF0701", "VCF0724", "VCF0104", "VCF0105a", "VCF0115", "VCF0112"]}