{"validation": 0.8724554827323534, "id_test": 0.8727882947431933, "ood_test": 0.8257197713151943, "ood_validation": 0.8264383298056571, "train": 0.8722263913295975, "id_test_conf": [0.8709828305159751, 0.8745774385965646], "id_test_balanced": 0.5063462257385254, "id_test_balanced_conf": [0.5059825342736439, 0.5067099172034069], "ood_test_conf": [0.8241761125126973, 0.8272553528956422], "ood_test_balanced": 0.5051949620246887, "ood_test_balanced_conf": [0.5049412105692318, 0.5054487134801456], "features": ["CHOL_CHK_PAST_5_YEARS", "SMOKDAY2", "MICHD", "FRUIT_ONCE_PER_DAY", "VEG_ONCE_PER_DAY", "DRNK_PER_WEEK", "INCOME", "MEDCOST", "SEX", "STATE", "MEDCOST", "PRACE1", "IYEAR"]}