{"validation": 0.7484036325665285, "id_test": 0.7465003543944917, "ood_test": 0.7483105215317938, "ood_validation": 0.7377593360995851, "train": 0.7491850081044329, "id_test_conf": [0.7443478086495718, 0.7486438524887478], "id_test_balanced": 0.7149702310562134, "id_test_balanced_conf": [0.713426505960524, 0.7165139561519027], "ood_test_conf": [0.7452072501581648, 0.7513948047283678], "ood_test_balanced": 0.7404873967170715, "ood_test_balanced_conf": [0.7382907523168251, 0.742684041117318], "features": ["COW", "ENG", "HINS2", "HINS4", "NWLK", "OCCP", "POBP", "WKW", "DIVISION"]}