{"id_test": 0.9879034557481752, "id_test_conf": [0.9873176559448364, 0.9884689578189207], "id_test_balanced": 0.5002875924110413, "id_test_balanced_conf": [0.5002233049768257, 0.5003518798452569], "ood_test": 0.9242273180458624, "ood_test_conf": [0.9227996391242655, 0.9256366622778522], "ood_test_balanced": 0.5000410676002502, "ood_test_balanced_conf": [0.5000124903680262, 0.5000696448324743], "validation": 0.9886589634107223, "validation_conf": [0.9880910811249181, 0.9892065110282448], "validation_balanced": 0.49998918175697327, "validation_balanced_conf": [0.4999770113240629, 0.5000013521898836], "features": ["HR", "O2Sat", "MAP", "Resp", "EtCO2", "BaseExcess", "HCO3", "PaCO2", "Alkalinephos", "Chloride", "Bilirubin_direct", "Lactate", "Phosphate", "Potassium", "Bilirubin_total", "Hct", "PTT", "WBC", "Fibrinogen", "Platelets", "Gender", "Unit1", "Unit2", "set", "ICULOS"]}