{"id_test": 0.8754597245258527, "id_test_conf": [0.8736150625890022, 0.8772869216058924], "id_test_balanced": 0.5341816544532776, "id_test_balanced_conf": [0.533393320934847, 0.5349699879717081], "ood_test": 0.8260391304948153, "ood_test_conf": [0.8244385455925992, 0.8276310124511913], "ood_test_balanced": 0.5377659797668457, "ood_test_balanced_conf": [0.5371080097160302, 0.5384239498176612], "validation": 0.874554297572975, "validation_conf": [0.8727039607841802, 0.87638721177766], "validation_balanced": 0.5340505242347717, "validation_balanced_conf": [0.5332644851773511, 0.5348365632921923], "features": ["HIGH_BLOOD_PRESS", "TOLDHI", "BMI5", "CVDSTRK3", "MARITAL", "EDUCA", "HEALTH_COV", "IYEAR", "STATE", "MEDCOST", "PRACE1", "SEX", "IYEAR", "STATE", "MEDCOST", "PRACE1", "SEX", "PRACE1"]}