{"id_test": 0.7845010615711253, "id_test_conf": [0.756844231144959, 0.810366022698259], "id_test_balanced": 0.7742758989334106, "id_test_balanced_conf": [0.7555722326785326, 0.7929795651882887], "ood_test": 0.7216299300150435, "ood_test_conf": [0.7144511190995451, 0.7287243255318774], "ood_test_balanced": 0.7250325679779053, "ood_test_balanced_conf": [0.720040642702952, 0.7300244932528586], "validation": 0.7523910733262487, "validation_conf": [0.7235178909672417, 0.7796748392392109], "validation_balanced": 0.746091365814209, "validation_balanced_conf": [0.7264924596622586, 0.7656902719661594], "features": ["CMJHLD31", "MCRPHO31", "HASFSA31", "PFSAMT31", "MCAID31", "GOVAAT31", "GOVBAT31", "VAPROG31", "BSNTY31", "IHSAT31", "RETPLN31", "SICPAY31", "VACMPY31", "MORJOB31", "HRHOW31", "TEMPJB31", "SSNLJB31", "CHOIC31", "INDCAT31", "NWK31", "STJBMM31", "STJBYY31", "PAYVAC31", "PRIDK31", "PRING31", "MCAID31X", "MCARE31X", "PUBAT31X", "INSAT31X", "RACEAX", "RACETHX", "HISPANX", "HISPNCAT", "EDUCYR", "BORNUSA", "WHTLGSPK", "TRICR31X", "TRILI31X", "PRIOG31", "PRIV31", "PRIVAT31", "DENTIN31", "DNTINS31", "PMEDUP31", "PMEDPY31", "MARRY31X", "FTSTU31X", "HRWG31X", "TRIPR31X", "TRIEX31X", "VACMPM31", "ASMRCN31", "ASPREV31", "ADLHLP31", "WLKDIF31", "STNDIF31", "BENDIF31", "RCHDIF31", "FNGRDF31", "ACTLIM31", "SCHLIM31", "ASACUT31", "SOCLIM31", "ASSTIL31", "RUCLAS31", "FMRS1231", "FAMS1231", "REGION31", "PROXY31", "BEGRFY31", "ENDRFY31", "INSC1231", "ACTDTY31", "MNHLTH31", "CHBRON31", "ASATAK31", "VAWAIT31", "VALOCT31", "VANEED31", "VAOUT31", "VAPAST31", "VACOMP31", "VAGTRC31", "VACARC31", "VAPCPR31", "VAPROV31", "VAPCOT31", "VAPCRF31", "VAPCSO31", "VAPCOU31", "VAPCUN31", "VAPACT31", "VACTDY31", "VAMOBL31", "VADERM31", "VAGERD31", "VAJTPN31", "VARTHR31", "VANECK31", "VAFIBR31", "VATMD31", "VAPTSD31", "VABIPL31", "VAPROS31", "VARHAB31", "VAMNHC31", "VARXMD31", "VACRGV31", "VALCOH31", "AGE31X", "INSCOV19"]}