{"id_test": 0.6175872093023256, "id_test_conf": [0.6118151860183314, 0.6233343966525864], "id_test_balanced": 0.5447267293930054, "id_test_balanced_conf": [0.5417953255958855, 0.5476581331901252], "ood_test": 0.4884373373342723, "ood_test_conf": [0.487081131911711, 0.48979367096475507], "ood_test_balanced": 0.5438836812973022, "ood_test_balanced_conf": [0.5431734296737705, 0.544593932920834], "validation": 0.6208801191903776, "validation_conf": [0.615117195118082, 0.6266175107169377], "validation_balanced": 0.5480285882949829, "validation_balanced_conf": [0.5451008304907009, 0.5509563460992649], "features": ["FRUIT_ONCE_PER_DAY", "DRNK_PER_WEEK", "RFBING5", "SMOKE100", "SMOKDAY2", "CHCOCNCR", "PRACE1", "STATE", "BMI5CAT", "IYEAR"]}