{"validation": 0.6086340346669574, "id_test": 0.6054869186046512, "ood_test": 0.44602368412994886, "ood_validation": 0.4454453075213999, "train": 0.6042106697553996, "id_test_conf": [0.59968345838697, 0.6112680991520243], "id_test_balanced": 0.5170896053314209, "id_test_balanced_conf": [0.5149451582506299, 0.5192340524122119], "ood_test_conf": [0.44467527380400457, 0.44737269295360144], "ood_test_balanced": 0.5167340040206909, "ood_test_balanced_conf": [0.5162287279742305, 0.5172392800671514], "features": ["FRUIT_ONCE_PER_DAY", "DRNK_PER_WEEK", "RFBING5", "SMOKE100", "SMOKDAY2", "CHCOCNCR", "PRACE1", "STATE", "BMI5CAT", "IYEAR"]}