{"id_test": 0.6472171698799564, "id_test_conf": [0.6415350719737873, 0.6528681374094332], "id_test_balanced": 0.5884155035018921, "id_test_balanced_conf": [0.5851048498228192, 0.591726157180965], "ood_test": 0.5806262500862128, "ood_test_conf": [0.5792861677470542, 0.581965437429041], "ood_test_balanced": 0.614890992641449, "ood_test_balanced_conf": [0.6140443573496305, 0.6157376279332675], "validation": 0.6506365951255002, "validation_conf": [0.6449667466262707, 0.6562745898779777], "validation_balanced": 0.594339907169342, "validation_balanced_conf": [0.5910448943637312, 0.5976349199749529], "features": ["FRUIT_ONCE_PER_DAY", "SMOKE100", "CHCOCNCR", "DIABETES", "EMPLOY1", "STATE", "PRACE1", "IYEAR", "STATE", "PRACE1", "BMI5CAT"]}