{"validation": 0.7671170458500776, "id_test": 0.7691816018631025, "ood_test": 0.7518277983427961, "ood_validation": 0.749021932424422, "train": 0.768394373015917, "id_test_conf": [0.7670959801546906, 0.7712573427941707], "id_test_balanced": 0.7269946336746216, "id_test_balanced_conf": [0.7254965932411142, 0.728492674108129], "ood_test_conf": [0.7487388431307174, 0.7548974961583534], "ood_test_balanced": 0.7345726490020752, "ood_test_balanced_conf": [0.7323925985582173, 0.7367526994459331], "features": ["ENG", "FER", "HINS1", "HINS3", "POBP", "AGEP", "SEX", "MAR", "RAC1P", "SCHL", "ACS_YEAR", "DIVISION"]}