{"validation": 0.7624023035787741, "id_test": 0.7635429323612799, "ood_test": 0.747533295569812, "ood_validation": 0.7417901600474215, "train": 0.7636116105790338, "id_test_conf": [0.7614399131685146, 0.7656362779166027], "id_test_balanced": 0.7393766045570374, "id_test_balanced_conf": [0.7378642836236395, 0.7408889254904352], "ood_test_conf": [0.7444268971414483, 0.7506207653096596], "ood_test_balanced": 0.7504562735557556, "ood_test_balanced_conf": [0.7482806353131309, 0.7526319117983803], "features": ["ENG", "FER", "HINS1", "HINS3", "POBP", "AGEP", "SEX", "MAR", "RAC1P", "SCHL", "ACS_YEAR", "DIVISION"]}