{"validation": 0.8742283359629908, "id_test": 0.874489709948454, "ood_test": 0.830469809781779, "ood_validation": 0.8292376540786685, "train": 0.8744690037999079, "id_test_conf": [0.8726805318526409, 0.8762822380287546], "id_test_balanced": 0.5310593843460083, "id_test_balanced_conf": [0.5303157956409268, 0.5318029730510898], "ood_test_conf": [0.8289275410508046, 0.8320037188914403], "ood_test_balanced": 0.52625572681427, "ood_test_balanced_conf": [0.5257312182639725, 0.5267802353645675], "features": ["CHOL_CHK_PAST_5_YEARS", "TOLDHI", "BMI5CAT", "SMOKE100", "SMOKDAY2", "CVDSTRK3", "MICHD", "VEG_ONCE_PER_DAY", "DRNK_PER_WEEK", "RFBING5", "TOTINDA", "MENTHLTH", "IYEAR", "STATE", "MEDCOST", "MEDCOST", "PRACE1", "PRACE1"]}