{"validation": 0.8763275401833455, "id_test": 0.8747357164431311, "ood_test": 0.8260695306937509, "ood_validation": 0.8323360916613622, "train": 0.8757774179164026, "id_test_conf": [0.872869100037243, 0.8765845737616597], "id_test_balanced": 0.5101544857025146, "id_test_balanced_conf": [0.5097267842345172, 0.5105821871705121], "ood_test_conf": [0.8244494934317383, 0.8276806508288392], "ood_test_balanced": 0.5068523287773132, "ood_test_balanced_conf": [0.5065766536764568, 0.5071280038781697], "features": ["PHYSHLTH", "CHOL_CHK_PAST_5_YEARS", "TOLDHI", "BMI5", "VEG_ONCE_PER_DAY", "DRNK_PER_WEEK", "RFBING5", "INCOME", "MARITAL", "HEALTH_COV", "IYEAR", "MEDCOST", "SEX", "STATE", "MEDCOST", "PRACE1", "SEX", "PRACE1"]}