{"validation": 0.7956459829762997, "id_test": 0.7971154819765087, "ood_test": 0.7889106980543005, "ood_validation": 0.7879075281564908, "train": 0.7970624693957787, "id_test_conf": [0.7951240579403708, 0.7990959988246423], "id_test_balanced": 0.7520917654037476, "id_test_balanced_conf": [0.7506514350883663, 0.7535320957191288], "ood_test_conf": [0.7859901256087828, 0.7918091736982527], "ood_test_balanced": 0.7647310495376587, "ood_test_balanced_conf": [0.762682326938957, 0.7667797721363604], "features": ["COW", "ENG", "HINS1", "HINS2", "HINS4", "NWLA", "NWLK", "RELP", "WKHP", "WKW", "WRK", "AGEP", "MAR", "RAC1P", "SCHL", "ACS_YEAR", "DIVISION"]}