{"validation": 0.8237119564526181, "id_test": 0.8207254413186142, "ood_test": 0.7981095789516756, "ood_validation": 0.8002209537838335, "train": 0.8216664705938462, "id_test_conf": [0.8180261361719108, 0.8234010607820398], "id_test_balanced": 0.5515967607498169, "id_test_balanced_conf": [0.5504083221289329, 0.5527851993707009], "ood_test_conf": [0.7945230819829285, 0.8016606374136666], "ood_test_balanced": 0.5709324479103088, "ood_test_balanced_conf": [0.5691533268475905, 0.5727115689730272], "features": ["ENG", "FER", "HUPAC", "WIF", "NWLA", "NWLK", "OCCP", "POBP", "RELP", "DIS", "MIL", "ANC", "DEAR", "DEYE", "SEX", "CIT", "DIVISION"]}