{"id_test": 0.6226017441860465, "id_test_conf": [0.6168438492659702, 0.6283337437617703], "id_test_balanced": 0.5561296343803406, "id_test_balanced_conf": [0.5529714164696634, 0.5592878522910177], "ood_test": 0.4972002357696194, "ood_test_conf": [0.49584364047661067, 0.4985568621066709], "ood_test_balanced": 0.5505235195159912, "ood_test_balanced_conf": [0.5497936178301461, 0.5512534212018363], "validation": 0.6255314509974926, "validation_conf": [0.6197820068772056, 0.6312543798377761], "validation_balanced": 0.5590357780456543, "validation_balanced_conf": [0.5558823422063142, 0.5621892138849944], "features": ["DRNK_PER_WEEK", "RFBING5", "SMOKE100", "CHCOCNCR", "POVERTY", "STATE", "PRACE1", "STATE", "MEDCOST", "PRACE1", "SEX", "BMI5CAT", "IYEAR"]}