{"validation": 0.8022592791823561, "id_test": 0.8024503847711624, "ood_test": 0.7954051454993347, "ood_validation": 0.7871962062833432, "train": 0.8025239632535758, "id_test_conf": [0.8004785688330832, 0.804411097440385], "id_test_balanced": 0.7674940824508667, "id_test_balanced_conf": [0.7660610830248333, 0.7689270818769001], "ood_test_conf": [0.7925175893266183, 0.7982701073702888], "ood_test_balanced": 0.7760435342788696, "ood_test_balanced_conf": [0.7740014917030931, 0.7780855768546462], "features": ["ENG", "HINS1", "HINS2", "HINS3", "HINS4", "NWLA", "OCCP", "WKHP", "WKW", "SEX", "ST", "MAR", "SCHL", "DIVISION"]}