{"validation": 0.8165134114235568, "id_test": 0.81317088060233, "ood_test": 0.7857931993944106, "ood_validation": 0.7937764684220218, "train": 0.8143979981494965, "id_test_conf": [0.8104285746099549, 0.815890059968309], "id_test_balanced": 0.5193895101547241, "id_test_balanced_conf": [0.5186271525383926, 0.5201518677710556], "ood_test_conf": [0.7821288935343282, 0.7894235336673617], "ood_test_balanced": 0.5280563235282898, "ood_test_balanced_conf": [0.5268411061749794, 0.5292715408816002], "features": ["FER", "NWLA", "OCCP", "DIS", "ANC", "DEAR", "MAR", "CIT", "RAC1P", "SCHL", "DIVISION"]}