{"validation": 0.833123481755631, "id_test": 0.8317266113852572, "ood_test": 0.807745816113589, "ood_validation": 0.8062971828392561, "train": 0.8310223236854907, "id_test_conf": [0.8290931112983216, 0.8343356114072641], "id_test_balanced": 0.6479342579841614, "id_test_balanced_conf": [0.6460867207637057, 0.6497817952046171], "ood_test_conf": [0.8042238047102016, 0.8112312408976469], "ood_test_balanced": 0.652619481086731, "ood_test_balanced_conf": [0.6501912535075098, 0.6550477086659521], "features": ["ENG", "FER", "HUPAC", "NWLK", "RELP", "WKW", "MIL", "NATIVITY", "DREM", "PUBCOV", "AGEP", "SCHL", "DIVISION"]}