{"validation": 0.9148020879783858, "id_test": 0.9162892366879426, "ood_test": 0.8838934962898297, "ood_validation": 0.9019607843137255, "train": 0.9153299845237783, "id_test_conf": [0.9146692002404742, 0.9178881276890111], "id_test_balanced": 0.8707377910614014, "id_test_balanced_conf": [0.8694672810938209, 0.8720083010289819], "ood_test_conf": [0.8700639599844955, 0.8967324702966151], "ood_test_balanced": 0.8488636016845703, "ood_test_balanced_conf": [0.8394608309864998, 0.8582663723826408], "features": ["Average_confidence(BORED)", "Average_confidence(CONCENTRATING)", "Average_confidence(CONFUSED)", "attempt_count", "problem_type", "ms_first_response", "tutor_mode", "type", "overlap_time", "first_action", "school_id"]}