{"validation": 0.9147846007222237, "id_test": 0.9163504415493573, "ood_test": 0.8843299869052815, "ood_validation": 0.9019607843137255, "train": 0.9153627731290822, "id_test_conf": [0.9147309368146603, 0.9179487977035056], "id_test_balanced": 0.8708256483078003, "id_test_balanced_conf": [0.8695554420398548, 0.8720958545757458], "ood_test_conf": [0.8705212864832474, 0.8971469643694776], "ood_test_balanced": 0.8494318127632141, "ood_test_balanced_conf": [0.8400390926748514, 0.8588245328515768], "features": ["Average_confidence(BORED)", "Average_confidence(CONCENTRATING)", "Average_confidence(CONFUSED)", "attempt_count", "problem_type", "ms_first_response", "tutor_mode", "type", "overlap_time", "first_action", "school_id"]}