{"validation": 0.7664841945384931, "id_test": 0.7670868772782503, "ood_test": 0.749654200313525, "ood_validation": 0.750207468879668, "train": 0.7676412817423621, "id_test_conf": [0.7649947320774779, 0.7691692186543478], "id_test_balanced": 0.7012956142425537, "id_test_balanced_conf": [0.6998338813171722, 0.7027573471679353], "ood_test_conf": [0.7465563660586074, 0.7527329435451809], "ood_test_balanced": 0.718977689743042, "ood_test_balanced_conf": [0.7168467955151573, 0.7211085839709267], "features": ["COW", "HINS1", "HINS3", "NWLA", "NWLK", "RELP", "WKW", "CIT", "RAC1P", "SCHL", "DIVISION"]}