{"validation": 0.8280772492359878, "id_test": 0.8266732267716284, "ood_test": 0.7664576802507836, "ood_validation": 0.7535211267605634, "train": 0.8270525598935182, "id_test_conf": [0.8251836219576364, 0.8281552540479589], "id_test_balanced": 0.7320668697357178, "id_test_balanced_conf": [0.7310881689121015, 0.7330455705593341], "ood_test_conf": [0.7546022086677922, 0.7780076702706153], "ood_test_balanced": 0.6955488324165344, "ood_test_balanced_conf": [0.6888493763655424, 0.7022482884675264], "features": ["Average_confidence(FRUSTRATED)", "hint_count", "problem_type", "ms_first_response", "tutor_mode", "position", "type", "first_action", "school_id"]}