{"id_test": 0.6454078806455187, "id_test_conf": [0.6396761705302281, 0.651108375468554], "id_test_balanced": 0.6101285815238953, "id_test_balanced_conf": [0.6063118433207273, 0.6139453197270632], "ood_test": 0.5339383772060764, "ood_test_conf": [0.5325803157388869, 0.535296059929157], "ood_test_balanced": 0.5755818486213684, "ood_test_balanced_conf": [0.5747594117559492, 0.5764042854867876], "validation": 0.6495439270283245, "validation_conf": [0.6438269780886733, 0.6552287724074963], "validation_balanced": 0.6138744950294495, "validation_balanced_conf": [0.6100656301993876, 0.6176833598595113], "features": ["AGEG5YR", "FRUIT_ONCE_PER_DAY", "VEG_ONCE_PER_DAY", "SMOKE100", "SMOKDAY2", "CHCOCNCR", "POVERTY", "IYEAR", "STATE", "PRACE1", "SEX", "STATE", "PRACE1", "SEX", "BMI5CAT"]}