{"id_test": 0.6443000110786957, "id_test_conf": [0.6385644262227093, 0.6500046185658179], "id_test_balanced": 0.6091268658638, "id_test_balanced_conf": [0.6053062735730782, 0.6129474581545219], "ood_test": 0.5338420735336321, "ood_test_conf": [0.5324839948075071, 0.53519977459037], "ood_test_balanced": 0.5754148364067078, "ood_test_balanced_conf": [0.5745918739424087, 0.5762377988710068], "validation": 0.6491377081871561, "validation_conf": [0.6434192887837566, 0.6548241112721886], "validation_balanced": 0.6137786507606506, "validation_balanced_conf": [0.6099643407855183, 0.617592960735783], "features": ["AGEG5YR", "FRUIT_ONCE_PER_DAY", "VEG_ONCE_PER_DAY", "SMOKE100", "SMOKDAY2", "CHCOCNCR", "POVERTY", "IYEAR", "STATE", "PRACE1", "SEX", "STATE", "PRACE1", "SEX", "BMI5CAT"]}