{"validation": 0.6229919864101333, "id_test": 0.6181173603161121, "ood_test": 0.5414558418770742, "ood_validation": 0.5414990985993621, "train": 0.6197848866731293, "id_test_conf": [0.6122997541803028, 0.6239096113860803], "id_test_balanced": 0.6024080514907837, "id_test_balanced_conf": [0.5983420632779598, 0.6064740397036076], "ood_test_conf": [0.5400992845792341, 0.5428119365372144], "ood_test_balanced": 0.5709984302520752, "ood_test_balanced_conf": [0.5701085843890905, 0.5718882761150599], "features": ["AGEG5YR", "FRUIT_ONCE_PER_DAY", "VEG_ONCE_PER_DAY", "SMOKE100", "SMOKDAY2", "CHCOCNCR", "POVERTY", "IYEAR", "STATE", "PRACE1", "SEX", "STATE", "PRACE1", "SEX", "BMI5CAT"]}