{"id_test": 0.6560954320628455, "id_test_conf": [0.6504464205793405, 0.6617114421675425], "id_test_balanced": 0.6194966435432434, "id_test_balanced_conf": [0.6157363145239652, 0.6232569725625217], "ood_test": 0.5933376131036945, "ood_test_conf": [0.5920093281713001, 0.5946648708782949], "ood_test_balanced": 0.6209489703178406, "ood_test_balanced_conf": [0.6200772614951711, 0.6218206791405101], "validation": 0.661283869794508, "validation_conf": [0.6556547300082489, 0.6668789094966556], "validation_balanced": 0.6251822710037231, "validation_balanced_conf": [0.6214228537678719, 0.6289416882395744], "features": ["AGEG5YR", "FRUIT_ONCE_PER_DAY", "SMOKDAY2", "CHCOCNCR", "DIABETES", "STATE", "MEDCOST", "SEX", "IYEAR", "STATE", "SEX", "BMI5CAT"]}