{"validation": 0.7886870544952863, "id_test": 0.7866666666666666, "ood_test": 0.7178653855211719, "ood_validation": 0.7185247986434931, "train": 0.7792274974134958, "id_test_conf": [0.7741873917538369, 0.7987598422912021], "id_test_balanced": 0.6725946068763733, "id_test_balanced_conf": [0.6646868379041553, 0.6805023758485913], "ood_test_conf": [0.7117587047933871, 0.7239123634317819], "ood_test_balanced": 0.6649198532104492, "ood_test_balanced_conf": [0.6613071678485721, 0.6685325385723263], "features": ["VCF0004", "VCF0218", "VCF0224", "VCF0302", "VCF9008", "VCF9201", "VCF9202", "VCF9204", "VCF9205", "VCF0521", "VCF0428", "VCF0429", "VCF9052", "VCF0809", "VCF0822", "VCF0870", "VCF0843", "VCF0838", "VCF9239", "VCF0803", "VCF0846", "VCF0606", "VCF0612", "VCF0617", "VCF0743", "VCF0717", "VCF0718", "VCF0720", "VCF0675", "VCF0724", "VCF0104", "VCF0112"]}