{"validation": 0.7236981934112646, "id_test": 0.7473460721868365, "ood_test": 0.6542612335666165, "ood_validation": 0.6533254855797528, "train": 0.729650776789271, "id_test_conf": [0.7183195519625751, 0.7748168712357579], "id_test_balanced": 0.7451773881912231, "id_test_balanced_conf": [0.7255076203122734, 0.7648471560701728], "ood_test_conf": [0.6466608285194442, 0.6618029033660777], "ood_test_balanced": 0.6589795351028442, "ood_test_balanced_conf": [0.6536890797037631, 0.6642699905019254], "features": ["FCSZ1231", "MCRPD31", "MCRPHO31", "MCDHMO31", "FSAGT31", "GOVTA31", "GOVAAT31", "VAPROG31", "VAPRAT31", "BSNTY31", "SICPAY31", "VACMPY31", "EMPST31", "HRWGIM31", "TEMPJB31", "CHOIC31", "NUMEMP31", "UNION31", "STJBMM31", "STJBYY31", "YRSINUS", "PRING31", "MCAID31X", "MCARE31X", "MCDAT31X", "PUB31X", "PUBAT31X", "INS31X", "RACEV1X", "RACEV2X", "RACEAX", "RACEWX", "EDUCYR", "HIDEG", "BORNUSA", "MCRPD31X", "TRILI31X", "PRIOG31", "PRINEO31", "PRIEUO31", "PRSTX31", "PRIV31", "PRIVAT31", "PMDINS31", "MARRY31X", "OFFER31X", "TRICH31X", "VACMPM31", "VASPMH31", "ASMRCN31", "ASPREV31", "ASDALY31", "ASEVFL31", "ASWNFL31", "IADLHP31", "AIDHLP31", "RCHDIF31", "ACTLIM31", "SCHLIM31", "ASACUT31", "FCRP1231", "RUSIZE31", "RUCLAS31", "RESP31", "ENDRFY31", "INSCOP31", "PSTATS31", "SPOUIN31", "ACTDTY31", "RTHLTH31", "MNHLTH31", "CHBRON31", "VALOCT31", "VANTWK31", "VANEED31", "VAOUT31", "VAPAST31", "VACOMP31", "VAMREC31", "VAPROB31", "VAREP31", "VACARE31", "VAPCPR31", "VAPROV31", "VAPCRC31", "VAPCSN31", "VAPCRF31", "VAPCOU31", "VAPCUN31", "VARECM31", "VAMOBL31", "VACOPD31", "VADERM31", "VAGERD31", "VAJTPN31", "VAGOUT31", "VANECK31", "VAFIBR31", "VADEPR31", "VARHAB31", "VALCOH31", "AGE31X", "INSCOV19"]}