{"validation": 0.6026381772593481, "id_test": 0.6013081395348837, "ood_test": 0.4232389999693806, "ood_validation": 0.42298616971805514, "train": 0.5980195771161227, "id_test_conf": [0.5954946862785874, 0.6071001958719707], "id_test_balanced": 0.5035471320152283, "id_test_balanced_conf": [0.5022219585091807, 0.5048723055212758], "ood_test_conf": [0.4218988646499404, 0.42457998643149264], "ood_test_balanced": 0.5023369789123535, "ood_test_balanced_conf": [0.5020373351848684, 0.5026366226398387], "features": ["FRUIT_ONCE_PER_DAY", "DRNK_PER_WEEK", "CHCSCNCR", "CHCOCNCR", "STATE", "MEDCOST", "PRACE1", "SEX", "BMI5CAT", "IYEAR"]}