{"validation": 0.828455873936434, "id_test": 0.8252149361550593, "ood_test": 0.8038381275829617, "ood_validation": 0.8048241576136992, "train": 0.825712459738831, "id_test_conf": [0.8225420170625704, 0.8278638372616459], "id_test_balanced": 0.5667152404785156, "id_test_balanced_conf": [0.565401022862643, 0.5680294580943882], "ood_test_conf": [0.8002895711833998, 0.80735056299234], "ood_test_balanced": 0.5943838357925415, "ood_test_balanced_conf": [0.5923884020978585, 0.5963792694872245], "features": ["HUPAC", "POBP", "WKW", "WRK", "DEAR", "DEYE", "DREM", "PUBCOV", "SEX", "ST", "CIT", "RAC1P", "SCHL", "DIVISION"]}