{"validation": 0.8318389357345441, "id_test": 0.828559800579946, "ood_test": 0.8052702647407832, "ood_validation": 0.8055606702264776, "train": 0.8290716640859244, "id_test_conf": [0.8259069571257184, 0.8311883784330316], "id_test_balanced": 0.5829333662986755, "id_test_balanced_conf": [0.5814902058267034, 0.5843765267706477], "ood_test_conf": [0.8017313734821226, 0.8087728643674008], "ood_test_balanced": 0.6047573089599609, "ood_test_balanced_conf": [0.6026693648425863, 0.6068452530773356], "features": ["HUPAC", "POBP", "WKW", "WRK", "DEAR", "DEYE", "DREM", "PUBCOV", "SEX", "ST", "CIT", "RAC1P", "SCHL", "DIVISION"]}