{"validation": 0.7492029755579172, "id_test": 0.778131634819533, "ood_test": 0.7078945647197331, "ood_validation": 0.6968805179517363, "train": 0.7632452529544549, "id_test_conf": [0.7502190878929332, 0.8042928945090383], "id_test_balanced": 0.7577906847000122, "id_test_balanced_conf": [0.7391264542192221, 0.7764549151808023], "ood_test_conf": [0.700614821013613, 0.7150951314881675], "ood_test_balanced": 0.6972668170928955, "ood_test_balanced_conf": [0.6922387440316379, 0.7022948901541531], "features": ["MCDMC31", "HASFSA31", "PFSAMT31", "MCAID31", "GOVTC31", "IHSAT31", "VAPROX31", "EMPST31", "RNDFLG31", "MORJOB31", "HRWGIM31", "NHRWG31", "TEMPJB31", "SSNLJB31", "SELFCM31", "INDCAT31", "MORE31", "UNION31", "OCCCAT31", "PAYDR31", "YRSINUS", "PRING31", "MCARE31X", "INS31X", "INSAT31X", "SEX", "RACEV1X", "RACEV2X", "RACEAX", "RACEBX", "RACETHX", "HISPANX", "HISPNCAT", "OTHLGSPK", "HWELLSPK", "BORNUSA", "WHTLGSPK", "TRICR31X", "MCRPD31X", "TRILI31X", "PRIOG31", "PRIEUO31", "VERFLG31", "DNTINS31", "PMDINS31", "PMEDUP31", "PMEDPY31", "FTSTU31X", "REFRL31X", "OFFER31X", "VASPMH31", "ASMRCN31", "ASPKFL31", "IADLHP31", "ADLHLP31", "WLKDIF31", "STNDIF31", "RCHDIF31", "FNGRDF31", "WRKLIM31", "SCHLIM31", "VASPOU31", "ASSTIL31", "FCRP1231", "RUSIZE31", "FAMS1231", "RESP31", "ENDRFM31", "ENDRFY31", "INSCOP31", "INSC1231", "ELGRND31", "SPOUIN31", "ACTDTY31", "MNHLTH31", "ASATAK31", "COGLIM31", "UNABLE31", "VALOCT31", "VANTWK31", "VANEED31", "VAPAST31", "VAMREC31", "VACARC31", "VACARE31", "VAPCPR31", "VAPROV31", "VAPCSN31", "VAPCSO31", "VAPACT31", "VACTDY31", "VACOPD31", "VADERM31", "VAHRLS31", "VARTHR31", "VANECK31", "VATMD31", "VACOST31", "VABIPL31", "VAMOOD31", "VAPROS31", "VALCOH31", "DAPID31X", "AGE31X", "INSCOV19"]}