{"id_test": 0.8756710609300251, "id_test_conf": [0.8738653275307431, 0.8774600214876681], "id_test_balanced": 0.5383877158164978, "id_test_balanced_conf": [0.5375752113666386, 0.539200220266357], "ood_test": 0.8327256133145533, "ood_test_conf": [0.8311869016015366, 0.8342558579100517], "ood_test_balanced": 0.539617121219635, "ood_test_balanced_conf": [0.5389716069609858, 0.5402626354782842], "validation": 0.877485251928594, "validation_conf": [0.8756907607171105, 0.8792628888669444], "validation_balanced": 0.5387167930603027, "validation_balanced_conf": [0.5379017854272388, 0.5395318006933667], "features": ["PHYSHLTH", "HIGH_BLOOD_PRESS", "CHOL_CHK_PAST_5_YEARS", "TOLDHI", "BMI5CAT", "SMOKE100", "CVDSTRK3", "FRUIT_ONCE_PER_DAY", "RFBING5", "TOTINDA", "INCOME", "EDUCA", "HEALTH_COV", "IYEAR", "STATE", "MEDCOST", "STATE", "MEDCOST", "PRACE1", "PRACE1"]}