{"validation": 0.8768922198194034, "id_test": 0.8743500008253958, "ood_test": 0.8284943283582089, "ood_validation": 0.8316282668500687, "train": 0.8771848551787039, "id_test_conf": [0.8724705176255501, 0.8762115457558303], "id_test_balanced": 0.5224611163139343, "id_test_balanced_conf": [0.5218102122994606, 0.5231120203284081], "ood_test_conf": [0.8268727783940608, 0.8301067786549701], "ood_test_balanced": 0.5203529000282288, "ood_test_balanced_conf": [0.5198648963565938, 0.5208409036998637], "features": ["PHYSHLTH", "BMI5", "SMOKDAY2", "CVDSTRK3", "MICHD", "VEG_ONCE_PER_DAY", "DRNK_PER_WEEK", "INCOME", "MARITAL", "CHECKUP1", "MENTHLTH", "STATE", "SEX", "STATE", "SEX", "PRACE1", "IYEAR"]}