{"id_test": 0.6367369186046512, "id_test_conf": [0.6310223761218783, 0.6424225792278278], "id_test_balanced": 0.5896008014678955, "id_test_balanced_conf": [0.5859620184730738, 0.5932395844627172], "ood_test": 0.5489949171744389, "ood_test_conf": [0.5476445377595772, 0.5503447533266426], "ood_test_balanced": 0.5849655866622925, "ood_test_balanced_conf": [0.5841164970165118, 0.5858146763080732], "validation": 0.6391947381808932, "validation_conf": [0.6334881672896183, 0.6448719068142617], "validation_balanced": 0.5914405584335327, "validation_balanced_conf": [0.5878183173714205, 0.5950627994956449], "features": ["FRUIT_ONCE_PER_DAY", "DRNK_PER_WEEK", "RFBING5", "TOTINDA", "SMOKE100", "SMOKDAY2", "CHCSCNCR", "CHCOCNCR", "EMPLOY1", "IYEAR", "STATE", "MEDCOST", "SEX", "IYEAR", "MEDCOST", "PRACE1", "SEX", "BMI5CAT"]}