{"id_test": 0.6366642441860465, "id_test_conf": [0.6309494653554897, 0.6423501565126709], "id_test_balanced": 0.5895405411720276, "id_test_balanced_conf": [0.5859013908170163, 0.5931796915270389], "ood_test": 0.548397838268165, "ood_test_conf": [0.5470473037426443, 0.5497478361515833], "ood_test_balanced": 0.5844287872314453, "ood_test_balanced_conf": [0.5835798397380859, 0.5852777347248047], "validation": 0.6406846179003598, "validation_conf": [0.6349830208907733, 0.6463564978296588], "validation_balanced": 0.5933486223220825, "validation_balanced_conf": [0.589720767266117, 0.596976477378048], "features": ["FRUIT_ONCE_PER_DAY", "DRNK_PER_WEEK", "RFBING5", "TOTINDA", "SMOKE100", "SMOKDAY2", "CHCSCNCR", "CHCOCNCR", "EMPLOY1", "IYEAR", "STATE", "MEDCOST", "SEX", "IYEAR", "MEDCOST", "PRACE1", "SEX", "BMI5CAT"]}