{"validation": 0.6035103019731821, "id_test": 0.6033066860465116, "ood_test": 0.4185044704369393, "ood_validation": 0.4180086460791237, "train": 0.5994276759555768, "id_test_conf": [0.5974979571095441, 0.6090935958815382], "id_test_balanced": 0.5010883808135986, "id_test_balanced_conf": [0.5005467906419654, 0.5016299709852319], "ood_test_conf": [0.4171664188481793, 0.41984342566717586], "ood_test_balanced": 0.501118540763855, "ood_test_balanced_conf": [0.500998340738006, 0.501238740789704], "features": ["FRUIT_ONCE_PER_DAY", "DRNK_PER_WEEK", "RFBING5", "TOTINDA", "SMOKE100", "SMOKDAY2", "CHCSCNCR", "CHCOCNCR", "EMPLOY1", "IYEAR", "STATE", "MEDCOST", "SEX", "IYEAR", "MEDCOST", "PRACE1", "SEX", "BMI5CAT"]}