{"validation": 0.7806865675814378, "id_test": 0.7797644484026982, "ood_test": 0.39261527100040716, "ood_validation": 0.3905211496984903, "train": 0.7797665596921209, "id_test_conf": [0.7786140783624154, 0.7809115808824346], "id_test_balanced": 0.5201236605644226, "id_test_balanced_conf": [0.5197919183981139, 0.5204554027307313], "ood_test_conf": [0.39155671511338325, 0.3936745874954972], "ood_test_balanced": 0.5185725688934326, "ood_test_balanced_conf": [0.5182815418444807, 0.5188635959423845], "features": ["MIG", "ANC", "DEAR", "ESR", "AGEP", "SEX", "ST", "SCHL", "ACS_YEAR", "DIS"]}