{"id_test": 0.7855174507070941, "id_test_conf": [0.784377966698182, 0.7866536305425577], "id_test_balanced": 0.5525527000427246, "id_test_balanced_conf": [0.5520367788791191, 0.5530686212063302], "ood_test": 0.45947740308139245, "ood_test_conf": [0.458396888740473, 0.46055820444020584], "ood_test_balanced": 0.5615713596343994, "ood_test_balanced_conf": [0.5610726919642184, 0.5620700273045804], "validation": 0.7867171478151128, "validation_conf": [0.7855799742176055, 0.7878510033410642], "validation_balanced": 0.5536011457443237, "validation_balanced_conf": [0.553082324831048, 0.5541199666575994], "features": ["MIG", "ANC", "DEAR", "ESR", "AGEP", "SEX", "ST", "SCHL", "ACS_YEAR", "DIS"]}