{"validation": 0.7846743386829772, "id_test": 0.7830892484154782, "ood_test": 0.4719132583505833, "ood_validation": 0.47155464589110435, "train": 0.7833876526396637, "id_test_conf": [0.7819451298109271, 0.7842300909626715], "id_test_balanced": 0.5394973754882812, "id_test_balanced_conf": [0.5390422589960508, 0.5399524919805117], "ood_test_conf": [0.4708308463509679, 0.4729958692858019], "ood_test_balanced": 0.5720594525337219, "ood_test_balanced_conf": [0.5715516802063212, 0.5725672248611227], "features": ["MIG", "ANC", "NATIVITY", "DEYE", "PINCP", "ESR", "AGEP", "MAR", "CIT", "RAC1P", "DIVISION", "DIS"]}