{"id_test": 0.889261744966443, "id_test_conf": [0.8480071391608697, 0.9225360751016602], "id_test_balanced": 0.8261617422103882, "id_test_balanced_conf": [0.7975471543893218, 0.8547763300314546], "ood_test": 0.7709732051049416, "ood_test_conf": [0.7664052065976997, 0.7754935586505195], "ood_test_balanced": 0.7725471258163452, "ood_test_balanced_conf": [0.7693589034769684, 0.775735348155722], "validation": 0.8422818791946308, "validation_conf": [0.7958456865997767, 0.881754787146078], "validation_balanced": 0.7889407873153687, "validation_balanced_conf": [0.7576851435005665, 0.8201964311301708], "features": ["LIVING_QUARTERS_TYPE", "FAMILY_SIZE_AVG", "ORIGIN", "HOUSEHOLD_INC", "RECEIVED_WORK_COMP", "TANF_ASSISTANCE", "CHILD_SUPPORT_AMT", "INCOME_FROM_ASSISTANCE", "INCOME", "UNEMPLOYMENT_COMP_AMOUNT", "VA_BENEFITS_AMOUNT", "DISABILITY_BENEFITS_AMOUNT", "FOOD_ASSISTANCE", "EDUCATION", "RACE", "GENDER", "LIVING_OWNERSHIP", "MEDICARE_ASSISTANCE", "MEDICAID_ASSISTANCE", "DAYS_SICK", "PRESCRIPTION_MEDS", "VISIT_DENTIST_NUM", "HEALTH_HEARING", "HEALTH_SEEING", "HEALTH_COGNITIVE", "HEALTH_SELF_CARE", "HEALTH_ERRANDS_DIFFICULTY", "HEALTH_SUPPLEMENTAL_DISABILITY", "HEALTH_INSURANCE_PREMIUMS", "CITIZENSHIP_STATUS"]}