{"id_test": 0.8002037768327258, "id_test_conf": [0.798223636842907, 0.8021728961286584], "id_test_balanced": 0.7586014270782471, "id_test_balanced_conf": [0.7571653929376043, 0.7600374612188898], "ood_test": 0.7929285610781046, "ood_test_conf": [0.7900282818978768, 0.7958064356819617], "ood_test_balanced": 0.7757145762443542, "ood_test_balanced_conf": [0.7736597625399009, 0.7777693899488076], "validation": 0.7993228490966048, "validation_conf": [0.7973394654515409, 0.8012952443560714], "validation_balanced": 0.7584425210952759, "validation_balanced_conf": [0.7570058647240512, 0.7598791774665006], "features": ["FER", "HINS1", "HINS2", "NWLA", "POBP", "WKHP", "WKW", "AGEP", "SEX", "MAR", "SCHL", "DIVISION"]}