{"validation": 0.8389230162666769, "id_test": 0.836979193162741, "ood_test": 0.8124718687343999, "ood_validation": 0.8134781808138465, "train": 0.8379521730697691, "id_test_conf": [0.834378518321325, 0.8395549789822345], "id_test_balanced": 0.680475115776062, "id_test_balanced_conf": [0.678539681811817, 0.682410549740307], "ood_test_conf": [0.808982701557519, 0.8159238860589573], "ood_test_balanced": 0.686955451965332, "ood_test_balanced_conf": [0.6844101674575359, 0.6895007364731282], "features": ["ENG", "FER", "HUPAC", "NWLA", "NWLK", "OCCP", "POBP", "RELP", "WKW", "WRK", "MIL", "PUBCOV", "SEX", "ST", "MAR", "CIT", "RAC1P", "SCHL", "ACS_YEAR", "DIVISION"]}