{"validation": 0.7862291554599247, "id_test": 0.7863127784528149, "ood_test": 0.7768834556256669, "ood_validation": 0.7685832839359811, "train": 0.7866038352280593, "id_test_conf": [0.7842832859641748, 0.7883317607434456], "id_test_balanced": 0.7420209646224976, "id_test_balanced_conf": [0.7405576714430936, 0.7434842578019015], "ood_test_conf": [0.773904627682255, 0.7798411079063816], "ood_test_balanced": 0.7626805305480957, "ood_test_balanced_conf": [0.7605692978482693, 0.7647917632479221], "features": ["COW", "ENG", "FER", "HINS1", "NWLK", "OCCP", "POBP", "WKW", "WRK", "SEX", "MAR", "SCHL", "ACS_YEAR", "DIVISION"]}