{"validation": 0.8458731900065029, "id_test": 0.8454595244832077, "ood_test": 0.8006068833346642, "ood_validation": 0.8218390804597702, "train": 0.8457481673054701, "id_test_conf": [0.8445457229580033, 0.8463700131520715], "id_test_balanced": 0.7625430226325989, "id_test_balanced_conf": [0.761911906041205, 0.7631741392239928], "ood_test_conf": [0.7934996910723204, 0.807574090647367], "ood_test_balanced": 0.7423069477081299, "ood_test_balanced_conf": [0.7379174844734371, 0.7466964109428227], "features": ["Average_confidence(BORED)", "Average_confidence(CONCENTRATING)", "Average_confidence(FRUSTRATED)", "hint_count", "bottom_hint", "overlap_time", "first_action", "school_id"]}