{"validation": 0.7891469303288112, "id_test": 0.7873563218390804, "ood_test": 0.7224812773774199, "ood_validation": 0.7320898685883849, "train": 0.7831934705138521, "id_test_conf": [0.7748909373687423, 0.7994346725561152], "id_test_balanced": 0.6759994029998779, "id_test_balanced_conf": [0.66802186479792, 0.6839769412018358], "ood_test_conf": [0.7164044123827751, 0.7284971730608143], "ood_test_balanced": 0.6710354089736938, "ood_test_balanced_conf": [0.6673936455696822, 0.6746771723777055], "features": ["VCF0004", "VCF0218", "VCF0224", "VCF0301", "VCF0302", "VCF9008", "VCF9010", "VCF9201", "VCF9202", "VCF9203", "VCF9204", "VCF0521", "VCF0523", "VCF0429", "VCF0875", "VCF0809", "VCF0870", "VCF9045", "VCF0803", "VCF0846", "VCF0606", "VCF0612", "VCF0743", "VCF0675", "VCF0724", "VCF0726", "VCF0745", "VCF0115", "VCF0112"]}