{"validation": 0.8191842496852226, "id_test": 0.8142010479727324, "ood_test": 0.7892303285731822, "ood_validation": 0.7989320567114712, "train": 0.817162624916934, "id_test_conf": [0.8114645047698272, 0.8169143883222996], "id_test_balanced": 0.5382750034332275, "id_test_balanced_conf": [0.5371773648425006, 0.5393726420239545], "ood_test_conf": [0.7855872335168214, 0.7928390427237242], "ood_test_balanced": 0.5539817214012146, "ood_test_balanced_conf": [0.5523140343744308, 0.5556494084279984], "features": ["ENG", "FER", "WIF", "NWLK", "WRK", "ANC", "NATIVITY", "DEAR", "DEYE", "SEX", "MAR", "CIT", "RAC1P", "ACS_YEAR", "DIVISION"]}