{"validation": 0.8358579114044794, "id_test": 0.8341176171338455, "ood_test": 0.8096485126232661, "ood_validation": 0.8088749769839808, "train": 0.8343147572883447, "id_test_conf": [0.831498943012713, 0.8367116141452589], "id_test_balanced": 0.6179789304733276, "id_test_balanced_conf": [0.6163112729950808, 0.6196465879515745], "ood_test_conf": [0.8061396256561795, 0.8131205862270215], "ood_test_balanced": 0.6418774724006653, "ood_test_balanced_conf": [0.6395302555011585, 0.6442246893001721], "features": ["FER", "HUPAC", "NWLK", "WKHP", "WKW", "MIL", "ANC", "DEAR", "PUBCOV", "SEX", "ST", "MAR", "RAC1P", "SCHL", "ACS_YEAR", "DIVISION"]}