{"validation": 0.7851869615114506, "id_test": 0.7818125760093181, "ood_test": 0.4718826405867971, "ood_validation": 0.42857142857142855, "train": 0.7850708815172777, "id_test_conf": [0.7794323185255019, 0.7841788289931182], "id_test_balanced": 0.6455219984054565, "id_test_balanced_conf": [0.6442017342918552, 0.6468422625190579], "ood_test_conf": [0.43721563385365775, 0.506752932364855], "ood_test_balanced": 0.5034482479095459, "ood_test_balanced_conf": [0.5006125323148445, 0.5062839635042473], "features": ["Average_confidence(BORED)", "Average_confidence(CONFUSED)", "skill_id", "problem_type", "tutor_mode", "position", "type", "first_action", "school_id"]}