{"validation": 0.7844087535269908, "id_test": 0.7838640366466846, "ood_test": 0.41103857915065467, "ood_validation": 0.4088318147805801, "train": 0.7833222548074271, "id_test_conf": [0.7827213904748289, 0.7850033977899888], "id_test_balanced": 0.5407299399375916, "id_test_balanced_conf": [0.5402721712359926, 0.5411877086391905], "ood_test_conf": [0.4099719613384183, 0.4121058270746994], "ood_test_balanced": 0.5294318199157715, "ood_test_balanced_conf": [0.5290551085554762, 0.5298085312760668], "features": ["ESP", "ANC", "DEYE", "PINCP", "ST", "MAR", "RAC1P", "SCHL", "ACS_YEAR", "DIS"]}