{"id_test": 0.8140229885057472, "id_test_conf": [0.8021361154469252, 0.8254866435453909], "id_test_balanced": 0.7442772388458252, "id_test_balanced_conf": [0.7358470234461129, 0.7527074542455375], "ood_test": 0.7699119212472328, "ood_test_conf": [0.7641901436443703, 0.7755597072466587], "ood_test_balanced": 0.7342569828033447, "ood_test_balanced_conf": [0.7304582103388384, 0.738055755267851], "validation": 0.8109910324212463, "validation_conf": [0.7990327144737259, 0.8225301551067669], "validation_balanced": 0.7387180328369141, "validation_balanced_conf": [0.7302948159910738, 0.7471412496827543], "features": ["VCF0004", "VCF0224", "VCF0301", "VCF9008", "VCF9010", "VCF9201", "VCF9203", "VCF9205", "VCF9206", "VCF0521", "VCF0429", "VCF9052", "VCF0839", "VCF0870", "VCF0803", "VCF0616", "VCF0718", "VCF0720", "VCF0701", "VCF0726", "VCF0745", "VCF0101", "VCF0115", "VCF0112"]}