{"validation": 0.9196580818034856, "id_test": 0.9196768323964819, "ood_test": 0.45173137460650575, "ood_validation": 0.5518867924528302, "train": 0.9193075649388546, "id_test_conf": [0.9186470877918577, 0.9206975893476335], "id_test_balanced": 0.8706181049346924, "id_test_balanced_conf": [0.8697891906078439, 0.8714470192615409], "ood_test_conf": [0.4292158562902504, 0.4743956441387083], "ood_test_balanced": 0.5135009288787842, "ood_test_balanced_conf": [0.5098624698910862, 0.5171393878664822], "features": ["Average_confidence(BORED)", "Average_confidence(CONFUSED)", "attempt_count", "hint_count", "skill_id", "problem_type", "ms_first_response", "type", "overlap_time", "school_id"]}