{"validation": 0.9256741295184947, "id_test": 0.9257297660393514, "ood_test": 0.45068205666316896, "ood_validation": 0.5518867924528302, "train": 0.9255021478275592, "id_test_conf": [0.9247360382016032, 0.9267143758021695], "id_test_balanced": 0.8799749612808228, "id_test_balanced_conf": [0.8791676096851007, 0.8807823128765448], "ood_test_conf": [0.42817276850460056, 0.4733433302353122], "ood_test_balanced": 0.5121635794639587, "ood_test_balanced_conf": [0.508227576976642, 0.5160995819512755], "features": ["Average_confidence(BORED)", "Average_confidence(CONFUSED)", "attempt_count", "hint_count", "skill_id", "problem_type", "ms_first_response", "type", "overlap_time", "school_id"]}