{"validation": 0.7587507515109325, "id_test": 0.7578283211826651, "ood_test": 0.7380880241335248, "ood_validation": 0.7305275637225844, "train": 0.7597148378757447, "id_test_conf": [0.7557081914273561, 0.7599389872157731], "id_test_balanced": 0.6931005716323853, "id_test_balanced_conf": [0.6916210139798932, 0.6945801292848773], "ood_test_conf": [0.7349446595479352, 0.7412131829150421], "ood_test_balanced": 0.7023703455924988, "ood_test_balanced_conf": [0.7002456344245002, 0.7044950567604974], "features": ["ENG", "NWLA", "NWLK", "OCCP", "AGEP", "CIT", "RAC1P", "DIVISION"]}