{"validation": 0.7432205803246528, "id_test": 0.743563942891859, "ood_test": 0.712123407674777, "ood_validation": 0.7090693538826319, "train": 0.7437543656748592, "id_test_conf": [0.7414033114686575, 0.7457156345095974], "id_test_balanced": 0.6661964654922485, "id_test_balanced_conf": [0.6647347588068806, 0.6676581721776165], "ood_test_conf": [0.7088878622273922, 0.7153427340513616], "ood_test_balanced": 0.6770755052566528, "ood_test_balanced_conf": [0.6748877988895401, 0.6792632116237656], "features": ["ENG", "FER", "HINS2", "POBP", "ST", "CIT", "SCHL", "ACS_YEAR", "DIVISION"]}