{"id_test": 0.6449981811567843, "id_test_conf": [0.6393083037303926, 0.6506573976155505], "id_test_balanced": 0.5813173651695251, "id_test_balanced_conf": [0.578152839159593, 0.5844818911794573], "ood_test": 0.5728709259642427, "ood_test_conf": [0.5715276184050764, 0.5742134246173685], "ood_test_balanced": 0.6086984276771545, "ood_test_balanced_conf": [0.6078573205287102, 0.6095395348255989], "validation": 0.6479810840305565, "validation_conf": [0.6423016951485955, 0.653629180933827], "validation_balanced": 0.5871009230613708, "validation_balanced_conf": [0.5839491068013012, 0.5902527393214405], "features": ["RFBING5", "TOTINDA", "SMOKE100", "SMOKDAY2", "DIABETES", "IYEAR", "STATE", "MEDCOST", "PRACE1", "SEX", "BMI5CAT"]}