{"validation": 0.7422068191716308, "id_test": 0.7428573537607541, "ood_test": 0.4391395592864638, "ood_validation": 0.5471698113207547, "train": 0.7425624175620369, "id_test_conf": [0.741207223114644, 0.7445022881459877], "id_test_balanced": 0.5834890007972717, "id_test_balanced_conf": [0.5827495961764362, 0.5842284054181073], "ood_test_conf": [0.41670543117020614, 0.4617612511890177], "ood_test_balanced": 0.5007027983665466, "ood_test_balanced_conf": [0.49682823264971376, 0.5045773640833795], "features": ["Average_confidence(BORED)", "Average_confidence(CONCENTRATING)", "Average_confidence(CONFUSED)", "skill_id", "problem_type", "type", "first_action", "school_id"]}