{"validation": 0.8355908275783128, "id_test": 0.8333545301928066, "ood_test": 0.8084823437947543, "ood_validation": 0.8103480022095378, "train": 0.8338584905360419, "id_test_conf": [0.8307311034535882, 0.8359533363278698], "id_test_balanced": 0.6043488383293152, "id_test_balanced_conf": [0.602771184782032, 0.6059264918765984], "ood_test_conf": [0.8049653971851185, 0.8119626160150959], "ood_test_balanced": 0.6203478574752808, "ood_test_balanced_conf": [0.6181515176873654, 0.6225441972631961], "features": ["FER", "HUPAC", "NWLK", "POBP", "RELP", "WKHP", "WKW", "WRK", "MIL", "ANC", "NATIVITY", "DREM", "PUBCOV", "AGEP", "MAR", "RAC1P", "ACS_YEAR", "DIVISION"]}