{"validation": 0.7834129671233744, "id_test": 0.7818258910490077, "ood_test": 0.7728392459590837, "ood_validation": 0.7646710136336692, "train": 0.7839450749650153, "id_test_conf": [0.7797812076387409, 0.7838602291301393], "id_test_balanced": 0.7297149300575256, "id_test_balanced_conf": [0.7282519049826078, 0.7311779551324434], "ood_test_conf": [0.7698416408194143, 0.7758159851207223], "ood_test_balanced": 0.7399107217788696, "ood_test_balanced_conf": [0.7378587438212708, 0.7419626997364684], "features": ["ENG", "FER", "HINS1", "HINS2", "NWLK", "OCCP", "RELP", "WKHP", "WKW", "WRK", "SEX", "MAR", "RAC1P", "ACS_YEAR", "DIVISION"]}