{"id_test": 0.6453340226743971, "id_test_conf": [0.6396020532054469, 0.651034792712724], "id_test_balanced": 0.614154577255249, "id_test_balanced_conf": [0.6102805413585156, 0.6180286131519824], "ood_test": 0.544117675383433, "ood_test_conf": [0.5427617251036463, 0.5454731333198504], "ood_test_balanced": 0.5823294520378113, "ood_test_balanced_conf": [0.5814877935638652, 0.5831711105117574], "validation": 0.6490269212304738, "validation_conf": [0.6433081015760915, 0.6547137483597337], "validation_balanced": 0.6178678870201111, "validation_balanced_conf": [0.6139964358787984, 0.6217393381614238], "features": ["AGEG5YR", "VEG_ONCE_PER_DAY", "DRNK_PER_WEEK", "POVERTY", "EMPLOY1", "IYEAR", "STATE", "PRACE1", "IYEAR", "MEDCOST", "BMI5CAT"]}