{"validation": 0.6101965914459101, "id_test": 0.6092296511627907, "ood_test": 0.4376301325821366, "ood_validation": 0.4367303353369732, "train": 0.6060911630442188, "id_test_conf": [0.6034355161662788, 0.6150007158330937], "id_test_balanced": 0.514402449131012, "id_test_balanced_conf": [0.5127683782996609, 0.516036519962363], "ood_test_conf": [0.4362844347761101, 0.4389765219561496], "ood_test_balanced": 0.5135222673416138, "ood_test_balanced_conf": [0.5131285877054325, 0.5139159469777951], "features": ["SMOKE100", "SMOKDAY2", "CHCSCNCR", "IYEAR", "STATE", "MEDCOST", "SEX", "IYEAR", "STATE", "PRACE1", "SEX", "BMI5CAT"]}