{"id_test": 0.8735323177316697, "id_test_conf": [0.871717308008456, 0.8753307201572607], "id_test_balanced": 0.500785768032074, "id_test_balanced_conf": [0.5006702476630744, 0.5009012884010735], "ood_test": 0.8269323876944819, "ood_test_conf": [0.825377531084306, 0.8284789742932933], "ood_test_balanced": 0.5008422136306763, "ood_test_balanced_conf": [0.5007389642471389, 0.5009454630142136], "validation": 0.8730947748962179, "validation_conf": [0.8712771043123693, 0.8748958575770671], "validation_balanced": 0.5003992319107056, "validation_balanced_conf": [0.5003032074582007, 0.5004952563632105], "features": ["TOLDHI", "SMOKE100", "FRUIT_ONCE_PER_DAY", "DRNK_PER_WEEK", "INCOME", "MARITAL", "CHECKUP1", "HEALTH_COV", "MENTHLTH", "IYEAR", "STATE", "MEDCOST", "PRACE1", "SEX", "IYEAR", "SEX", "PRACE1"]}