{"id_test": 0.7956725901174565, "id_test_conf": [0.7936759561723696, 0.7976583699037989], "id_test_balanced": 0.7520859241485596, "id_test_balanced_conf": [0.750641403417103, 0.7535304448800162], "ood_test": 0.7895034975168289, "ood_test_conf": [0.7865858923796981, 0.7923989604448477], "ood_test_balanced": 0.7689429521560669, "ood_test_balanced_conf": [0.766884124414064, 0.7710017798980698], "validation": 0.7953232288073917, "validation_conf": [0.7933253329585853, 0.7973102832683221], "validation_balanced": 0.7519904971122742, "validation_balanced_conf": [0.7505469375639222, 0.7534340566606261], "features": ["ENG", "FER", "HINS1", "POBP", "RELP", "WKHP", "WKW", "SEX", "MAR", "RAC1P", "SCHL", "ACS_YEAR", "DIVISION"]}