{"validation": 0.820506950538619, "id_test": 0.8173678587780434, "ood_test": 0.7915422071279512, "ood_validation": 0.7980114159454981, "train": 0.8180497219475437, "id_test_conf": [0.8146492290493679, 0.8200630513103674], "id_test_balanced": 0.5503363013267517, "id_test_balanced_conf": [0.5491167120449245, 0.5515558906085789], "ood_test_conf": [0.7879135955118333, 0.7951361624997206], "ood_test_balanced": 0.5663891434669495, "ood_test_balanced_conf": [0.5645713380072266, 0.5682069489266723], "features": ["ENG", "WIF", "NWLA", "NWLK", "OCCP", "RELP", "WKHP", "WKW", "MIL", "ANC", "DEAR", "DEYE", "AGEP", "SEX", "ST", "ACS_YEAR", "DIVISION"]}