{"validation": 0.8731946089042077, "id_test": 0.8738668074515423, "ood_test": 0.8263740116908052, "ood_validation": 0.8274389070617664, "train": 0.873155012859287, "id_test_conf": [0.8720678353482677, 0.8756494117988496], "id_test_balanced": 0.5053852200508118, "id_test_balanced_conf": [0.5050794556119945, 0.505690984489629], "ood_test_conf": [0.8248326254473114, 0.8279073044662385], "ood_test_balanced": 0.5056782364845276, "ood_test_balanced_conf": [0.5054287885624217, 0.5059276844066335], "features": ["HIGH_BLOOD_PRESS", "CHOL_CHK_PAST_5_YEARS", "BMI5CAT", "SMOKDAY2", "CVDSTRK3", "DRNK_PER_WEEK", "TOTINDA", "INCOME", "CHECKUP1", "EDUCA", "MEDCOST", "SEX", "IYEAR", "MEDCOST", "PRACE1", "PRACE1"]}