{"id_test": 0.8285057471264368, "id_test_conf": [0.8169697728901747, 0.8395988008884019], "id_test_balanced": 0.7619699239730835, "id_test_balanced_conf": [0.753706741090864, 0.770233106855303], "ood_test": 0.7919080589703735, "ood_test_conf": [0.7863842749143874, 0.7973518054688247], "ood_test_balanced": 0.7593464851379395, "ood_test_balanced_conf": [0.7556255784304813, 0.7630673918453976], "validation": 0.8270866865946195, "validation_conf": [0.8155137227715727, 0.8382185602822754], "validation_balanced": 0.7605540156364441, "validation_balanced_conf": [0.7522886431962251, 0.7688193880766631], "features": ["VCF0901b", "VCF0218", "VCF0301", "VCF0302", "VCF9010", "VCF9202", "VCF9205", "VCF9206", "VCF0428", "VCF0429", "VCF0875", "VCF0839", "VCF0822", "VCF9045", "VCF0838", "VCF0606", "VCF0612", "VCF0617", "VCF0310", "VCF0743", "VCF0721", "VCF0701", "VCF0675", "VCF0101", "VCF0115", "VCF0140a", "VCF0112"]}