{"validation": 0.8178162256251735, "id_test": 0.8191179670325548, "ood_test": 0.44858342077649527, "ood_validation": 0.5424528301886793, "train": 0.8181424282752005, "id_test_conf": [0.8176514012296088, 0.8205775912709391], "id_test_balanced": 0.704686164855957, "id_test_balanced_conf": [0.7037475466227625, 0.7056247830891516], "ood_test_conf": [0.42608689361368735, 0.47123840184179583], "ood_test_balanced": 0.510301411151886, "ood_test_balanced_conf": [0.5065982625447214, 0.5140045597590506], "features": ["Average_confidence(CONCENTRATING)", "Average_confidence(FRUSTRATED)", "skill_id", "bottom_hint", "ms_first_response", "tutor_mode", "position", "type", "overlap_time", "school_id"]}