{"id_test": 0.6361918604651163, "id_test_conf": [0.6304755487904933, 0.6418794054474015], "id_test_balanced": 0.5906512141227722, "id_test_balanced_conf": [0.5869810225162655, 0.5943214057292789], "ood_test": 0.545418184880125, "ood_test_conf": [0.5440669055861768, 0.5467689605710534], "ood_test_balanced": 0.5822384357452393, "ood_test_balanced_conf": [0.5813931940263137, 0.5830836774641648], "validation": 0.639122061121407, "validation_conf": [0.6334152491171738, 0.644799486224821], "validation_balanced": 0.5925851464271545, "validation_balanced_conf": [0.5889389920420944, 0.5962313008122146], "features": ["DRNK_PER_WEEK", "RFBING5", "TOTINDA", "SMOKE100", "POVERTY", "EMPLOY1", "IYEAR", "MEDCOST", "SEX", "STATE", "MEDCOST", "PRACE1", "BMI5CAT"]}