{"id_test": 0.6362645348837209, "id_test_conf": [0.6305484586459156, 0.6419518290735853], "id_test_balanced": 0.5903984904289246, "id_test_balanced_conf": [0.5867345227254555, 0.5940624581323937], "ood_test": 0.5458277197709667, "ood_test_conf": [0.5444765399494766, 0.5471783914484225], "ood_test_balanced": 0.5826340317726135, "ood_test_balanced_conf": [0.5817888517177198, 0.5834792118275073], "validation": 0.6379592281696282, "validation_conf": [0.6322485774983309, 0.6436407376522899], "validation_balanced": 0.5915115475654602, "validation_balanced_conf": [0.5878616346977651, 0.5951614604331553], "features": ["DRNK_PER_WEEK", "RFBING5", "TOTINDA", "SMOKE100", "POVERTY", "EMPLOY1", "IYEAR", "MEDCOST", "SEX", "STATE", "MEDCOST", "PRACE1", "BMI5CAT"]}