{"validation": 0.8229615780838643, "id_test": 0.8201404079971512, "ood_test": 0.79763901959982, "ood_validation": 0.7981955440986926, "train": 0.8203787490978001, "id_test_conf": [0.8174377107934584, 0.8228194628165743], "id_test_balanced": 0.5668625831604004, "id_test_balanced_conf": [0.5654850805643946, 0.5682400857564062], "ood_test_conf": [0.7940494565507595, 0.8011932001974804], "ood_test_balanced": 0.5832939743995667, "ood_test_balanced_conf": [0.58134469574783, 0.5852432530513033], "features": ["ENG", "FER", "HUPAC", "WIF", "NWLA", "OCCP", "POBP", "WKHP", "WKW", "WRK", "ANC", "NATIVITY", "DEAR", "DEYE", "DREM", "AGEP", "SEX", "DIVISION"]}