{"validation": 0.7661994114482802, "id_test": 0.7660173653300931, "ood_test": 0.7434759125818392, "ood_validation": 0.7411973918197985, "train": 0.7657008060133389, "id_test_conf": [0.7639219170641305, 0.7681030490606305], "id_test_balanced": 0.7036203145980835, "id_test_balanced_conf": [0.7021484432159923, 0.7050921859801746], "ood_test_conf": [0.7403534016943225, 0.7465798053202977], "ood_test_balanced": 0.7173304557800293, "ood_test_balanced_conf": [0.7151589741837233, 0.7195019373763353], "features": ["FER", "HINS2", "HINS3", "POBP", "RELP", "WKW", "AGEP", "ST", "MAR", "CIT", "SCHL", "ACS_YEAR", "DIVISION"]}