{"validation": 0.8174936038354479, "id_test": 0.8184989833662207, "ood_test": 0.4428121720881427, "ood_validation": 0.5471698113207547, "train": 0.8175797153235177, "id_test_conf": [0.8170304794354885, 0.8199605592123771], "id_test_balanced": 0.7025501132011414, "id_test_balanced_conf": [0.7016169662389439, 0.7034832601633388], "ood_test_conf": [0.4203528087056424, 0.46544777840227086], "ood_test_balanced": 0.5054512023925781, "ood_test_balanced_conf": [0.5028762824134901, 0.5080261223716661], "features": ["Average_confidence(BORED)", "Average_confidence(CONCENTRATING)", "Average_confidence(CONFUSED)", "Average_confidence(FRUSTRATED)", "skill_id", "problem_type", "bottom_hint", "ms_first_response", "position", "overlap_time", "school_id"]}