{"validation": 0.8338229870146388, "id_test": 0.8308236251716946, "ood_test": 0.805884037808421, "ood_validation": 0.8055606702264776, "train": 0.8318792149032301, "id_test_conf": [0.8281845757229653, 0.8334382414136443], "id_test_balanced": 0.6053045392036438, "id_test_balanced_conf": [0.603696623048745, 0.6069124553585425], "ood_test_conf": [0.8023493111241558, 0.8093823997257601], "ood_test_balanced": 0.6064203381538391, "ood_test_balanced_conf": [0.6043231367878615, 0.6085175395198167], "features": ["ENG", "HUPAC", "WIF", "NWLK", "OCCP", "POBP", "WKHP", "WKW", "ANC", "PUBCOV", "ST", "DIVISION"]}