{"validation": 0.7162592986184909, "id_test": 0.7430997876857749, "ood_test": 0.6645954607888024, "ood_validation": 0.6715715126545027, "train": 0.736024432346302, "id_test_conf": [0.7139345535164677, 0.7707362104982496], "id_test_balanced": 0.758610725402832, "id_test_balanced_conf": [0.7396810737624765, 0.7775403770431876], "ood_test_conf": [0.6570481893031241, 0.6720800596218048], "ood_test_balanced": 0.6841690540313721, "ood_test_balanced_conf": [0.6793786082509905, 0.6889594998117536], "features": ["FCSZ1231", "OFREMP31", "CMJHLD31", "MCRPB31", "MCRPHO31", "PRVHMO31", "GOVTA31", "GOVBAT31", "GOVTC31", "GOVCAT31", "IHSAT31", "RETPLN31", "VACMPY31", "VAPROX31", "EMPST31", "MORJOB31", "HOUR31", "SSNLJB31", "SELFCM31", "MORE31", "UNION31", "STJBYY31", "PAYVAC31", "YRSINUS", "PRIDK31", "TRIAT31X", "MCAID31X", "MCDAT31X", "RACEV1X", "RACETHX", "HISPNCAT", "HIDEG", "TRICR31X", "PRIEU31", "PRINEO31", "PRSTX31", "DNTINS31", "PMEDIN31", "PMDINS31", "PMEDUP31", "HELD31X", "TRIPR31X", "TRIEX31X", "VACMPM31", "ASWNFL31", "IADLHP31", "ADLHLP31", "AIDHLP31", "LFTDIF31", "STPDIF31", "WLKDIF31", "STNDIF31", "FNGRDF31", "ACTLIM31", "ASACUT31", "ASTHEP31", "ASSTIL31", "RUSIZE31", "RUCLAS31", "FAMSZE31", "FMRS1231", "FAMS1231", "PROXY31", "SPOUID31", "SPOUIN31", "RTHLTH31", "MNHLTH31", "CHBRON31", "ASATAK31", "UNABLE31", "VAWAIT31", "VALOCT31", "VANTWK31", "VACOMP31", "VAMREC31", "VACARE31", "VAPCPR31", "VAPROV31", "VAPCOT31", "VAPCCO31", "VAPCSN31", "VAPCOU31", "VAPACT31", "VACTDY31", "VARECM31", "VAMOBL31", "VAGERD31", "VAHRLS31", "VAJTPN31", "VANECK31", "VATMD31", "VACOST31", "VABIPL31", "VADEPR31", "VAMOOD31", "VAPROS31", "VARHAB31", "VAGCNS31", "VALCOH31", "AGE31X", "INSCOV19"]}