{"validation": 0.7418283074391672, "id_test": 0.7444372721749696, "ood_test": 0.724084783496463, "ood_validation": 0.7250740960284529, "train": 0.7427378506680126, "id_test_conf": [0.7422790321420665, 0.7465865403280865], "id_test_balanced": 0.6732558608055115, "id_test_balanced_conf": [0.6717744961287826, 0.6747372254822404], "ood_test_conf": [0.720890031490118, 0.7272624012583895], "ood_test_balanced": 0.6946226358413696, "ood_test_balanced_conf": [0.6924226425308734, 0.6968226291518659], "features": ["COW", "HINS1", "HINS2", "HINS4", "NWLA", "NWLK", "POBP", "WKHP", "AGEP", "SEX", "CIT", "RAC1P", "DIVISION"]}