{"validation": 0.8742723813859712, "id_test": 0.8740122272446424, "ood_test": 0.8248560550647986, "ood_validation": 0.8212085408051313, "train": 0.8739226711353606, "id_test_conf": [0.8721449080090173, 0.8758618943920473], "id_test_balanced": 0.5051664113998413, "id_test_balanced_conf": [0.5048482290457469, 0.5054845937539357], "ood_test_conf": [0.8232361901786943, 0.8264670859641834], "ood_test_balanced": 0.5023373365402222, "ood_test_balanced_conf": [0.5021717425031238, 0.5025029305773205], "features": ["BMI5", "BMI5CAT", "SMOKDAY2", "FRUIT_ONCE_PER_DAY", "VEG_ONCE_PER_DAY", "RFBING5", "TOTINDA", "EDUCA", "HEALTH_COV", "MENTHLTH", "STATE", "SEX", "IYEAR", "STATE", "MEDCOST", "SEX", "PRACE1"]}