{"validation": 0.5783947736817545, "id_test": 0.5840914392348961, "ood_test": 0.5065335112227279, "ood_validation": 0.4945268361581921, "train": 0.5757407839477369, "id_test_conf": [0.569167607862915, 0.5989005766906599], "id_test_balanced": 0.5002802610397339, "id_test_balanced_conf": [0.49992599450284614, 0.5006345275766216], "ood_test_conf": [0.5021830080219061, 0.5108832701878081], "ood_test_balanced": 0.50038081407547, "ood_test_balanced_conf": [0.500224111766438, 0.500537516384502], "features": ["gender", "weight", "time_in_hospital", "payer_code", "medical_specialty", "number_outpatient", "max_glu_serum", "A1Cresult", "metformin", "nateglinide", "tolbutamide", "miglitol", "troglitazone", "examide", "insulin", "glimepiride-pioglitazone", "diabetesMed", "admission_source_id"]}