{"id_test": 0.6659396717433091, "id_test_conf": [0.6602830519181997, 0.671560630834116], "id_test_balanced": 0.6338233351707458, "id_test_balanced_conf": [0.6300057089142501, 0.6376409614272416], "ood_test": 0.5998318621269441, "ood_test_conf": [0.5984969489645848, 0.6011656599477906], "ood_test_balanced": 0.6243253946304321, "ood_test_balanced_conf": [0.6234363005438354, 0.6252144887170289], "validation": 0.6611215851539685, "validation_conf": [0.6554455083853746, 0.6667630358492305], "validation_balanced": 0.629500150680542, "validation_balanced_conf": [0.6256654460541904, 0.6333348553068936], "features": ["AGEG5YR", "FRUIT_ONCE_PER_DAY", "SMOKE100", "CHCOCNCR", "DIABETES", "IYEAR", "MEDCOST", "PRACE1", "IYEAR", "STATE", "MEDCOST", "BMI5CAT"]}