{"validation": 0.924338050210008, "id_test": 0.9244638171128244, "ood_test": 0.45120671563483733, "ood_validation": 0.5518867924528302, "train": 0.9239985993331608, "id_test_conf": [0.9234624051096161, 0.9254561383282749], "id_test_balanced": 0.8763846158981323, "id_test_balanced_conf": [0.8755716168240179, 0.8771976149722468], "ood_test_conf": [0.4286942998756706, 0.4738694997049344], "ood_test_balanced": 0.5130353569984436, "ood_test_balanced_conf": [0.5094584700884297, 0.5166122439084575], "features": ["Average_confidence(CONCENTRATING)", "attempt_count", "hint_count", "skill_id", "problem_type", "position", "overlap_time", "first_action", "school_id"]}