{"validation": 0.7497389488339714, "id_test": 0.7510441980558931, "ood_test": 0.6993716325697198, "ood_validation": 0.7023117960877296, "train": 0.7511618726975144, "id_test_conf": [0.7489044192095605, 0.7531747623640922], "id_test_balanced": 0.6740502715110779, "id_test_balanced_conf": [0.6725978383887559, 0.6755027046333999], "ood_test_conf": [0.6960956156046424, 0.7026324059886364], "ood_test_balanced": 0.6402127146720886, "ood_test_balanced_conf": [0.6382886928319931, 0.6421367365121842], "features": ["ENG", "HINS4", "NWLA", "WKHP", "WRK", "AGEP", "ST", "MAR", "DIVISION"]}