{"id_test": 0.6678988614520184, "id_test_conf": [0.6622502985950187, 0.6735113423111627], "id_test_balanced": 0.6336523294448853, "id_test_balanced_conf": [0.6298686258215457, 0.6374360330682248], "ood_test": 0.5998897077254725, "ood_test_conf": [0.5985548263288775, 0.601223473134262], "ood_test_balanced": 0.6251103281974792, "ood_test_balanced_conf": [0.6242242959782015, 0.625996360416757], "validation": 0.6612324867842224, "validation_conf": [0.6555568480910967, 0.6668734755586088], "validation_balanced": 0.6270066499710083, "validation_balanced_conf": [0.623207692913711, 0.6308056070283056], "features": ["AGEG5YR", "DRNK_PER_WEEK", "RFBING5", "TOTINDA", "SMOKDAY2", "CHCSCNCR", "CHCOCNCR", "DIABETES", "POVERTY", "IYEAR", "STATE", "MEDCOST", "PRACE1", "IYEAR", "STATE", "PRACE1", "BMI5CAT"]}