{"validation": 0.8731493562814412, "id_test": 0.8734746210121427, "ood_test": 0.8260704099478746, "ood_validation": 0.8273234558399076, "train": 0.8730437668283191, "id_test_conf": [0.871673283212482, 0.8752596082860741], "id_test_balanced": 0.5078338384628296, "id_test_balanced_conf": [0.5074501626606798, 0.5082175142649794], "ood_test_conf": [0.8245279681280298, 0.8276047658386839], "ood_test_balanced": 0.505610466003418, "ood_test_balanced_conf": [0.5053552050626604, 0.5058657269441755], "features": ["TOLDHI", "BMI5CAT", "VEG_ONCE_PER_DAY", "DRNK_PER_WEEK", "TOTINDA", "INCOME", "MARITAL", "CHECKUP1", "IYEAR", "MEDCOST", "SEX", "STATE", "PRACE1", "PRACE1"]}