{"id_test": 0.9878891993613139, "id_test_conf": [0.9873030670799577, 0.9884550345992967], "id_test_balanced": 0.5014452338218689, "id_test_balanced_conf": [0.501301992739609, 0.5015884749041288], "ood_test": 0.9242273180458624, "ood_test_conf": [0.9227996391242655, 0.9256366622778522], "ood_test_balanced": 0.5000861287117004, "ood_test_balanced_conf": [0.500046433885218, 0.5001258235381829], "validation": 0.9886874763876909, "validation_conf": [0.9881202823247124, 0.9892343343831168], "validation_balanced": 0.5009373426437378, "validation_balanced_conf": [0.5008232922146272, 0.5010513930728484], "features": ["Temp", "SBP", "MAP", "EtCO2", "BaseExcess", "FiO2", "pH", "SaO2", "AST", "BUN", "Alkalinephos", "Calcium", "Chloride", "Bilirubin_direct", "Lactate", "Magnesium", "TroponinI", "Hct", "WBC", "Unit1", "Unit2", "HospAdmTime", "ICULOS"]}