{"validation": 0.8068121478987244, "id_test": 0.8059159298195628, "ood_test": 0.7140386731645968, "ood_validation": 0.7241867043847242, "train": 0.8064977633483765, "id_test_conf": [0.8045166614719765, 0.8073094559513472], "id_test_balanced": 0.7033979892730713, "id_test_balanced_conf": [0.7025180317880586, 0.704277946758084], "ood_test_conf": [0.7027591618925241, 0.7251216274096141], "ood_test_balanced": 0.6262834668159485, "ood_test_balanced_conf": [0.6208756437152624, 0.6316912899166346], "features": ["Average_confidence(BORED)", "Average_confidence(CONFUSED)", "problem_type", "bottom_hint", "tutor_mode", "type", "school_id"]}