{"validation": 0.8065078028880399, "id_test": 0.8056731021397975, "ood_test": 0.7137242571922654, "ood_validation": 0.7241867043847242, "train": 0.8060695759933401, "id_test_conf": [0.8042731740893014, 0.8070672925366885], "id_test_balanced": 0.6997240781784058, "id_test_balanced_conf": [0.6988592470914591, 0.7005889092653524], "ood_test_conf": [0.7024412355142824, 0.7248110111756441], "ood_test_balanced": 0.6249244213104248, "ood_test_balanced_conf": [0.6195994450058788, 0.6302493976149708], "features": ["Average_confidence(BORED)", "Average_confidence(CONFUSED)", "problem_type", "bottom_hint", "tutor_mode", "type", "school_id"]}