{"validation": 0.8060350968076151, "id_test": 0.8048636765405798, "ood_test": 0.7129382172614369, "ood_validation": 0.7213578500707214, "train": 0.8056850977444887, "id_test_conf": [0.8034615555344466, 0.8062600751003091], "id_test_balanced": 0.7037243843078613, "id_test_balanced_conf": [0.7028369869233575, 0.7046117816923652], "ood_test_conf": [0.7016464483042171, 0.7240344418411364], "ood_test_balanced": 0.6254727244377136, "ood_test_balanced_conf": [0.6200340417120606, 0.6309114071633667], "features": ["Average_confidence(BORED)", "Average_confidence(CONFUSED)", "problem_type", "bottom_hint", "tutor_mode", "type", "school_id"]}