{"validation": 0.40407420880320116, "id_test": 0.3986176791560567, "ood_test": 0.581906031833613, "ood_validation": 0.5773501620801434, "train": 0.39965077733872323, "id_test_conf": [0.3928226487849017, 0.40443414553160534], "id_test_balanced": 0.498447984457016, "id_test_balanced_conf": [0.497914287566673, 0.498981681347359], "ood_test_conf": [0.5805665142845217, 0.5832446401797104], "ood_test_balanced": 0.49916893243789673, "ood_test_balanced_conf": [0.4990330265232478, 0.49930483835254563], "features": ["FRUIT_ONCE_PER_DAY", "VEG_ONCE_PER_DAY", "DRNK_PER_WEEK", "RFBING5", "CHCSCNCR", "DIABETES", "POVERTY", "STATE", "PRACE1", "SEX", "STATE", "MEDCOST", "PRACE1", "SEX", "BMI5CAT", "IYEAR"]}