{"id_test": 0.6474354310658421, "id_test_conf": [0.6417541055528067, 0.6530855800303011], "id_test_balanced": 0.5849642753601074, "id_test_balanced_conf": [0.5817650637030601, 0.5881634870171547], "ood_test": 0.5732081139695457, "ood_test_conf": [0.5718649396121991, 0.5745504756778124], "ood_test_balanced": 0.6096936464309692, "ood_test_balanced_conf": [0.6088567508046981, 0.6105305420572403], "validation": 0.6481993452164423, "validation_conf": [0.6425207332476448, 0.6538466190343468], "validation_balanced": 0.5888237953186035, "validation_balanced_conf": [0.5856214989768341, 0.5920260916603729], "features": ["FRUIT_ONCE_PER_DAY", "VEG_ONCE_PER_DAY", "DRNK_PER_WEEK", "RFBING5", "CHCSCNCR", "DIABETES", "POVERTY", "STATE", "PRACE1", "SEX", "STATE", "MEDCOST", "PRACE1", "SEX", "BMI5CAT", "IYEAR"]}