{"validation": 0.8135203495056335, "id_test": 0.803448275862069, "ood_test": 0.7460788469690547, "ood_validation": 0.7498940228910556, "train": 0.7995171858834349, "id_test_conf": [0.7913220300071583, 0.8151656655379844], "id_test_balanced": 0.709632933139801, "id_test_balanced_conf": [0.7014163242280483, 0.7178495420515537], "ood_test_conf": [0.740167152938418, 0.7519230949816444], "ood_test_balanced": 0.7001479268074036, "ood_test_balanced_conf": [0.696453867284581, 0.7038419863302261], "features": ["VCF0224", "VCF0301", "VCF0302", "VCF9008", "VCF9011", "VCF9206", "VCF0521", "VCF0875", "VCF9052", "VCF0809", "VCF0822", "VCF0843", "VCF9045", "VCF9239", "VCF0803", "VCF0612", "VCF0617", "VCF0310", "VCF0718", "VCF0720", "VCF0721", "VCF0101", "VCF0115", "VCF0112"]}