{"validation": 0.9722986539748643, "id_test": 0.9717286896167074, "ood_test": 0.9603877489899824, "ood_validation": 0.961001100110011, "train": 0.9713753201220221, "id_test_conf": [0.9709083641376547, 0.9725320071520129], "id_test_balanced": 0.5823465585708618, "id_test_balanced_conf": [0.5814415912155527, 0.5832515259261709], "ood_test_conf": [0.9594313952946837, 0.9613277443749536], "ood_test_balanced": 0.6159005761146545, "ood_test_balanced_conf": [0.6148779922910035, 0.6169231599383056], "features": ["WKHP", "WRK", "OCCP", "DIS", "ESP", "MIG", "MIL", "ANC", "FER", "SEX", "MAR", "RAC1P", "DIVISION", "SCHL"]}