{"validation": 0.8352272727272727, "id_test": 0.8271103896103896, "ood_test": 0.6494082840236687, "ood_validation": 0.6158940397350994, "33": 0.8297361861238056, "id_test_conf": [0.8203153280034845, 0.8337505392067103], "id_test_balanced": 0.8204416632652283, "id_test_balanced_conf": [0.8156504608597607, 0.8252328656706959], "ood_test_conf": [0.6233009104967704, 0.6748644144060907], "ood_test_balanced": 0.6816165447235107, "ood_test_balanced_conf": [0.6643527314439416, 0.6988803580030799], "features": ["AccredAgency", "HIGHDEG", "CONTROL", "region", "LOCALE", "locale2", "CCBASIC", "CCSIZSET", "HBCU", "DISTANCEONLY", "median_hh_inc", "poverty_rate", "unemp_rate", "TUITIONFEE_IN", "TUITIONFEE_OUT", "TUITIONFEE_PROG", "ADM_RATE", "ADM_RATE_ALL", "SATVRMID", "SATMTMID", "SATWRMID", "ACTCMMID", "ACTENMID", "ACTMTMID", "ACTWRMID", "NPT4_PROG", "COSTT4_A", "COSTT4_P", "loan_ever", "pell_ever", "PCTPELL", "faminc", "md_faminc", "UGDS", "UG"]}