{"validation": 0.88125, "id_test": 0.8749188311688312, "ood_test": 0.7433431952662722, "ood_validation": 0.7218543046357616, "33": 0.8751038637307852, "id_test_conf": [0.8689480817167883, 0.8807118258049464], "id_test_balanced": 0.7956814765930176, "id_test_balanced_conf": [0.7908248005621136, 0.8005381526239216], "ood_test_conf": [0.7191777128408874, 0.7664461679086126], "ood_test_balanced": 0.740593671798706, "ood_test_balanced_conf": [0.7240750657767058, 0.7571122778207063], "features": ["AccredAgency", "HIGHDEG", "CONTROL", "region", "LOCALE", "locale2", "CCBASIC", "CCSIZSET", "HBCU", "DISTANCEONLY", "median_hh_inc", "poverty_rate", "unemp_rate", "TUITIONFEE_IN", "TUITIONFEE_OUT", "TUITIONFEE_PROG", "ADM_RATE", "ADM_RATE_ALL", "SATVRMID", "SATMTMID", "SATWRMID", "ACTCMMID", "ACTENMID", "ACTMTMID", "ACTWRMID", "NPT4_PROG", "COSTT4_A", "COSTT4_P", "loan_ever", "pell_ever", "PCTPELL", "faminc", "md_faminc", "UGDS", "UG"]}