{"validation": 0.1739448051948052, "id_test": 0.17435064935064934, "ood_test": 0.3431952662721893, "ood_validation": 0.37748344370860926, "33": 0.1699522226838388, "id_test_conf": [0.1676879271614062, 0.1811675875691423], "id_test_balanced": 0.5268306732177734, "id_test_balanced_conf": [0.5248174955695868, 0.5288438508659601], "ood_test_conf": [0.3178818702187655, 0.369192208935912], "ood_test_balanced": 0.5229511260986328, "ood_test_balanced_conf": [0.5170919848047197, 0.5288102673925459], "features": ["AccredAgency", "HIGHDEG", "CONTROL", "region", "LOCALE", "locale2", "CCBASIC", "CCSIZSET", "HBCU", "DISTANCEONLY", "median_hh_inc", "poverty_rate", "unemp_rate", "TUITIONFEE_IN", "TUITIONFEE_OUT", "TUITIONFEE_PROG", "ADM_RATE", "ADM_RATE_ALL", "SATVRMID", "SATMTMID", "SATWRMID", "ACTCMMID", "ACTENMID", "ACTMTMID", "ACTWRMID", "NPT4_PROG", "COSTT4_A", "COSTT4_P", "loan_ever", "pell_ever", "PCTPELL", "faminc", "md_faminc", "UGDS", "UG"]}