{"validation": 0.19496753246753246, "id_test": 0.19358766233766234, "ood_test": 0.34393491124260356, "ood_validation": 0.39072847682119205, "33": 0.18956169505608642, "id_test_conf": [0.18664321964869293, 0.20067716541130814], "id_test_balanced": 0.5364838242530823, "id_test_balanced_conf": [0.5340703337499871, 0.5388973147561774], "ood_test_conf": [0.3186069373008689, 0.36994320099629113], "ood_test_balanced": 0.5228336453437805, "ood_test_balanced_conf": [0.5167195081617684, 0.5289477825257927], "features": ["AccredAgency", "HIGHDEG", "CONTROL", "region", "LOCALE", "locale2", "CCBASIC", "CCSIZSET", "HBCU", "DISTANCEONLY", "median_hh_inc", "poverty_rate", "unemp_rate", "TUITIONFEE_IN", "TUITIONFEE_OUT", "TUITIONFEE_PROG", "ADM_RATE", "ADM_RATE_ALL", "SATVRMID", "SATMTMID", "SATWRMID", "ACTCMMID", "ACTENMID", "ACTMTMID", "ACTWRMID", "NPT4_PROG", "COSTT4_A", "COSTT4_P", "loan_ever", "pell_ever", "PCTPELL", "faminc", "md_faminc", "UGDS", "UG"]}