{"validation": 0.8430194805194805, "id_test": 0.8378246753246753, "ood_test": 0.5894970414201184, "ood_validation": 0.5562913907284768, "33": 0.8409846281678438, "id_test_conf": [0.8311954810003588, 0.8442938506943884], "id_test_balanced": 0.7782575488090515, "id_test_balanced_conf": [0.7731672193761915, 0.7833478782419115], "ood_test_conf": [0.5627345424496231, 0.6158696572209602], "ood_test_balanced": 0.6630134582519531, "ood_test_balanced_conf": [0.6467689750343562, 0.6792579414695501], "features": ["AccredAgency", "HIGHDEG", "CONTROL", "region", "LOCALE", "locale2", "CCBASIC", "CCSIZSET", "HBCU", "DISTANCEONLY", "median_hh_inc", "poverty_rate", "unemp_rate", "TUITIONFEE_IN", "TUITIONFEE_OUT", "TUITIONFEE_PROG", "ADM_RATE", "ADM_RATE_ALL", "SATVRMID", "SATMTMID", "SATWRMID", "ACTCMMID", "ACTENMID", "ACTMTMID", "ACTWRMID", "NPT4_PROG", "COSTT4_A", "COSTT4_P", "loan_ever", "pell_ever", "PCTPELL", "faminc", "md_faminc", "UGDS", "UG"]}