{"validation": 0.8593344155844156, "id_test": 0.8547077922077922, "ood_test": 0.6597633136094675, "ood_validation": 0.6490066225165563, "33": 0.8555982550893229, "id_test_conf": [0.8483608449165543, 0.8608866604430176], "id_test_balanced": 0.7972093820571899, "id_test_balanced_conf": [0.7922820154298097, 0.8021367486845702], "ood_test_conf": [0.6338124396823804, 0.6850177166943293], "ood_test_balanced": 0.6937053203582764, "ood_test_balanced_conf": [0.6766625182703138, 0.710748122446239], "features": ["AccredAgency", "HIGHDEG", "CONTROL", "region", "LOCALE", "locale2", "CCBASIC", "CCSIZSET", "HBCU", "DISTANCEONLY", "median_hh_inc", "poverty_rate", "unemp_rate", "TUITIONFEE_IN", "TUITIONFEE_OUT", "TUITIONFEE_PROG", "ADM_RATE", "ADM_RATE_ALL", "SATVRMID", "SATMTMID", "SATWRMID", "ACTCMMID", "ACTENMID", "ACTMTMID", "ACTWRMID", "NPT4_PROG", "COSTT4_A", "COSTT4_P", "loan_ever", "pell_ever", "PCTPELL", "faminc", "md_faminc", "UGDS", "UG"]}