{"validation": 0.8775974025974026, "id_test": 0.8757305194805195, "ood_test": 0.6893491124260355, "ood_validation": 0.6423841059602649, "33": 0.8803385957623597, "id_test_conf": [0.8697758550812288, 0.8815070397159696], "id_test_balanced": 0.5468984842300415, "id_test_balanced_conf": [0.5440111629711464, 0.5497858054889366], "ood_test_conf": [0.6639203029645981, 0.7139521066384891], "ood_test_balanced": 0.5, "ood_test_balanced_conf": [0.5, 0.5], "features": ["AccredAgency", "HIGHDEG", "CONTROL", "region", "LOCALE", "locale2", "CCBASIC", "CCSIZSET", "HBCU", "DISTANCEONLY", "median_hh_inc", "poverty_rate", "unemp_rate", "TUITIONFEE_IN", "TUITIONFEE_OUT", "TUITIONFEE_PROG", "ADM_RATE", "ADM_RATE_ALL", "SATVRMID", "SATMTMID", "SATWRMID", "ACTCMMID", "ACTENMID", "ACTMTMID", "ACTWRMID", "NPT4_PROG", "COSTT4_A", "COSTT4_P", "loan_ever", "pell_ever", "PCTPELL", "faminc", "md_faminc", "UGDS", "UG"]}