{"validation": 0.7538271683068063, "id_test": 0.7551513770757392, "ood_test": 0.7399718090922264, "ood_validation": 0.7459395376407825, "train": 0.7546433377131814, "id_test_conf": [0.7530234089312279, 0.7572699798256971], "id_test_balanced": 0.7004501819610596, "id_test_balanced_conf": [0.6989444334665313, 0.7019559304555878], "ood_test_conf": [0.7368356659706887, 0.7430896022436124], "ood_test_balanced": 0.7227344512939453, "ood_test_balanced_conf": [0.7205231220694259, 0.7249457805184647], "features": ["COW", "HINS1", "HINS2", "HINS3", "NWLK", "POBP", "WKHP", "WKW", "SEX", "MAR", "RAC1P", "DIVISION"]}