{"validation": 0.7770781254944151, "id_test": 0.7762758201701093, "ood_test": 0.7530792638748007, "ood_validation": 0.7518672199170124, "train": 0.7768532017849529, "id_test_conf": [0.7742128328311979, 0.7783286660998109], "id_test_balanced": 0.7034028172492981, "id_test_balanced_conf": [0.7019768629246391, 0.7048287715739571], "ood_test_conf": [0.749995468069244, 0.756143706490664], "ood_test_balanced": 0.7155557870864868, "ood_test_balanced_conf": [0.7134834455093368, 0.7176281286636368], "features": ["COW", "ENG", "FER", "HINS1", "NWLA", "OCCP", "POBP", "RELP", "WKW", "SEX", "ST", "MAR", "RAC1P", "ACS_YEAR", "DIVISION"]}