{"validation": 0.7913615795968737, "id_test": 0.7930652592142567, "ood_test": 0.7706393012870335, "ood_validation": 0.7724955542382929, "train": 0.7924379194113231, "id_test_conf": [0.7910593099476819, 0.7950604501434927], "id_test_balanced": 0.7476789951324463, "id_test_balanced_conf": [0.74623045922257, 0.7491275310423225], "ood_test_conf": [0.7676316483716675, 0.7736262566745116], "ood_test_balanced": 0.7429475784301758, "ood_test_balanced_conf": [0.7408579848427326, 0.745037172017619], "features": ["COW", "ENG", "HINS2", "NWLA", "WKHP", "AGEP", "SEX", "ST", "CIT", "RAC1P", "SCHL", "ACS_YEAR", "DIVISION"]}