{"validation": 0.6776706992003281, "id_test": 0.6852573303260201, "ood_test": 0.5918367346938775, "ood_validation": 0.6363636363636364, "train": 0.677568177158089, "id_test_conf": [0.6759353614457946, 0.694468563499012], "id_test_balanced": 0.5, "id_test_balanced_conf": [0.5, 0.5], "ood_test_conf": [0.5195197514862825, 0.6613320233991999], "ood_test_balanced": 0.5, "ood_test_balanced_conf": [0.5, 0.5], "features": ["Average_confidence(CONCENTRATING)", "Average_confidence(CONFUSED)", "Average_confidence(FRUSTRATED)", "problem_type", "bottom_hint", "tutor_mode", "school_id"]}