{"validation": 0.6797211400451098, "id_test": 0.6889481238466271, "ood_test": 0.5918367346938775, "ood_validation": 0.6818181818181818, "train": 0.6808104367439, "id_test_conf": [0.6796545988739348, 0.6981287043314998], "id_test_balanced": 0.5058631896972656, "id_test_balanced_conf": [0.504794982818421, 0.5069313965761103], "ood_test_conf": [0.5195197514862825, 0.6613320233991999], "ood_test_balanced": 0.5, "ood_test_balanced_conf": [0.5, 0.5], "features": ["Average_confidence(CONCENTRATING)", "Average_confidence(CONFUSED)", "Average_confidence(FRUSTRATED)", "problem_type", "bottom_hint", "tutor_mode", "school_id"]}