{"validation": 0.7389146016490614, "id_test": 0.7396057473343102, "ood_test": 0.44123819517313745, "ood_validation": 0.5424528301886793, "train": 0.7390049267856311, "id_test_conf": [0.737948907635995, 0.7412574603753128], "id_test_balanced": 0.5767799615859985, "id_test_balanced_conf": [0.576070909644477, 0.57748901352752], "ood_test_conf": [0.41878949563875517, 0.4638679893778687], "ood_test_balanced": 0.5039191246032715, "ood_test_balanced_conf": [0.5014058999158442, 0.5064323492906988], "features": ["Average_confidence(CONFUSED)", "Average_confidence(FRUSTRATED)", "skill_id", "ms_first_response", "tutor_mode", "position", "type", "first_action", "school_id"]}