{"validation": 0.6956987104251094, "id_test": 0.6956555437859624, "ood_test": 0.43651626442812175, "ood_validation": 0.5424528301886793, "train": 0.6956105518747299, "id_test_conf": [0.6939190497429719, 0.6973878518260672], "id_test_balanced": 0.5000424385070801, "id_test_balanced_conf": [0.5000250933768257, 0.5000597836373345], "ood_test_conf": [0.4141009187067153, 0.45912726054932507], "ood_test_balanced": 0.5, "ood_test_balanced_conf": [0.5, 0.5], "features": ["Average_confidence(CONFUSED)", "Average_confidence(FRUSTRATED)", "skill_id", "ms_first_response", "tutor_mode", "position", "type", "first_action", "school_id"]}