{"validation": 0.7410368270700002, "id_test": 0.7417132016697239, "ood_test": 0.44333683105981114, "ood_validation": 0.5471698113207547, "train": 0.7410634825947768, "id_test_conf": [0.7400606967718395, 0.7433605347985259], "id_test_balanced": 0.5806511640548706, "id_test_balanced_conf": [0.5799266717478168, 0.5813756563619245], "ood_test_conf": [0.42087396343299993, 0.4659743243902479], "ood_test_balanced": 0.5056458711624146, "ood_test_balanced_conf": [0.5026118739321828, 0.5086798683926463], "features": ["Average_confidence(CONFUSED)", "Average_confidence(FRUSTRATED)", "skill_id", "ms_first_response", "tutor_mode", "position", "type", "first_action", "school_id"]}