{"id_test": 0.7831462706178052, "id_test_conf": [0.7815896786455685, 0.7846968037488756], "id_test_balanced": 0.6457615494728088, "id_test_balanced_conf": [0.6448968961904756, 0.646626202755142], "ood_test": 0.44491080797481636, "ood_test_conf": [0.42243757860176945, 0.4675538114209569], "ood_test_balanced": 0.5063654780387878, "ood_test_balanced_conf": [0.5023897075559944, 0.5103412485215812], "validation": 0.7835034804496903, "validation_conf": [0.7819478067634711, 0.7850530876229643], "validation_balanced": 0.6463112831115723, "validation_balanced_conf": [0.6454456298565492, 0.6471769363665953], "features": ["Average_confidence(CONFUSED)", "Average_confidence(FRUSTRATED)", "skill_id", "ms_first_response", "tutor_mode", "position", "type", "first_action", "school_id"]}