{"validation": 0.7784396660539894, "id_test": 0.777975441328988, "ood_test": 0.44176285414480587, "ood_validation": 0.5424528301886793, "train": 0.7782877263108069, "id_test_conf": [0.7764057056342974, 0.7795392289082883], "id_test_balanced": 0.6355689764022827, "id_test_balanced_conf": [0.6347305931954179, 0.6364073596091475], "ood_test_conf": [0.4193105747992078, 0.4643946109053047], "ood_test_balanced": 0.5046554803848267, "ood_test_balanced_conf": [0.502499567787163, 0.5068113929824903], "features": ["Average_confidence(CONFUSED)", "Average_confidence(FRUSTRATED)", "skill_id", "ms_first_response", "tutor_mode", "position", "type", "first_action", "school_id"]}