{"validation": 0.7748743273468123, "id_test": 0.7744839320447474, "ood_test": 0.44123819517313745, "ood_validation": 0.5424528301886793, "train": 0.7746638007436083, "id_test_conf": [0.7729055201370393, 0.7760564705990993], "id_test_balanced": 0.630078911781311, "id_test_balanced_conf": [0.6292502502712887, 0.6309075732913334], "ood_test_conf": [0.41878949563875517, 0.4638679893778687], "ood_test_balanced": 0.5041899681091309, "ood_test_balanced_conf": [0.5021437289565802, 0.5062362072616815], "features": ["Average_confidence(CONFUSED)", "Average_confidence(FRUSTRATED)", "skill_id", "ms_first_response", "tutor_mode", "position", "type", "first_action", "school_id"]}