{"validation": 0.8751910506975383, "id_test": 0.8743861988228026, "ood_test": 0.8275896022055927, "ood_validation": 0.8243733648409148, "train": 0.874765124269459, "id_test_conf": [0.8725212288796024, 0.8762334989625048], "id_test_balanced": 0.5379643440246582, "id_test_balanced_conf": [0.5371168429264799, 0.5388118451228365], "ood_test_conf": [0.8259796879459228, 0.8291906080370306], "ood_test_balanced": 0.5391369462013245, "ood_test_balanced_conf": [0.538459673312027, 0.5398142190906219], "features": ["CHOL_CHK_PAST_5_YEARS", "TOLDHI", "BMI5", "SMOKE100", "CVDSTRK3", "VEG_ONCE_PER_DAY", "INCOME", "MARITAL", "CHECKUP1", "EDUCA", "HEALTH_COV", "MENTHLTH", "PRACE1", "MEDCOST", "PRACE1", "IYEAR"]}