{"validation": 0.9254489890825343, "id_test": 0.9256485681490203, "ood_test": 0.45120671563483733, "ood_validation": 0.5518867924528302, "train": 0.925203652621706, "id_test_conf": [0.9246543449586789, 0.9266336750147983], "id_test_balanced": 0.8788014650344849, "id_test_balanced_conf": [0.8779931057651993, 0.8796098243037704], "ood_test_conf": [0.4286942998756706, 0.4738694997049344], "ood_test_balanced": 0.5130353569984436, "ood_test_balanced_conf": [0.5094584700884297, 0.5166122439084575], "features": ["Average_confidence(BORED)", "attempt_count", "hint_count", "skill_id", "problem_type", "position", "type", "school_id"]}