{"validation": 0.8224146921540947, "id_test": 0.8196444014854759, "ood_test": 0.7909079749580589, "ood_validation": 0.7958018781071626, "train": 0.8195250374393102, "id_test_conf": [0.8169388366774906, 0.8223263606185374], "id_test_balanced": 0.5758714079856873, "id_test_balanced_conf": [0.5743989651417359, 0.5773438508296386], "ood_test_conf": [0.7872753725100001, 0.7945059966989962], "ood_test_balanced": 0.568488597869873, "ood_test_balanced_conf": [0.5666321309446357, 0.5703450647951104], "features": ["ENG", "NWLA", "OCCP", "WKHP", "WKW", "WRK", "MIL", "ANC", "NATIVITY", "DEAR", "DEYE", "DREM", "PUBCOV", "AGEP", "CIT", "ACS_YEAR", "DIVISION"]}