{"id_test": 0.6539468897781011, "id_test_conf": [0.6482892034361699, 0.6595720220676221], "id_test_balanced": 0.6023825407028198, "id_test_balanced_conf": [0.5988966546161101, 0.6058684267895296], "ood_test": 0.5871171191882966, "ood_test_conf": [0.5857799970942489, 0.5884532742316909], "ood_test_balanced": 0.6184471845626831, "ood_test_balanced_conf": [0.6175874814589042, 0.619306887666462], "validation": 0.6558748635867588, "validation_conf": [0.6502243991737644, 0.6614923660668086], "validation_balanced": 0.6062001585960388, "validation_balanced_conf": [0.6027336002187803, 0.6096667169732973], "features": ["FRUIT_ONCE_PER_DAY", "VEG_ONCE_PER_DAY", "DRNK_PER_WEEK", "RFBING5", "SMOKE100", "CHCOCNCR", "DIABETES", "POVERTY", "EMPLOY1", "MEDCOST", "PRACE1", "SEX", "IYEAR", "STATE", "MEDCOST", "PRACE1", "BMI5CAT"]}