{"id_test": 0.6520189159694434, "id_test_conf": [0.6463541097264729, 0.6576515760329902], "id_test_balanced": 0.6022735834121704, "id_test_balanced_conf": [0.5987421962292865, 0.6058049705950543], "ood_test": 0.586335456085094, "ood_test_conf": [0.5849979648563322, 0.5876719889403677], "ood_test_balanced": 0.6168048977851868, "ood_test_balanced_conf": [0.6159403079922776, 0.6176694875780959], "validation": 0.6525281920698436, "validation_conf": [0.6468652566620943, 0.658158873558861], "validation_balanced": 0.605063796043396, "validation_balanced_conf": [0.6015368219744414, 0.6085907701123506], "features": ["FRUIT_ONCE_PER_DAY", "VEG_ONCE_PER_DAY", "DRNK_PER_WEEK", "RFBING5", "SMOKE100", "CHCOCNCR", "DIABETES", "POVERTY", "EMPLOY1", "MEDCOST", "PRACE1", "SEX", "IYEAR", "STATE", "MEDCOST", "PRACE1", "BMI5CAT"]}