{"validation": 0.8317117529601791, "id_test": 0.8283181563819505, "ood_test": 0.8006260485289906, "ood_validation": 0.7978272877923035, "train": 0.8291988464559042, "id_test_conf": [0.8256638504600661, 0.8309482145923054], "id_test_balanced": 0.6514018774032593, "id_test_balanced_conf": [0.6495186416711658, 0.6532851131353528], "ood_test_conf": [0.7970560776841817, 0.8041602810780487], "ood_test_balanced": 0.6569437980651855, "ood_test_balanced_conf": [0.6544394390797242, 0.6594481570506469], "features": ["ENG", "NWLA", "NWLK", "OCCP", "POBP", "RELP", "WKW", "WRK", "ANC", "NATIVITY", "DEAR", "PUBCOV", "AGEP", "SEX", "CIT", "SCHL", "ACS_YEAR", "DIVISION"]}