{"id_test": 0.6693405293508797, "id_test_conf": [0.6636979650794301, 0.6749467016322498], "id_test_balanced": 0.6349631547927856, "id_test_balanced_conf": [0.6311849499354139, 0.6387413596501574], "ood_test": 0.601723413198823, "ood_test_conf": [0.6003895488191671, 0.6030561411033095], "ood_test_balanced": 0.6269491910934448, "ood_test_balanced_conf": [0.6260641471529379, 0.6278342350339517], "validation": 0.6628590440279473, "validation_conf": [0.6571898701864773, 0.6684932182148424], "validation_balanced": 0.628337025642395, "validation_balanced_conf": [0.6245462260348722, 0.6321278252499178], "features": ["AGEG5YR", "FRUIT_ONCE_PER_DAY", "VEG_ONCE_PER_DAY", "DRNK_PER_WEEK", "TOTINDA", "SMOKDAY2", "DIABETES", "IYEAR", "STATE", "PRACE1", "STATE", "SEX", "BMI5CAT"]}