{"validation": 0.8780254855062407, "id_test": 0.8772091656394642, "ood_test": 0.8291485719943983, "ood_validation": 0.8347973689794186, "train": 0.877804954454407, "id_test_conf": [0.8753582893464249, 0.8790421651792879], "id_test_balanced": 0.5366747975349426, "id_test_balanced_conf": [0.5358748203527648, 0.5374747747171205], "ood_test_conf": [0.827539858394896, 0.8307482841400129], "ood_test_balanced": 0.5287731289863586, "ood_test_balanced_conf": [0.5282078201812692, 0.5293384377914481], "features": ["PHYSHLTH", "HIGH_BLOOD_PRESS", "TOLDHI", "BMI5", "SMOKDAY2", "FRUIT_ONCE_PER_DAY", "VEG_ONCE_PER_DAY", "DRNK_PER_WEEK", "TOTINDA", "MARITAL", "CHECKUP1", "EDUCA", "HEALTH_COV", "SEX", "IYEAR", "PRACE1", "PRACE1"]}