{"validation": 0.8588474025974026, "id_test": 0.85, "ood_test": 0.602810650887574, "ood_validation": 0.5496688741721855, "train": 0.8505519704533463, "id_test_conf": [0.8435716256382155, 0.8562625446057821], "id_test_balanced": 0.8559377193450928, "id_test_balanced_conf": [0.8515542265120893, 0.8603212121780962], "ood_test_conf": [0.5761579542773534, 0.6290154220422264], "ood_test_balanced": 0.6412783861160278, "ood_test_balanced_conf": [0.6236102940887213, 0.6589464781433344], "features": ["STABBR", "sch_deg", "HIGHDEG", "region", "locale2", "CCSIZSET", "HBCU", "ADM_RATE", "PCIP01", "PCIP04", "PCIP10", "PCIP11", "PCIP12", "PCIP13", "PCIP19", "PCIP23", "PCIP24", "PCIP25", "PCIP26", "PCIP29", "PCIP39", "PCIP44", "PCIP45", "PCIP47", "PCIP48", "PCIP51", "PCIP52", "PCIP54", "UGDS", "UG", "UGDS_BLACK", "UGDS_ASIAN", "UGDS_WHITENH", "UGDS_API", "UGDS_AIANOld", "UGDS_HISPOld", "UG_UNKN", "UG_WHITENH", "UG_API", "UG_HISPOld", "PPTUG_EF", "PPTUG_EF2", "NPT4_PROG", "COSTT4_P", "TUITIONFEE_IN", "AVGFACSAL", "age_entry_sq", "first_gen", "faminc", "md_faminc", "pct_black", "pct_hispanic", "pct_grad_prof", "poverty_rate", "CCBASIC"]}