{"validation": 0.9196101010548383, "id_test": 0.9195771804401663, "ood_test": 0.4522560335781742, "ood_validation": 0.5518867924528302, "train": 0.9193098717024238, "id_test_conf": [0.9185468577587631, 0.9205985176143194], "id_test_balanced": 0.8687186241149902, "id_test_balanced_conf": [0.8678887283545919, 0.8695485198753886], "ood_test_conf": [0.4297374377405798, 0.4749217635443068], "ood_test_balanced": 0.5139665007591248, "ood_test_balanced_conf": [0.5102676123892889, 0.5176653891289607], "features": ["Average_confidence(CONCENTRATING)", "attempt_count", "hint_count", "skill_id", "ms_first_response", "position", "overlap_time", "school_id"]}