{"id_test": 0.9307964568971907, "id_test_conf": [0.9292660529679168, 0.9323036621226116], "id_test_balanced": 0.8886382579803467, "id_test_balanced_conf": [0.8873919433588162, 0.8898845726018771], "ood_test": 0.5891677675033025, "ood_test_conf": [0.5531690036153304, 0.624469145960527], "ood_test_balanced": 0.6150990128517151, "ood_test_balanced_conf": [0.6001049808226526, 0.6300930448807776], "validation": 0.9299989807925727, "validation_conf": [0.9284605448781312, 0.9315142612262474], "validation_balanced": 0.8869783878326416, "validation_balanced_conf": [0.8857249271427281, 0.8882318485225551], "features": ["Average_confidence(CONCENTRATING)", "attempt_count", "hint_count", "skill_id", "ms_first_response", "position", "overlap_time", "school_id"]}