{"id_test": 0.6322674418604651, "id_test_conf": [0.6265386241519105, 0.6379683220662664], "id_test_balanced": 0.5805432796478271, "id_test_balanced_conf": [0.576993128117174, 0.5840934311784803], "ood_test": 0.5379546985517009, "ood_test_conf": [0.5366017675537859, 0.5393072087032484], "ood_test_balanced": 0.5778984427452087, "ood_test_balanced_conf": [0.5770706676342524, 0.5787262178561651], "validation": 0.6375231658127112, "validation_conf": [0.6318110849206171, 0.6432061976576344], "validation_balanced": 0.5853605270385742, "validation_balanced_conf": [0.5818289267411455, 0.5888921273360029], "features": ["VEG_ONCE_PER_DAY", "TOTINDA", "SMOKE100", "CHCOCNCR", "EMPLOY1", "IYEAR", "PRACE1", "SEX", "STATE", "PRACE1", "BMI5CAT"]}