{"id_test": 0.8791946308724832, "id_test_conf": [0.836693836583857, 0.913937390595699], "id_test_balanced": 0.8323850035667419, "id_test_balanced_conf": [0.8033943502604961, 0.8613756568729878], "ood_test": 0.7691586523921853, "ood_test_conf": [0.7645782621873753, 0.7736917172613103], "ood_test_balanced": 0.771181046962738, "ood_test_balanced_conf": [0.7679904167028144, 0.7743716772226616], "validation": 0.8355704697986577, "validation_conf": [0.7885098367165799, 0.8758098484250081], "validation_balanced": 0.7806519865989685, "validation_balanced_conf": [0.7490045077353716, 0.8122994654625654], "features": ["LIVING_QUARTERS_TYPE", "FAMILY_SIZE_AVG", "HOUSEHOLD_INC", "RECEIVED_WORK_COMP", "UNEMPLOYMENT_COMP", "SAVINGS_INV_AMOUNT", "VA_BENEFITS_AMOUNT", "DISABILITY_BENEFITS_AMOUNT", "FOOD_ASSISTANCE", "GENDER", "LIVING_OWNERSHIP", "SNAP_ASSISTANCE", "WIC_ASSISTANCE", "MEDICAID_ASSISTANCE", "HEALTHDISAB", "VISIT_DENTIST_NUM", "TRANSPORTATION_ASSISTANCE", "VISIT_DOCTOR_NUM", "HEALTH_HEARING", "HEALTH_SELF_CARE", "HEALTH_INSURANCE_PREMIUMS", "SOCIAL_SEC_BENEFITS", "CITIZENSHIP_STATUS"]}