{"validation": 0.8754642851247173, "id_test": 0.8735576208792116, "ood_test": 0.826865671641791, "ood_validation": 0.8299088720770289, "train": 0.8761768374656557, "id_test_conf": [0.8716731297178836, 0.875424211881106], "id_test_balanced": 0.5068778395652771, "id_test_balanced_conf": [0.5065203843248309, 0.5072352948057233], "ood_test_conf": [0.8252380913943396, 0.8284841974036502], "ood_test_balanced": 0.506223738193512, "ood_test_balanced_conf": [0.5059558496740647, 0.5064916267129592], "features": ["PHYSHLTH", "BMI5", "MICHD", "FRUIT_ONCE_PER_DAY", "DRNK_PER_WEEK", "TOTINDA", "INCOME", "MENTHLTH", "STATE", "PRACE1", "IYEAR", "STATE", "SEX", "PRACE1"]}