{"validation": 0.7776572992984957, "id_test": 0.7768190549979832, "ood_test": 0.3643811966836089, "ood_validation": 0.36081033496192616, "train": 0.7766688990125177, "id_test_conf": [0.775663236800251, 0.7779716697380867], "id_test_balanced": 0.5021786689758301, "id_test_balanced_conf": [0.5020744429931802, 0.50228289495848], "ood_test_conf": [0.36333807641469523, 0.3654252775538846], "ood_test_balanced": 0.5003314018249512, "ood_test_balanced_conf": [0.5002789005135128, 0.5003839031363896], "features": ["NATIVITY", "DEYE", "ESR", "AGEP", "ST", "DIVISION", "DIS"]}