{"validation": 0.7770881882499536, "id_test": 0.7762120044250792, "ood_test": 0.36373806819362814, "ood_validation": 0.3601500946344469, "train": 0.7760952951251907, "id_test_conf": [0.7750550737340849, 0.7773657386870135], "id_test_balanced": 0.5, "id_test_balanced_conf": [0.5, 0.5], "ood_test_conf": [0.3626953439833549, 0.3647817575608891], "ood_test_balanced": 0.5000045895576477, "ood_test_balanced_conf": [0.49999872500909986, 0.5000104541061955], "features": ["NATIVITY", "DEYE", "ESR", "AGEP", "ST", "DIVISION", "DIS"]}