{"validation": 0.7793486573971456, "id_test": 0.7783626408297423, "ood_test": 0.3730218602552707, "ood_validation": 0.3699656675029711, "train": 0.7783305530934298, "id_test_conf": [0.7772096673834908, 0.7795123929462269], "id_test_balanced": 0.509472668170929, "id_test_balanced_conf": [0.5092494629006251, 0.5096958734412328], "ood_test_conf": [0.37197361286760183, 0.3740710070382316], "ood_test_balanced": 0.5056679844856262, "ood_test_balanced_conf": [0.5054926530647208, 0.5058433159065316], "features": ["NATIVITY", "DEYE", "ESR", "AGEP", "ST", "DIVISION", "DIS"]}