{"validation": 0.8745563497697145, "id_test": 0.8728065107218912, "ood_test": 0.8258674626865672, "ood_validation": 0.8288342503438789, "train": 0.875336994662768, "id_test_conf": [0.8709172946609153, 0.8746778627466603], "id_test_balanced": 0.5004068613052368, "id_test_balanced_conf": [0.5003177369780315, 0.5004959856324421], "ood_test_conf": [0.8242362124154262, 0.8274896861633332], "ood_test_balanced": 0.5003188848495483, "ood_test_balanced_conf": [0.5002587819630571, 0.5003789877360396], "features": ["IYEAR", "MEDCOST", "PRACE1", "SEX", "PHYSHLTH", "BMI5", "BMI5CAT", "SMOKE100", "SMOKDAY2", "FRUIT_ONCE_PER_DAY", "VEG_ONCE_PER_DAY", "DRNK_PER_WEEK", "RFBING5", "TOTINDA", "INCOME", "MARITAL", "CHECKUP1", "EDUCA", "MENTHLTH"]}