{"validation": 0.8756788880268088, "id_test": 0.873276986314938, "ood_test": 0.8267271641791045, "ood_validation": 0.829221114167813, "train": 0.8762191391301746, "id_test_conf": [0.8713907272839179, 0.8751453586833248], "id_test_balanced": 0.5130070447921753, "id_test_balanced_conf": [0.5124983699794393, 0.5135157196049113], "ood_test_conf": [0.8250990735199664, 0.8283462041950082], "ood_test_balanced": 0.5104668140411377, "ood_test_balanced_conf": [0.5101043087389553, 0.5108293193433201], "features": ["IYEAR", "MEDCOST", "PRACE1", "SEX", "PHYSHLTH", "BMI5", "BMI5CAT", "SMOKE100", "SMOKDAY2", "FRUIT_ONCE_PER_DAY", "VEG_ONCE_PER_DAY", "DRNK_PER_WEEK", "RFBING5", "TOTINDA", "INCOME", "MARITAL", "CHECKUP1", "EDUCA", "MENTHLTH"]}