{"id_test": 0.9726644563567068, "id_test_conf": [0.9718572263216888, 0.9734546432942593], "id_test_balanced": 0.641883134841919, "id_test_balanced_conf": [0.6407705032778904, 0.6429957664059475], "ood_test": 0.9611273080660836, "ood_test_conf": [0.9601794442825797, 0.9620587866281363], "ood_test_balanced": 0.6694209575653076, "ood_test_balanced_conf": [0.6682563217170536, 0.6705855934135616], "validation": 0.9732096378374359, "validation_conf": [0.9724101475361551, 0.9739920644176282], "validation_balanced": 0.6468691229820251, "validation_balanced_conf": [0.6457451245863922, 0.6479931213776581], "features": ["RELP", "WKHP", "WRK", "OCCP", "DIS", "ESP", "MIG", "MIL", "ANC", "NATIVITY", "DEAR", "DEYE", "DPHY", "AGEP", "ST", "MAR", "ACS_YEAR", "SCHL"]}