{"validation": 0.6438948652545192, "id_test": 0.6460520479077333, "ood_test": 0.5588270455167733, "ood_validation": 0.559236442516269, "train": 0.6449210067880099, "id_test_conf": [0.6403197307577215, 0.6517529800660575], "id_test_balanced": 0.5762820243835449, "id_test_balanced_conf": [0.5733929500635714, 0.5791710987035185], "ood_test_conf": [0.5574744124032691, 0.5601790214111299], "ood_test_balanced": 0.6034059524536133, "ood_test_balanced_conf": [0.6026139034063089, 0.6041980015009176], "features": ["AGEG5YR", "FRUIT_ONCE_PER_DAY", "SMOKE100", "CHCSCNCR", "DIABETES", "POVERTY", "EMPLOY1", "STATE", "MEDCOST", "PRACE1", "STATE", "MEDCOST", "PRACE1", "BMI5CAT", "IYEAR"]}