{"validation": 0.8070820878362842, "id_test": 0.8020689655172414, "ood_test": 0.757147567236588, "ood_validation": 0.768122085629504, "train": 0.8020749511438097, "id_test_conf": [0.7899124894581272, 0.813818457351785], "id_test_balanced": 0.7221044301986694, "id_test_balanced_conf": [0.7136454365774989, 0.73056342381984], "ood_test_conf": [0.7513210545416124, 0.7629035945648122], "ood_test_balanced": 0.7190915942192078, "ood_test_balanced_conf": [0.715270068012178, 0.7229131204262376], "features": ["VCF0224", "VCF0301", "VCF9008", "VCF9011", "VCF9202", "VCF9203", "VCF9205", "VCF9206", "VCF0521", "VCF9052", "VCF0809", "VCF0843", "VCF0838", "VCF0846", "VCF0612", "VCF0615", "VCF0616", "VCF0743", "VCF0718", "VCF0720", "VCF0721", "VCF0675", "VCF0724", "VCF0725", "VCF0726", "VCF0745", "VCF0101", "VCF0105a", "VCF0140a", "VCF0112"]}