{"id_test": 0.8133333333333334, "id_test_conf": [0.8014304294377337, 0.8248139564287836], "id_test_balanced": 0.738854706287384, "id_test_balanced_conf": [0.7304639467410743, 0.7472454658336938], "ood_test": 0.7611982478451321, "ood_test_conf": [0.7554042012343766, 0.7669206965663103], "ood_test_balanced": 0.7243626117706299, "ood_test_balanced_conf": [0.7205384442210198, 0.72818677932024], "validation": 0.8121407220050586, "validation_conf": [0.8002088280590667, 0.8236518583594599], "validation_balanced": 0.7382165789604187, "validation_balanced_conf": [0.7298263761587441, 0.7466067817620933], "features": ["VCF0224", "VCF0301", "VCF9008", "VCF9011", "VCF9202", "VCF9203", "VCF9205", "VCF9206", "VCF0521", "VCF9052", "VCF0809", "VCF0843", "VCF0838", "VCF0846", "VCF0612", "VCF0615", "VCF0616", "VCF0743", "VCF0718", "VCF0720", "VCF0721", "VCF0675", "VCF0724", "VCF0725", "VCF0726", "VCF0745", "VCF0101", "VCF0105a", "VCF0140a", "VCF0112"]}