{"validation": 0.7773059519665855, "id_test": 0.7772947043337384, "ood_test": 0.7849718749588334, "ood_validation": 0.7793716656787196, "0": 0.811792322562828, "2": 0.7729766725603149, "3": 0.7807317888509578, "4": 0.7680878761471345, "5": 0.7788775382104636, "6": 0.7749716889743905, "7": 0.7757319069681122, "8": 0.7843068407138136, "9": 0.7886893424878987, "id_test_conf": [0.7752350375065428, 0.7793441923172396], "id_test_balanced": 0.7516236305236816, "id_test_balanced_conf": [0.7501380598009564, 0.7531092012464069], "ood_test_conf": [0.7820318185924207, 0.7878901362158448], "ood_test_balanced": 0.7703126072883606, "ood_test_balanced_conf": [0.7682278122007847, 0.7723974023759365], "features": ["DIVISION", "AGEP", "OCCP", "WKHP", "HINS1"]}