{"validation": 0.7749454165743759, "id_test": 0.7754341332523289, "ood_test": 0.7720488466757124, "ood_validation": 0.760877296976882, "train": 0.7768152307963703, "id_test_conf": [0.7733684162208804, 0.7774897397983048], "id_test_balanced": 0.7321492433547974, "id_test_balanced_conf": [0.7306638229987584, 0.7336346637108363], "ood_test_conf": [0.7690476181520756, 0.7750292697431426], "ood_test_balanced": 0.7480173110961914, "ood_test_balanced_conf": [0.7459153000498191, 0.7501193221425637], "features": ["DIVISION", "AGEP", "OCCP", "WKHP", "HINS1"]}