{"validation": 0.7841597316710439, "id_test": 0.7844205650060754, "ood_test": 0.7746703376322273, "ood_validation": 0.7677534084173089, "train": 0.7855588419797757, "id_test_conf": [0.7823846227289974, 0.786446066615151], "id_test_balanced": 0.7302200198173523, "id_test_balanced_conf": [0.7287651690770872, 0.7316748705576174], "ood_test_conf": [0.7716811847826289, 0.7776384842913294], "ood_test_balanced": 0.7439785003662109, "ood_test_balanced_conf": [0.7419176097027957, 0.7460393910296261], "features": ["DIVISION", "AGEP", "OCCP", "WKHP", "HINS1"]}