{"validation": 0.7097364174287252, "id_test": 0.7082257492912111, "ood_test": 0.7486530278879214, "ood_validation": 0.7529342027267338, "0": 0.6426401546534106, "2": 0.7309701705355615, "3": 0.6957565566214532, "4": 0.6718415475153041, "5": 0.7034216803188651, "6": 0.6693135770128116, "7": 0.6965129612322947, "8": 0.7151768010575017, "9": 0.7555582395733651, "id_test_conf": [0.7059774436302815, 0.7104664127901565], "id_test_balanced": 0.757020890712738, "id_test_balanced_conf": [0.7556029507727362, 0.7584388306527399], "ood_test_conf": [0.7455511387079781, 0.7517359026753052], "ood_test_balanced": 0.7735462784767151, "ood_test_balanced_conf": [0.7715323467133567, 0.7755602102400735], "features": ["DIVISION", "AGEP", "OCCP", "WKHP", "HINS1"]}