{"validation": 0.7840458184349587, "id_test": 0.7846800324017821, "ood_test": 0.7834569429990383, "ood_validation": 0.7766449318316538, "train": 0.7860311061502717, "id_test_conf": [0.7826449707756352, 0.7867046438258312], "id_test_balanced": 0.7452371716499329, "id_test_balanced_conf": [0.7437672700942494, 0.7467070732056164], "ood_test_conf": [0.7805094991910053, 0.7863827077259976], "ood_test_balanced": 0.7603194713592529, "ood_test_balanced_conf": [0.7582492451835424, 0.7623896975349634], "features": ["DIVISION", "AGEP", "OCCP", "WKHP", "HINS1"]}