{"validation": 0.7834509382020695, "id_test": 0.7841231267719725, "ood_test": 0.7756451634150519, "ood_validation": 0.7684647302904565, "train": 0.7853120305539888, "id_test_conf": [0.7820861764361533, 0.7861496473690717], "id_test_balanced": 0.7331806421279907, "id_test_balanced_conf": [0.7317203887971118, 0.7346408954588697], "ood_test_conf": [0.7726605436494043, 0.7786087023426572], "ood_test_balanced": 0.7459549903869629, "ood_test_balanced_conf": [0.7438911302667112, 0.7480188505072146], "features": ["DIVISION", "AGEP", "OCCP", "WKHP", "HINS1"]}