{"id_test": 0.8205092333519866, "id_test_conf": [0.8178086733867775, 0.8231861236358253], "id_test_balanced": 0.5824633240699768, "id_test_balanced_conf": [0.5809405054198578, 0.5839861427200959], "ood_test": 0.8007897213470273, "ood_test_conf": [0.7972208329599146, 0.8043228519390491], "ood_test_balanced": 0.6153172254562378, "ood_test_balanced_conf": [0.6130822726897895, 0.617552178222686], "validation": 0.8239536037239117, "validation_conf": [0.8212731901446936, 0.8266100923789724], "validation_balanced": 0.5823475122451782, "validation_balanced_conf": [0.5808318783389405, 0.583863146151416], "features": ["FER", "HUPAC", "NWLA", "OCCP", "WKHP", "WKW", "WRK", "DIS", "MIL", "NATIVITY", "DEYE", "MAR", "RAC1P", "DIVISION"]}