{"validation": 0.8193368690144607, "id_test": 0.8184616167268658, "ood_test": 0.7958181594991611, "ood_validation": 0.8033511323881422, "train": 0.8192213895309832, "id_test_conf": [0.8157492442615895, 0.8211504710523884], "id_test_balanced": 0.5971052646636963, "id_test_balanced_conf": [0.5954485074011608, 0.5987620219262317], "ood_test_conf": [0.7922168031656406, 0.7993843502831401], "ood_test_balanced": 0.6229563355445862, "ood_test_balanced_conf": [0.6206134229199961, 0.6252992481691763], "features": ["FER", "HUPAC", "NWLA", "OCCP", "WKHP", "WKW", "WRK", "DIS", "MIL", "NATIVITY", "DEYE", "MAR", "RAC1P", "DIVISION"]}