{"validation": 0.8059108312501978, "id_test": 0.804007189145403, "ood_test": 0.7908471762985602, "ood_validation": 0.7830468286899822, "train": 0.8056937497379606, "id_test_conf": [0.8020411991657801, 0.8059620186331202], "id_test_balanced": 0.7586224675178528, "id_test_balanced_conf": [0.7571973646245896, 0.7600475704111159], "ood_test_conf": [0.7879363312545552, 0.793735776207328], "ood_test_balanced": 0.768213152885437, "ood_test_balanced_conf": [0.7661651608999819, 0.7702611448708921], "features": ["COW", "ENG", "FER", "HINS1", "NWLK", "OCCP", "POBP", "WKW", "AGEP", "SEX", "ST", "RAC1P", "SCHL", "DIVISION"]}