{"validation": 0.8311012756432269, "id_test": 0.8286615455054179, "ood_test": 0.8022013994025942, "ood_validation": 0.8116368992819002, "train": 0.8292926434537644, "id_test_conf": [0.8260093183969917, 0.8312894994801849], "id_test_balanced": 0.6008124351501465, "id_test_balanced_conf": [0.5992185437120497, 0.6024063265882432], "ood_test_conf": [0.7986418859778706, 0.8057249868459322], "ood_test_balanced": 0.6424837708473206, "ood_test_balanced_conf": [0.6400686411419884, 0.6448989005526528], "features": ["HUPAC", "WIF", "NWLA", "NWLK", "OCCP", "RELP", "DIS", "ANC", "NATIVITY", "AGEP", "SEX", "ST", "CIT", "RAC1P", "SCHL", "ACS_YEAR", "DIVISION"]}