{"validation": 0.8308341918170603, "id_test": 0.8260797680215699, "ood_test": 0.8025287450386677, "ood_validation": 0.8138464371202356, "train": 0.8279031760617344, "id_test_conf": [0.8234120050528944, 0.8287234489851463], "id_test_balanced": 0.5914287567138672, "id_test_balanced_conf": [0.5898849077196792, 0.5929726057080552], "ood_test_conf": [0.7989714154769657, 0.8060501096181081], "ood_test_balanced": 0.6281594038009644, "ood_test_balanced_conf": [0.6258415690995753, 0.6304772385023534], "features": ["HUPAC", "WIF", "NWLA", "NWLK", "OCCP", "RELP", "DIS", "ANC", "NATIVITY", "AGEP", "SEX", "ST", "CIT", "RAC1P", "SCHL", "ACS_YEAR", "DIVISION"]}