{"validation": 0.7003195899123501, "id_test": 0.7001696030781693, "ood_test": 0.6738022157526578, "ood_validation": 0.6577356253704801, "train": 0.699632868004142, "id_test_conf": [0.6979036731286357, 0.7024281866449236], "id_test_balanced": 0.5884135365486145, "id_test_balanced_conf": [0.5870862445607782, 0.5897408285364508], "ood_test_conf": [0.670453983893001, 0.6771371598291576], "ood_test_balanced": 0.6407609581947327, "ood_test_balanced_conf": [0.6384891457390041, 0.6430327706504613], "features": ["COW", "ENG", "FER", "HINS2", "HINS4", "NWLA", "POBP", "WKW", "DIVISION"]}