{"validation": 0.6245916938870741, "id_test": 0.6256123163051085, "ood_test": 0.5763812588290692, "ood_validation": 0.5711511299435028, "train": 0.622200186654223, "id_test_conf": [0.6109268158986976, 0.6401264592193318], "id_test_balanced": 0.5683631300926208, "id_test_balanced_conf": [0.560766184348613, 0.5759600758366287], "ood_test_conf": [0.572077352406239, 0.580676464315993], "ood_test_balanced": 0.57235187292099, "ood_test_balanced_conf": [0.5700728264357895, 0.5746309194061905], "features": ["gender", "weight", "admission_type_id", "time_in_hospital", "payer_code", "medical_specialty", "num_lab_procedures", "num_procedures", "num_medications", "number_emergency", "number_inpatient", "diag_1", "max_glu_serum", "A1Cresult", "metformin", "repaglinide", "nateglinide", "chlorpropamide", "glimepiride", "glipizide", "glyburide", "tolbutamide", "pioglitazone", "miglitol", "tolazamide", "examide", "glipizide-metformin", "glimepiride-pioglitazone", "metformin-pioglitazone", "diabetesMed", "admission_source_id"]}