{"validation": 0.7778122330158529, "id_test": 0.7756176589712435, "ood_test": 0.7600611242112474, "ood_validation": 0.7548310610551274, "train": 0.7779274643369356, "id_test_conf": [0.7735525361098001, 0.777672664604474], "id_test_balanced": 0.7340224981307983, "id_test_balanced_conf": [0.732536081452854, 0.7355089148087427], "ood_test_conf": [0.7570067549518912, 0.7630956058209257], "ood_test_balanced": 0.7321425676345825, "ood_test_balanced_conf": [0.7300239295465871, 0.7342612057225779], "features": ["COW", "ENG", "HINS1", "HINS3", "HINS4", "OCCP", "WKW", "AGEP", "ST", "MAR", "DIVISION"]}