{"id_test": 0.8173297044309915, "id_test_conf": [0.8146108570813377, 0.8200251174078498], "id_test_balanced": 0.5508726835250854, "id_test_balanced_conf": [0.5496456287312321, 0.5520997383189388], "ood_test": 0.791153484185114, "ood_test_conf": [0.7875224250003998, 0.7947499334226594], "ood_test_balanced": 0.5609611868858337, "ood_test_balanced_conf": [0.5592163951764815, 0.562705978595186], "validation": 0.8196548259503733, "validation_conf": [0.8169493040123184, 0.8223367411413024], "validation_balanced": 0.5497219562530518, "validation_balanced_conf": [0.5484981439262628, 0.5509457685798407], "features": ["ENG", "FER", "HUPAC", "MIL", "DEYE", "AGEP", "SEX", "CIT", "RAC1P", "SCHL", "DIVISION"]}