{"validation": 0.8169331145789615, "id_test": 0.8150150073765071, "ood_test": 0.7874094684725235, "ood_validation": 0.7924875713496594, "train": 0.8150450384567691, "id_test_conf": [0.8122830397664337, 0.8177237119027884], "id_test_balanced": 0.5345529913902283, "id_test_balanced_conf": [0.53352824162459, 0.5355777411558665], "ood_test_conf": [0.7837550891104024, 0.7910296837752802], "ood_test_balanced": 0.5412541627883911, "ood_test_balanced_conf": [0.5397805780475028, 0.5427277475292794], "features": ["ENG", "FER", "HUPAC", "MIL", "DEYE", "AGEP", "SEX", "CIT", "RAC1P", "SCHL", "DIVISION"]}