{"validation": 0.8763474586064017, "id_test": 0.8747626987140333, "ood_test": 0.8282268656716418, "ood_validation": 0.8303387207702888, "train": 0.8771260455475435, "id_test_conf": [0.8728858334274294, 0.8766216058814716], "id_test_balanced": 0.5172110795974731, "id_test_balanced_conf": [0.5166521604068112, 0.5177699987881351], "ood_test_conf": [0.8266043217736488, 0.8298403173222499], "ood_test_balanced": 0.5143712759017944, "ood_test_balanced_conf": [0.5139672222762601, 0.5147753295273287], "features": ["PHYSHLTH", "CHOL_CHK_PAST_5_YEARS", "TOLDHI", "BMI5", "SMOKDAY2", "CVDSTRK3", "MICHD", "FRUIT_ONCE_PER_DAY", "VEG_ONCE_PER_DAY", "RFBING5", "INCOME", "MARITAL", "EDUCA", "HEALTH_COV", "MENTHLTH", "IYEAR", "STATE", "MEDCOST", "SEX", "IYEAR", "STATE", "PRACE1"]}