{"id_test": 0.6701537779092119, "id_test_conf": [0.6645146236732665, 0.675756365285456], "id_test_balanced": 0.6357336044311523, "id_test_balanced_conf": [0.6319580810749903, 0.6395091277873144], "ood_test": 0.6004565945910509, "ood_test_conf": [0.5991220255237799, 0.6017900413368885], "ood_test_balanced": 0.6261380910873413, "ood_test_balanced_conf": [0.6252543266897556, 0.6270218554849271], "validation": 0.6625263391371853, "validation_conf": [0.6568558368795653, 0.6681619132775933], "validation_balanced": 0.6275926232337952, "validation_balanced_conf": [0.6238070431072265, 0.6313782033603639], "features": ["AGEG5YR", "VEG_ONCE_PER_DAY", "RFBING5", "TOTINDA", "SMOKE100", "CHCOCNCR", "DIABETES", "PRACE1", "SEX", "IYEAR", "STATE", "MEDCOST", "PRACE1", "BMI5CAT"]}