{"validation": 0.7449521785334751, "id_test": 0.7707006369426752, "ood_test": 0.7197985479756688, "ood_validation": 0.7192466156562684, "train": 0.7696189085114858, "id_test_conf": [0.742501079777502, 0.7971961959839176], "id_test_balanced": 0.7736748456954956, "id_test_balanced_conf": [0.7547938790917397, 0.7925558122992515], "ood_test_conf": [0.712605807684509, 0.7269075714277471], "ood_test_balanced": 0.7264103889465332, "ood_test_balanced_conf": [0.7214617560431361, 0.7313590218499303], "features": ["CMJHLD31", "MCRPD31", "MCRPHO31", "MCDHMO31", "MCDMC31", "PRVHMO31", "PFSAMT31", "MCARE31", "GOVAAT31", "GOVTB31", "GOVTC31", "GOVCAT31", "VAPROG31", "VAPRAT31", "IHS31", "IHSAT31", "VAPROX31", "RNDFLG31", "DIFFWG31", "TEMPJB31", "SSNLJB31", "SELFCM31", "CHOIC31", "UNION31", "NWK31", "STJBYY31", "YRSINUS", "PRING31", "MCARE31X", "MCDAT31X", "PUBAT31X", "INSAT31X", "SEX", "RACEV1X", "RACEV2X", "RACEAX", "RACEWX", "HISPANX", "EDUCYR", "OTHLGSPK", "HWELLSPK", "BORNUSA", "PRIEU31", "MCRPD31X", "PRIOG31", "PRSTX31", "PRIV31", "PRIVAT31", "VERFLG31", "DENTIN31", "DNTINS31", "PMEDUP31", "PMEDPY31", "MARRY31X", "TRIPR31X", "TRIEX31X", "VASPUN31", "VACMPM31", "VASPMH31", "ASPKFL31", "ADLHLP31", "WLKLIM31", "LFTDIF31", "STPDIF31", "WLKDIF31", "MILDIF31", "STNDIF31", "BENDIF31", "RCHDIF31", "ACTLIM31", "WRKLIM31", "HSELIM31", "ASACUT31", "SOCLIM31", "ASSTIL31", "RUSIZE31", "RUCLAS31", "FAMSZE31", "REGION31", "BEGRFM31", "BEGRFY31", "ENDRFM31", "ENDRFY31", "INSCOP31", "ELGRND31", "SPOUID31", "SPOUIN31", "MNHLTH31", "UNABLE31", "VAWAIT31", "VALOCT31", "VAMREC31", "VAPROB31", "VAREP31", "VACARE31", "VAPCOT31", "VAPCRC31", "VAPCSN31", "VAPCRF31", "VAPCSO31", "VAPCOU31", "VASPCL31", "VAPACT31", "VARECM31", "VADERM31", "VABACK31", "VANECK31", "VATMD31", "VACOST31", "VADEPR31", "VAPROS31", "VARHAB31", "VAMNHC31", "VAGCNS31", "VARXMD31", "VALCOH31", "REFPRS31", "AGE31X", "INSCOV19"]}