{"id_test": 0.6442630820931349, "id_test_conf": [0.6385273686531313, 0.6499678260950152], "id_test_balanced": 0.6086902022361755, "id_test_balanced_conf": [0.604875587192364, 0.6125048172799871], "ood_test": 0.5392177445294699, "ood_test_conf": [0.5378607069869598, 0.5405743444110795], "ood_test_balanced": 0.5787562131881714, "ood_test_balanced_conf": [0.577921350877732, 0.5795910754986108], "validation": 0.645518667602201, "validation_conf": [0.6397873467955486, 0.6512187493241306], "validation_balanced": 0.6096776723861694, "validation_balanced_conf": [0.6058629943663254, 0.6134923504060135], "features": ["AGEG5YR", "FRUIT_ONCE_PER_DAY", "RFBING5", "TOTINDA", "SMOKE100", "CHCSCNCR", "IYEAR", "STATE", "PRACE1", "IYEAR", "STATE", "SEX", "BMI5CAT"]}