{"id_test": 0.6444107980353779, "id_test_conf": [0.638675599153503, 0.6501149957561552], "id_test_balanced": 0.6083177924156189, "id_test_balanced_conf": [0.6045114851882681, 0.6121240996429697], "ood_test": 0.5376922943579531, "ood_test_conf": [0.5363349452519561, 0.5390492228268161], "ood_test_balanced": 0.5780274271965027, "ood_test_balanced_conf": [0.5771973220293876, 0.5788575323636178], "validation": 0.6461833893422948, "validation_conf": [0.6404544114005688, 0.6518809854439973], "validation_balanced": 0.6093354225158691, "validation_balanced_conf": [0.6055374728469178, 0.6131333721848204], "features": ["AGEG5YR", "FRUIT_ONCE_PER_DAY", "RFBING5", "TOTINDA", "SMOKE100", "CHCSCNCR", "IYEAR", "STATE", "PRACE1", "IYEAR", "STATE", "SEX", "BMI5CAT"]}