{"id_test": 0.6464788212267809, "id_test_conf": [0.6407508884200533, 0.6521753087464159], "id_test_balanced": 0.6101976633071899, "id_test_balanced_conf": [0.6063985045440495, 0.6139968220703304], "ood_test": 0.5376441425217309, "ood_test_conf": [0.5362867837889501, 0.5390010811547395], "ood_test_balanced": 0.5779562592506409, "ood_test_balanced_conf": [0.5771259826677851, 0.5787865358334966], "validation": 0.6456294545588833, "validation_conf": [0.6398985233947084, 0.6513291228458444], "validation_balanced": 0.6090402603149414, "validation_balanced_conf": [0.6052371778711677, 0.6128433427587151], "features": ["AGEG5YR", "FRUIT_ONCE_PER_DAY", "RFBING5", "TOTINDA", "SMOKE100", "CHCSCNCR", "IYEAR", "STATE", "PRACE1", "IYEAR", "STATE", "SEX", "BMI5CAT"]}