{"validation": 0.8775855522723146, "id_test": 0.8752331743070803, "ood_test": 0.8298173134328358, "ood_validation": 0.8305106602475929, "train": 0.8779679518462613, "id_test_conf": [0.8733593015081156, 0.8770890663574792], "id_test_balanced": 0.5268741250038147, "id_test_balanced_conf": [0.5261736065428704, 0.527574643464759], "ood_test_conf": [0.8282007009761048, 0.8314247895189616], "ood_test_balanced": 0.526811420917511, "ood_test_balanced_conf": [0.5262608159892261, 0.5273620258457958], "features": ["PHYSHLTH", "HIGH_BLOOD_PRESS", "TOLDHI", "BMI5", "BMI5CAT", "SMOKE100", "SMOKDAY2", "CVDSTRK3", "FRUIT_ONCE_PER_DAY", "RFBING5", "CHECKUP1", "EDUCA", "HEALTH_COV", "MENTHLTH", "STATE", "MEDCOST", "SEX", "IYEAR", "STATE", "PRACE1", "PRACE1"]}