{"validation": 0.7976546332490227, "id_test": 0.7871264367816092, "ood_test": 0.7202204323866045, "ood_validation": 0.7189487070792708, "train": 0.7851189791930107, "id_test_conf": [0.7746564164497057, 0.7992097348552191], "id_test_balanced": 0.6659712791442871, "id_test_balanced_conf": [0.6582849685847759, 0.6736575897037983], "ood_test_conf": [0.7141288648238027, 0.7262516509769934], "ood_test_balanced": 0.6635786890983582, "ood_test_balanced_conf": [0.6601052747759968, 0.6670521034207195], "features": ["VCF0004", "VCF0901b", "VCF0218", "VCF0224", "VCF0301", "VCF9011", "VCF9201", "VCF9204", "VCF0521", "VCF0428", "VCF0429", "VCF0875", "VCF0822", "VCF0843", "VCF9045", "VCF0803", "VCF0601", "VCF0615", "VCF0617", "VCF0310", "VCF0720", "VCF0726", "VCF0745", "VCF0105a", "VCF0112"]}