{"validation": 0.8146700390894458, "id_test": 0.8027586206896552, "ood_test": 0.7511657481983891, "ood_validation": 0.758372191606613, "train": 0.8008679158523968, "id_test_conf": [0.7906172317326159, 0.8144920894814026], "id_test_balanced": 0.7111605405807495, "id_test_balanced_conf": [0.7028946323879063, 0.7194264487735927], "ood_test_conf": [0.7452925675300164, 0.7569700861616877], "ood_test_balanced": 0.7062535881996155, "ood_test_balanced_conf": [0.7025581619143486, 0.7099490144848823], "features": ["VCF0218", "VCF0224", "VCF0302", "VCF9010", "VCF9201", "VCF9202", "VCF9203", "VCF9206", "VCF0523", "VCF0428", "VCF0875", "VCF0809", "VCF0839", "VCF0870", "VCF0843", "VCF9045", "VCF0846", "VCF0612", "VCF0615", "VCF0310", "VCF0718", "VCF0724", "VCF0725", "VCF0726", "VCF0101", "VCF0104", "VCF0112"]}