{"validation": 0.773051276155438, "id_test": 0.7680459770114942, "ood_test": 0.6697282275917291, "ood_validation": 0.6701992369648156, "train": 0.7613518795263824, "id_test_conf": [0.7552104991646278, 0.7805205650372136], "id_test_balanced": 0.6138470768928528, "id_test_balanced_conf": [0.6074242024496198, 0.6202699513360858], "ood_test_conf": [0.6633554926311453, 0.676054461272827], "ood_test_balanced": 0.5941647887229919, "ood_test_balanced_conf": [0.5914551299251616, 0.5968744475208223], "features": ["VCF0301", "VCF0302", "VCF9204", "VCF9205", "VCF0521", "VCF0523", "VCF0429", "VCF9052", "VCF0809", "VCF0822", "VCF0843", "VCF9045", "VCF0838", "VCF0846", "VCF0601", "VCF0615", "VCF0616", "VCF0743", "VCF0718", "VCF0720", "VCF0675", "VCF0725", "VCF0745", "VCF0104", "VCF0105a", "VCF0112"]}