{"validation": 0.7829386065762244, "id_test": 0.7737931034482759, "ood_test": 0.6856012434647449, "ood_validation": 0.6871555743959304, "train": 0.767099666628348, "id_test_conf": [0.7610637728616911, 0.7861537676289179], "id_test_balanced": 0.6302629709243774, "id_test_balanced_conf": [0.6233379922248423, 0.6371879496239126], "ood_test_conf": [0.6793074996961757, 0.6918441339092885], "ood_test_balanced": 0.6159865856170654, "ood_test_balanced_conf": [0.6129672268917784, 0.6190059443423525], "features": ["VCF0301", "VCF0302", "VCF9204", "VCF9205", "VCF0521", "VCF0523", "VCF0429", "VCF9052", "VCF0809", "VCF0822", "VCF0843", "VCF9045", "VCF0838", "VCF0846", "VCF0601", "VCF0615", "VCF0616", "VCF0743", "VCF0718", "VCF0720", "VCF0675", "VCF0725", "VCF0745", "VCF0104", "VCF0105a", "VCF0112"]}