{"validation": 0.7907564957461486, "id_test": 0.7763218390804598, "ood_test": 0.7253073336159389, "ood_validation": 0.7303942348452734, "train": 0.7791125416714565, "id_test_conf": [0.7636402682279493, 0.7886313207121237], "id_test_balanced": 0.6829533576965332, "id_test_balanced_conf": [0.6744468491151929, 0.6914598662778735], "ood_test_conf": [0.7192491161796315, 0.7313038062753567], "ood_test_balanced": 0.6836367249488831, "ood_test_balanced_conf": [0.6797424486465752, 0.6875310012511909], "features": ["VCF0301", "VCF0302", "VCF9204", "VCF9205", "VCF0521", "VCF0523", "VCF0429", "VCF9052", "VCF0809", "VCF0822", "VCF0843", "VCF9045", "VCF0838", "VCF0846", "VCF0601", "VCF0615", "VCF0616", "VCF0743", "VCF0718", "VCF0720", "VCF0675", "VCF0725", "VCF0745", "VCF0104", "VCF0105a", "VCF0112"]}