{"validation": 0.8350312233711066, "id_test": 0.8319301012362008, "ood_test": 0.8082368345676991, "ood_validation": 0.8061130546860615, "train": 0.8327774403912129, "id_test_conf": [0.8292978554602646, 0.8345378318802433], "id_test_balanced": 0.6132420897483826, "id_test_balanced_conf": [0.6115877080056816, 0.6148964714910835], "ood_test_conf": [0.8047181975055145, 0.8117188264975098], "ood_test_balanced": 0.6207919120788574, "ood_test_balanced_conf": [0.6185891578625887, 0.6229946662951261], "features": ["ENG", "HUPAC", "NWLK", "OCCP", "POBP", "WKHP", "NATIVITY", "DREM", "PUBCOV", "AGEP", "SEX", "MAR", "RAC1P", "DIVISION"]}