{"validation": 0.8054725224189468, "id_test": 0.8016091954022988, "ood_test": 0.7309123451556686, "ood_validation": 0.7397202204323866, "train": 0.7960972525577653, "id_test_conf": [0.7894426922774128, 0.8133693382228658], "id_test_balanced": 0.6838880777359009, "id_test_balanced_conf": [0.6762395938672126, 0.6915365616045892], "ood_test_conf": [0.7248920081796494, 0.7368693992044903], "ood_test_balanced": 0.6734944581985474, "ood_test_balanced_conf": [0.6700977233564481, 0.6768911930406466], "features": ["VCF0224", "VCF9010", "VCF9011", "VCF9201", "VCF9206", "VCF0523", "VCF0429", "VCF0875", "VCF9052", "VCF0839", "VCF0822", "VCF0870", "VCF0843", "VCF9239", "VCF0803", "VCF0846", "VCF0612", "VCF0617", "VCF0310", "VCF0717", "VCF0720", "VCF0701", "VCF0675", "VCF0725", "VCF0745", "VCF0101", "VCF0104", "VCF0105a", "VCF0112"]}