{"validation": 0.8254771211772821, "id_test": 0.8349425287356322, "ood_test": 0.7916725542838302, "ood_validation": 0.8024586689275116, "train": 0.8207265202896885, "id_test_conf": [0.8235716715956041, 0.845861694595091], "id_test_balanced": 0.7764098048210144, "id_test_balanced_conf": [0.7681929367035627, 0.7846266729384661], "ood_test_conf": [0.7861465263604553, 0.7971186094109008], "ood_test_balanced": 0.7618798017501831, "ood_test_balanced_conf": [0.758116383254528, 0.7656432202458382], "features": ["VCF0901b", "VCF0218", "VCF0301", "VCF0302", "VCF9008", "VCF9011", "VCF9201", "VCF9202", "VCF9206", "VCF0523", "VCF0428", "VCF0429", "VCF0875", "VCF9052", "VCF0809", "VCF0822", "VCF0870", "VCF0616", "VCF0310", "VCF0743", "VCF0717", "VCF0718", "VCF0701", "VCF0101", "VCF0115", "VCF0140a", "VCF0112"]}