{"validation": 0.8171993561738331, "id_test": 0.8179310344827586, "ood_test": 0.7598794216004898, "ood_validation": 0.7668503603221705, "train": 0.811415105184504, "id_test_conf": [0.8061361418019836, 0.8292973966140209], "id_test_balanced": 0.7158914804458618, "id_test_balanced_conf": [0.7080148809589446, 0.723768079932779], "ood_test_conf": [0.7540747270866777, 0.7656128804569419], "ood_test_balanced": 0.7097070217132568, "ood_test_balanced_conf": [0.7062058258336037, 0.71320821759291], "features": ["VCF0901b", "VCF0218", "VCF0301", "VCF0302", "VCF9008", "VCF9011", "VCF9201", "VCF9202", "VCF9206", "VCF0523", "VCF0428", "VCF0429", "VCF0875", "VCF9052", "VCF0809", "VCF0822", "VCF0870", "VCF0616", "VCF0310", "VCF0743", "VCF0717", "VCF0718", "VCF0701", "VCF0101", "VCF0115", "VCF0140a", "VCF0112"]}