{"validation": 0.7796521832897015, "id_test": 0.7786861348850398, "ood_test": 0.3701644623824854, "ood_validation": 0.36635635371275144, "train": 0.7786942349314783, "id_test_conf": [0.7775337605346742, 0.7798352841600951], "id_test_balanced": 0.5178287625312805, "id_test_balanced_conf": [0.5175087190186605, 0.5181488060439006], "ood_test_conf": [0.36911787065832086, 0.3712119737422145], "ood_test_balanced": 0.5036701560020447, "ood_test_balanced_conf": [0.5035166923952056, 0.5038236196088838], "features": ["ESP", "DEAR", "DEYE", "DREM", "FER", "AGEP", "SEX", "MAR", "RAC1P", "SCHL", "DIS"]}