{"id_test": 0.767515923566879, "id_test_conf": [0.7391969972971026, 0.7941511009842914], "id_test_balanced": 0.7598874568939209, "id_test_balanced_conf": [0.7406936691701412, 0.7790812446177006], "ood_test": 0.7171822879194192, "ood_test_conf": [0.7099699027704659, 0.7243119541175651], "ood_test_balanced": 0.7182097434997559, "ood_test_balanced_conf": [0.7131684573367238, 0.7232510296627879], "validation": 0.7513283740701382, "validation_conf": [0.7224190882067407, 0.7786549909912449], "validation_balanced": 0.7475256323814392, "validation_balanced_conf": [0.727921887114644, 0.7671293776482344], "features": ["JOBORG31", "CMJHLD31", "MCDHMO31", "MCDMC31", "PRVHMO31", "FSAGT31", "HASFSA31", "GOVAAT31", "GOVBAT31", "BSNTY31", "SICPAY31", "VACMPY31", "VAPROX31", "EMPST31", "MORJOB31", "TEMPJB31", "SSNLJB31", "SELFCM31", "CHOIC31", "MORE31", "UNION31", "NWK31", "PAYVAC31", "YRSINUS", "PRIDK31", "PRING31", "MCDAT31X", "PUB31X", "INS31X", "RACEV1X", "RACEAX", "RACEBX", "RACEWX", "HISPNCAT", "HIDEG", "OTHLGSPK", "HWELLSPK", "BORNUSA", "TRICR31X", "PRIEU31", "MCRPD31X", "PRIOG31", "PRINEO31", "PRIV31", "PMDINS31", "PMEDPY31", "FTSTU31X", "REFRL31X", "DISVW31X", "OFFER31X", "TRIST31X", "TRIPR31X", "TRICH31X", "VASPUN31", "VASPMH31", "ASPREV31", "ASEVFL31", "AIDHLP31", "WLKLIM31", "WLKDIF31", "STNDIF31", "BENDIF31", "ACTLIM31", "WRKLIM31", "VASPOU31", "SOCLIM31", "FAMSZE31", "FAMS1231", "REGION31", "RESP31", "PROXY31", "BEGRFM31", "BEGRFY31", "ENDRFY31", "INSC1231", "SPOUIN31", "ACTDTY31", "UNABLE31", "VALOCT31", "VANTWK31", "VAOUT31", "VAPAST31", "VACOMP31", "VAMREC31", "VAGTRC31", "VAPROB31", "VAREP31", "VAPCPR31", "VAPROV31", "VAPCSN31", "VAPCOU31", "VASPCL31", "VAPACT31", "VACOPD31", "VAHRLS31", "VABACK31", "VAJTPN31", "VARTHR31", "VAGOUT31", "VANECK31", "VADEPR31", "VAPROS31", "VARHAB31", "VARXMD31", "VACRGV31", "VALCOH31", "DAPID31X", "AGE31X", "INSCOV19"]}