{"validation": 0.7615480015137938, "id_test": 0.7620562658505737, "ood_test": 0.6995927493412122, "ood_validation": 0.7126436781609196, "train": 0.7620923184042924, "id_test_conf": [0.7609859475112173, 0.7631240964581171], "id_test_balanced": 0.637402355670929, "id_test_balanced_conf": [0.6368181641527917, 0.6379865471890662], "ood_test_conf": [0.6914779107395979, 0.7076147318918922], "ood_test_balanced": 0.6143795251846313, "ood_test_balanced_conf": [0.6105298619251698, 0.6182291884440929], "features": ["Average_confidence(BORED)", "Average_confidence(CONFUSED)", "Average_confidence(FRUSTRATED)", "type", "first_action", "school_id"]}