{"id_test": 0.8543319986631455, "id_test_conf": [0.8534445037254181, 0.8552161291768373], "id_test_balanced": 0.7752792239189148, "id_test_balanced_conf": [0.7746523288323078, 0.7759061190055218], "ood_test": 0.799568793420107, "ood_test_conf": [0.7924482046508201, 0.8065498826785882], "ood_test_balanced": 0.7413079738616943, "ood_test_balanced_conf": [0.7369085412472487, 0.74570740647614], "validation": 0.853861566514359, "validation_conf": [0.8529728892890436, 0.8547468837824438], "validation_balanced": 0.7756733894348145, "validation_balanced_conf": [0.7750464745541104, 0.7763003043155186], "features": ["Average_confidence(BORED)", "Average_confidence(CONFUSED)", "Average_confidence(FRUSTRATED)", "type", "first_action", "school_id"]}