{"validation": 0.7925086871116194, "id_test": 0.7930594965825016, "ood_test": 0.7377625169687775, "ood_validation": 0.7507183908045977, "train": 0.7931566013393131, "id_test_conf": [0.7920409905785508, 0.7940752203927327], "id_test_balanced": 0.6789620518684387, "id_test_balanced_conf": [0.6783599571313244, 0.6795641466055531], "ood_test_conf": [0.7299642016426822, 0.7454501881487094], "ood_test_balanced": 0.6605716943740845, "ood_test_balanced_conf": [0.6564811012428254, 0.6646622875053435], "features": ["Average_confidence(BORED)", "Average_confidence(CONFUSED)", "Average_confidence(FRUSTRATED)", "type", "first_action", "school_id"]}