{"id_test": 0.9493506493506494, "id_test_conf": [0.9453305182306261, 0.9531567562804697], "id_test_balanced": 0.8495057821273804, "id_test_balanced_conf": [0.8453658504690975, 0.8536457137856632], "ood_test": 0.8431952662721893, "ood_test_conf": [0.822700796965653, 0.8621851491184147], "ood_test_balanced": 0.7914367914199829, "ood_test_balanced_conf": [0.7770156240649522, 0.8058579587750136], "validation": 0.9524350649350649, "validation_conf": [0.9485277665509975, 0.9561267817254451], "validation_balanced": 0.8637627959251404, "validation_balanced_conf": [0.8597435610275715, 0.8677820308227092], "features": ["STABBR", "AccredAgency", "sch_deg", "main", "NUMBRANCH", "HIGHDEG", "CONTROL", "locale2", "HBCU", "SATVRMID", "SATWRMID", "ACTCMMID", "ACTENMID", "PCIP01", "PCIP03", "PCIP05", "PCIP09", "PCIP10", "PCIP11", "PCIP13", "PCIP15", "PCIP23", "PCIP25", "PCIP27", "PCIP29", "PCIP41", "PCIP42", "PCIP44", "PCIP46", "PCIP49", "PCIP51", "UG", "UGDS_WHITE", "UGDS_HISP", "UGDS_NHPI", "UGDS_2MOR", "UGDS_WHITENH", "UGDS_BLACKNH", "UGDS_API", "UGDS_HISPOld", "UG_UNKN", "UG_WHITENH", "UG_API", "COSTT4_P", "TUITIONFEE_OUT", "INEXPFTE", "AVGFACSAL", "loan_ever", "age_entry", "age_entry_sq", "agege24", "married", "dependent", "md_faminc", "pct_white", "pct_black", "pct_ba", "poverty_rate", "CCBASIC"]}