{"validation": 0.8726289511196254, "id_test": 0.8730145561505392, "ood_test": 0.8257026669916488, "ood_validation": 0.8265537810275159, "train": 0.8726195234898823, "id_test_conf": [0.8712104503852562, 0.8748023316019395], "id_test_balanced": 0.5054828524589539, "id_test_balanced_conf": [0.5051487255032407, 0.505816979414667], "ood_test_conf": [0.8241589488825595, 0.8272383083034235], "ood_test_balanced": 0.5062974095344543, "ood_test_balanced_conf": [0.5060178491147235, 0.5065769699541852], "features": ["CHOL_CHK_PAST_5_YEARS", "BMI5CAT", "SMOKDAY2", "VEG_ONCE_PER_DAY", "TOTINDA", "INCOME", "HEALTH_COV", "IYEAR", "STATE", "PRACE1", "SEX", "IYEAR", "STATE", "MEDCOST", "SEX", "PRACE1"]}