{"id_test": 0.7924745697728752, "id_test_conf": [0.7913486939402248, 0.7935970608724212], "id_test_balanced": 0.5694049000740051, "id_test_balanced_conf": [0.5688436448946596, 0.5699661552533507], "ood_test": 0.6002186147794839, "ood_test_conf": [0.5991560275705876, 0.6012804921397306], "ood_test_balanced": 0.6696436405181885, "ood_test_balanced_conf": [0.6690377118869218, 0.6702495691494551], "validation": 0.7938659813371514, "validation_conf": [0.7927428857068974, 0.794985676115089], "validation_balanced": 0.5705146789550781, "validation_balanced_conf": [0.5699518366542179, 0.5710775212559384], "features": ["ANC", "NATIVITY", "DEAR", "DEYE", "PINCP", "ESR", "ST", "MAR", "SCHL", "ACS_YEAR", "DIS"]}