{"validation": 0.8121407220050586, "id_test": 0.8112643678160919, "ood_test": 0.786962460552965, "ood_validation": 0.7884696905468419, "train": 0.8091159903437176, "id_test_conf": [0.799313728229202, 0.822795537759823], "id_test_balanced": 0.7712380290031433, "id_test_balanced_conf": [0.7626571128703654, 0.7798189451359212], "ood_test_conf": [0.7813921353208889, 0.7924541080706382], "ood_test_balanced": 0.7671828269958496, "ood_test_balanced_conf": [0.7632882531546056, 0.7710774008370936], "features": ["VCF0004", "VCF0901b", "VCF0218", "VCF0302", "VCF9201", "VCF9203", "VCF9204", "VCF9205", "VCF0429", "VCF9052", "VCF0839", "VCF0838", "VCF9239", "VCF0601", "VCF0606", "VCF0615", "VCF0616", "VCF0310", "VCF0720", "VCF0701", "VCF0675", "VCF0726", "VCF0101", "VCF0115", "VCF0140a", "VCF0112"]}