{"validation": 0.7858964297766888, "id_test": 0.7851679972522974, "ood_test": 0.5681832353764686, "ood_validation": 0.567058409260971, "train": 0.7849784174673117, "id_test_conf": [0.7840278426383627, 0.7863048517391314], "id_test_balanced": 0.5416175127029419, "id_test_balanced_conf": [0.5411628426902462, 0.5420721827156376], "ood_test_conf": [0.5671088940259152, 0.5692570937890926], "ood_test_balanced": 0.6454513072967529, "ood_test_balanced_conf": [0.6448608200578019, 0.646041794535704], "features": ["NATIVITY", "DEYE", "PINCP", "ESR", "AGEP", "SEX", "MAR", "DIS"]}