{"validation": 0.7866532476272063, "id_test": 0.785397638094021, "ood_test": 0.6402759828189324, "ood_validation": 0.6410713499713896, "train": 0.7857928950497086, "id_test_conf": [0.7842579240257603, 0.7865340493761572], "id_test_balanced": 0.573959231376648, "id_test_balanced_conf": [0.573346024050843, 0.5745724387024529], "ood_test_conf": [0.639234782573741, 0.6413161894733499], "ood_test_balanced": 0.6896641850471497, "ood_test_balanced_conf": [0.6890118615049868, 0.6903165085893125], "features": ["NATIVITY", "DEYE", "PINCP", "ESR", "AGEP", "SEX", "MAR", "DIS"]}