{"validation": 0.7008507702920211, "id_test": 0.7034482758620689, "ood_test": 0.5944609297725024, "ood_validation": 0.5858414582450191, "train": 0.691947350270146, "id_test_conf": [0.6896271389435273, 0.7169957427613138], "id_test_balanced": 0.5, "id_test_balanced_conf": [0.5, 0.5], "ood_test_conf": [0.5878203001083095, 0.6010756848486062], "ood_test_balanced": 0.5, "ood_test_balanced_conf": [0.5, 0.5], "features": ["VCF0301", "VCF0302", "VCF9010", "VCF9201", "VCF9203", "VCF9205", "VCF0428", "VCF0875", "VCF9052", "VCF0839", "VCF0822", "VCF9045", "VCF0612", "VCF0616", "VCF0310", "VCF0720", "VCF0701", "VCF0726", "VCF0104", "VCF0105a", "VCF0140a", "VCF0112"]}