{"validation": 0.7953422143467392, "id_test": 0.7950460712839206, "ood_test": 0.778095401193503, "ood_validation": 0.7753408417308832, "train": 0.7957453507293198, "id_test_conf": [0.7930471873490609, 0.7970341240854819], "id_test_balanced": 0.7370796203613281, "id_test_balanced_conf": [0.7356521605444141, 0.7385070801782422], "ood_test_conf": [0.7751222784282744, 0.7810472554866202], "ood_test_balanced": 0.7467164397239685, "ood_test_balanced_conf": [0.744670135313645, 0.748762744134292], "features": ["HINS1", "HINS2", "HINS4", "NWLA", "POBP", "WKHP", "WKW", "WRK", "AGEP", "SEX", "ST", "RAC1P", "SCHL", "ACS_YEAR", "DIVISION"]}