{"id_test": 0.6552564568934158, "id_test_conf": [0.6496036648736286, 0.6608764178106944], "id_test_balanced": 0.6075177788734436, "id_test_balanced_conf": [0.6039497122587636, 0.6110858454881236], "ood_test": 0.5941923197768428, "ood_test_conf": [0.592858697201923, 0.595524896759636], "ood_test_balanced": 0.6223530769348145, "ood_test_balanced_conf": [0.6214810341224074, 0.6232251197472215], "validation": 0.6582029829028738, "validation_conf": [0.6525613758765448, 0.6638111354510069], "validation_balanced": 0.6121186017990112, "validation_balanced_conf": [0.6085722721833736, 0.6156649314146488], "features": ["FRUIT_ONCE_PER_DAY", "VEG_ONCE_PER_DAY", "DRNK_PER_WEEK", "TOTINDA", "SMOKE100", "CHCOCNCR", "DIABETES", "POVERTY", "EMPLOY1", "STATE", "MEDCOST", "PRACE1", "SEX", "MEDCOST", "PRACE1", "BMI5CAT", "IYEAR"]}