{"id_test": 0.7997701149425287, "id_test_conf": [0.7875637501741349, 0.8115726147698442], "id_test_balanced": 0.7189010381698608, "id_test_balanced_conf": [0.7104281168058515, 0.7273739595338702], "ood_test": 0.7508831425745373, "ood_test_conf": [0.7450077942330521, 0.7566897258099086], "ood_test_balanced": 0.7102237939834595, "ood_test_balanced_conf": [0.7064252364588901, 0.7140223515080288], "validation": 0.8077719015865716, "validation_conf": [0.7957404620875324, 0.8193885191553312], "validation_balanced": 0.7293726205825806, "validation_balanced_conf": [0.7209847634099424, 0.7377604777552187], "features": ["VCF0004", "VCF0901b", "VCF0218", "VCF0224", "VCF0302", "VCF9201", "VCF9204", "VCF0521", "VCF0523", "VCF0429", "VCF9052", "VCF0822", "VCF9045", "VCF9239", "VCF0803", "VCF0601", "VCF0612", "VCF0615", "VCF0743", "VCF0717", "VCF0718", "VCF0720", "VCF0721", "VCF0675", "VCF0724", "VCF0745", "VCF0101", "VCF0115", "VCF0112"]}