{"validation": 0.8298459415957692, "id_test": 0.8317241379310345, "ood_test": 0.787103763364891, "ood_validation": 0.7961000423908435, "train": 0.8246062765835154, "id_test_conf": [0.8202699886156963, 0.8427309825531373], "id_test_balanced": 0.7575315237045288, "id_test_balanced_conf": [0.7493813974037766, 0.765681650005281], "ood_test_conf": [0.7815347511105946, 0.7925940590562071], "ood_test_balanced": 0.7523342370986938, "ood_test_balanced_conf": [0.7486203535879031, 0.7560481206094846], "features": ["VCF0004", "VCF0901b", "VCF0218", "VCF0224", "VCF0301", "VCF0302", "VCF9008", "VCF9010", "VCF9011", "VCF9201", "VCF9202", "VCF9203", "VCF9204", "VCF9205", "VCF9206", "VCF0523", "VCF0428", "VCF0429", "VCF0875", "VCF9052", "VCF0809", "VCF0839", "VCF0822", "VCF0870", "VCF0843", "VCF9045", "VCF0838", "VCF9239", "VCF0803", "VCF0846", "VCF0601", "VCF0606", "VCF0612", "VCF0615", "VCF0616", "VCF0617", "VCF0310", "VCF0743", "VCF0717", "VCF0718", "VCF0720", "VCF0721", "VCF0701", "VCF0675", "VCF0724", "VCF0725", "VCF0726", "VCF0745", "VCF0101", "VCF0104", "VCF0105a", "VCF0115", "VCF0140a", "VCF0112"]}