{"validation": 0.7968800430338892, "id_test": 0.7961029262859457, "ood_test": 0.7971045039585831, "ood_validation": 0.7879075281564908, "train": 0.7973559534950317, "id_test_conf": [0.7941078420627128, 0.798087140534833], "id_test_balanced": 0.7676556706428528, "id_test_balanced_conf": [0.7662094684969634, 0.7691018727887422], "ood_test_conf": [0.7942257739152333, 0.7999605095094027], "ood_test_balanced": 0.7883609533309937, "ood_test_balanced_conf": [0.7863175848359242, 0.7904043218260631], "features": ["ENG", "FER", "HINS3", "HINS4", "NWLK", "OCCP", "POBP", "RELP", "WKHP", "WKW", "WRK", "RAC1P", "SCHL", "DIVISION"]}