{"validation": 0.7982470018669113, "id_test": 0.7982039793438639, "ood_test": 0.7946410928587425, "ood_validation": 0.7855364552459988, "train": 0.7981952705551596, "id_test_conf": [0.7962165116840324, 0.8001804998102499], "id_test_balanced": 0.7444210648536682, "id_test_balanced_conf": [0.7429931555339135, 0.7458489741734229], "ood_test_conf": [0.7917495938844724, 0.7975100560648039], "ood_test_balanced": 0.7745057344436646, "ood_test_balanced_conf": [0.7724629931990057, 0.7765484756883234], "features": ["ENG", "FER", "HINS3", "HINS4", "NWLK", "OCCP", "POBP", "RELP", "WKHP", "WKW", "WRK", "RAC1P", "SCHL", "DIVISION"]}