{"validation": 0.7998481156852197, "id_test": 0.7994253746456055, "ood_test": 0.8018337263374214, "ood_validation": 0.7937166567871962, "train": 0.7999822802053281, "id_test_conf": [0.7974423733115185, 0.8013973838954767], "id_test_balanced": 0.777314305305481, "id_test_balanced_conf": [0.7758797878376208, 0.7787488227733411], "ood_test_conf": [0.7989799769048467, 0.8046643889331473], "ood_test_balanced": 0.7922998666763306, "ood_test_balanced_conf": [0.7902728726342321, 0.7943268607184291], "features": ["ENG", "FER", "HINS3", "HINS4", "NWLK", "OCCP", "POBP", "RELP", "WKHP", "WKW", "WRK", "RAC1P", "SCHL", "DIVISION"]}