{"validation": 0.7844007660035025, "id_test": 0.7831491547220147, "ood_test": 0.5497782673922852, "ood_validation": 0.5497381046700999, "train": 0.7830998522558134, "id_test_conf": [0.782005149753268, 0.7842898829397502], "id_test_balanced": 0.5442131161689758, "id_test_balanced_conf": [0.5437295326276217, 0.54469669971033], "ood_test_conf": [0.5486992521152001, 0.5508569300939439], "ood_test_balanced": 0.6240048408508301, "ood_test_balanced_conf": [0.6233909875073005, 0.6246186941943597], "features": ["MIG", "ANC", "NATIVITY", "DEAR", "DREM", "PINCP", "ESR", "AGEP", "MAR", "CIT", "SCHL", "ACS_YEAR", "DIS"]}