{"validation": 0.7831367404114773, "id_test": 0.7816355220435239, "ood_test": 0.48153206411232985, "ood_validation": 0.48050090232844755, "train": 0.7815280577917149, "id_test_conf": [0.7804886567331408, 0.7827791281289216], "id_test_balanced": 0.5461370944976807, "id_test_balanced_conf": [0.5456334231421351, 0.5466407658532262], "ood_test_conf": [0.48044864646816915, 0.4826156125629732], "ood_test_balanced": 0.5761574506759644, "ood_test_balanced_conf": [0.5756185586622451, 0.5766963426896836], "features": ["MIG", "ANC", "NATIVITY", "DEAR", "DREM", "PINCP", "ESR", "AGEP", "MAR", "CIT", "SCHL", "ACS_YEAR", "DIS"]}