{"validation": 0.7985743849160727, "id_test": 0.791264367816092, "ood_test": 0.7335970985822617, "ood_validation": 0.7401441288681645, "train": 0.7925048856190366, "id_test_conf": [0.7788786742089704, 0.8032577312146564], "id_test_balanced": 0.70074862241745, "id_test_balanced_conf": [0.6923376356996596, 0.7091596091352403], "ood_test_conf": [0.727595333514621, 0.739534843891491], "ood_test_balanced": 0.6877486705780029, "ood_test_balanced_conf": [0.6839936217339709, 0.6915037194220349], "features": ["VCF0901b", "VCF0218", "VCF0301", "VCF0302", "VCF9010", "VCF9202", "VCF9203", "VCF9205", "VCF9206", "VCF0523", "VCF0429", "VCF0875", "VCF9052", "VCF0839", "VCF0843", "VCF9045", "VCF9239", "VCF0846", "VCF0612", "VCF0616", "VCF0617", "VCF0717", "VCF0721", "VCF0724", "VCF0745", "VCF0101", "VCF0104", "VCF0115", "VCF0112"]}