{"validation": 0.8741670623918139, "id_test": 0.8743441863315028, "ood_test": 0.8283150791885302, "ood_validation": 0.8285703069796655, "train": 0.8742507173295523, "id_test_conf": [0.8725341196337361, 0.8761376095070488], "id_test_balanced": 0.5116247534751892, "id_test_balanced_conf": [0.5111710228264564, 0.512078484123922], "ood_test_conf": [0.8267651143947212, 0.8298567389455029], "ood_test_balanced": 0.508981466293335, "ood_test_balanced_conf": [0.508672514691134, 0.509290417895536], "features": ["CHOL_CHK_PAST_5_YEARS", "TOLDHI", "BMI5CAT", "SMOKE100", "SMOKDAY2", "CVDSTRK3", "MICHD", "VEG_ONCE_PER_DAY", "DRNK_PER_WEEK", "RFBING5", "TOTINDA", "MENTHLTH", "IYEAR", "STATE", "MEDCOST", "MEDCOST", "PRACE1", "PRACE1"]}