{"id_test": 0.6470819344238874, "id_test_conf": [0.6414514483059909, 0.6526818842397637], "id_test_balanced": 0.5850472450256348, "id_test_balanced_conf": [0.5819090644456446, 0.5881854256056249], "ood_test": 0.5698077695573212, "ood_test_conf": [0.568473836509848, 0.5711409398153391], "ood_test_balanced": 0.6056187748908997, "ood_test_balanced_conf": [0.6047851714736316, 0.6064523783081677], "validation": 0.6441531537966998, "validation_conf": [0.638512528861032, 0.6497638507210486], "validation_balanced": 0.5820540189743042, "validation_balanced_conf": [0.5789559021033347, 0.5851521358452737], "features": ["FRUIT_ONCE_PER_DAY", "VEG_ONCE_PER_DAY", "DRNK_PER_WEEK", "RFBING5", "TOTINDA", "SMOKDAY2", "DIABETES", "MEDCOST", "SEX", "IYEAR", "STATE", "SEX", "BMI5CAT"]}