{"id_test": 0.8282418476878466, "id_test_conf": [0.8255870803294811, 0.8308723729839986], "id_test_balanced": 0.6268192529678345, "id_test_balanced_conf": [0.6250526174739934, 0.6285858884616755], "ood_test": 0.8037358320716887, "ood_test_conf": [0.80018658808969, 0.8072489672518774], "ood_test_balanced": 0.6330093145370483, "ood_test_balanced_conf": [0.6306683804094791, 0.6353502486646175], "validation": 0.83163544329556, "validation_conf": [0.8290013648284863, 0.8342450281359987], "validation_balanced": 0.6260721683502197, "validation_balanced_conf": [0.624316950228531, 0.6278273864719085], "features": ["ENG", "WIF", "OCCP", "WKHP", "MIL", "DEAR", "DEYE", "PUBCOV", "AGEP", "SEX", "RAC1P", "DIVISION"]}