{"id_test": 0.7656123430538679, "id_test_conf": [0.7635156487783533, 0.7676992876725905], "id_test_balanced": 0.7090933322906494, "id_test_balanced_conf": [0.7076083701080642, 0.7105782944732346], "ood_test": 0.7499835333482631, "ood_test_conf": [0.7468870377380967, 0.7530609127274495], "ood_test_balanced": 0.7241993546485901, "ood_test_balanced_conf": [0.7220429704152047, 0.7263557388819755], "validation": 0.7652691200202513, "validation_conf": [0.7631713652733266, 0.7673571376570554], "validation_balanced": 0.7092409133911133, "validation_balanced_conf": [0.707757514656987, 0.7107243121252396], "features": ["COW", "HINS1", "HINS3", "HINS4", "WKW", "WRK", "SEX", "SCHL", "DIVISION"]}