{"validation": 0.7628389709837674, "id_test": 0.7634606622114216, "ood_test": 0.7368102119587412, "ood_validation": 0.7340841730883224, "train": 0.7628956992317995, "id_test_conf": [0.7613573929956085, 0.7655542608119288], "id_test_balanced": 0.6794546246528625, "id_test_balanced_conf": [0.6780476861237549, 0.6808615631819702], "ood_test_conf": [0.7336619911920166, 0.7399403247103139], "ood_test_balanced": 0.695452094078064, "ood_test_balanced_conf": [0.6933736609388143, 0.6975305272173137], "features": ["COW", "HINS1", "HINS3", "HINS4", "WKW", "WRK", "SEX", "SCHL", "DIVISION"]}