{"validation": 0.8754717568419332, "id_test": 0.8753871294062718, "ood_test": 0.8302249345034494, "ood_validation": 0.8291901845402506, "train": 0.8747180404504349, "id_test_conf": [0.8735690007421325, 0.8771883010021494], "id_test_balanced": 0.5176575779914856, "id_test_balanced_conf": [0.517079199377913, 0.5182359566050582], "ood_test_conf": [0.8286665534036168, 0.8317747969829062], "ood_test_balanced": 0.513117790222168, "ood_test_balanced_conf": [0.5127297053276562, 0.5135058751166798], "features": ["PHYSHLTH", "CHOL_CHK_PAST_5_YEARS", "BMI5CAT", "SMOKE100", "DRNK_PER_WEEK", "RFBING5", "MARITAL", "EDUCA", "HEALTH_COV", "MENTHLTH", "IYEAR", "MEDCOST", "PRACE1", "SEX", "IYEAR", "PRACE1", "PRACE1"]}