{"id_test": 0.7430997876857749, "id_test_conf": [0.7139345535164677, 0.7707362104982496], "id_test_balanced": 0.7372236847877502, "id_test_balanced_conf": [0.7174030883982777, 0.7570442811772228], "ood_test": 0.6498135914709923, "ood_test_conf": [0.6421915343625488, 0.6573786077466672], "ood_test_balanced": 0.6479769349098206, "ood_test_balanced_conf": [0.6426271469611674, 0.6533267228584737], "validation": 0.7077577045696068, "validation_conf": [0.6775497083475198, 0.7366589834589704], "validation_balanced": 0.7054589986801147, "validation_balanced_conf": [0.684872635640204, 0.7260453617200255], "features": ["FCSZ1231", "JOBORG31", "OFREMP31", "MCRPB31", "MCRPHO31", "MCDHMO31", "MCDMC31", "PRVHMO31", "FSAGT31", "PFSAMT31", "MCAID31", "MCARE31", "GOVTA31", "GOVAAT31", "GOVTB31", "GOVBAT31", "GOVTC31", "GOVCAT31", "VAPROG31", "VAPRAT31", "IHSAT31", "VACMPY31", "RNDFLG31", "NHRWG31", "HOUR31", "SSNLJB31", "CHOIC31", "INDCAT31", "NUMEMP31", "MORE31", "NWK31", "STJBMM31", "STJBYY31", "OCCCAT31", "PAYVAC31", "PAYDR31", "MCDAT31X", "PUBAT31X", "INS31X", "INSAT31X", "SEX", "RACEV2X", "RACEAX", "HISPANX", "HISPNCAT", "HIDEG", "OTHLGSPK", "WHTLGSPK", "PRIOG31", "PRIEUO31", "DENTIN31", "DNTINS31", "PMEDIN31", "PMDINS31", "MARRY31X", "HRWG31X", "DISVW31X", "OFFER31X", "TRIST31X", "TRICH31X", "VASPUN31", "VASPMH31", "ASDALY31", "ADLHLP31", "AIDHLP31", "LFTDIF31", "MILDIF31", "STNDIF31", "ACTLIM31", "WRKLIM31", "VASPOU31", "ASACUT31", "SOCLIM31", "ASSTIL31", "RUSIZE31", "FAMSZE31", "FAMS1231", "REGION31", "BEGRFY31", "ENDRFM31", "INSCOP31", "INSC1231", "ELGRND31", "PSTATS31", "SPOUID31", "SPOUIN31", "MNHLTH31", "CHBRON31", "ASATAK31", "UNABLE31", "VANTWK31", "VAOUT31", "VAPAST31", "VACARC31", "VAREP31", "VACARE31", "VAPCPR31", "VAPROV31", "VAPCOT31", "VAPCCO31", "VAPCSN31", "VAPACT31", "VACTDY31", "VARECM31", "VACOPD31", "VADERM31", "VAGERD31", "VABACK31", "VARTHR31", "VAGOUT31", "VAPROS31", "VARHAB31", "VAMNHC31", "REFPRS31", "DAPID31X", "INSCOV19"]}