{"id_test": 0.7399150743099787, "id_test_conf": [0.7106480607082606, 0.7676734499511462], "id_test_balanced": 0.7309613227844238, "id_test_balanced_conf": [0.7110621523857117, 0.750860493183136], "ood_test": 0.6380404212178691, "ood_test_conf": [0.6303645185840347, 0.6456637677975519], "ood_test_balanced": 0.6428540349006653, "ood_test_balanced_conf": [0.6375070302188397, 0.6482010395824909], "validation": 0.7120085015940489, "validation_conf": [0.6819123284870686, 0.7407710873999955], "validation_balanced": 0.7024482488632202, "validation_balanced_conf": [0.6819366867467761, 0.7229598109796643], "features": ["JOBORG31", "MCRPD31", "MCRPB31", "MCDHMO31", "PFSAMT31", "MCAID31", "GOVTB31", "VAPRAT31", "IHS31", "IHSAT31", "VAPROX31", "EMPST31", "MORJOB31", "HRWGIM31", "NHRWG31", "HOUR31", "SSNLJB31", "SELFCM31", "CHOIC31", "INDCAT31", "NUMEMP31", "MORE31", "PAYDR31", "YRSINUS", "PRING31", "MCAID31X", "INS31X", "RACEBX", "HISPANX", "OTHLGSPK", "BORNUSA", "TRICR31X", "TRILI31X", "PRIOG31", "PRINEO31", "PRIEUO31", "PRSTX31", "PRIV31", "VERFLG31", "DNTINS31", "PMEDIN31", "PMDINS31", "MARRY31X", "FTSTU31X", "REFRL31X", "HRWG31X", "DISVW31X", "HELD31X", "TRIST31X", "TRIPR31X", "TRICH31X", "VACMPM31", "ASMRCN31", "ASDALY31", "ASPKFL31", "ASWNFL31", "WLKLIM31", "LFTDIF31", "STPDIF31", "MILDIF31", "BENDIF31", "RCHDIF31", "FNGRDF31", "ACTLIM31", "WRKLIM31", "HSELIM31", "SCHLIM31", "ASACUT31", "ASSTIL31", "FCRP1231", "RUCLAS31", "FAMSZE31", "FMRS1231", "BEGRFM31", "BEGRFY31", "INSCOP31", "ELGRND31", "PSTATS31", "SPOUID31", "ACTDTY31", "RTHLTH31", "MNHLTH31", "CHBRON31", "ASATAK31", "VAPRHT31", "VALOCT31", "VANEED31", "VACARC31", "VACARE31", "VAPCPR31", "VAPROV31", "VAPCOT31", "VAPCCO31", "VAPCRC31", "VAPCSN31", "VAPCRF31", "VAPCSO31", "VASPCL31", "VAPACT31", "VACTDY31", "VACOPD31", "VAFIBR31", "VATMD31", "VACOST31", "VARHAB31", "REFPRS31", "AGE31X", "INSCOV19"]}