{"validation": 0.7761415055532702, "id_test": 0.776484659781288, "ood_test": 0.7762906561631384, "ood_validation": 0.7694131594546533, "train": 0.7771087148956233, "id_test_conf": [0.7744223516008122, 0.7785368188796895], "id_test_balanced": 0.7381266355514526, "id_test_balanced_conf": [0.7366399013693444, 0.7396133697335608], "ood_test_conf": [0.7733090508380476, 0.7792511312206077], "ood_test_balanced": 0.7600507736206055, "ood_test_balanced_conf": [0.7579402265837416, 0.7621613206574693], "features": ["HINS3", "HINS4", "NWLA", "NWLK", "OCCP", "POBP", "RELP", "WKHP", "WRK", "MAR", "CIT", "RAC1P", "DIVISION"]}