{"validation": 0.8844538913834453, "id_test": 0.8843235772054017, "ood_test": 0.45580404685835996, "ood_validation": 0.46411483253588515, "train": 0.8843670384842395, "id_test_conf": [0.8831059560440776, 0.8855328708440753], "id_test_balanced": 0.810360312461853, "id_test_balanced_conf": [0.8094402193359564, 0.8112804055877496], "ood_test_conf": [0.4330966718003413, 0.47864966528508346], "ood_test_balanced": 0.5095969438552856, "ood_test_balanced_conf": [0.506494163791649, 0.5126997239189223], "features": ["Average_confidence(FRUSTRATED)", "attempt_count", "skill_id", "tutor_mode", "overlap_time", "school_id"]}