{"validation": 0.6341800210763473, "id_test": 0.6319040697674418, "ood_test": 0.5068051685599682, "ood_validation": 0.5061917638345877, "train": 0.6295155685766846, "id_test_conf": [0.6261741146565277, 0.637606164151132], "id_test_balanced": 0.5661422610282898, "id_test_balanced_conf": [0.5629731738194823, 0.5693113482370973], "ood_test_conf": [0.5054486243322514, 0.5081616373313356], "ood_test_balanced": 0.5595039129257202, "ood_test_balanced_conf": [0.5587704967323225, 0.5602373291191179], "features": ["VEG_ONCE_PER_DAY", "TOTINDA", "SMOKE100", "SMOKDAY2", "CHCSCNCR", "CHCOCNCR", "POVERTY", "EMPLOY1", "STATE", "PRACE1", "SEX", "IYEAR", "STATE", "MEDCOST", "BMI5CAT"]}