{"id_test": 0.8061651984609154, "id_test_conf": [0.8042073633775125, 0.8081117937281315], "id_test_balanced": 0.7666849493980408, "id_test_balanced_conf": [0.7652612688275986, 0.768108629968483], "ood_test": 0.7869478731672617, "ood_test_conf": [0.7840175411099423, 0.7898562587679836], "ood_test_balanced": 0.7588820457458496, "ood_test_balanced_conf": [0.7568445493094623, 0.7609195421822369], "validation": 0.8055880770812898, "validation_conf": [0.803628045831184, 0.8075368896583437], "validation_balanced": 0.7665486335754395, "validation_balanced_conf": [0.7651250448450446, 0.7679722223058343], "features": ["ENG", "HINS4", "OCCP", "POBP", "WKHP", "WKW", "AGEP", "SEX", "ST", "MAR", "CIT", "RAC1P", "ACS_YEAR", "DIVISION"]}