{"validation": 0.8155897907564957, "id_test": 0.8186206896551724, "ood_test": 0.7566765578635015, "ood_validation": 0.7660025434506147, "train": 0.8113576273134843, "id_test_conf": [0.8068422320463905, 0.8299696789157935], "id_test_balanced": 0.7219866514205933, "id_test_balanced_conf": [0.7140037639066577, 0.7299695389345289], "ood_test_conf": [0.7508463156779794, 0.7624364440363456], "ood_test_balanced": 0.7099106311798096, "ood_test_balanced_conf": [0.7062929410487413, 0.7135283213108778], "features": ["VCF0218", "VCF0301", "VCF0302", "VCF9011", "VCF9203", "VCF0521", "VCF0523", "VCF0875", "VCF0809", "VCF0601", "VCF0615", "VCF0617", "VCF0718", "VCF0720", "VCF0721", "VCF0701", "VCF0724", "VCF0725", "VCF0726", "VCF0101", "VCF0115", "VCF0140a", "VCF0112"]}