{"validation": 0.8741857166895026, "id_test": 0.8753715856189355, "ood_test": 0.8253947798391885, "ood_validation": 0.8281418275205037, "train": 0.8748084477305188, "id_test_conf": [0.8735263698800915, 0.8771993406161239], "id_test_balanced": 0.5153456926345825, "id_test_balanced_conf": [0.5148225625406485, 0.5158688227285165], "ood_test_conf": [0.8237918772849593, 0.8269889966713676], "ood_test_balanced": 0.5159028172492981, "ood_test_balanced_conf": [0.5154857241053833, 0.5163199103932129], "features": ["HIGH_BLOOD_PRESS", "CHOL_CHK_PAST_5_YEARS", "TOLDHI", "BMI5", "SMOKE100", "CVDSTRK3", "MICHD", "TOTINDA", "CHECKUP1", "EDUCA", "IYEAR", "PRACE1", "SEX", "PRACE1"]}