{"validation": 0.8292316888600608, "id_test": 0.8258889962863102, "ood_test": 0.8022832358116125, "ood_validation": 0.8004050819370282, "train": 0.8269461287276357, "id_test_conf": [0.8232200938793829, 0.8285338308101973], "id_test_balanced": 0.5805193781852722, "id_test_balanced_conf": [0.5790700989984907, 0.5819686573720537], "ood_test_conf": [0.7987242680001629, 0.8058062678914985], "ood_test_balanced": 0.5877740979194641, "ood_test_balanced_conf": [0.585834830403328, 0.5897133654356003], "features": ["ENG", "FER", "HUPAC", "WIF", "OCCP", "WKW", "DIS", "MIL", "ANC", "DREM", "PUBCOV", "CIT", "DIVISION"]}