{"validation": 0.7792348351874372, "id_test": 0.7782168688171699, "ood_test": 0.3898618007353184, "ood_validation": 0.386581715744531, "train": 0.7782868713352565, "id_test_conf": [0.7770636257385679, 0.779366892253814], "id_test_balanced": 0.5148909687995911, "id_test_balanced_conf": [0.5145968026464106, 0.5151851349527715], "ood_test_conf": [0.38880458448975935, 0.3909197970925771], "ood_test_balanced": 0.5171424746513367, "ood_test_balanced_conf": [0.516870039307978, 0.5174149099946953], "features": ["MIG", "ANC", "DREM", "PINCP", "ESR", "FER", "CIT", "DIS"]}