{"validation": 0.7792687821622626, "id_test": 0.7783047314000903, "ood_test": 0.37912791287687514, "ood_validation": 0.37587481843390996, "train": 0.7782069961203111, "id_test_conf": [0.7771516508150368, 0.7794545913258751], "id_test_balanced": 0.5128391981124878, "id_test_balanced_conf": [0.5125698811950861, 0.5131085150298895], "ood_test_conf": [0.37807625831984254, 0.380180423577459], "ood_test_balanced": 0.5101056098937988, "ood_test_balanced_conf": [0.5098946990966214, 0.5103165206909762], "features": ["MIG", "ANC", "DREM", "PINCP", "ESR", "FER", "CIT", "DIS"]}