{"validation": 0.8298167296221399, "id_test": 0.8290685252073053, "ood_test": 0.802815172470232, "ood_validation": 0.8033511323881422, "train": 0.8287378103647273, "id_test_conf": [0.8264187668654, 0.8316939802851797], "id_test_balanced": 0.6564723253250122, "id_test_balanced_conf": [0.6545736524788662, 0.6583709981711582], "ood_test_conf": [0.7992597568760236, 0.8063345889560507], "ood_test_balanced": 0.6461181044578552, "ood_test_balanced_conf": [0.6436867892276495, 0.6485494196880609], "features": ["FER", "HUPAC", "NWLK", "POBP", "WKHP", "WKW", "DREM", "PUBCOV", "AGEP", "SEX", "MAR", "RAC1P", "ACS_YEAR", "DIVISION"]}