{"id_test": 0.8590604026845637, "id_test_conf": [0.8143009396363827, 0.8964985645660271], "id_test_balanced": 0.7799312472343445, "id_test_balanced_conf": [0.7493014975637198, 0.8105609969049692], "ood_test": 0.7722131494586585, "ood_test_conf": [0.7676536873133493, 0.7767247482217027], "ood_test_balanced": 0.7734441757202148, "ood_test_balanced_conf": [0.7702578171063215, 0.7766305343341082], "validation": 0.8691275167785235, "validation_conf": [0.825461003152046, 0.9052554923172512], "validation_balanced": 0.8076324462890625, "validation_balanced_conf": [0.7780803643912076, 0.8371845281869174], "features": ["LIVING_QUARTERS_TYPE", "ORIGIN", "HOUSEHOLD_INC", "SEVERANCE_PAY_PENSION", "FOSTER_CHILD_CARE_AMT", "ALIMONY_AMT", "INCOME", "VA_BENEFITS_AMOUNT", "RETIREMENT_INCOME_AMOUNT", "FOOD_ASSISTANCE", "EDUCATION", "RACE", "GENDER", "AGE", "LIVING_OWNERSHIP", "WIC_ASSISTANCE", "MEDICARE_ASSISTANCE", "MEDICAID_ASSISTANCE", "HOSPITAL_NIGHTS", "VISIT_DOCTOR_NUM", "HEALTH_MEDICAL_CARE_PAY", "HEALTH_HEARING", "HEALTH_SEEING", "HEALTH_COGNITIVE", "HEALTH_ERRANDS_DIFFICULTY", "HEALTH_SUPPLEMENTAL_DISABILITY", "SOCIAL_SEC_BENEFITS", "CITIZENSHIP_STATUS"]}