{"validation": 0.8345768118963586, "id_test": 0.834553646627054, "ood_test": 0.770502275812505, "ood_validation": 0.7902298850574713, "train": 0.8348745486130718, "id_test_conf": [0.8336143912612319, 0.8354896938257512], "id_test_balanced": 0.7452916502952576, "id_test_balanced_conf": [0.7446607816719916, 0.7459225189185236], "ood_test_conf": [0.7630349985431923, 0.7778436339841671], "ood_test_balanced": 0.7029916644096375, "ood_test_balanced_conf": [0.6986883469112217, 0.7072949819080532], "features": ["Average_confidence(CONFUSED)", "Average_confidence(FRUSTRATED)", "hint_count", "bottom_hint", "tutor_mode", "type", "first_action", "school_id"]}