{"id_test": 0.802013422818792, "id_test_conf": [0.7521768838484463, 0.8457312284885319], "id_test_balanced": 0.707029402256012, "id_test_balanced_conf": [0.6739707418531179, 0.740088062658906], "ood_test": 0.7213754309562693, "ood_test_conf": [0.7165087775483959, 0.7262031708623468], "ood_test_balanced": 0.724656343460083, "ood_test_balanced_conf": [0.7212791868625209, 0.7280335000576451], "validation": 0.7818791946308725, "validation_conf": [0.7306217570405594, 0.827434744706459], "validation_balanced": 0.6781820058822632, "validation_balanced_conf": [0.645893259420991, 0.7104707523435354], "features": ["LIVING_QUARTERS_TYPE", "MARITAL_STATUS", "FAMILY_SIZE_AVG", "RECEIVED_WORK_COMP", "UNEMPLOYMENT_COMP", "FOSTER_CHILD_CARE_AMT", "CHILD_SUPPORT_AMT", "ALIMONY_AMT", "INCOME", "SAVINGS_INV_AMOUNT", "DISABILITY_BENEFITS_AMOUNT", "FOOD_ASSISTANCE", "EDUCATION", "AGE", "LIVING_OWNERSHIP", "WIC_ASSISTANCE", "MEDICAID_ASSISTANCE", "HOSPITAL_NIGHTS", "PRESCRIPTION_MEDS", "VISIT_DENTIST_NUM", "TRANSPORTATION_ASSISTANCE", "VISIT_DOCTOR_NUM", "HEALTH_MEDICAL_CARE_PAY", "HEALTH_SEEING", "HEALTH_SUPPLEMENTAL_DISABILITY", "SOCIAL_SEC_BENEFITS", "CITIZENSHIP_STATUS"]}