{"validation": 0.7212479827864443, "id_test": 0.7221040907249898, "ood_test": 0.6915730263071228, "ood_validation": 0.6896265560165975, "train": 0.7220056909019138, "id_test_conf": [0.7198881561718822, 0.7243118735376693], "id_test_balanced": 0.6461567878723145, "id_test_balanced_conf": [0.6446623699297197, 0.6476512058149092], "ood_test_conf": [0.6882737436649665, 0.6948576619487481], "ood_test_balanced": 0.6421566009521484, "ood_test_balanced_conf": [0.6400755664007738, 0.6442376355035231], "features": ["COW", "ENG", "HINS3", "NWLK", "POBP", "RELP", "WKW", "SEX", "ST", "MAR", "CIT", "RAC1P", "DIVISION"]}