{"validation": 0.8167394803403081, "id_test": 0.8128735632183908, "ood_test": 0.7662851490744665, "ood_validation": 0.7685459940652819, "train": 0.8101505920220715, "id_test_conf": [0.8009600052462861, 0.8243654651563923], "id_test_balanced": 0.7421150207519531, "id_test_balanced_conf": [0.7336797727458179, 0.7505502687580884], "ood_test_conf": [0.7605328836077253, 0.7719644193254009], "ood_test_balanced": 0.7306343913078308, "ood_test_balanced_conf": [0.7268155180802569, 0.7344532645354047], "features": ["VCF0901b", "VCF0218", "VCF0224", "VCF0301", "VCF0302", "VCF9008", "VCF9202", "VCF9205", "VCF9206", "VCF0521", "VCF0523", "VCF0428", "VCF0875", "VCF9052", "VCF0839", "VCF0870", "VCF0843", "VCF9045", "VCF0838", "VCF9239", "VCF0606", "VCF0615", "VCF0743", "VCF0717", "VCF0720", "VCF0701", "VCF0724", "VCF0725", "VCF0101", "VCF0105a", "VCF0112"]}