{"validation": 0.836379360779376, "id_test": 0.8340413084397416, "ood_test": 0.8082163754654446, "ood_validation": 0.8059289265328669, "train": 0.8348711801570067, "id_test_conf": [0.8314221581690362, 0.8366357872513674], "id_test_balanced": 0.626636266708374, "id_test_balanced_conf": [0.6249141178489662, 0.6283584155677818], "ood_test_conf": [0.8046975976310682, 0.8116985106055123], "ood_test_balanced": 0.6398569941520691, "ood_test_balanced_conf": [0.637510286308825, 0.6422037019953132], "features": ["ENG", "FER", "HUPAC", "NWLK", "OCCP", "RELP", "WKHP", "WRK", "ANC", "DEAR", "PUBCOV", "AGEP", "ST", "MAR", "DIVISION"]}