{"validation": 0.8306561359329493, "id_test": 0.8316757389225212, "ood_test": 0.8050452146159827, "ood_validation": 0.8002209537838335, "train": 0.8316566457557654, "id_test_conf": [0.8290419254738219, 0.8342850560730122], "id_test_balanced": 0.6824917197227478, "id_test_balanced_conf": [0.680524219321087, 0.6844592201244086], "ood_test_conf": [0.8015047997177276, 0.8085493646979164], "ood_test_balanced": 0.6879090070724487, "ood_test_balanced_conf": [0.6853169005690143, 0.6905011135758832], "features": ["ENG", "FER", "HUPAC", "NWLK", "OCCP", "RELP", "WKHP", "WRK", "ANC", "DEAR", "PUBCOV", "AGEP", "ST", "MAR", "DIVISION"]}