{"validation": 0.8086916532536215, "id_test": 0.8119540229885057, "ood_test": 0.7631764872120955, "ood_validation": 0.7710894446799491, "train": 0.8042303713070468, "id_test_conf": [0.800019236080843, 0.8234684032832591], "id_test_balanced": 0.7226288318634033, "id_test_balanced_conf": [0.7144297284632921, 0.7308279352635145], "ood_test_conf": [0.7573985540622639, 0.768882279095368], "ood_test_balanced": 0.7189396023750305, "ood_test_balanced_conf": [0.7152898405585438, 0.7225893641915172], "features": ["VCF0004", "VCF0901b", "VCF9010", "VCF9203", "VCF9205", "VCF9206", "VCF0521", "VCF0875", "VCF0870", "VCF0843", "VCF9045", "VCF0838", "VCF0803", "VCF0846", "VCF0606", "VCF0612", "VCF0616", "VCF0617", "VCF0310", "VCF0743", "VCF0717", "VCF0701", "VCF0725", "VCF0726", "VCF0745", "VCF0104", "VCF0112"]}