{"validation": 0.8263955129917204, "id_test": 0.8223406420104797, "ood_test": 0.7941609722165391, "ood_validation": 0.7987479285582766, "train": 0.8233564063349539, "id_test_conf": [0.8196507570261898, 0.8250067217639894], "id_test_balanced": 0.5733380317687988, "id_test_balanced_conf": [0.5719193713692948, 0.5747566921683028], "ood_test_conf": [0.7905489802001777, 0.7977379960775607], "ood_test_balanced": 0.5867448449134827, "ood_test_balanced_conf": [0.5847095307335257, 0.5887801590934396], "features": ["ENG", "OCCP", "POBP", "RELP", "WKHP", "WRK", "ANC", "DEYE", "PUBCOV", "SEX", "CIT", "DIVISION"]}