{"validation": 0.40342167297664117, "id_test": 0.40152868062004426, "ood_test": 0.58258101382558, "ood_validation": 0.5822428161651136, "train": 0.3992606614758197, "id_test_conf": [0.39577926992260126, 0.40729853320364845], "id_test_balanced": 0.5, "id_test_balanced_conf": [0.5, 0.5], "ood_test_conf": [0.5812523124998865, 0.5839088127852075], "ood_test_balanced": 0.5000022649765015, "ood_test_balanced_conf": [0.4999994043700417, 0.5000051255829612], "features": ["VEG_ONCE_PER_DAY", "DRNK_PER_WEEK", "TOTINDA", "SMOKE100", "DIABETES", "IYEAR", "STATE", "MEDCOST", "SEX", "BMI5CAT"]}