{"validation": 0.804092894918372, "id_test": 0.7983908045977012, "ood_test": 0.7439122038528567, "ood_validation": 0.7545570156846121, "train": 0.7992010575928268, "id_test_conf": [0.786154800764701, 0.810224814683546], "id_test_balanced": 0.6986396312713623, "id_test_balanced_conf": [0.6904891599714756, 0.706790102571249], "ood_test_conf": [0.7379844276113185, 0.7497731289024191], "ood_test_balanced": 0.6969229578971863, "ood_test_balanced_conf": [0.693247002158314, 0.7005989136360585], "features": ["VCF0004", "VCF0901b", "VCF0218", "VCF0224", "VCF0302", "VCF9008", "VCF9011", "VCF9202", "VCF0521", "VCF0523", "VCF0428", "VCF0875", "VCF0822", "VCF0870", "VCF9045", "VCF0838", "VCF0846", "VCF0601", "VCF0616", "VCF0617", "VCF0743", "VCF0718", "VCF0701", "VCF0675", "VCF0726", "VCF0745", "VCF0101", "VCF0104", "VCF0105a", "VCF0115", "VCF0112"]}