{"validation": 0.8265608505983949, "id_test": 0.8225186956300554, "ood_test": 0.7973935103727648, "ood_validation": 0.8055606702264776, "train": 0.8237808774947617, "id_test_conf": [0.8198298540684308, 0.8251837187820175], "id_test_balanced": 0.5562681555747986, "id_test_balanced_conf": [0.5550439932290465, 0.5574923179205507], "ood_test_conf": [0.7938023506346542, 0.8009493169054076], "ood_test_balanced": 0.5665977001190186, "ood_test_balanced_conf": [0.5648710809880868, 0.5683243192499503], "features": ["ENG", "FER", "NWLK", "OCCP", "POBP", "DIS", "MIL", "ANC", "NATIVITY", "PUBCOV", "AGEP", "SEX", "MAR", "CIT", "RAC1P", "ACS_YEAR", "DIVISION"]}