{"validation": 0.8262174571076093, "id_test": 0.8249605738413797, "ood_test": 0.7998895208478252, "ood_validation": 0.8075860799116185, "train": 0.82391759854249, "id_test_conf": [0.8222861427884128, 0.8276110057372271], "id_test_balanced": 0.6169269680976868, "id_test_balanced_conf": [0.6151929338811897, 0.6186610023141839], "ood_test_conf": [0.7963146904502738, 0.8034287006953337], "ood_test_balanced": 0.6341860294342041, "ood_test_balanced_conf": [0.6318029244104401, 0.6365691344579681], "features": ["HUPAC", "WIF", "NWLA", "OCCP", "RELP", "WKW", "WRK", "DIS", "ANC", "DEAR", "DREM", "AGEP", "SEX", "CIT", "SCHL", "ACS_YEAR", "DIVISION"]}