{"validation": 0.6765686801885897, "id_test": 0.6792223572296476, "ood_test": 0.6020603074653212, "ood_validation": 0.598221695317131, "0": 0.9132836233084783, "2": 0.631454970626818, "3": 0.6963592896866801, "4": 0.7210836049876814, "5": 0.6778512694975364, "6": 0.740166182309361, "7": 0.6970564647087285, "8": 0.6931902676801057, "9": 0.6279672591119824, "id_test_conf": [0.6769144491500989, 0.6815236879312324], "id_test_balanced": 0.5000794529914856, "id_test_balanced_conf": [0.5000449245384516, 0.5001139814445196], "ood_test_conf": [0.5985679095853165, 0.6055449033391811], "ood_test_balanced": 0.500038743019104, "ood_test_balanced_conf": [0.4999995895497705, 0.5000778964884376], "features": ["COW", "ENG", "FER", "HINS1", "HINS2", "HINS3", "HINS4", "NWLA", "NWLK", "OCCP", "POBP", "RELP", "WKHP", "WKW", "WRK", "AGEP", "SEX", "ST", "MAR", "CIT", "RAC1P", "SCHL", "DIVISION", "ACS_YEAR"]}