{"validation": 0.8127899250071196, "id_test": 0.8123101458080194, "ood_test": 0.7915058423680362, "ood_validation": 0.7888559573206876, "0": 0.9099696216514775, "2": 0.791809730223008, "3": 0.816764083187293, "4": 0.8124455346480328, "5": 0.8189122179330258, "6": 0.8280190468393981, "7": 0.8193778873622185, "8": 0.8165069398545935, "9": 0.804381555842539, "id_test_conf": [0.8103760449702028, 0.814232780933954], "id_test_balanced": 0.7587035894393921, "id_test_balanced_conf": [0.7573059600684792, 0.760101218810305], "ood_test_conf": [0.7885983285060278, 0.7943910606396205], "ood_test_balanced": 0.760333776473999, "ood_test_balanced_conf": [0.7583286549663171, 0.762338897981681], "features": ["COW", "ENG", "FER", "HINS1", "HINS2", "HINS3", "HINS4", "NWLA", "NWLK", "OCCP", "POBP", "RELP", "WKHP", "WKW", "WRK", "AGEP", "SEX", "ST", "MAR", "CIT", "RAC1P", "SCHL", "DIVISION", "ACS_YEAR"]}