{"validation": 0.8116950922380787, "id_test": 0.8107913122721749, "ood_test": 0.8118849705576267, "ood_validation": 0.802371072910492, "0": 0.8906379453189727, "2": 0.8050305138880968, "3": 0.8128437857714477, "4": 0.7954254483641567, "5": 0.8152049398989424, "6": 0.8068846956735295, "7": 0.8130082917420612, "8": 0.8160112359550562, "9": 0.8190564232159282, "id_test_conf": [0.8088512734694995, 0.8127199411998545], "id_test_balanced": 0.7881432175636292, "id_test_balanced_conf": [0.786735690687783, 0.7895507444394753], "ood_test_conf": [0.8090864211729003, 0.8146596628377742], "ood_test_balanced": 0.7989870309829712, "ood_test_balanced_conf": [0.7969963519787416, 0.8009777099872007], "features": ["COW", "ENG", "FER", "HINS1", "HINS2", "HINS3", "HINS4", "NWLA", "NWLK", "OCCP", "POBP", "RELP", "WKHP", "WKW", "WRK", "AGEP", "SEX", "ST", "MAR", "CIT", "RAC1P", "SCHL", "DIVISION", "ACS_YEAR"]}