{"validation": 0.3309432648799165, "id_test": 0.327776933981369, "ood_test": 0.4061334984389614, "ood_validation": 0.41126259632483697, "0": 0.11391880695940348, "2": 0.37566873894940966, "3": 0.3112280559579404, "4": 0.28658726828691, "5": 0.32975159275648874, "6": 0.2684294543817281, "7": 0.3108839885201461, "8": 0.3150198281559815, "9": 0.3770590803935596, "id_test_conf": [0.3254625196249307, 0.33009766878066427], "id_test_balanced": 0.5051149725914001, "id_test_balanced_conf": [0.5048664223059314, 0.5053635228768689], "ood_test_conf": [0.40263694335629874, 0.4096372290920172], "ood_test_balanced": 0.506771981716156, "ood_test_balanced_conf": [0.5063588402612368, 0.5071851231710752], "features": ["COW", "ENG", "FER", "HINS1", "HINS2", "HINS3", "HINS4", "NWLA", "NWLK", "OCCP", "POBP", "RELP", "WKHP", "WKW", "WRK", "AGEP", "SEX", "ST", "MAR", "CIT", "RAC1P", "SCHL", "DIVISION", "ACS_YEAR"]}