{"validation": 0.32351359048191625, "id_test": 0.3208282705548805, "ood_test": 0.3979792124988473, "ood_validation": 0.4018968583283936, "0": 0.08685446009389672, "2": 0.3686020646780357, "3": 0.3036609702482855, "4": 0.2789163950123186, "5": 0.3222507296864702, "6": 0.2598611054261662, "7": 0.30300318811185567, "8": 0.3068613681427627, "9": 0.3721395854431262, "id_test_conf": [0.3185268430958914, 0.3231362735333192], "id_test_balanced": 0.5000046491622925, "id_test_balanced_conf": [0.49999712373497457, 0.5000121745896103], "ood_test_conf": [0.39449455650878873, 0.4014716674736225], "ood_test_balanced": 0.5000109672546387, "ood_test_balanced_conf": [0.4999943290627925, 0.5000276054464848], "features": ["COW", "ENG", "FER", "HINS1", "HINS2", "HINS3", "HINS4", "NWLA", "NWLK", "OCCP", "POBP", "RELP", "WKHP", "WKW", "WRK", "AGEP", "SEX", "ST", "MAR", "CIT", "RAC1P", "SCHL", "DIVISION", "ACS_YEAR"]}