{"validation": 0.7772869664272379, "id_test": 0.7766998278655326, "ood_test": 0.7911238160477401, "ood_validation": 0.7890930646117368, "0": 0.9062413697873516, "2": 0.7674784691724177, "3": 0.7771407153783036, "4": 0.7610732767431603, "5": 0.7832164265762797, "6": 0.7836901204753524, "7": 0.7785422176267457, "8": 0.7803928453403833, "9": 0.7857302128529354, "id_test_conf": [0.7746382202017088, 0.7787512785418882], "id_test_balanced": 0.80464106798172, "id_test_balanced_conf": [0.8032857428747229, 0.8059963930887171], "ood_test_conf": [0.7882143687010398, 0.794010997068122], "ood_test_balanced": 0.806395411491394, "ood_test_balanced_conf": [0.804443824631162, 0.808346998351626], "features": ["COW", "ENG", "FER", "HINS1", "HINS2", "HINS3", "HINS4", "NWLA", "NWLK", "OCCP", "POBP", "RELP", "WKHP", "WKW", "WRK", "AGEP", "SEX", "ST", "MAR", "CIT", "RAC1P", "SCHL", "DIVISION", "ACS_YEAR"]}