{"validation": 0.8010315476378825, "id_test": 0.8008682665046578, "ood_test": 0.8079329741407701, "ood_validation": 0.8018968583283936, "0": 0.9143882905274786, "2": 0.7879940683282952, "3": 0.8015590019956036, "4": 0.7922301477154138, "5": 0.8059033989266547, "6": 0.809736264036129, "7": 0.8047165496808574, "8": 0.8023897058823529, "9": 0.80773554578986, "id_test_conf": [0.7988905783672164, 0.8028349095249949], "id_test_balanced": 0.8096473217010498, "id_test_balanced_conf": [0.8082812586100772, 0.8110133847920225], "ood_test_conf": [0.8051123717603017, 0.8107300223013972], "ood_test_balanced": 0.8105211853981018, "ood_test_balanced_conf": [0.8085509250033647, 0.8124914457928389], "features": ["COW", "ENG", "FER", "HINS1", "HINS2", "HINS3", "HINS4", "NWLA", "NWLK", "OCCP", "POBP", "RELP", "WKHP", "WKW", "WRK", "AGEP", "SEX", "ST", "MAR", "CIT", "RAC1P", "SCHL", "DIVISION", "ACS_YEAR"]}