{"validation": 0.5188494763155397, "id_test": 0.515960409072499, "ood_test": 0.5942880478455033, "ood_validation": 0.5951393005334914, "0": 0.6017674675504004, "2": 0.5419722808418411, "3": 0.5131486977926801, "4": 0.4732164950671874, "5": 0.5122752094906318, "6": 0.4736059378112507, "7": 0.5002220410543967, "8": 0.5141172339722406, "9": 0.5560933914319958, "id_test_conf": [0.5134929397894106, 0.5184272926862095], "id_test_balanced": 0.6421694755554199, "id_test_balanced_conf": [0.6410356862121261, 0.6433032648987137], "ood_test_conf": [0.5907848755495639, 0.597784012343235], "ood_test_balanced": 0.6619157195091248, "ood_test_balanced_conf": [0.6602176216756925, 0.663613817342557], "features": ["COW", "ENG", "FER", "HINS1", "HINS2", "HINS3", "HINS4", "NWLA", "NWLK", "OCCP", "POBP", "RELP", "WKHP", "WKW", "WRK", "AGEP", "SEX", "ST", "MAR", "CIT", "RAC1P", "SCHL", "DIVISION", "ACS_YEAR"]}