{"validation": 0.5060468942821884, "id_test": 0.5025946739570676, "ood_test": 0.5727628406950245, "ood_validation": 0.5748666271487848, "0": 0.5243026788180061, "2": 0.5341926652597958, "3": 0.4810822857258628, "4": 0.4511829067553174, "5": 0.5057590308508301, "6": 0.44514482965631097, "7": 0.47453155965613464, "8": 0.5004853767349636, "9": 0.570001765257867, "id_test_conf": [0.5001262268082496, 0.5050630258940487], "id_test_balanced": 0.6319134831428528, "id_test_balanced_conf": [0.6307979427021928, 0.6330290235835128], "ood_test_conf": [0.5692345416450391, 0.576285577531671], "ood_test_balanced": 0.6440218091011047, "ood_test_balanced_conf": [0.6423738975753076, 0.6456697206269019], "features": ["COW", "ENG", "FER", "HINS1", "HINS2", "HINS3", "HINS4", "NWLA", "NWLK", "OCCP", "POBP", "RELP", "WKHP", "WKW", "WRK", "AGEP", "SEX", "ST", "MAR", "CIT", "RAC1P", "SCHL", "DIVISION", "ACS_YEAR"]}