{"validation": 0.4260798025503908, "id_test": 0.4221471243418388, "ood_test": 0.5229413391998524, "ood_validation": 0.5242442205097807, "0": 0.3856669428334714, "2": 0.4647464780699253, "3": 0.41727362055167805, "4": 0.3848346942947208, "5": 0.4166745127577441, "6": 0.37927223609348776, "7": 0.4046118258402763, "8": 0.4066424322538004, "9": 0.46682244293107134, "id_test_conf": [0.4197101874884808, 0.42458691807446797], "id_test_balanced": 0.5743181705474854, "id_test_balanced_conf": [0.5734350392757915, 0.5752013018191792], "ood_test_conf": [0.5193808269515441, 0.5265000977839098], "ood_test_balanced": 0.6035137176513672, "ood_test_balanced_conf": [0.602061090467032, 0.6049663448357023], "features": ["COW", "ENG", "FER", "HINS1", "HINS2", "HINS3", "HINS4", "NWLA", "NWLK", "OCCP", "POBP", "RELP", "WKHP", "WKW", "WRK", "AGEP", "SEX", "ST", "MAR", "CIT", "RAC1P", "SCHL", "DIVISION", "ACS_YEAR"]}