{"id_test": 0.6263121063680895, "id_test_conf": [0.611631578210953, 0.6408203217156078], "id_test_balanced": 0.587801456451416, "id_test_balanced_conf": [0.5785853959992528, 0.5970175169035792], "ood_test": 0.5521896091665358, "ood_test_conf": [0.5478598450960201, 0.5565134281949833], "ood_test_balanced": 0.5484808087348938, "ood_test_balanced_conf": [0.5460480092326179, 0.5509136082371697], "validation": 0.6236584227718152, "validation_conf": [0.6089574728955992, 0.6381906428963497], "validation_balanced": 0.5892946124076843, "validation_balanced_conf": [0.5799774562567472, 0.5986117685586214], "features": ["gender", "weight", "admission_type_id", "time_in_hospital", "payer_code", "num_lab_procedures", "num_procedures", "num_medications", "number_outpatient", "diag_2", "max_glu_serum", "A1Cresult", "glyburide", "tolbutamide", "rosiglitazone", "miglitol", "troglitazone", "tolazamide", "examide", "glyburide-metformin", "glimepiride-pioglitazone", "metformin-rosiglitazone", "change", "diabetesMed", "admission_source_id"]}