{"id_test": 0.6680836906698211, "id_test_conf": [0.662435893546281, 0.6736953660531927], "id_test_balanced": 0.6320732235908508, "id_test_balanced_conf": [0.6283159231254831, 0.6358305240562185], "ood_test": 0.5958655822545129, "ood_test_conf": [0.5945285371169291, 0.5972015563643102], "ood_test_balanced": 0.6245245933532715, "ood_test_balanced_conf": [0.6236519810184836, 0.6253972056880593], "validation": 0.6614173228346457, "validation_conf": [0.655742415035254, 0.667057540972888], "validation_balanced": 0.6252215504646301, "validation_balanced_conf": [0.6214523911103607, 0.6289907098188996], "features": ["AGEG5YR", "VEG_ONCE_PER_DAY", "CHCSCNCR", "DIABETES", "POVERTY", "EMPLOY1", "IYEAR", "STATE", "PRACE1", "MEDCOST", "SEX", "BMI5CAT"]}