{"id_test": 0.6190809423839515, "id_test_conf": [0.6043505873158994, 0.6336488556883646], "id_test_balanced": 0.5809648036956787, "id_test_balanced_conf": [0.571694729886949, 0.5902348775044084], "ood_test": 0.5878001883534767, "ood_test_conf": [0.5835121317419779, 0.5920782431304035], "ood_test_balanced": 0.5857083201408386, "ood_test_balanced_conf": [0.5828695739386603, 0.5885470663430169], "validation": 0.6220251983201119, "validation_conf": [0.6073129781638826, 0.6365709187182553], "validation_balanced": 0.5881065130233765, "validation_balanced_conf": [0.5787544407695532, 0.5974585852771997], "features": ["weight", "time_in_hospital", "num_lab_procedures", "number_inpatient", "A1Cresult", "metformin", "repaglinide", "nateglinide", "glimepiride", "glyburide", "rosiglitazone", "miglitol", "tolazamide", "insulin", "metformin-pioglitazone", "diabetesMed", "admission_source_id"]}