{"id_test": 0.9667523936417439, "id_test_conf": [0.9658661222453978, 0.9676218429142216], "id_test_balanced": 0.5465323328971863, "id_test_balanced_conf": [0.5458029282884672, 0.5472617375059053], "ood_test": 0.9489031911057325, "ood_test_conf": [0.9478251903906566, 0.9499652493335196], "ood_test_balanced": 0.5343864560127258, "ood_test_balanced_conf": [0.5337431009078863, 0.5350298111175653], "validation": 0.9674028903596837, "validation_conf": [0.9665249119538581, 0.9682640223397052], "validation_balanced": 0.5476978421211243, "validation_balanced_conf": [0.5469623558758758, 0.5484333283663727], "features": ["RELP", "WKW", "WRK", "DIS", "MIG", "NATIVITY", "DEYE", "DREM", "AGEP", "ST", "MAR", "CIT", "RAC1P", "ACS_YEAR", "SCHL"]}