{"id_test": 0.7807120797893884, "id_test_conf": [0.778663680312246, 0.7827501748622111], "id_test_balanced": 0.7274430990219116, "id_test_balanced_conf": [0.7259797071572394, 0.7289064908865839], "ood_test": 0.7525786776619989, "ood_test_conf": [0.7494928139357359, 0.7556452265160608], "ood_test_balanced": 0.7202284336090088, "ood_test_balanced_conf": [0.7181159206246958, 0.7223409465933218], "validation": 0.7804955225769705, "validation_conf": [0.7784463965887172, 0.7825343520525713], "validation_balanced": 0.7278336882591248, "validation_balanced_conf": [0.7263717076508328, 0.7292956688674167], "features": ["COW", "FER", "HINS3", "POBP", "WKHP", "WRK", "ST", "CIT", "RAC1P", "SCHL", "DIVISION"]}