{"validation": 0.7688447299307027, "id_test": 0.7684601559335763, "ood_test": 0.7577953129322496, "ood_validation": 0.7563722584469472, "train": 0.7688516070034325, "id_test_conf": [0.7663722793358997, 0.7705381782574792], "id_test_balanced": 0.7364708185195923, "id_test_balanced_conf": [0.7349667110526934, 0.7379749259864912], "ood_test_conf": [0.7547312735037423, 0.7608396381651019], "ood_test_balanced": 0.7402243614196777, "ood_test_balanced_conf": [0.7380614840378985, 0.742387238801457], "features": ["COW", "FER", "HINS3", "POBP", "WKHP", "WRK", "ST", "CIT", "RAC1P", "SCHL", "DIVISION"]}