{"id_test": 0.9717039010937936, "id_test_conf": [0.970883231954871, 0.9725075632191531], "id_test_balanced": 0.5818917155265808, "id_test_balanced_conf": [0.5809887945500668, 0.5827946365030948], "ood_test": 0.9603816369315021, "ood_test_conf": [0.9594252134469368, 0.9613217023280626], "ood_test_balanced": 0.6156167984008789, "ood_test_balanced_conf": [0.6145952033693902, 0.6166383934323676], "validation": 0.9722552737909324, "validation_conf": [0.9714422853626725, 0.9730512343971643], "validation_balanced": 0.5848604440689087, "validation_balanced_conf": [0.5839446055330336, 0.5857762826047838], "features": ["ENG", "WKHP", "OCCP", "ESP", "NATIVITY", "DEAR", "DEYE", "DREM", "FER", "AGEP", "SEX", "ACS_YEAR", "SCHL"]}