{"validation": 0.884960618877841, "id_test": 0.8846989957297291, "ood_test": 0.44805876180482684, "ood_validation": 0.5518867924528302, "train": 0.8844726669277923, "id_test_conf": [0.8834904275164351, 0.8858993282884793], "id_test_balanced": 0.811385452747345, "id_test_balanced_conf": [0.810471104872413, 0.8122998006222769], "ood_test_conf": [0.42556548757963675, 0.4707121070747577], "ood_test_balanced": 0.5102421045303345, "ood_test_balanced_conf": [0.5070624526357278, 0.5134217564249411], "features": ["Average_confidence(CONFUSED)", "Average_confidence(FRUSTRATED)", "attempt_count", "skill_id", "ms_first_response", "type", "overlap_time", "school_id"]}