{"validation": 0.8845915361959387, "id_test": 0.8846288702789886, "ood_test": 0.4475341028331584, "ood_validation": 0.5518867924528302, "train": 0.8843171910632288, "id_test_conf": [0.8834199848464354, 0.8858295215626624], "id_test_balanced": 0.8127298355102539, "id_test_balanced_conf": [0.8118135409115348, 0.813646130108973], "ood_test_conf": [0.42504410663750003, 0.47018578722398713], "ood_test_balanced": 0.5096411108970642, "ood_test_balanced_conf": [0.5063677200907841, 0.5129145017033443], "features": ["Average_confidence(CONFUSED)", "Average_confidence(FRUSTRATED)", "attempt_count", "skill_id", "ms_first_response", "type", "overlap_time", "school_id"]}