{"validation": 0.7673708764237365, "id_test": 0.7677740336528347, "ood_test": 0.44176285414480587, "ood_validation": 0.5424528301886793, "train": 0.7674828457527177, "id_test_conf": [0.7661793872103861, 0.7693629504102235], "id_test_balanced": 0.6187732219696045, "id_test_balanced_conf": [0.6179706135985907, 0.6195758303406182], "ood_test_conf": [0.4193105747992078, 0.4643946109053047], "ood_test_balanced": 0.5046554803848267, "ood_test_balanced_conf": [0.502499567787163, 0.5068113929824903], "features": ["Average_confidence(CONCENTRATING)", "Average_confidence(FRUSTRATED)", "skill_id", "problem_type", "position", "type", "overlap_time", "first_action", "school_id"]}