{"id_test": 0.8362161062217022, "id_test_conf": [0.833610604061109, 0.8387967758728545], "id_test_balanced": 0.6508613228797913, "id_test_balanced_conf": [0.6490296129509807, 0.6526930328086018], "ood_test": 0.8138221694832031, "ood_test_conf": [0.8103425381942253, 0.817264489977255], "ood_test_balanced": 0.6694109439849854, "ood_test_balanced_conf": [0.6669440372567624, 0.6718778507132083], "validation": 0.839330001144645, "validation_conf": [0.8367443084357694, 0.841890630404823], "validation_balanced": 0.650671124458313, "validation_balanced_conf": [0.6488461438380182, 0.6524961050786078], "features": ["HUPAC", "NWLA", "RELP", "WKW", "WRK", "MIL", "ANC", "NATIVITY", "DEYE", "PUBCOV", "AGEP", "RAC1P", "SCHL", "ACS_YEAR", "DIVISION"]}