{"validation": 0.7632186817707179, "id_test": 0.7656629708383961, "ood_test": 0.7507607593102449, "ood_validation": 0.7477178423236515, "train": 0.7656122070399795, "id_test_conf": [0.7635664321685142, 0.7677497579916596], "id_test_balanced": 0.7160727381706238, "id_test_balanced_conf": [0.7145765316858887, 0.7175689446553588], "ood_test_conf": [0.7476674323255275, 0.7538349105732706], "ood_test_balanced": 0.7257817983627319, "ood_test_balanced_conf": [0.7236238340241834, 0.7279397627012805], "features": ["COW", "FER", "HINS1", "HINS3", "RELP", "WRK", "SEX", "MAR", "RAC1P", "SCHL", "ACS_YEAR", "DIVISION"]}