{"validation": 0.9190444392758266, "id_test": 0.9205675142366243, "ood_test": 0.45015739769150054, "ood_validation": 0.5518867924528302, "train": 0.9193210305524997, "id_test_conf": [0.9195345274250338, 0.9215913461403766], "id_test_balanced": 0.8702270984649658, "id_test_balanced_conf": [0.8693939998256974, 0.8710601971042342], "ood_test_conf": [0.42765126218488786, 0.4728171357220796], "ood_test_balanced": 0.5121042728424072, "ood_test_balanced_conf": [0.5086542048305273, 0.5155543408542872], "features": ["Average_confidence(BORED)", "attempt_count", "hint_count", "skill_id", "problem_type", "bottom_hint", "tutor_mode", "type", "overlap_time", "school_id"]}