{"validation": 0.7384615384615385, "id_test": 0.7398174868367761, "ood_test": 0.7145341254890596, "ood_validation": 0.7127445168938945, "train": 0.7396716933399677, "id_test_conf": [0.737646724342583, 0.741979447116632], "id_test_balanced": 0.6713744401931763, "id_test_balanced_conf": [0.6698782738670707, 0.6728706065192819], "ood_test_conf": [0.7113065776892817, 0.7177452697816915], "ood_test_balanced": 0.6701463460922241, "ood_test_balanced_conf": [0.6680496496753767, 0.6722430425090715], "features": ["COW", "FER", "HINS2", "HINS3", "HINS4", "NWLK", "RELP", "WKHP", "AGEP", "SEX", "CIT", "RAC1P", "DIVISION"]}