{"id_test": 0.656277276694792, "id_test_conf": [0.6506289526894726, 0.6618925608583407], "id_test_balanced": 0.6203320026397705, "id_test_balanced_conf": [0.6165625952603295, 0.6241014100192115], "ood_test": 0.5936908840891306, "ood_test_conf": [0.5923627788861218, 0.5950179582465545], "ood_test_balanced": 0.6209203004837036, "ood_test_balanced_conf": [0.6200470216525719, 0.6217935793148354], "validation": 0.6608110565557374, "validation_conf": [0.6551800655317714, 0.6664080475114625], "validation_balanced": 0.6253548860549927, "validation_balanced_conf": [0.6215853415429592, 0.6291244305670262], "features": ["AGEG5YR", "FRUIT_ONCE_PER_DAY", "CHCSCNCR", "DIABETES", "EMPLOY1", "IYEAR", "STATE", "STATE", "BMI5CAT"]}