{"validation": 0.6083287870521913, "id_test": 0.6083794006400931, "ood_test": 0.4286183685717976, "ood_validation": 0.43014649322233806, "train": 0.6062047080859421, "id_test_conf": [0.6025805741660661, 0.6141553163849983], "id_test_balanced": 0.5119076371192932, "id_test_balanced_conf": [0.5107728013698943, 0.5130424728686921], "ood_test_conf": [0.4272810833875339, 0.4299564392880822], "ood_test_balanced": 0.5092892050743103, "ood_test_balanced_conf": [0.5090277694020188, 0.5095506407466018], "features": ["AGEG5YR", "FRUIT_ONCE_PER_DAY", "CHCSCNCR", "DIABETES", "EMPLOY1", "IYEAR", "STATE", "STATE", "BMI5CAT"]}