{"validation": 0.8052083662943391, "id_test": 0.8041717294451195, "ood_test": 0.799475701808697, "ood_validation": 0.7882631890930646, "train": 0.805022137877406, "id_test_conf": [0.8022063580002309, 0.8061259343500364], "id_test_balanced": 0.763239860534668, "id_test_balanced_conf": [0.7618122719135135, 0.7646674491558224], "ood_test_conf": [0.7966094194110409, 0.8023190780427101], "ood_test_balanced": 0.7817411422729492, "ood_test_balanced_conf": [0.7797098380234092, 0.7837724465224892], "features": ["COW", "FER", "HINS1", "HINS2", "HINS4", "OCCP", "POBP", "WKHP", "WKW", "WRK", "AGEP", "ST", "MAR", "SCHL", "ACS_YEAR", "DIVISION"]}