{"validation": 0.9223953414424633, "id_test": 0.9228370746523659, "ood_test": 0.9111477728022626, "ood_validation": 0.923728813559322, "train": 0.9223289451750132, "id_test_conf": [0.9216894854862425, 0.9239730156719725], "id_test_balanced": 0.8811526894569397, "id_test_balanced_conf": [0.8802425489970482, 0.8820628299168312], "ood_test_conf": [0.9021829679403346, 0.9195416872995353], "ood_test_balanced": 0.8836883902549744, "ood_test_balanced_conf": [0.8773287045024335, 0.8900480760075152], "features": ["Average_confidence(BORED)", "Average_confidence(CONCENTRATING)", "Average_confidence(CONFUSED)", "Average_confidence(FRUSTRATED)", "attempt_count", "problem_type", "ms_first_response", "type", "first_action", "school_id"]}