{"id_test": 0.934892875164113, "id_test_conf": [0.9341408819317809, 0.9356388353622923], "id_test_balanced": 0.9001842141151428, "id_test_balanced_conf": [0.8995765338488855, 0.9007918943814002], "ood_test": 0.9100689977780376, "ood_test_conf": [0.9038063027305213, 0.9160506096919471], "ood_test_balanced": 0.8820155262947083, "ood_test_balanced_conf": [0.877512323781848, 0.8865187288075685], "validation": 0.9339865170259017, "validation_conf": [0.9332297083130308, 0.9347373053595847], "validation_balanced": 0.898919939994812, "validation_balanced_conf": [0.8983094371017069, 0.8995304428879172], "features": ["Average_confidence(BORED)", "Average_confidence(CONCENTRATING)", "Average_confidence(CONFUSED)", "Average_confidence(FRUSTRATED)", "attempt_count", "problem_type", "ms_first_response", "type", "first_action", "school_id"]}