{"validation": 0.7815332450711988, "id_test": 0.7804893147117907, "ood_test": 0.37872931993441555, "ood_validation": 0.37512654606276685, "train": 0.780407807902105, "id_test_conf": [0.7793402983680767, 0.7816350851020519], "id_test_balanced": 0.525610625743866, "id_test_balanced_conf": [0.5252366123133106, 0.5259846391744213], "ood_test_conf": [0.377677882377001, 0.3797816164587725], "ood_test_balanced": 0.5089414119720459, "ood_test_balanced_conf": [0.5087158949565491, 0.5091669289875427], "features": ["ESP", "MIG", "DREM", "ESR", "FER", "DIVISION", "ACS_YEAR", "DIS"]}