{"validation": 0.608958971897042, "id_test": 0.6102514863916688, "ood_test": 0.4574058487146349, "ood_validation": 0.454305921508806, "train": 0.6085306744218252, "id_test_conf": [0.6044127501123471, 0.6160665564694662], "id_test_balanced": 0.5268336534500122, "id_test_balanced_conf": [0.5246444842591882, 0.5290228226408362], "ood_test_conf": [0.4560500215742988, 0.45876215119603375], "ood_test_balanced": 0.5246685743331909, "ood_test_balanced_conf": [0.5240945679903962, 0.5252425806759856], "features": ["AGEG5YR", "FRUIT_ONCE_PER_DAY", "DRNK_PER_WEEK", "RFBING5", "SMOKE100", "SMOKDAY2", "CHCSCNCR", "POVERTY", "IYEAR", "STATE", "MEDCOST", "PRACE1", "IYEAR", "STATE", "PRACE1", "BMI5CAT"]}