{"validation": 0.8742694805194805, "id_test": 0.8739448051948052, "ood_test": 0.6893491124260355, "ood_validation": 0.6423841059602649, "train": 0.8759486992166889, "id_test_conf": [0.8679548595814679, 0.879757463122186], "id_test_balanced": 0.504106879234314, "id_test_balanced_conf": [0.5033010165311862, 0.5049127419374417], "ood_test_conf": [0.6639203029645981, 0.7139521066384891], "ood_test_balanced": 0.5, "ood_test_balanced_conf": [0.5, 0.5], "features": ["STABBR", "main", "HBCU", "ADM_RATE", "SATVRMID", "ACTMTMID", "ACTWRMID", "PCIP03", "PCIP05", "PCIP10", "PCIP14", "PCIP16", "PCIP22", "PCIP23", "PCIP25", "PCIP26", "PCIP30", "PCIP39", "PCIP40", "PCIP42", "PCIP45", "PCIP46", "PCIP48", "PCIP49", "PCIP51", "PCIP54", "DISTANCEONLY", "UGDS_WHITE", "UGDS_AIAN", "UGDS_UNKN", "UGDS_API", "UGDS_AIANOld", "UG_NRA", "UG_WHITENH", "UG_AIANOld", "PPTUG_EF2", "COSTT4_P", "TUITIONFEE_IN", "age_entry_sq", "agege24", "married", "dependent", "first_gen", "md_faminc", "pct_black", "pct_hispanic", "pct_grad_prof", "poverty_rate", "unemp_rate", "CCBASIC"]}