{"id_test": 0.8091954022988506, "id_test_conf": [0.7971975570063206, 0.8207765883710298], "id_test_balanced": 0.7318779230117798, "id_test_balanced_conf": [0.7234692527167499, 0.7402865933068097], "ood_test": 0.7688285996891339, "ood_test_conf": [0.7630976536418628, 0.7744858517683223], "ood_test_balanced": 0.7316110134124756, "ood_test_balanced_conf": [0.727835627188906, 0.7353863996360451], "validation": 0.8066222120027593, "validation_conf": [0.7945649634274043, 0.8182662001368366], "validation_balanced": 0.7320768237113953, "validation_balanced_conf": [0.7236258864589036, 0.740527760963887], "features": ["VCF0901b", "VCF0301", "VCF0302", "VCF9008", "VCF9011", "VCF9201", "VCF9203", "VCF9204", "VCF9206", "VCF0521", "VCF9052", "VCF0809", "VCF0822", "VCF0803", "VCF0846", "VCF0615", "VCF0310", "VCF0743", "VCF0717", "VCF0718", "VCF0720", "VCF0724", "VCF0745", "VCF0104", "VCF0105a", "VCF0140a", "VCF0112"]}