{"id_test": 0.6583503054989817, "id_test_conf": [0.6527098832836025, 0.6639572493899324], "id_test_balanced": 0.6223019361495972, "id_test_balanced_conf": [0.6185386730404571, 0.6260651992587373], "ood_test": 0.5944752976213087, "ood_test_conf": [0.5931475940385477, 0.5958019615258969], "ood_test_balanced": 0.6223534345626831, "ood_test_balanced_conf": [0.6214835429179948, 0.6232233262073714], "validation": 0.6603382433169667, "validation_conf": [0.6547054072797585, 0.6659371793013205], "validation_balanced": 0.6247320175170898, "validation_balanced_conf": [0.6209634578041733, 0.6285005772300064], "features": ["AGEG5YR", "VEG_ONCE_PER_DAY", "DRNK_PER_WEEK", "CHCSCNCR", "DIABETES", "EMPLOY1", "STATE", "SEX", "IYEAR", "SEX", "BMI5CAT"]}