{"id_test": 0.6584957812045389, "id_test_conf": [0.6528559179641837, 0.6641021353494128], "id_test_balanced": 0.6219823956489563, "id_test_balanced_conf": [0.618226202968508, 0.6257385883294045], "ood_test": 0.5939985717216073, "ood_test_conf": [0.592670623636663, 0.5953254853748207], "ood_test_balanced": 0.6220711469650269, "ood_test_balanced_conf": [0.6212019211892038, 0.6229403727408499], "validation": 0.6609201673031461, "validation_conf": [0.6552896029351838, 0.666516708522326], "validation_balanced": 0.6248184442520142, "validation_balanced_conf": [0.6210581841412932, 0.6285787043627351], "features": ["AGEG5YR", "VEG_ONCE_PER_DAY", "DRNK_PER_WEEK", "CHCSCNCR", "DIABETES", "EMPLOY1", "STATE", "SEX", "IYEAR", "SEX", "BMI5CAT"]}