{"id_test": 0.6578047716031423, "id_test_conf": [0.6521622584504541, 0.6634139218224516], "id_test_balanced": 0.621877908706665, "id_test_balanced_conf": [0.6181116674700752, 0.6256441499432549], "ood_test": 0.594902641555304, "ood_test_conf": [0.5935751582498427, 0.5962290804796035], "ood_test_balanced": 0.6226078867912292, "ood_test_balanced_conf": [0.6217374102794565, 0.623478363303002], "validation": 0.6607746863066012, "validation_conf": [0.6551435531376334, 0.6663718271008376], "validation_balanced": 0.6252328753471375, "validation_balanced_conf": [0.6214644326874986, 0.6290013180067763], "features": ["AGEG5YR", "VEG_ONCE_PER_DAY", "DRNK_PER_WEEK", "CHCSCNCR", "DIABETES", "EMPLOY1", "STATE", "SEX", "IYEAR", "SEX", "BMI5CAT"]}