{"id_test": 0.6579502473086994, "id_test_conf": [0.6523082909338556, 0.6635588099792786], "id_test_balanced": 0.6221054792404175, "id_test_balanced_conf": [0.6183383942162618, 0.6258725642645732], "ood_test": 0.5953983605187385, "ood_test_conf": [0.5940711340408957, 0.596724537159963], "ood_test_balanced": 0.622869074344635, "ood_test_balanced_conf": [0.6219977693329565, 0.6237403793563135], "validation": 0.6604473540643754, "validation_conf": [0.6548149432473165, 0.6660458417481481], "validation_balanced": 0.625052273273468, "validation_balanced_conf": [0.621281042098999, 0.628823504447937], "features": ["AGEG5YR", "VEG_ONCE_PER_DAY", "DRNK_PER_WEEK", "CHCSCNCR", "DIABETES", "EMPLOY1", "STATE", "SEX", "IYEAR", "SEX", "BMI5CAT"]}