{"validation": 0.6571376613929806, "id_test": 0.6552589467558918, "ood_test": 0.5786445789997493, "ood_validation": 0.5816310832293465, "train": 0.6541311681108555, "id_test_conf": [0.6496067846083795, 0.6608782844533435], "id_test_balanced": 0.6066111326217651, "id_test_balanced_conf": [0.6030672091012821, 0.6101550561422482], "ood_test_conf": [0.5773094453199559, 0.5799788472192975], "ood_test_balanced": 0.6129175424575806, "ood_test_balanced_conf": [0.6120729698590003, 0.6137621150561609], "features": ["AGEG5YR", "VEG_ONCE_PER_DAY", "DRNK_PER_WEEK", "CHCSCNCR", "DIABETES", "EMPLOY1", "STATE", "SEX", "IYEAR", "SEX", "BMI5CAT"]}