{"validation": 0.69394261424017, "id_test": 0.7388535031847133, "ood_test": 0.6301916410491203, "ood_validation": 0.6350794585050029, "train": 0.7101314566458637, "id_test_conf": [0.7095529882458829, 0.7666521029700296], "id_test_balanced": 0.7344186902046204, "id_test_balanced_conf": [0.7145067822188139, 0.7543305981904268], "ood_test_conf": [0.6224825971413463, 0.6378511184297929], "ood_test_balanced": 0.6237634420394897, "ood_test_balanced_conf": [0.6183753993455321, 0.6291514847334474], "features": ["CMJHLD31", "MCRPHO31", "MCDMC31", "FSAGT31", "HASFSA31", "GOVTA31", "GOVAAT31", "GOVTB31", "GOVBAT31", "GOVTC31", "GOVCAT31", "VAPROG31", "IHS31", "SICPAY31", "MORJOB31", "HRWGIM31", "HRHOW31", "DIFFWG31", "HOUR31", "INDCAT31", "NWK31", "STJBYY31", "OCCCAT31", "PAYDR31", "YRSINUS", "PRIDK31", "PRING31", "MCAID31X", "MCARE31X", "PUB31X", "INS31X", "RACEV1X", "RACEV2X", "RACEBX", "RACEWX", "RACETHX", "HISPANX", "EDUCYR", "HIDEG", "OTHLGSPK", "HWELLSPK", "BORNUSA", "WHTLGSPK", "PRIEU31", "MCRPD31X", "TRILI31X", "PRINEO31", "PRIEUO31", "PRSTX31", "PRIV31", "VERFLG31", "DENTIN31", "PMDINS31", "PMEDPY31", "MARRY31X", "FTSTU31X", "REFRL31X", "DISVW31X", "HELD31X", "TRIPR31X", "TRICH31X", "VACMPM31", "ASMRCN31", "ASPREV31", "ASPKFL31", "IADLHP31", "ADLHLP31", "LFTDIF31", "STPDIF31", "RCHDIF31", "ACTLIM31", "SCHLIM31", "VASPOU31", "ASSTIL31", "FCRP1231", "RUSIZE31", "FAMSZE31", "ENDRFM31", "INSC1231", "ELGRND31", "ACTDTY31", "RTHLTH31", "MNHLTH31", "CHBRON31", "VAPRHT31", "VAWAIT31", "VANEED31", "VAPAST31", "VACOMP31", "VAMREC31", "VACARC31", "VAREP31", "VACARE31", "VAPCPR31", "VAPCRC31", "VAPCSN31", "VAPCSO31", "VAPCOU31", "VAPACT31", "VAMOBL31", "VADERM31", "VAHRLS31", "VABACK31", "VAJTPN31", "VARTHR31", "VANECK31", "VACOST31", "VAPTSD31", "VADEPR31", "VAPROS31", "VARHAB31", "VACRGV31", "VALCOH31", "AGE31X", "INSCOV19"]}