{"validation": 0.7215727948990436, "id_test": 0.7622080679405521, "ood_test": 0.66394139577474, "ood_validation": 0.6639199529134785, "train": 0.747709467534192, "id_test_conf": [0.733694924726928, 0.7890711891204675], "id_test_balanced": 0.7379645705223083, "id_test_balanced_conf": [0.7190568509697914, 0.7568722900748253], "ood_test_conf": [0.6563906431762088, 0.6714297249400218], "ood_test_balanced": 0.6420215964317322, "ood_test_balanced_conf": [0.6371627171523869, 0.6468804757110774], "features": ["CMJHLD31", "MCRPHO31", "MCDMC31", "FSAGT31", "HASFSA31", "GOVTA31", "GOVAAT31", "GOVTB31", "GOVBAT31", "GOVTC31", "GOVCAT31", "VAPROG31", "IHS31", "SICPAY31", "MORJOB31", "HRWGIM31", "HRHOW31", "DIFFWG31", "HOUR31", "INDCAT31", "NWK31", "STJBYY31", "OCCCAT31", "PAYDR31", "YRSINUS", "PRIDK31", "PRING31", "MCAID31X", "MCARE31X", "PUB31X", "INS31X", "RACEV1X", "RACEV2X", "RACEBX", "RACEWX", "RACETHX", "HISPANX", "EDUCYR", "HIDEG", "OTHLGSPK", "HWELLSPK", "BORNUSA", "WHTLGSPK", "PRIEU31", "MCRPD31X", "TRILI31X", "PRINEO31", "PRIEUO31", "PRSTX31", "PRIV31", "VERFLG31", "DENTIN31", "PMDINS31", "PMEDPY31", "MARRY31X", "FTSTU31X", "REFRL31X", "DISVW31X", "HELD31X", "TRIPR31X", "TRICH31X", "VACMPM31", "ASMRCN31", "ASPREV31", "ASPKFL31", "IADLHP31", "ADLHLP31", "LFTDIF31", "STPDIF31", "RCHDIF31", "ACTLIM31", "SCHLIM31", "VASPOU31", "ASSTIL31", "FCRP1231", "RUSIZE31", "FAMSZE31", "ENDRFM31", "INSC1231", "ELGRND31", "ACTDTY31", "RTHLTH31", "MNHLTH31", "CHBRON31", "VAPRHT31", "VAWAIT31", "VANEED31", "VAPAST31", "VACOMP31", "VAMREC31", "VACARC31", "VAREP31", "VACARE31", "VAPCPR31", "VAPCRC31", "VAPCSN31", "VAPCSO31", "VAPCOU31", "VAPACT31", "VAMOBL31", "VADERM31", "VAHRLS31", "VABACK31", "VAJTPN31", "VARTHR31", "VANECK31", "VACOST31", "VAPTSD31", "VADEPR31", "VAPROS31", "VARHAB31", "VACRGV31", "VALCOH31", "AGE31X", "INSCOV19"]}