{"id_test": 0.9879034557481752, "id_test_conf": [0.9873176559448364, 0.9884689578189207], "id_test_balanced": 0.4999963939189911, "id_test_balanced_conf": [0.4999893672903545, 0.5000034205476277], "ood_test": 0.9242049969494501, "ood_test_conf": [0.9227771272389873, 0.9256145329435963], "ood_test_balanced": 0.5000289678573608, "ood_test_balanced_conf": [0.49999751717252366, 0.5000604185421981], "validation": 0.9886660916549644, "validation_conf": [0.9880983813408191, 0.989213466951088], "validation_balanced": 0.5003040432929993, "validation_balanced_conf": [0.5002372865237703, 0.5003708000622282], "features": ["HR", "O2Sat", "Temp", "MAP", "DBP", "BaseExcess", "HCO3", "FiO2", "SaO2", "BUN", "Chloride", "Bilirubin_direct", "Magnesium", "Phosphate", "TroponinI", "WBC", "Fibrinogen", "Age", "Unit1", "Unit2", "ICULOS"]}