{"id_test": 0.802013422818792, "id_test_conf": [0.7521768838484463, 0.8457312284885319], "id_test_balanced": 0.6940492987632751, "id_test_balanced_conf": [0.6615578716993332, 0.7265407258272171], "ood_test": 0.7068892517994314, "ood_test_conf": [0.701949868749491, 0.7117922699977463], "ood_test_balanced": 0.707243800163269, "ood_test_balanced_conf": [0.7037760425033048, 0.7107115578232333], "validation": 0.8221476510067114, "validation_conf": [0.7739104720008299, 0.8638459674491639], "validation_balanced": 0.7387627959251404, "validation_balanced_conf": [0.7070065200328827, 0.7705190718173981], "features": ["ORIGIN", "ALIMONY_AMT", "INCOME", "SAVINGS_INV_AMOUNT", "VA_BENEFITS_AMOUNT", "RETIREMENT_INCOME_AMOUNT", "SURVIVOR_INCOME_AMOUNT", "DISABILITY_BENEFITS_AMOUNT", "FOOD_ASSISTANCE", "EDUCATION", "RACE", "GENDER", "AGE", "LIVING_OWNERSHIP", "WIC_ASSISTANCE", "MEDICARE_ASSISTANCE", "HOSPITAL_NIGHTS", "PRESCRIPTION_MEDS", "VISIT_DENTIST_NUM", "VISIT_DOCTOR_NUM", "HEALTH_OVER_THE_COUNTER_PRODUCTS_PAY", "HEALTH_COGNITIVE", "HEALTH_AMBULATORY", "HEALTH_SELF_CARE", "HEALTH_ERRANDS_DIFFICULTY", "HEALTH_SUPPLEMENTAL_DISABILITY", "HEALTH_INSURANCE_PREMIUMS", "CITIZENSHIP_STATUS"]}