{"validation": 0.8061623361692343, "id_test": 0.8016091954022988, "ood_test": 0.738307192313127, "ood_validation": 0.7371767698177194, "train": 0.7969306816875503, "id_test_conf": [0.7894426922774128, 0.8133693382228658], "id_test_balanced": 0.6984610557556152, "id_test_balanced_conf": [0.6904221971519291, 0.7064999143593014], "ood_test_conf": [0.7323386889167911, 0.7442103831499676], "ood_test_balanced": 0.6879084706306458, "ood_test_balanced_conf": [0.6843050233507529, 0.6915119179105386], "features": ["VCF0901b", "VCF0224", "VCF0301", "VCF0302", "VCF9010", "VCF9011", "VCF9202", "VCF0428", "VCF0429", "VCF0875", "VCF0809", "VCF0839", "VCF0822", "VCF0870", "VCF9045", "VCF9239", "VCF0846", "VCF0606", "VCF0616", "VCF0617", "VCF0310", "VCF0717", "VCF0721", "VCF0675", "VCF0724", "VCF0725", "VCF0745", "VCF0115", "VCF0140a", "VCF0112"]}