{"id_test": 0.7275149351964358, "id_test_conf": [0.7253123305349507, 0.7297091894300329], "id_test_balanced": 0.6509988307952881, "id_test_balanced_conf": [0.6495130358915776, 0.6524846256989986], "ood_test": 0.6995955790333417, "ood_test_conf": [0.6963202466240177, 0.7028556507653669], "ood_test_balanced": 0.6521294713020325, "ood_test_balanced_conf": [0.6500387176778167, 0.6542202249262482], "validation": 0.7280637914122077, "validation_conf": [0.7258625546121387, 0.7302566575767511], "validation_balanced": 0.6533210277557373, "validation_balanced_conf": [0.6518350441521034, 0.6548070113593712], "features": ["ENG", "FER", "HINS1", "HINS2", "HINS4", "NWLK", "WRK", "SEX", "MAR", "ACS_YEAR", "DIVISION"]}