{"validation": 0.8756623801112634, "id_test": 0.873574128794757, "ood_test": 0.826884776119403, "ood_validation": 0.829092159559835, "train": 0.8759766783701272, "id_test_conf": [0.8716897417197247, 0.8754406149164193], "id_test_balanced": 0.516197681427002, "id_test_balanced_conf": [0.5156350990163628, 0.5167602638376411], "ood_test_conf": [0.8252572663033171, 0.828503230919911], "ood_test_balanced": 0.5154083967208862, "ood_test_balanced_conf": [0.5149666699086083, 0.5158501235331642], "features": ["PHYSHLTH", "BMI5", "CVDSTRK3", "DRNK_PER_WEEK", "TOTINDA", "MARITAL", "CHECKUP1", "EDUCA", "MENTHLTH", "STATE", "IYEAR", "STATE", "MEDCOST", "PRACE1"]}