{"validation": 0.7992089358605196, "id_test": 0.7995456156338598, "ood_test": 0.7914926690466467, "ood_validation": 0.785180794309425, "train": 0.7991057832188798, "id_test_conf": [0.7975630555351481, 0.8015171792290029], "id_test_balanced": 0.7568002939224243, "id_test_balanced_conf": [0.7553635084046982, 0.7582370794401504], "ood_test_conf": [0.7885850884483501, 0.794377955063631], "ood_test_balanced": 0.7702920436859131, "ood_test_balanced_conf": [0.7682416481152177, 0.7723424392566085], "features": ["HINS1", "HINS3", "NWLK", "OCCP", "POBP", "RELP", "WKHP", "CIT", "RAC1P", "SCHL", "DIVISION"]}