{"validation": 0.8668388992521914, "id_test": 0.8658484243194612, "ood_test": 0.8273385074626866, "ood_validation": 0.8262121733149931, "train": 0.8676288059890903, "id_test_conf": [0.8639164381176481, 0.8677628810397355], "id_test_balanced": 0.6205590963363647, "id_test_balanced_conf": [0.6191388915409334, 0.6219793011317961], "ood_test_conf": [0.8257126725145691, 0.8289552748080947], "ood_test_balanced": 0.6112003326416016, "ood_test_balanced_conf": [0.6101183450780809, 0.6122823202051222], "features": ["PHYSHLTH", "HIGH_BLOOD_PRESS", "TOLDHI", "BMI5", "SMOKDAY2", "CVDSTRK3", "MICHD", "FRUIT_ONCE_PER_DAY", "VEG_ONCE_PER_DAY", "RFBING5", "INCOME", "MARITAL", "EDUCA", "HEALTH_COV", "MENTHLTH", "STATE", "MEDCOST", "PRACE1", "MEDCOST", "SEX", "PRACE1", "IYEAR"]}