{"id_test": 0.6170421511627907, "id_test_conf": [0.6112686312620872, 0.6227909502809431], "id_test_balanced": 0.5427412390708923, "id_test_balanced_conf": [0.539867704315111, 0.5456147738266737], "ood_test": 0.4866135674699164, "ood_test_conf": [0.4852574955670043, 0.4879697878028978], "ood_test_balanced": 0.5432099103927612, "ood_test_balanced_conf": [0.5425116294063628, 0.5439081913791597], "validation": 0.6220792906718994, "validation_conf": [0.6163197882084348, 0.6278130072315007], "validation_balanced": 0.5476614832878113, "validation_balanced_conf": [0.5447987279295922, 0.5505242386460304], "features": ["DRNK_PER_WEEK", "SMOKDAY2", "CHCOCNCR", "IYEAR", "STATE", "MEDCOST", "PRACE1", "SEX", "IYEAR", "STATE", "BMI5CAT"]}