{"validation": 0.714765100671141, "id_test": 0.7416107382550335, "ood_test": 0.47665275509586885, "ood_validation": 0.47604790419161674, "train": 0.7000838926174496, "id_test_conf": [0.6879790431119375, 0.790367052200284], "id_test_balanced": 0.4977477490901947, "id_test_balanced_conf": [0.4939461967814714, 0.5015493013989181], "ood_test_conf": [0.47125652480724384, 0.4820530876447114], "ood_test_balanced": 0.5044150352478027, "ood_test_balanced_conf": [0.5033005263819359, 0.5055295441136696], "features": ["LIVING_QUARTERS_TYPE", "FAMILY_SIZE_AVG", "TANF_ASSISTANCE", "FOSTER_CHILD_CARE_AMT", "CHILD_SUPPORT_AMT", "INCOME_FROM_ASSISTANCE", "UNEMPLOYMENT_COMP_AMOUNT", "VA_BENEFITS_AMOUNT", "RETIREMENT_INCOME_AMOUNT", "SURVIVOR_INCOME_AMOUNT", "EDUCATION", "SNAP_ASSISTANCE", "WIC_ASSISTANCE", "MEDICARE_ASSISTANCE", "HEALTHDISAB", "DAYS_SICK", "PRESCRIPTION_MEDS", "VISIT_DENTIST_NUM", "HEALTH_AMBULATORY", "HEALTH_SELF_CARE", "HEALTH_ERRANDS_DIFFICULTY", "HEALTH_CORE_DISABILITY", "HEALTH_INSURANCE_PREMIUMS", "CITIZENSHIP_STATUS"]}