{"id_test": 0.9879105839416058, "id_test_conf": [0.9873249504535228, 0.9884759193524197], "id_test_balanced": 0.5005823969841003, "id_test_balanced_conf": [0.5004920518545259, 0.5006727421136747], "ood_test": 0.9242049969494501, "ood_test_conf": [0.9227771272389873, 0.9256145329435963], "ood_test_balanced": 0.5001642107963562, "ood_test_balanced_conf": [0.5001070637582598, 0.5002213578344527], "validation": 0.9886589634107223, "validation_conf": [0.9880910811249181, 0.9892065110282448], "validation_balanced": 0.500300407409668, "validation_balanced_conf": [0.5002332818684226, 0.5003675329509133], "features": ["O2Sat", "SBP", "MAP", "DBP", "EtCO2", "BaseExcess", "FiO2", "pH", "SaO2", "BUN", "Alkalinephos", "Chloride", "Creatinine", "Bilirubin_direct", "Magnesium", "Potassium", "Bilirubin_total", "TroponinI", "Hgb", "PTT", "Gender", "Unit1", "HospAdmTime", "ICULOS"]}