{"id_test": 0.7696390658174098, "id_test_conf": [0.7413994797424951, 0.7961814046545727], "id_test_balanced": 0.7589135766029358, "id_test_balanced_conf": [0.7397857731580735, 0.7780413800477981], "ood_test": 0.7272548891359801, "ood_test_conf": [0.7201197879615386, 0.734303429134639], "ood_test_balanced": 0.727676510810852, "ood_test_balanced_conf": [0.7226871342398227, 0.7326658873818814], "validation": 0.7555791710945803, "validation_conf": [0.7268156417836054, 0.7827330357537843], "validation_balanced": 0.7523041367530823, "validation_balanced_conf": [0.7328189233317971, 0.7717893501743675], "features": ["FCSZ1231", "OFREMP31", "CMJHLD31", "MCRPD31", "MCRPB31", "PRVHMO31", "GOVAAT31", "GOVBAT31", "GOVCAT31", "VAPROG31", "IHSAT31", "RETPLN31", "SICPAY31", "EMPST31", "RNDFLG31", "HRWGIM31", "HRHOW31", "HOUR31", "CHOIC31", "NUMEMP31", "OCCCAT31", "PAYDR31", "YRSINUS", "PRIDK31", "PRING31", "TRIAT31X", "MCAID31X", "MCARE31X", "MCDAT31X", "PUBAT31X", "SEX", "RACEV2X", "RACEBX", "EDUCYR", "OTHLGSPK", "WHTLGSPK", "TRICR31X", "PRIEU31", "MCRPD31X", "PRIEUO31", "PRIV31", "PRIVAT31", "PMEDUP31", "MARRY31X", "FTSTU31X", "HRWG31X", "HELD31X", "TRIST31X", "TRIEX31X", "TRICH31X", "VASPUN31", "VASPMH31", "ASMRCN31", "ASDALY31", "LFTDIF31", "WLKDIF31", "FNGRDF31", "ACTLIM31", "WRKLIM31", "HSELIM31", "ASACUT31", "ASTHEP31", "RUSIZE31", "RUCLAS31", "FAMSZE31", "FAMS1231", "REGION31", "ELGRND31", "PSTATS31", "SPOUIN31", "ACTDTY31", "MNHLTH31", "UNABLE31", "VAPRHT31", "VAWAIT31", "VALOCT31", "VANEED31", "VACOMP31", "VACARE31", "VAPROV31", "VAPCCO31", "VAPCRC31", "VAPCRF31", "VAPCSO31", "VARECM31", "VAMOBL31", "VADERM31", "VAHRLS31", "VAJTPN31", "VARTHR31", "VANECK31", "VADEPR31", "VAMOOD31", "VARHAB31", "VACRGV31", "VALCOH31", "REFPRS31", "DAPID31X", "INSCOV19"]}