{"validation": 0.9137586939069499, "id_test": 0.9145352370519871, "ood_test": 0.45015739769150054, "ood_validation": 0.5518867924528302, "train": 0.9140324666616022, "id_test_conf": [0.9134675458414366, 0.9155939053790438], "id_test_balanced": 0.8619574308395386, "id_test_balanced_conf": [0.8611049012991134, 0.8628099603799637], "ood_test_conf": [0.42765126218488786, 0.4728171357220796], "ood_test_balanced": 0.5121042728424072, "ood_test_balanced_conf": [0.5086542048305273, 0.5155543408542872], "features": ["Average_confidence(BORED)", "attempt_count", "skill_id", "bottom_hint", "ms_first_response", "overlap_time", "school_id"]}