{"validation": 0.8365446983860506, "id_test": 0.8341048990181614, "ood_test": 0.8111215679855968, "ood_validation": 0.8081384643712024, "train": 0.8359236142685901, "id_test_conf": [0.831486145525041, 0.836698976343337], "id_test_balanced": 0.6554869413375854, "id_test_balanced_conf": [0.6536221948894672, 0.6573516877857037], "ood_test_conf": [0.8076229328607469, 0.8145832141922047], "ood_test_balanced": 0.6693172454833984, "ood_test_balanced_conf": [0.6668312262138352, 0.6718032647529617], "features": ["ENG", "HUPAC", "WIF", "NWLK", "OCCP", "RELP", "WKHP", "WKW", "DIS", "MIL", "DEAR", "DEYE", "DREM", "PUBCOV", "SEX", "ST", "MAR", "CIT", "ACS_YEAR", "DIVISION"]}