{"validation": 0.8393935925318274, "id_test": 0.8360634888334945, "ood_test": 0.8131265600065469, "ood_validation": 0.8125575400478733, "train": 0.8377025776686836, "id_test_conf": [0.8334570236214888, 0.8386451328383308], "id_test_balanced": 0.6400009393692017, "id_test_balanced_conf": [0.6382201343821362, 0.6417817443562671], "ood_test_conf": [0.8096420077708115, 0.8165738843582553], "ood_test_balanced": 0.6556671857833862, "ood_test_balanced_conf": [0.6532655067089945, 0.6580688648577779], "features": ["ENG", "HUPAC", "WIF", "NWLK", "OCCP", "RELP", "WKHP", "WKW", "DIS", "MIL", "DEAR", "DEYE", "DREM", "PUBCOV", "SEX", "ST", "MAR", "CIT", "ACS_YEAR", "DIVISION"]}