{"validation": 0.6406440415081798, "id_test": 0.6361387052697662, "ood_test": 0.5374322744423535, "ood_validation": 0.5374081264734434, "train": 0.6353875271199741, "id_test_conf": [0.6303755984506609, 0.6418725873526532], "id_test_balanced": 0.610101044178009, "id_test_balanced_conf": [0.6061491333972663, 0.6140529549587518], "ood_test_conf": [0.5360748735028525, 0.5387892576464972], "ood_test_balanced": 0.5734705924987793, "ood_test_balanced_conf": [0.5726134732947685, 0.5743277117027901], "features": ["AGEG5YR", "VEG_ONCE_PER_DAY", "DRNK_PER_WEEK", "RFBING5", "TOTINDA", "SMOKE100", "SEX", "PRACE1", "BMI5CAT", "IYEAR"]}