{"id_test": 0.9721129117218728, "id_test_conf": [0.971297934145165, 0.972910866930227], "id_test_balanced": 0.5966896414756775, "id_test_balanced_conf": [0.5957229009643197, 0.5976563819870353], "ood_test": 0.9606994639724713, "ood_test_conf": [0.9597466776452407, 0.9616358806491279], "ood_test_balanced": 0.6302591562271118, "ood_test_balanced_conf": [0.6291902679065242, 0.6313280445476994], "validation": 0.9723544284970626, "validation_conf": [0.9715428305814169, 0.9731489948648085], "validation_balanced": 0.5994174480438232, "validation_balanced_conf": [0.5984391380823217, 0.6003957580053247], "features": ["ENG", "POBP", "WKHP", "WRK", "OCCP", "ESP", "MIG", "MIL", "NATIVITY", "DPHY", "FER", "ST", "CIT", "SCHL"]}