{"id_test": 0.5794871794871795, "id_test_conf": [0.5068705193798763, 0.649649351669157], "id_test_balanced": 0.5794761180877686, "id_test_balanced_conf": [0.530483265593648, 0.6284689705818891], "ood_test": 0.5245382585751979, "ood_test_conf": [0.501766273834295, 0.5472341848969229], "ood_test_balanced": 0.5192710757255554, "ood_test_balanced_conf": [0.5034935460984706, 0.5350486053526402], "validation": 0.6102564102564103, "validation_conf": [0.5379880310040692, 0.679118333760006], "validation_balanced": 0.6126374006271362, "validation_balanced_conf": [0.5644188576191663, 0.6608559436351061], "features": ["gender", "weight", "payer_code", "medical_specialty", "num_lab_procedures", "num_procedures", "num_medications", "number_outpatient", "diag_1", "diag_2", "max_glu_serum", "A1Cresult", "metformin", "repaglinide", "chlorpropamide", "glipizide", "tolbutamide", "pioglitazone", "rosiglitazone", "miglitol", "troglitazone", "tolazamide", "examide", "insulin", "metformin-rosiglitazone", "admission_source_id"]}