{"validation": 0.972286259636598, "id_test": 0.9718092523161777, "ood_test": 0.9605038781011057, "ood_validation": 0.9612761276127613, "train": 0.9715132069216075, "id_test_conf": [0.9709900448693009, 0.9726114487958477], "id_test_balanced": 0.5922892093658447, "id_test_balanced_conf": [0.5913394016493112, 0.5932390170823783], "ood_test_conf": [0.9595488515619636, 0.9614425421055359], "ood_test_balanced": 0.6244334578514099, "ood_test_balanced_conf": [0.623382179888431, 0.6254847358143888], "features": ["ENG", "RELP", "WKW", "WRK", "OCCP", "DIS", "ESP", "MIG", "ANC", "NATIVITY", "DEYE", "MAR", "CIT", "DIVISION", "ACS_YEAR", "SCHL"]}