{"validation": 0.9723234426513968, "id_test": 0.9718960121463762, "ood_test": 0.9606689036800704, "ood_validation": 0.9611111111111111, "train": 0.9715759531618683, "id_test_conf": [0.9710780106863491, 0.9726969993825412], "id_test_balanced": 0.5971962213516235, "id_test_balanced_conf": [0.5962262475001626, 0.5981661952030844], "ood_test_conf": [0.9597157669045819, 0.9616056719169302], "ood_test_balanced": 0.6324872374534607, "ood_test_balanced_conf": [0.6314114328357391, 0.6335630420711823], "features": ["ENG", "RELP", "WKW", "WRK", "OCCP", "DIS", "ESP", "MIG", "ANC", "NATIVITY", "DEYE", "MAR", "CIT", "DIVISION", "ACS_YEAR", "SCHL"]}