{"id_test": 0.966176060483996, "id_test_conf": [0.9652825140490996, 0.967052806213425], "id_test_balanced": 0.5005304217338562, "id_test_balanced_conf": [0.5004481738089817, 0.5006126696587307], "ood_test": 0.94846923495364, "ood_test_conf": [0.9473869660477888, 0.9495355770238685], "ood_test_balanced": 0.5006074905395508, "ood_test_balanced_conf": [0.5005170412984444, 0.5006979397806571], "validation": 0.9665600753575767, "validation_conf": [0.9656713658144791, 0.967431969821588], "validation_balanced": 0.5000735521316528, "validation_balanced_conf": [0.5000370470640337, 0.5001100571992719], "features": ["POBP", "RELP", "WKHP", "WKW", "ESP", "DREM", "DPHY", "ST", "MAR", "CIT", "RAC1P", "ACS_YEAR", "SCHL"]}