{"validation": 0.7488656140239851, "id_test": 0.7519618266504657, "ood_test": 0.7320546429371237, "ood_validation": 0.731238885595732, "train": 0.7508019393682419, "id_test_conf": [0.7498246640960837, 0.7540897409628535], "id_test_balanced": 0.6819333434104919, "id_test_balanced_conf": [0.6804594419640488, 0.683407244856935], "ood_test_conf": [0.7288886466619124, 0.7352028951190548], "ood_test_balanced": 0.699878454208374, "ood_test_balanced_conf": [0.697713769688271, 0.702043138728477], "features": ["ENG", "HINS1", "HINS2", "HINS3", "NWLK", "RELP", "MAR", "RAC1P", "SCHL", "DIVISION"]}