{"validation": 0.8167077305367785, "id_test": 0.8180382412398922, "ood_test": 0.7667698658410733, "ood_validation": 0.7592592592592593, "train": 0.8151130437987139, "id_test_conf": [0.8145382796260847, 0.8214992804746066], "id_test_balanced": 0.7152256369590759, "id_test_balanced_conf": [0.7129981379536912, 0.7174531359644607], "ood_test_conf": [0.7388393864299303, 0.7930686207417598], "ood_test_balanced": 0.6752873659133911, "ood_test_balanced_conf": [0.6602656664140523, 0.69030906541273], "features": ["Average_confidence(BORED)", "Average_confidence(CONFUSED)", "hint_count", "ms_first_response", "position", "overlap_time", "school_id"]}