{"validation": 0.8166024385621328, "id_test": 0.8180171832884097, "ood_test": 0.7667698658410733, "ood_validation": 0.7592592592592593, "train": 0.8150946177516537, "id_test_conf": [0.8145170668592161, 0.8214783799226386], "id_test_balanced": 0.7151926755905151, "id_test_balanced_conf": [0.712965218112804, 0.7174201330682263], "ood_test_conf": [0.7388393864299303, 0.7930686207417598], "ood_test_balanced": 0.6752873659133911, "ood_test_balanced_conf": [0.6602656664140523, 0.69030906541273], "features": ["Average_confidence(BORED)", "Average_confidence(CONFUSED)", "hint_count", "ms_first_response", "position", "overlap_time", "school_id"]}