{"validation": 0.7825088971718576, "id_test": 0.7855668800539084, "ood_test": 0.7492260061919505, "ood_validation": 0.7222222222222222, "train": 0.7821962268720206, "id_test_conf": [0.7818475296031742, 0.7892512904382566], "id_test_balanced": 0.6643565893173218, "id_test_balanced_conf": [0.662243492663838, 0.6664696859708056], "ood_test_conf": [0.7206859254847648, 0.7762425812823031], "ood_test_balanced": 0.6508620977401733, "ood_test_balanced_conf": [0.6364116027206183, 0.6653125927597284], "features": ["Average_confidence(BORED)", "Average_confidence(CONFUSED)", "hint_count", "ms_first_response", "position", "overlap_time", "school_id"]}