{"id_test": 0.875484332884097, "id_test_conf": [0.8724812742656316, 0.8784414077657743], "id_test_balanced": 0.805840015411377, "id_test_balanced_conf": [0.8036434093443677, 0.8080366214783862], "ood_test": 0.8307533539731682, "ood_test_conf": [0.8056321390314268, 0.8538451671965355], "ood_test_balanced": 0.7643678188323975, "ood_test_balanced_conf": [0.7486527687311173, 0.7800828689336776], "validation": 0.8741339735085392, "validation_conf": [0.8711172114697996, 0.8771049172009789], "validation_balanced": 0.8068784475326538, "validation_balanced_conf": [0.8046847340278327, 0.8090721610374749], "features": ["Average_confidence(BORED)", "Average_confidence(CONFUSED)", "hint_count", "ms_first_response", "position", "overlap_time", "school_id"]}