{"validation": 0.8207720007581022, "id_test": 0.8217233827493261, "ood_test": 0.7708978328173375, "ood_validation": 0.7592592592592593, "train": 0.8189772490964656, "id_test_conf": [0.8182507832816712, 0.8251566075788603], "id_test_balanced": 0.7209947109222412, "id_test_balanced_conf": [0.7187605567649007, 0.7232288650795817], "ood_test_conf": [0.7431198716618128, 0.7970185663639469], "ood_test_balanced": 0.6810344457626343, "ood_test_balanced_conf": [0.665904174670577, 0.6961647168546915], "features": ["Average_confidence(BORED)", "Average_confidence(CONFUSED)", "hint_count", "ms_first_response", "position", "overlap_time", "school_id"]}