{"validation": 0.8232922532972134, "id_test": 0.8232563463397263, "ood_test": 0.7968615737141455, "ood_validation": 0.7998526974774443, "train": 0.8226076201316973, "id_test_conf": [0.820571838122324, 0.8259169815483525], "id_test_balanced": 0.653389573097229, "id_test_balanced_conf": [0.6514691454544663, 0.6553100007399917], "ood_test_conf": [0.7932669615358318, 0.8004208960523871], "ood_test_balanced": 0.6507889628410339, "ood_test_balanced_conf": [0.6482870574109256, 0.6532908682711422], "features": ["HUPAC", "NWLA", "NWLK", "RELP", "WKHP", "MIL", "DEAR", "DEYE", "PUBCOV", "AGEP", "SEX", "DIVISION"]}