{"validation": 0.8258486270619507, "id_test": 0.8247952383374879, "ood_test": 0.8054953148655837, "ood_validation": 0.7981955440986926, "train": 0.823930316779488, "id_test_conf": [0.8221198256152199, 0.8274466641412542], "id_test_balanced": 0.6118871569633484, "id_test_balanced_conf": [0.6101830772054382, 0.6135912367212586], "ood_test_conf": [0.8019579490539854, 0.8089963622292018], "ood_test_balanced": 0.6097462773323059, "ood_test_balanced_conf": [0.6076123132510111, 0.6118802414136008], "features": ["HUPAC", "NWLA", "NWLK", "RELP", "WKHP", "MIL", "DEAR", "DEYE", "PUBCOV", "AGEP", "SEX", "DIVISION"]}