{"id_test": 0.875540309803258, "id_test_conf": [0.8737337705017225, 0.8773300821222887], "id_test_balanced": 0.5270532369613647, "id_test_balanced_conf": [0.5263693251204677, 0.5277371488022617], "ood_test": 0.8311284285720554, "ood_test_conf": [0.8295839164851765, 0.8326645142465601], "ood_test_balanced": 0.522133469581604, "ood_test_balanced_conf": [0.5216445323929656, 0.5226224067702424], "validation": 0.8772083650599537, "validation_conf": [0.875412148822859, 0.8789877394331532], "validation_balanced": 0.5273033976554871, "validation_balanced_conf": [0.526614615439903, 0.5279921798710712], "features": ["PHYSHLTH", "BMI5CAT", "SMOKDAY2", "MICHD", "FRUIT_ONCE_PER_DAY", "VEG_ONCE_PER_DAY", "DRNK_PER_WEEK", "RFBING5", "TOTINDA", "INCOME", "CHECKUP1", "EDUCA", "STATE", "MEDCOST", "PRACE1", "SEX", "IYEAR", "PRACE1"]}