{"validation": 0.9667335960933046, "id_test": 0.9661698633532675, "ood_test": 0.9489215272811731, "ood_validation": 0.9498349834983498, "train": 0.9661619596657872, "id_test_conf": [0.9652762390678127, 0.9670466871634605], "id_test_balanced": 0.5351806282997131, "id_test_balanced_conf": [0.5345344488567207, 0.5358268077427055], "ood_test_conf": [0.9478437073808119, 0.9499834040328285], "ood_test_balanced": 0.52962726354599, "ood_test_balanced_conf": [0.5290278009674512, 0.5302267261245288], "features": ["ENG", "RELP", "WKW", "WRK", "MIG", "NATIVITY", "DEYE", "DREM", "DPHY", "FER", "AGEP", "SEX", "MAR", "CIT", "RAC1P", "DIVISION", "SCHL"]}