{"validation": 0.7933107616365535, "id_test": 0.7931222154718509, "ood_test": 0.7887262715548471, "ood_validation": 0.7803200948429164, "train": 0.794319065470686, "id_test_conf": [0.7911164683423004, 0.7951172021709226], "id_test_balanced": 0.7532215118408203, "id_test_balanced_conf": [0.7517693431722, 0.7546736805094406], "ood_test_conf": [0.7858047778234785, 0.7916256826113129], "ood_test_balanced": 0.7638542056083679, "ood_test_balanced_conf": [0.7618076586490496, 0.7659007525676862], "features": ["COW", "FER", "HINS1", "HINS2", "HINS3", "HINS4", "NWLA", "OCCP", "RELP", "WKHP", "AGEP", "ACS_YEAR", "DIVISION"]}