{"id_test": 0.8154362416107382, "id_test_conf": [0.7666448127172291, 0.8578292705384343], "id_test_balanced": 0.6944049000740051, "id_test_balanced_conf": [0.6631887248903513, 0.725621075257659], "ood_test": 0.7037137845521079, "ood_test_conf": [0.6987592691532147, 0.70863249370541], "ood_test_balanced": 0.7077490091323853, "ood_test_balanced_conf": [0.704323400463909, 0.7111746178008616], "validation": 0.7785234899328859, "validation_conf": [0.7270452674730299, 0.8243690332968755], "validation_balanced": 0.6577659249305725, "validation_balanced_conf": [0.6268292903155088, 0.6887025595456362], "features": ["LIVING_QUARTERS_TYPE", "MARITAL_STATUS", "FAMILY_SIZE_AVG", "ORIGIN", "RECEIVED_WORK_COMP", "TANF_ASSISTANCE", "CHILD_SUPPORT_AMT", "INCOME", "VA_BENEFITS_AMOUNT", "RETIREMENT_INCOME_AMOUNT", "SURVIVOR_INCOME_AMOUNT", "DISABILITY_BENEFITS_AMOUNT", "RACE", "GENDER", "AGE", "MEDICARE_ASSISTANCE", "HOSPITAL_NIGHTS", "PRESCRIPTION_MEDS", "VISIT_DENTIST_NUM", "TRANSPORTATION_ASSISTANCE", "HEALTH_MEDICAL_CARE_PAY", "HEALTH_SEEING", "HEALTH_COGNITIVE", "HEALTH_INSURANCE_PREMIUMS", "CITIZENSHIP_STATUS"]}