{"ot_datashift_distance": 5.793875217437744, "label_l2_distance": 0.07838326692581177}