{"ot_datashift_distance": -1522.043701171875, "label_l2_distance": 0.1507488489151001}