{"validation": 0.7908363130082587, "id_test": 0.7912553159173754, "ood_test": 0.7841946489968515, "ood_validation": 0.7803200948429164, "train": 0.7917694717998169, "id_test_conf": [0.7892429744108284, 0.7932569656008686], "id_test_balanced": 0.7477464079856873, "id_test_balanced_conf": [0.7462925691972486, 0.7492002467741259], "ood_test_conf": [0.781250795228454, 0.7871167671839104], "ood_test_balanced": 0.75994473695755, "ood_test_balanced_conf": [0.7578810655372217, 0.7620084083778784], "features": ["COW", "HINS1", "HINS3", "HINS4", "OCCP", "WKHP", "WRK", "MAR", "CIT", "SCHL", "DIVISION"]}