{"validation": 0.5952460167831134, "id_test": 0.6048351323377199, "ood_test": 0.6230857927353641, "ood_validation": 0.6227505422993492, "train": 0.5973310044313829, "id_test_conf": [0.598979836020791, 0.610667902832962], "id_test_balanced": 0.6218854188919067, "id_test_balanced_conf": [0.6178655674681067, 0.6259052703157068], "ood_test_conf": [0.6217652260234481, 0.6244049842937391], "ood_test_balanced": 0.603489100933075, "ood_test_balanced_conf": [0.6025746588793117, 0.6044035429868382], "features": ["AGEG5YR", "FRUIT_ONCE_PER_DAY", "VEG_ONCE_PER_DAY", "SMOKE100", "CHCSCNCR", "DIABETES", "EMPLOY1", "PRACE1", "SEX", "IYEAR", "STATE", "MEDCOST", "SEX", "BMI5CAT"]}