{"validation": 0.40220324572104543, "id_test": 0.40196658287742126, "ood_test": 0.5843061034819194, "ood_validation": 0.5834793926247288, "train": 0.4012411568728022, "id_test_conf": [0.3961162904719204, 0.4078379393737894], "id_test_balanced": 0.5, "id_test_balanced_conf": [0.5, 0.5], "ood_test_conf": [0.5829633600031804, 0.5856479050813458], "ood_test_balanced": 0.5000228881835938, "ood_test_balanced_conf": [0.5000084952883844, 0.5000372810788031], "features": ["AGEG5YR", "FRUIT_ONCE_PER_DAY", "VEG_ONCE_PER_DAY", "SMOKE100", "CHCSCNCR", "DIABETES", "EMPLOY1", "PRACE1", "SEX", "IYEAR", "STATE", "MEDCOST", "SEX", "BMI5CAT"]}