{"id_test": 0.6666050569273991, "id_test_conf": [0.6609511611876788, 0.6722231488631913], "id_test_balanced": 0.6318470239639282, "id_test_balanced_conf": [0.6280674404790625, 0.635626607448794], "ood_test": 0.5967949682042026, "ood_test_conf": [0.5954584144935064, 0.5981304405034538], "ood_test_balanced": 0.6241134405136108, "ood_test_balanced_conf": [0.6232350273104384, 0.6249918537167832], "validation": 0.6588296181287199, "validation_conf": [0.6531445650290764, 0.6644805379540419], "validation_balanced": 0.6241097450256348, "validation_balanced_conf": [0.6203123105736449, 0.6279071794776246], "features": ["AGEG5YR", "FRUIT_ONCE_PER_DAY", "VEG_ONCE_PER_DAY", "SMOKE100", "CHCSCNCR", "DIABETES", "EMPLOY1", "PRACE1", "SEX", "IYEAR", "STATE", "MEDCOST", "SEX", "BMI5CAT"]}