{"validation": 0.8355017996362573, "id_test": 0.8331764765732309, "ood_test": 0.8075821432955522, "ood_validation": 0.8044559013073099, "train": 0.833794899351052, "id_test_conf": [0.8305519437225474, 0.8357764020041316], "id_test_balanced": 0.6517826318740845, "id_test_balanced_conf": [0.6499275833927095, 0.6536376803554594], "ood_test_conf": [0.8040590090531493, 0.8110687104227374], "ood_test_balanced": 0.6536505818367004, "ood_test_balanced_conf": [0.6512153999693692, 0.6560857637040317], "features": ["ENG", "HUPAC", "WIF", "NWLA", "NWLK", "POBP", "WKHP", "ANC", "DREM", "PUBCOV", "AGEP", "RAC1P", "ACS_YEAR", "DIVISION"]}