{"validation": 0.8344970557187734, "id_test": 0.8326931881772397, "ood_test": 0.8075616841932975, "ood_validation": 0.805376542073283, "train": 0.8323513794517804, "id_test_conf": [0.830065658408575, 0.8352961463117816], "id_test_balanced": 0.6320643424987793, "id_test_balanced_conf": [0.6303013256168924, 0.6338273593806661], "ood_test_conf": [0.8040384096641784, 0.8110483940452051], "ood_test_balanced": 0.627876877784729, "ood_test_balanced_conf": [0.6256098136305809, 0.6301439419388771], "features": ["ENG", "HUPAC", "WIF", "NWLA", "NWLK", "POBP", "WKHP", "ANC", "DREM", "PUBCOV", "AGEP", "RAC1P", "ACS_YEAR", "DIVISION"]}