{"validation": 0.8024833295010347, "id_test": 0.7983908045977012, "ood_test": 0.7537091988130564, "ood_validation": 0.7604917337855023, "train": 0.803856765145419, "id_test_conf": [0.786154800764701, 0.810224814683546], "id_test_balanced": 0.7179206609725952, "id_test_balanced_conf": [0.7094264774397016, 0.7264148445054889], "ood_test_conf": [0.7478556771810199, 0.7594931793208924], "ood_test_balanced": 0.7145755290985107, "ood_test_balanced_conf": [0.7107584121264517, 0.7183926460705697], "features": ["VCF0004", "VCF0901b", "VCF0218", "VCF0224", "VCF0302", "VCF9010", "VCF9011", "VCF9201", "VCF9204", "VCF9205", "VCF9206", "VCF0523", "VCF0429", "VCF0875", "VCF0843", "VCF0838", "VCF9239", "VCF0803", "VCF0846", "VCF0601", "VCF0612", "VCF0720", "VCF0721", "VCF0701", "VCF0675", "VCF0725", "VCF0726", "VCF0101", "VCF0112"]}