{"validation": 0.7905265578293861, "id_test": 0.786896551724138, "ood_test": 0.7555932363054024, "ood_validation": 0.7664264518863926, "train": 0.794804000459823, "id_test_conf": [0.7744219012469836, 0.7989847914313291], "id_test_balanced": 0.7288075685501099, "id_test_balanced_conf": [0.7199602911807597, 0.7376548459194601], "ood_test_conf": [0.7497544520893067, 0.7613619620161781], "ood_test_balanced": 0.7278425097465515, "ood_test_balanced_conf": [0.7238463592156767, 0.7318386602774263], "features": ["VCF0004", "VCF0901b", "VCF0218", "VCF0224", "VCF0302", "VCF9010", "VCF9011", "VCF9201", "VCF9204", "VCF9205", "VCF9206", "VCF0523", "VCF0429", "VCF0875", "VCF0843", "VCF0838", "VCF9239", "VCF0803", "VCF0846", "VCF0601", "VCF0612", "VCF0720", "VCF0721", "VCF0701", "VCF0675", "VCF0725", "VCF0726", "VCF0101", "VCF0112"]}