{"id_test": 0.7802547770700637, "id_test_conf": [0.7524264579953798, 0.8063182867168229], "id_test_balanced": 0.7718669176101685, "id_test_balanced_conf": [0.7530347400903702, 0.7906990951299667], "ood_test": 0.7209104584995749, "ood_test_conf": [0.7137261577785292, 0.7280106182598367], "ood_test_balanced": 0.7205572128295898, "ood_test_balanced_conf": [0.7155277629662306, 0.7255866626929491], "validation": 0.7545164718384697, "validation_conf": [0.7257161667860976, 0.7817138626008983], "validation_balanced": 0.7482858896255493, "validation_balanced_conf": [0.7287421267479658, 0.7678296525031328], "features": ["FCSZ1231", "JOBORG31", "OFREMP31", "CMJHLD31", "MCDMC31", "PRVHMO31", "HASFSA31", "PFSAMT31", "MCAID31", "MCARE31", "GOVTA31", "GOVTB31", "GOVBAT31", "GOVCAT31", "VAPROX31", "RNDFLG31", "HRHOW31", "DIFFWG31", "HOUR31", "TEMPJB31", "SSNLJB31", "SELFCM31", "UNION31", "PAYVAC31", "PAYDR31", "YRSINUS", "PRIDK31", "PRING31", "TRIAT31X", "MCARE31X", "MCDAT31X", "PUB31X", "INS31X", "RACEV2X", "RACEAX", "RACEBX", "RACETHX", "HISPNCAT", "EDUCYR", "HIDEG", "OTHLGSPK", "BORNUSA", "WHTLGSPK", "PRIEU31", "MCRPD31X", "TRILI31X", "PRIV31", "PRIVAT31", "VERFLG31", "DENTIN31", "PMEDIN31", "PMDINS31", "PMEDUP31", "PMEDPY31", "MARRY31X", "FTSTU31X", "REFRL31X", "HELD31X", "OFFER31X", "TRIPR31X", "TRIEX31X", "ASDALY31", "ASPKFL31", "ASEVFL31", "IADLHP31", "AIDHLP31", "WLKLIM31", "STPDIF31", "WLKDIF31", "MILDIF31", "STNDIF31", "RCHDIF31", "FNGRDF31", "HSELIM31", "FAMSZE31", "FAMS1231", "REGION31", "BEGRFM31", "BEGRFY31", "ENDRFM31", "INSC1231", "SPOUIN31", "ACTDTY31", "MNHLTH31", "COGLIM31", "UNABLE31", "VAPRHT31", "VAWAIT31", "VALOCT31", "VAPROV31", "VAPCCO31", "VAPCRC31", "VAPCSO31", "VAPCOU31", "VASPCL31", "VACTDY31", "VAMOBL31", "VACOPD31", "VADERM31", "VAGERD31", "VABACK31", "VAJTPN31", "VATMD31", "VACOST31", "VAPTSD31", "VARHAB31", "VAGCNS31", "VARXMD31", "VALCOH31", "REFPRS31", "INSCOV19"]}