{"id_test": 0.7919463087248322, "id_test_conf": [0.7413782347626473, 0.8366044326505158], "id_test_balanced": 0.682965874671936, "id_test_balanced_conf": [0.6501526747643948, 0.7157790745794773], "ood_test": 0.6841468577995524, "ood_test_conf": [0.6791052988867807, 0.6891560520159556], "ood_test_balanced": 0.6921948790550232, "ood_test_balanced_conf": [0.6888391737826168, 0.6955505843274296], "validation": 0.785234899328859, "validation_conf": [0.7342026981016121, 0.8304959336686918], "validation_balanced": 0.6841343641281128, "validation_balanced_conf": [0.6517820246517658, 0.7164867036044598], "features": ["MARITAL_STATUS", "FAMILY_SIZE_AVG", "RECEIVED_WORK_COMP", "TANF_ASSISTANCE", "FOSTER_CHILD_CARE_AMT", "CHILD_SUPPORT_AMT", "ALIMONY_AMT", "INCOME", "RETIREMENT_INCOME_AMOUNT", "SURVIVOR_INCOME_AMOUNT", "DISABILITY_BENEFITS_AMOUNT", "RACE", "GENDER", "AGE", "SNAP_ASSISTANCE", "WIC_ASSISTANCE", "MEDICARE_ASSISTANCE", "HEALTHDISAB", "HEALTH_MEDICAL_CARE_PAY", "HEALTH_AMBULATORY", "HEALTH_ERRANDS_DIFFICULTY", "HEALTH_CORE_DISABILITY", "HEALTH_INSURANCE_PREMIUMS", "SOCIAL_SEC_BENEFITS", "CITIZENSHIP_STATUS"]}