{"id_test": 0.802013422818792, "id_test_conf": [0.7521768838484463, 0.8457312284885319], "id_test_balanced": 0.7113561034202576, "id_test_balanced_conf": [0.6781480383127928, 0.7445641685277223], "ood_test": 0.6722917800762113, "ood_test_conf": [0.667202515487025, 0.6773507647162479], "ood_test_balanced": 0.6806379556655884, "ood_test_balanced_conf": [0.6772575961891562, 0.6840183151420206], "validation": 0.7684563758389261, "validation_conf": [0.7163418071336323, 0.8151454913714486], "validation_balanced": 0.668836236000061, "validation_balanced_conf": [0.6357977279275656, 0.7018747440725565], "features": ["MARITAL_STATUS", "FAMILY_SIZE_AVG", "RECEIVED_WORK_COMP", "TANF_ASSISTANCE", "FOSTER_CHILD_CARE_AMT", "CHILD_SUPPORT_AMT", "ALIMONY_AMT", "INCOME", "RETIREMENT_INCOME_AMOUNT", "SURVIVOR_INCOME_AMOUNT", "DISABILITY_BENEFITS_AMOUNT", "RACE", "GENDER", "AGE", "SNAP_ASSISTANCE", "WIC_ASSISTANCE", "MEDICARE_ASSISTANCE", "HEALTHDISAB", "HEALTH_MEDICAL_CARE_PAY", "HEALTH_AMBULATORY", "HEALTH_ERRANDS_DIFFICULTY", "HEALTH_CORE_DISABILITY", "HEALTH_INSURANCE_PREMIUMS", "SOCIAL_SEC_BENEFITS", "CITIZENSHIP_STATUS"]}