{"validation": 0.7324114799227921, "id_test": 0.7340712332928311, "ood_test": 0.7342677609305635, "ood_validation": 0.7370480142264375, "train": 0.7347077776450551, "id_test_conf": [0.7318853290420545, 0.7362485463549715], "id_test_balanced": 0.700069785118103, "id_test_balanced_conf": [0.6985067971143871, 0.7016327731218189], "ood_test_conf": [0.7311099788421935, 0.7374076295686429], "ood_test_balanced": 0.7121344804763794, "ood_test_balanced_conf": [0.7099232603190466, 0.7143457006337122], "features": ["ENG", "HINS1", "HINS2", "HINS3", "NWLK", "WKHP", "WKW", "AGEP", "MAR", "DIVISION"]}