{"validation": 0.7667120210106635, "id_test": 0.7686500101255569, "ood_test": 0.7680178103305186, "ood_validation": 0.7682276229994073, "train": 0.7678833467945761, "id_test_conf": [0.7665627260899067, 0.7707274329128339], "id_test_balanced": 0.7568957209587097, "id_test_balanced_conf": [0.7554045361280441, 0.7583869057893753], "ood_test_conf": [0.7649983354552764, 0.7710167883967769], "ood_test_balanced": 0.757797122001648, "ood_test_balanced_conf": [0.7556568616861478, 0.7599373823171481], "features": ["ENG", "NWLA", "NWLK", "POBP", "RELP", "WKHP", "WRK", "ST", "MAR", "CIT", "SCHL", "DIVISION"]}