{"validation": 0.8238518575044196, "id_test": 0.8215012463753371, "ood_test": 0.7963705552600352, "ood_validation": 0.8007733382434175, "train": 0.8213040008394037, "id_test_conf": [0.8188064557403654, 0.8241722939074195], "id_test_balanced": 0.5555375814437866, "id_test_balanced_conf": [0.554308627101127, 0.5567665357864462], "ood_test_conf": [0.7927727647599918, 0.7999331144101827], "ood_test_balanced": 0.5621331334114075, "ood_test_balanced_conf": [0.560458791574929, 0.563807475247886], "features": ["ENG", "HUPAC", "WIF", "NWLA", "POBP", "WKHP", "WRK", "MIL", "DEYE", "AGEP", "ST", "CIT", "SCHL", "ACS_YEAR", "DIVISION"]}