{"validation": 0.737227478403949, "id_test": 0.733001721344674, "ood_test": 0.7067486925478521, "ood_validation": 0.6983995257854179, "train": 0.7350075902424053, "id_test_conf": [0.7308130512442954, 0.7351818395320217], "id_test_balanced": 0.6938233971595764, "id_test_balanced_conf": [0.6922623142949306, 0.6953844800242223], "ood_test_conf": [0.703495715916806, 0.7099858612942453], "ood_test_balanced": 0.6646902561187744, "ood_test_balanced_conf": [0.662553737401031, 0.6668267748365179], "features": ["ENG", "FER", "HINS3", "HINS4", "NWLK", "RELP", "WKW", "WRK", "SEX", "ST", "CIT", "RAC1P", "DIVISION"]}