{"validation": 0.8080018395033342, "id_test": 0.803448275862069, "ood_test": 0.76162215628091, "ood_validation": 0.7566765578635015, "train": 0.7992010575928268, "id_test_conf": [0.7913220300071583, 0.8151656655379844], "id_test_balanced": 0.7248784303665161, "id_test_balanced_conf": [0.7164169432595372, 0.733339917473495], "ood_test_conf": [0.7558315482136205, 0.7673410500236109], "ood_test_balanced": 0.7241470217704773, "ood_test_balanced_conf": [0.7203374879341573, 0.7279565556067973], "features": ["VCF0004", "VCF0901b", "VCF0301", "VCF0302", "VCF9008", "VCF9010", "VCF9011", "VCF9201", "VCF9202", "VCF9203", "VCF9204", "VCF0523", "VCF0428", "VCF0429", "VCF0875", "VCF0822", "VCF0838", "VCF9239", "VCF0803", "VCF0846", "VCF0601", "VCF0612", "VCF0615", "VCF0310", "VCF0717", "VCF0718", "VCF0721", "VCF0726", "VCF0104", "VCF0105a", "VCF0140a", "VCF0112"]}