{"validation": 0.7907564957461486, "id_test": 0.7850574712643679, "ood_test": 0.7725495737365173, "ood_validation": 0.7698177193726156, "train": 0.7776468559604552, "id_test_conf": [0.7725459846078612, 0.7971850388193019], "id_test_balanced": 0.7577671408653259, "id_test_balanced_conf": [0.7488752719014883, 0.7666590098291636], "ood_test_conf": [0.7668503411055014, 0.7781740900390282], "ood_test_balanced": 0.7581053972244263, "ood_test_balanced_conf": [0.7540976604726165, 0.762113133976236], "features": ["VCF0004", "VCF0901b", "VCF0301", "VCF0302", "VCF9008", "VCF9010", "VCF9011", "VCF9201", "VCF9202", "VCF9203", "VCF9204", "VCF0523", "VCF0428", "VCF0429", "VCF0875", "VCF0822", "VCF0838", "VCF9239", "VCF0803", "VCF0846", "VCF0601", "VCF0612", "VCF0615", "VCF0310", "VCF0717", "VCF0718", "VCF0721", "VCF0726", "VCF0104", "VCF0105a", "VCF0140a", "VCF0112"]}