{"validation": 0.8081447963800905, "id_test": 0.8066398339408668, "ood_test": 0.8005032208770797, "ood_validation": 0.7918197984588026, "train": 0.8069222694310602, "id_test_conf": [0.8046838048824174, 0.8085846057359813], "id_test_balanced": 0.767018735408783, "id_test_balanced_conf": [0.7655961862392724, 0.7684412845782935], "ood_test_conf": [0.7976423807134215, 0.8033410761494024], "ood_test_balanced": 0.7858596444129944, "ood_test_balanced_conf": [0.7838279317319393, 0.7878913570940494], "features": ["COW", "FER", "HINS1", "HINS3", "HINS4", "NWLK", "OCCP", "POBP", "RELP", "WKHP", "WKW", "AGEP", "SEX", "ST", "CIT", "RAC1P", "SCHL", "ACS_YEAR", "DIVISION"]}