{"validation": 0.8094041704901433, "id_test": 0.8082409376265695, "ood_test": 0.797657783456943, "ood_validation": 0.788737403675163, "train": 0.8088524613506756, "id_test_conf": [0.8062910342179014, 0.8101795249156112], "id_test_balanced": 0.7596056461334229, "id_test_balanced_conf": [0.7581929196277634, 0.7610183726390823], "ood_test_conf": [0.7947819440396738, 0.8005108559927642], "ood_test_balanced": 0.7759901285171509, "ood_test_balanced_conf": [0.773962027374655, 0.7780182296596467], "features": ["COW", "FER", "HINS1", "HINS3", "HINS4", "NWLK", "OCCP", "POBP", "RELP", "WKHP", "WKW", "AGEP", "SEX", "ST", "CIT", "RAC1P", "SCHL", "ACS_YEAR", "DIVISION"]}