{"validation": 0.8757357484309454, "id_test": 0.8753861663035348, "ood_test": 0.827172302556312, "ood_validation": 0.8234872141108954, "train": 0.8753575852793255, "id_test_conf": [0.8735275045842181, 0.8772271108480489], "id_test_balanced": 0.5329728126525879, "id_test_balanced_conf": [0.5321917141333689, 0.5337539111718069], "ood_test_conf": [0.8255608598020188, 0.828774848246819], "ood_test_balanced": 0.5284002423286438, "ood_test_balanced_conf": [0.5278208803420421, 0.5289796043152455], "features": ["HIGH_BLOOD_PRESS", "CHOL_CHK_PAST_5_YEARS", "BMI5", "SMOKE100", "MICHD", "TOTINDA", "INCOME", "HEALTH_COV", "MENTHLTH", "STATE", "PRACE1", "SEX", "IYEAR", "STATE", "MEDCOST", "PRACE1", "SEX", "PRACE1"]}