{"validation": 0.8761906334087195, "id_test": 0.8741353979233042, "ood_test": 0.8276919402985075, "ood_validation": 0.8308115543328748, "train": 0.8767381083314676, "id_test_conf": [0.8722545560122473, 0.8759983118866035], "id_test_balanced": 0.5170179605484009, "id_test_balanced_conf": [0.5164510864124168, 0.517584834684385], "ood_test_conf": [0.8260674128127268, 0.8293073903767677], "ood_test_balanced": 0.5134415626525879, "ood_test_balanced_conf": [0.513043894819566, 0.5138392304856098], "features": ["PHYSHLTH", "CHOL_CHK_PAST_5_YEARS", "BMI5", "BMI5CAT", "SMOKDAY2", "CVDSTRK3", "MICHD", "EDUCA", "HEALTH_COV", "MENTHLTH", "IYEAR", "STATE", "MEDCOST", "PRACE1", "SEX", "IYEAR", "STATE", "PRACE1", "SEX", "PRACE1"]}