{"id_test": 0.8221476510067114, "id_test_conf": [0.7739104720008299, 0.8638459674491639], "id_test_balanced": 0.7465031147003174, "id_test_balanced_conf": [0.7138520424813032, 0.7791541869193316], "ood_test": 0.6829069134458357, "ood_test_conf": [0.677860190304244, 0.6879214899516406], "ood_test_balanced": 0.6936483383178711, "ood_test_balanced_conf": [0.690430224724114, 0.6968664519116282], "validation": 0.8087248322147651, "validation_conf": [0.7594005662417408, 0.8517907290851155], "validation_balanced": 0.7438807487487793, "validation_balanced_conf": [0.7109319550544023, 0.7768295424431563], "features": ["HOUSEHOLD_INC", "UNEMPLOYMENT_COMP", "SEVERANCE_PAY_PENSION", "FOSTER_CHILD_CARE_AMT", "ALIMONY_AMT", "INCOME_FROM_ASSISTANCE", "UNEMPLOYMENT_COMP_AMOUNT", "RETIREMENT_INCOME_AMOUNT", "SURVIVOR_INCOME_AMOUNT", "FOOD_ASSISTANCE", "RACE", "GENDER", "SNAP_ASSISTANCE", "HEALTHDISAB", "HEALTH_OVER_THE_COUNTER_PRODUCTS_PAY", "HEALTH_MEDICAL_CARE_PAY", "HEALTH_SEEING", "HEALTH_COGNITIVE", "HEALTH_AMBULATORY", "HEALTH_ERRANDS_DIFFICULTY", "HEALTH_SUPPLEMENTAL_DISABILITY", "SOCIAL_SEC_BENEFITS", "CITIZENSHIP_STATUS"]}