{"validation": 0.8320169916186552, "id_test": 0.8294627867935087, "ood_test": 0.8002782437906625, "ood_validation": 0.8040876450009207, "train": 0.8292560785223952, "id_test_conf": [0.8268154252422013, 0.8320858158915323], "id_test_balanced": 0.5960645079612732, "id_test_balanced_conf": [0.5945154060586355, 0.5976136098639109], "ood_test_conf": [0.7967059758128974, 0.8038148149084192], "ood_test_balanced": 0.6029611229896545, "ood_test_balanced_conf": [0.6008319562673569, 0.6050902897119522], "features": ["FER", "NWLA", "OCCP", "DIS", "MIL", "ANC", "DEAR", "DEYE", "PUBCOV", "AGEP", "ST", "MAR", "CIT", "SCHL", "ACS_YEAR", "DIVISION"]}