{"validation": 0.7817988302271851, "id_test": 0.7808467556741256, "ood_test": 0.38004614385781726, "ood_validation": 0.3769752189797086, "train": 0.7809030342347667, "id_test_conf": [0.7796984087432264, 0.7819918525129047], "id_test_balanced": 0.5225005149841309, "id_test_balanced_conf": [0.5221568692068104, 0.5228441607614513], "ood_test_conf": [0.37899399227033187, 0.3810991450846601], "ood_test_balanced": 0.5099229216575623, "ood_test_balanced_conf": [0.509691465999349, 0.5101543773157755], "features": ["ESP", "DEAR", "DREM", "AGEP", "CIT", "RAC1P", "DIVISION", "DIS"]}