{"validation": 0.7790830722411594, "id_test": 0.7779912217292155, "ood_test": 0.3830514857368528, "ood_validation": 0.3805405167480963, "train": 0.778008556133181, "id_test_conf": [0.7768375616790971, 0.7791416647500019], "id_test_balanced": 0.5114624500274658, "id_test_balanced_conf": [0.5112064221082255, 0.5117184779467061], "ood_test_conf": [0.38199773528610625, 0.3841060645390166], "ood_test_balanced": 0.5116963982582092, "ood_test_balanced_conf": [0.5114443058276084, 0.5119484906888101], "features": ["MIG", "ANC", "DEAR", "DREM", "PINCP", "AGEP", "SEX", "CIT", "RAC1P", "SCHL", "DIS"]}