{"validation": 0.7824118726549131, "id_test": 0.7810025120711208, "ood_test": 0.4632884895895104, "ood_validation": 0.46292750561204277, "train": 0.7813103978309885, "id_test_conf": [0.7798544572304514, 0.782147315016219], "id_test_balanced": 0.53616863489151, "id_test_balanced_conf": [0.5357208929269109, 0.5366163768561091], "ood_test_conf": [0.462207321923981, 0.46436991727922927], "ood_test_balanced": 0.568333625793457, "ood_test_balanced_conf": [0.5678568887850269, 0.5688103628018871], "features": ["MIG", "ANC", "DEAR", "DREM", "PINCP", "AGEP", "SEX", "CIT", "RAC1P", "SCHL", "DIS"]}