{"validation": 0.7804149917828352, "id_test": 0.7796426389127404, "ood_test": 0.4990921617798275, "ood_validation": 0.4994497997271007, "train": 0.7798332055745911, "id_test_conf": [0.7784920418939649, 0.7807899997813436], "id_test_balanced": 0.5620313882827759, "id_test_balanced_conf": [0.5614406618603971, 0.5626221147051547], "ood_test_conf": [0.4980079443196331, 0.5001763856701424], "ood_test_balanced": 0.5884743332862854, "ood_test_balanced_conf": [0.5879120639304165, 0.5890366026421543], "features": ["MIG", "ANC", "DEAR", "DREM", "PINCP", "AGEP", "SEX", "CIT", "RAC1P", "SCHL", "DIS"]}