{"id_test": 0.6172601744186047, "id_test_conf": [0.6114872522476393, 0.6230083297465935], "id_test_balanced": 0.5389627814292908, "id_test_balanced_conf": [0.5362651129486039, 0.5416604499099776], "ood_test": 0.47609962031905445, "ood_test_conf": [0.4747446704370322, 0.47745483521099663], "ood_test_balanced": 0.5363454818725586, "ood_test_balanced_conf": [0.535687384614721, 0.5370035791303962], "validation": 0.6226970456775319, "validation_conf": [0.6169393203969264, 0.6284288545356315], "validation_balanced": 0.5446217656135559, "validation_balanced_conf": [0.5419201202876865, 0.5473234109394253], "features": ["FRUIT_ONCE_PER_DAY", "VEG_ONCE_PER_DAY", "RFBING5", "SMOKE100", "SMOKDAY2", "CHCOCNCR", "STATE", "PRACE1", "PRACE1", "BMI5CAT", "IYEAR"]}