{"id_test": 0.6158793604651163, "id_test_conf": [0.610102673303287, 0.6216315724988855], "id_test_balanced": 0.5375832915306091, "id_test_balanced_conf": [0.5348841955931857, 0.5402823874680326], "ood_test": 0.47641729691662327, "ood_test_conf": [0.4750623043285752, 0.4777725509921566], "ood_test_balanced": 0.5365902781486511, "ood_test_balanced_conf": [0.535931347485166, 0.5372492088121362], "validation": 0.6225516915585595, "validation_conf": [0.6167935472272565, 0.6282839501776769], "validation_balanced": 0.5443447828292847, "validation_balanced_conf": [0.5416490789270029, 0.5470404867315665], "features": ["FRUIT_ONCE_PER_DAY", "VEG_ONCE_PER_DAY", "RFBING5", "SMOKE100", "SMOKDAY2", "CHCOCNCR", "STATE", "PRACE1", "PRACE1", "BMI5CAT", "IYEAR"]}