{"validation": 0.5950070860132999, "id_test": 0.5930595930232558, "ood_test": 0.43430983802320955, "ood_validation": 0.43569693942577636, "train": 0.5914560196225387, "id_test_conf": [0.5872277017879675, 0.5988718297549899], "id_test_balanced": 0.5055503249168396, "id_test_balanced_conf": [0.5033427564566955, 0.5077578933769837], "ood_test_conf": [0.43296532105827434, 0.4356550833727399], "ood_test_balanced": 0.5057877898216248, "ood_test_balanced_conf": [0.5052961135748774, 0.5062794660683722], "features": ["FRUIT_ONCE_PER_DAY", "VEG_ONCE_PER_DAY", "RFBING5", "SMOKE100", "SMOKDAY2", "CHCOCNCR", "STATE", "PRACE1", "PRACE1", "BMI5CAT", "IYEAR"]}