{"id_test": 0.9106215098130286, "id_test_conf": [0.9096980980533956, 0.9115384905791073], "id_test_balanced": 0.8626819849014282, "id_test_balanced_conf": [0.8619619640067685, 0.863402005796088], "ood_test": 0.8674525212835625, "ood_test_conf": [0.8596407247143039, 0.8749826118770838], "ood_test_balanced": 0.8287160396575928, "ood_test_balanced_conf": [0.8233900301810354, 0.8340420491341501], "validation": 0.9102378194171035, "validation_conf": [0.909312633319181, 0.9111565805374036], "validation_balanced": 0.8621335029602051, "validation_balanced_conf": [0.8614125138660893, 0.8628544920543209], "features": ["Average_confidence(CONFUSED)", "attempt_count", "problem_type", "bottom_hint", "ms_first_response", "position", "school_id"]}