{"validation": 0.8755085873385788, "id_test": 0.8735636604162501, "ood_test": 0.8286448940548747, "ood_validation": 0.8254946096434072, "train": 0.874303937177446, "id_test_conf": [0.8717450159492152, 0.8753656264709168], "id_test_balanced": 0.5004380941390991, "id_test_balanced_conf": [0.500349236861075, 0.5005269514171232], "ood_test_conf": [0.8270914614126609, 0.8301899635759276], "ood_test_balanced": 0.5008475184440613, "ood_test_balanced_conf": [0.5007503199648636, 0.5009447169232589], "features": ["PHYSHLTH", "TOLDHI", "SMOKE100", "SMOKDAY2", "DRNK_PER_WEEK", "INCOME", "CHECKUP1", "EDUCA", "HEALTH_COV", "IYEAR", "MEDCOST", "IYEAR", "MEDCOST", "PRACE1", "SEX", "PRACE1"]}