{"validation": 0.7535065532306278, "id_test": 0.7551724137931034, "ood_test": 0.7565823559888841, "ood_validation": 0.7664264518863926, "train": 0.755719048166456, "id_test_conf": [0.7421108724072147, 0.7678904730728043], "id_test_balanced": 0.7670162916183472, "id_test_balanced_conf": [0.7581543362699449, 0.7758782469667495], "ood_test_conf": [0.7507513690387535, 0.7623430127969282], "ood_test_balanced": 0.7572619915008545, "ood_test_balanced_conf": [0.7531841295678169, 0.7613398534338921], "features": ["VCF0218", "VCF0301", "VCF9008", "VCF9010", "VCF9201", "VCF9202", "VCF9204", "VCF9205", "VCF0523", "VCF0428", "VCF9052", "VCF0809", "VCF0839", "VCF0822", "VCF0870", "VCF9045", "VCF0838", "VCF9239", "VCF0846", "VCF0612", "VCF0615", "VCF0718", "VCF0720", "VCF0721", "VCF0701", "VCF0724", "VCF0725", "VCF0726", "VCF0745", "VCF0101", "VCF0104", "VCF0105a", "VCF0115", "VCF0140a", "VCF0112"]}