{"id_test": 0.824367816091954, "id_test_conf": [0.8127287418185856, 0.8355696034390724], "id_test_balanced": 0.7572351694107056, "id_test_balanced_conf": [0.7489193449541927, 0.7655509938672185], "ood_test": 0.7826762752578776, "ood_test_conf": [0.7770665844687193, 0.7882084666295104], "ood_test_balanced": 0.7501421570777893, "ood_test_balanced_conf": [0.7463640704145655, 0.7539202437410131], "validation": 0.8178891699241205, "validation_conf": [0.8060918878135216, 0.829257879281012], "validation_balanced": 0.7517895698547363, "validation_balanced_conf": [0.7433957126177847, 0.760183427091688], "features": ["VCF0218", "VCF0301", "VCF9008", "VCF9010", "VCF9201", "VCF9202", "VCF9204", "VCF9205", "VCF0523", "VCF0428", "VCF9052", "VCF0809", "VCF0839", "VCF0822", "VCF0870", "VCF9045", "VCF0838", "VCF9239", "VCF0846", "VCF0612", "VCF0615", "VCF0718", "VCF0720", "VCF0721", "VCF0701", "VCF0724", "VCF0725", "VCF0726", "VCF0745", "VCF0101", "VCF0104", "VCF0105a", "VCF0115", "VCF0140a", "VCF0112"]}