{"validation": 0.8753982534625353, "id_test": 0.8736484144147119, "ood_test": 0.8268083582089553, "ood_validation": 0.829693947730399, "train": 0.8760530277158443, "id_test_conf": [0.8717644958573685, 0.8755144284459566], "id_test_balanced": 0.5067635774612427, "id_test_balanced_conf": [0.5064121389132924, 0.507115016009193], "ood_test_conf": [0.8251805667106911, 0.8284270968115696], "ood_test_balanced": 0.5055724382400513, "ood_test_balanced_conf": [0.5053202539123595, 0.5058246225677431], "features": ["PHYSHLTH", "BMI5", "BMI5CAT", "SMOKE100", "CVDSTRK3", "MICHD", "VEG_ONCE_PER_DAY", "RFBING5", "CHECKUP1", "EDUCA", "MENTHLTH", "IYEAR", "MEDCOST", "SEX", "IYEAR", "STATE", "SEX", "PRACE1"]}