{"validation": 0.8765950773395843, "id_test": 0.8744160324875778, "ood_test": 0.8279116417910448, "ood_validation": 0.8300378266850069, "train": 0.8770042992935622, "id_test_conf": [0.8725369677106958, 0.8762771558191254], "id_test_balanced": 0.5238289833068848, "id_test_balanced_conf": [0.5231590899080039, 0.5244988767057657], "ood_test_conf": [0.8262879283034615, 0.8295262717761854], "ood_test_balanced": 0.5204652547836304, "ood_test_balanced_conf": [0.5199679120630026, 0.5209625975042581], "features": ["PHYSHLTH", "BMI5", "BMI5CAT", "SMOKE100", "CVDSTRK3", "MICHD", "VEG_ONCE_PER_DAY", "RFBING5", "CHECKUP1", "EDUCA", "MENTHLTH", "IYEAR", "MEDCOST", "SEX", "IYEAR", "STATE", "SEX", "PRACE1"]}