{"validation": 0.7868475511611864, "id_test": 0.7852873563218391, "ood_test": 0.704441618388206, "ood_validation": 0.7083509961848241, "train": 0.779026324864927, "id_test_conf": [0.7727804543210786, 0.7974100277854721], "id_test_balanced": 0.650987982749939, "id_test_balanced_conf": [0.6437615546677261, 0.6582144108321518], "ood_test_conf": [0.6982526541058631, 0.7105745623680335], "ood_test_balanced": 0.6379050612449646, "ood_test_balanced_conf": [0.6347945358138531, 0.641015586676076], "features": ["VCF0004", "VCF0901b", "VCF0218", "VCF0224", "VCF0301", "VCF0302", "VCF9201", "VCF9203", "VCF9205", "VCF9206", "VCF0839", "VCF0870", "VCF9045", "VCF0846", "VCF0743", "VCF0720", "VCF0701", "VCF0726", "VCF0745", "VCF0112"]}