{"id_test": 0.8744341081544514, "id_test_conf": [0.8725830204253866, 0.8762677789106311], "id_test_balanced": 0.5264822840690613, "id_test_balanced_conf": [0.5257737942342646, 0.5271907739038579], "ood_test": 0.8250726045113751, "ood_test_conf": [0.8234685461246779, 0.8266679857878239], "ood_test_balanced": 0.5273178815841675, "ood_test_balanced_conf": [0.5267513576382771, 0.5278844055300579], "validation": 0.8741456535499947, "validation_conf": [0.8722927658096467, 0.8759811377842195], "validation_balanced": 0.5278500318527222, "validation_balanced_conf": [0.5271333962050266, 0.5285666675004177], "features": ["CHOL_CHK_PAST_5_YEARS", "BMI5", "SMOKE100", "SMOKDAY2", "CVDSTRK3", "MICHD", "FRUIT_ONCE_PER_DAY", "VEG_ONCE_PER_DAY", "CHECKUP1", "EDUCA", "HEALTH_COV", "IYEAR", "STATE", "SEX", "IYEAR", "MEDCOST", "PRACE1", "SEX", "PRACE1"]}