{"validation": 0.7506692402620004, "id_test": 0.7514935196435804, "ood_test": 0.7069462923686949, "ood_validation": 0.7050385299347955, "train": 0.7502173443565223, "id_test_conf": [0.7493550202711974, 0.7536227879746011], "id_test_balanced": 0.6557351350784302, "id_test_balanced_conf": [0.6543654108210467, 0.6571048593358136], "ood_test_conf": [0.7036939468952323, 0.7101828148407519], "ood_test_balanced": 0.6493086814880371, "ood_test_balanced_conf": [0.6473739496152848, 0.6512434133607894], "features": ["ENG", "FER", "HINS1", "NWLA", "NWLK", "POBP", "WKHP", "WKW", "AGEP", "ST", "CIT", "DIVISION"]}