{"validation": 0.7516881308736513, "id_test": 0.7511517820980154, "ood_test": 0.741170581338673, "ood_validation": 0.7413159454653231, "train": 0.7526767569295076, "id_test_conf": [0.7490123093241383, 0.7532820363822905], "id_test_balanced": 0.7219332456588745, "id_test_balanced_conf": [0.7203972118534148, 0.7234692794643343], "ood_test_conf": [0.7380390725902168, 0.7442836483730176], "ood_test_balanced": 0.7321900725364685, "ood_test_balanced_conf": [0.7299736187513918, 0.7344065263215452], "features": ["ENG", "FER", "HINS1", "NWLA", "NWLK", "POBP", "WKHP", "WKW", "AGEP", "ST", "CIT", "DIVISION"]}