{"id_test": 0.7878537966620206, "id_test_conf": [0.7867188276468162, 0.7889854344507297], "id_test_balanced": 0.5561787486076355, "id_test_balanced_conf": [0.5556570264615585, 0.5567004707537125], "ood_test": 0.4496213978385503, "ood_test_conf": [0.4485428682313222, 0.450700284273353], "ood_test_balanced": 0.5606735348701477, "ood_test_balanced_conf": [0.5602393041166942, 0.5611077656236012], "validation": 0.7887040442828303, "validation_conf": [0.7875707309310959, 0.789834016556055], "validation_balanced": 0.5564639568328857, "validation_balanced_conf": [0.5559414081834256, 0.5569865054823459], "features": ["ESP", "MIG", "ANC", "DEAR", "DEYE", "DREM", "PINCP", "FER", "AGEP", "SEX", "ST", "DIVISION", "ACS_YEAR", "DIS"]}