{"validation": 0.7955851919981605, "id_test": 0.7820689655172414, "ood_test": 0.7099524280533183, "ood_validation": 0.7113183552352692, "train": 0.7807219220600069, "id_test_conf": [0.7694983906881718, 0.7942596693204454], "id_test_balanced": 0.6574441194534302, "id_test_balanced_conf": [0.649826852530241, 0.6650613863766194], "ood_test_conf": [0.7037964568244034, 0.7160508673239998], "ood_test_balanced": 0.6506606340408325, "ood_test_balanced_conf": [0.6472469725646078, 0.6540742955170572], "features": ["VCF9205", "VCF9206", "VCF0875", "VCF9052", "VCF0809", "VCF9045", "VCF9239", "VCF0846", "VCF0617", "VCF0310", "VCF0743", "VCF0721", "VCF0724", "VCF0725", "VCF0726", "VCF0745", "VCF0105a", "VCF0115", "VCF0112"]}