{"validation": 0.7946654403311106, "id_test": 0.783448275862069, "ood_test": 0.7310536479675945, "ood_validation": 0.7405680373039424, "train": 0.7861823198068744, "id_test_conf": [0.7709048546259767, 0.7956099578640268], "id_test_balanced": 0.6812927722930908, "id_test_balanced_conf": [0.6730437937006354, 0.6895417508855463], "ood_test_conf": [0.7250342815108557, 0.7370096927177006], "ood_test_balanced": 0.6833946704864502, "ood_test_balanced_conf": [0.6796774868946522, 0.6871118540782482], "features": ["VCF9205", "VCF9206", "VCF0875", "VCF9052", "VCF0809", "VCF9045", "VCF9239", "VCF0846", "VCF0617", "VCF0310", "VCF0743", "VCF0721", "VCF0724", "VCF0725", "VCF0726", "VCF0745", "VCF0105a", "VCF0115", "VCF0112"]}