{"validation": 0.7693722694872385, "id_test": 0.7606896551724138, "ood_test": 0.7469737647779191, "ood_validation": 0.7579482831708351, "train": 0.7655477641108174, "id_test_conf": [0.7477230540353209, 0.77330531566205], "id_test_balanced": 0.7193722724914551, "id_test_balanced_conf": [0.7101750993728637, 0.7285694456100464], "ood_test_conf": [0.7410687691640376, 0.752811068674563], "ood_test_balanced": 0.7287130951881409, "ood_test_balanced_conf": [0.7245851303450763, 0.7328410600312054], "features": ["VCF9205", "VCF9206", "VCF0875", "VCF9052", "VCF0809", "VCF9045", "VCF9239", "VCF0846", "VCF0617", "VCF0310", "VCF0743", "VCF0721", "VCF0724", "VCF0725", "VCF0726", "VCF0745", "VCF0105a", "VCF0115", "VCF0112"]}