{"validation": 0.8004809669968042, "id_test": 0.8022668590522479, "ood_test": 0.7948650393223643, "ood_validation": 0.7886188500296384, "train": 0.8019994889737787, "id_test_conf": [0.8002943594411236, 0.8042282621402091], "id_test_balanced": 0.7672653198242188, "id_test_balanced_conf": [0.7658319060341455, 0.768698733614292], "ood_test_conf": [0.7919746943624844, 0.7977328313577647], "ood_test_balanced": 0.7768515944480896, "ood_test_balanced_conf": [0.7748048286698759, 0.7788983602263033], "features": ["ENG", "HINS1", "HINS3", "HINS4", "NWLA", "NWLK", "OCCP", "WKHP", "WRK", "AGEP", "SEX", "MAR", "RAC1P", "SCHL", "DIVISION"]}