{"validation": 0.7953169002942758, "id_test": 0.7962294957472661, "ood_test": 0.7832725164995851, "ood_validation": 0.778660343805572, "train": 0.7960950002491846, "id_test_conf": [0.7942348679884552, 0.7982132488800573], "id_test_balanced": 0.7480309009552002, "id_test_balanced_conf": [0.7465917264553719, 0.7494700754550285], "ood_test_conf": [0.7803241773476101, 0.7861991906954124], "ood_test_balanced": 0.7564692497253418, "ood_test_balanced_conf": [0.7544137823022902, 0.7585247171483934], "features": ["ENG", "HINS1", "HINS3", "HINS4", "NWLA", "NWLK", "OCCP", "WKHP", "WRK", "AGEP", "SEX", "MAR", "RAC1P", "SCHL", "DIVISION"]}