{"validation": 0.7932858128305358, "id_test": 0.7958620689655173, "ood_test": 0.722057368941642, "ood_validation": 0.7303942348452734, "train": 0.7866996206460513, "id_test_conf": [0.7835722932725421, 0.8077532807196581], "id_test_balanced": 0.6724045872688293, "id_test_balanced_conf": [0.6648802154697477, 0.679928959067911], "ood_test_conf": [0.7159777326783651, 0.7280761522094561], "ood_test_balanced": 0.6619309782981873, "ood_test_balanced_conf": [0.6586020581470803, 0.6652598984492942], "features": ["VCF0224", "VCF0301", "VCF9008", "VCF9010", "VCF9201", "VCF9202", "VCF9206", "VCF0429", "VCF0839", "VCF0870", "VCF9045", "VCF0838", "VCF9239", "VCF0846", "VCF0606", "VCF0617", "VCF0310", "VCF0743", "VCF0701", "VCF0675", "VCF0724", "VCF0725", "VCF0104", "VCF0105a", "VCF0115", "VCF0112"]}