{"validation": 0.7846643542786168, "id_test": 0.7836004488979237, "ood_test": 0.4289324678405188, "ood_validation": 0.42471059465645494, "train": 0.783549649559975, "id_test_conf": [0.7824573011275673, 0.7847403146917884], "id_test_balanced": 0.5441989302635193, "id_test_balanced_conf": [0.5437182433914859, 0.5446796171355527], "ood_test_conf": [0.4278594986534605, 0.43000594039512563], "ood_test_balanced": 0.5418720245361328, "ood_test_balanced_conf": [0.5414480937010375, 0.5422959553712281], "features": ["ESP", "ANC", "DEAR", "DREM", "ESR", "MAR", "RAC1P", "DIVISION", "ACS_YEAR", "DIS"]}