{"id_test": 0.9662938059678369, "id_test_conf": [0.9654017402022098, 0.9671690666536906], "id_test_balanced": 0.5366591811180115, "id_test_balanced_conf": [0.536001725884853, 0.53731663635117], "ood_test": 0.9487626137606885, "ood_test_conf": [0.947683228065219, 0.9498260620395194], "ood_test_balanced": 0.5291507840156555, "ood_test_balanced_conf": [0.5285542972257826, 0.5297472708055284], "validation": 0.9668079621229022, "validation_conf": [0.9659223930738744, 0.9676767068774677], "validation_balanced": 0.5365555882453918, "validation_balanced_conf": [0.5359001697506756, 0.5372110067401081], "features": ["RELP", "WKW", "WRK", "ESP", "ANC", "NATIVITY", "DEAR", "DPHY", "SEX", "MAR", "SCHL"]}