{"validation": 0.7961793147831389, "id_test": 0.7969431389982641, "ood_test": 0.6985903814262023, "ood_validation": 0.7137546468401487, "train": 0.7967568311361146, "id_test_conf": [0.7946373021066755, 0.7992343853192111], "id_test_balanced": 0.6870085000991821, "id_test_balanced_conf": [0.6856260965531692, 0.6883909036451951], "ood_test_conf": [0.6798373137698006, 0.7168600210060134], "ood_test_balanced": 0.6095595955848694, "ood_test_balanced_conf": [0.6013054894655943, 0.6178137017041445], "features": ["bottom_hint", "position", "type", "overlap_time", "school_id"]}