{"validation": 0.767705597569851, "id_test": 0.76767542527339, "ood_test": 0.7405250885905863, "ood_validation": 0.7313574392412566, "train": 0.7673659920751382, "id_test_conf": [0.7655851056937473, 0.7697559194074224], "id_test_balanced": 0.7167684435844421, "id_test_balanced_conf": [0.7152776560047641, 0.7182592311641202], "ood_test_conf": [0.7373910806398647, 0.7436407042279765], "ood_test_balanced": 0.7073172330856323, "ood_test_balanced_conf": [0.7051798918005079, 0.7094545743707568], "features": ["FER", "HINS4", "NWLA", "NWLK", "RELP", "WKW", "ST", "CIT", "RAC1P", "SCHL", "DIVISION"]}