{"validation": 0.8153877189785772, "id_test": 0.8157456334435276, "ood_test": 0.7557371895630305, "ood_validation": 0.7937853107344632, "train": 0.8158334851758337, "id_test_conf": [0.8137980327626384, 0.8176813137499742], "id_test_balanced": 0.7156334519386292, "id_test_balanced_conf": [0.7143941210396588, 0.7168727828375995], "ood_test_conf": [0.7404182312894825, 0.770584520298592], "ood_test_balanced": 0.6822324991226196, "ood_test_balanced_conf": [0.6738581936620176, 0.6906068045832217], "features": ["Average_confidence(CONCENTRATING)", "hint_count", "bottom_hint", "tutor_mode", "position", "type", "school_id"]}