{"validation": 0.7976546332490227, "id_test": 0.8029885057471264, "ood_test": 0.7591729075408601, "ood_validation": 0.7664264518863926, "train": 0.7983963673985516, "id_test_conf": [0.7908521582576341, 0.8147166210749005], "id_test_balanced": 0.730829119682312, "id_test_balanced_conf": [0.7222865002788603, 0.7393717390857637], "ood_test_conf": [0.7533625396821206, 0.7649122337890186], "ood_test_balanced": 0.7224560976028442, "ood_test_balanced_conf": [0.718618978895247, 0.7262932163104415], "features": ["VCF0901b", "VCF0224", "VCF0301", "VCF9010", "VCF9201", "VCF9203", "VCF9204", "VCF9205", "VCF0523", "VCF0428", "VCF0429", "VCF0875", "VCF9052", "VCF0809", "VCF0839", "VCF0822", "VCF0870", "VCF0843", "VCF9045", "VCF9239", "VCF0803", "VCF0606", "VCF0612", "VCF0743", "VCF0717", "VCF0718", "VCF0721", "VCF0701", "VCF0724", "VCF0725", "VCF0112"]}