{"validation": 0.78011581179002, "id_test": 0.7792945018226003, "ood_test": 0.7790702269763276, "ood_validation": 0.7765263781861292, "train": 0.7803046064346586, "id_test_conf": [0.7772414040109334, 0.7813373473151072], "id_test_balanced": 0.7453939914703369, "id_test_balanced_conf": [0.7439113745745272, 0.7468766083661467], "ood_test_conf": [0.7761017195670981, 0.7820173912607211], "ood_test_balanced": 0.7663087844848633, "ood_test_balanced_conf": [0.7642034683376551, 0.7684141006320715], "features": ["COW", "ENG", "FER", "HINS4", "NWLK", "OCCP", "POBP", "WKHP", "WKW", "WRK", "AGEP", "CIT", "RAC1P", "DIVISION"]}