{"id_test": 0.8132404313487241, "id_test_conf": [0.8113099910731367, 0.8151593717114197], "id_test_balanced": 0.7741729021072388, "id_test_balanced_conf": [0.7727655268530361, 0.7755802773614414], "ood_test": 0.8058384160398361, "ood_test_conf": [0.8030063104801783, 0.8086471278940347], "ood_test_balanced": 0.7849273681640625, "ood_test_balanced_conf": [0.7829258883139119, 0.7869288480142131], "validation": 0.8134797329367465, "validation_conf": [0.811550231060677, 0.8153977260292181], "validation_balanced": 0.7757751941680908, "validation_balanced_conf": [0.7743695714045316, 0.7771808169316501], "features": ["ENG", "FER", "HINS1", "HINS4", "OCCP", "WKHP", "WRK", "AGEP", "SEX", "MAR", "SCHL", "DIVISION"]}