{"id_test": 0.7919320594479831, "id_test_conf": [0.7645852915175105, 0.817439550817704], "id_test_balanced": 0.7825511693954468, "id_test_balanced_conf": [0.7640723257511854, 0.8010300130397081], "ood_test": 0.7279743606514487, "ood_test_conf": [0.7208449520380642, 0.7350169336066739], "ood_test_balanced": 0.7308909296989441, "ood_test_balanced_conf": [0.7259293351415544, 0.7358525242563337], "validation": 0.7608926673751328, "validation_conf": [0.7323164274513959, 0.7878254759911896], "validation_balanced": 0.7564272880554199, "validation_balanced_conf": [0.7370676707476378, 0.775786905363202], "features": ["MCRPB31", "MCRPHO31", "MCDMC31", "FSAGT31", "HASFSA31", "MCAID31", "GOVAAT31", "GOVTB31", "GOVCAT31", "VAPROG31", "IHS31", "BSNTY31", "IHSAT31", "SICPAY31", "VAPROX31", "RNDFLG31", "HRHOW31", "DIFFWG31", "HOUR31", "TEMPJB31", "MORE31", "UNION31", "STJBMM31", "OCCCAT31", "PAYDR31", "TRIAT31X", "MCAID31X", "PUB31X", "INSAT31X", "SEX", "RACEAX", "RACEBX", "RACEWX", "HISPNCAT", "OTHLGSPK", "BORNUSA", "TRICR31X", "PRIEU31", "MCRPD31X", "PRIOG31", "PRIEUO31", "PRIVAT31", "VERFLG31", "DENTIN31", "PMDINS31", "PMEDPY31", "MARRY31X", "REFRL31X", "HELD31X", "OFFER31X", "TRIPR31X", "TRIEX31X", "TRICH31X", "VASPUN31", "VASPMH31", "ASDALY31", "ASPKFL31", "AIDHLP31", "STPDIF31", "WLKDIF31", "RCHDIF31", "WRKLIM31", "HSELIM31", "VASPOU31", "ASACUT31", "ASTHEP31", "RUSIZE31", "FAMSZE31", "REGION31", "RESP31", "BEGRFM31", "ENDRFM31", "ENDRFY31", "INSCOP31", "ELGRND31", "PSTATS31", "SPOUIN31", "ACTDTY31", "RTHLTH31", "MNHLTH31", "COGLIM31", "VAPRHT31", "VAWAIT31", "VANTWK31", "VANEED31", "VAOUT31", "VACARC31", "VAPROB31", "VAREP31", "VAPCPR31", "VAPCCO31", "VAPCSN31", "VAPCOU31", "VAPACT31", "VACTDY31", "VADERM31", "VAGERD31", "VAHRLS31", "VAJTPN31", "VATMD31", "VACOST31", "VAPTSD31", "VABIPL31", "VADEPR31", "VAMNHC31", "VAGCNS31", "VALCOH31", "INSCOV19"]}