{"id_test": 0.6484539832666424, "id_test_conf": [0.6427762793303667, 0.6541002951843387], "id_test_balanced": 0.5877965092658997, "id_test_balanced_conf": [0.5845429253345356, 0.5910500931972638], "ood_test": 0.5771183453264976, "ood_test_conf": [0.575776762251371, 0.5784590723459174], "ood_test_balanced": 0.6113991737365723, "ood_test_balanced_conf": [0.6105509087117389, 0.6122474387614056], "validation": 0.6504183339396145, "validation_conf": [0.6447476940609325, 0.6560571662447785], "validation_balanced": 0.5928494334220886, "validation_balanced_conf": [0.5895932309655473, 0.59610563587863], "features": ["VEG_ONCE_PER_DAY", "RFBING5", "TOTINDA", "SMOKDAY2", "DIABETES", "POVERTY", "MEDCOST", "PRACE1", "SEX", "IYEAR", "STATE", "PRACE1", "SEX", "BMI5CAT"]}