{"validation": 0.791551434990349, "id_test": 0.7918944916970433, "ood_test": 0.7746835109536168, "ood_validation": 0.7700059276822763, "train": 0.7923073941380704, "id_test_conf": [0.7898844006896503, 0.7938938673923011], "id_test_balanced": 0.7432159185409546, "id_test_balanced_conf": [0.7417683087894693, 0.7446635282924399], "ood_test_conf": [0.7716944192072228, 0.777651595500776], "ood_test_balanced": 0.7437481880187988, "ood_test_balanced_conf": [0.7416888204170391, 0.7458075556205586], "features": ["COW", "ENG", "FER", "HINS2", "HINS3", "NWLA", "NWLK", "OCCP", "POBP", "WKHP", "WKW", "SEX", "ST", "MAR", "RAC1P", "DIVISION"]}