{"validation": 0.8300946107155451, "id_test": 0.8312162841472656, "ood_test": 0.44700944386149005, "ood_validation": 0.5424528301886793, "train": 0.8301385305501551, "id_test_conf": [0.8297889131031166, 0.8326364501216301], "id_test_balanced": 0.724019467830658, "id_test_balanced_conf": [0.7230723552487325, 0.7249665804125834], "ood_test_conf": [0.42452275079565205, 0.46965944228119616], "ood_test_balanced": 0.5091755986213684, "ood_test_balanced_conf": [0.5059717404283584, 0.5123794568143785], "features": ["Average_confidence(BORED)", "Average_confidence(CONCENTRATING)", "Average_confidence(CONFUSED)", "skill_id", "problem_type", "bottom_hint", "ms_first_response", "tutor_mode", "first_action", "school_id"]}