{"id_test": 0.6524037431245089, "id_test_conf": [0.6467922699315802, 0.657983574665871], "id_test_balanced": 0.6007338762283325, "id_test_balanced_conf": [0.5973085575690493, 0.6041591948876157], "ood_test": 0.5853589540008562, "ood_test_conf": [0.5840315112856377, 0.5866854639945052], "ood_test_balanced": 0.6163309812545776, "ood_test_balanced_conf": [0.6154770499840378, 0.6171849125251174], "validation": 0.6491535109650689, "validation_conf": [0.6435303350910131, 0.6547457202731775], "validation_balanced": 0.5977826118469238, "validation_balanced_conf": [0.594370468868874, 0.6011947548249736], "features": ["FRUIT_ONCE_PER_DAY", "RFBING5", "SMOKE100", "SMOKDAY2", "CHCSCNCR", "DIABETES", "POVERTY", "EMPLOY1", "IYEAR", "STATE", "MEDCOST", "SEX", "STATE", "BMI5CAT"]}