{"id_test": 0.6519751410815058, "id_test_conf": [0.6463621083233544, 0.6575566212115324], "id_test_balanced": 0.5998342633247375, "id_test_balanced_conf": [0.5964197795093059, 0.6032487471401692], "ood_test": 0.5847837525389016, "ood_test_conf": [0.5834560456544553, 0.5861105329872096], "ood_test_balanced": 0.6160262227058411, "ood_test_balanced_conf": [0.6151734504452907, 0.6168789949663914], "validation": 0.6505464676048289, "validation_conf": [0.6449282722124889, 0.6561334071112874], "validation_balanced": 0.5988354682922363, "validation_balanced_conf": [0.5954348741145804, 0.6022360624698923], "features": ["FRUIT_ONCE_PER_DAY", "RFBING5", "SMOKE100", "SMOKDAY2", "CHCSCNCR", "DIABETES", "POVERTY", "EMPLOY1", "IYEAR", "STATE", "MEDCOST", "SEX", "STATE", "BMI5CAT"]}