{"id_test": 0.6512965211800843, "id_test_conf": [0.6456810292860217, 0.6568806013990771], "id_test_balanced": 0.5978476405143738, "id_test_balanced_conf": [0.594465134833008, 0.6012301461957396], "ood_test": 0.5838973765155615, "ood_test_conf": [0.5825692661932043, 0.5852245700875197], "ood_test_balanced": 0.6158149838447571, "ood_test_balanced_conf": [0.6149654337437823, 0.6166645339457318], "validation": 0.6499749982141582, "validation_conf": [0.644354753214895, 0.6555641060233418], "validation_balanced": 0.5970665216445923, "validation_balanced_conf": [0.5936964386701584, 0.6004366046190261], "features": ["FRUIT_ONCE_PER_DAY", "RFBING5", "SMOKE100", "SMOKDAY2", "CHCSCNCR", "DIABETES", "POVERTY", "EMPLOY1", "IYEAR", "STATE", "MEDCOST", "SEX", "STATE", "BMI5CAT"]}