{"validation": 0.5993999571397957, "id_test": 0.6007214801057218, "ood_test": 0.4269673304428674, "ood_validation": 0.42734694570327747, "train": 0.6032038002714479, "id_test_conf": [0.59495675096718, 0.6064653001620992], "id_test_balanced": 0.5032849907875061, "id_test_balanced_conf": [0.5026867890986614, 0.5038831924763508], "ood_test_conf": [0.42563543051933894, 0.4283000283950313], "ood_test_balanced": 0.5074401497840881, "ood_test_balanced_conf": [0.5072270570727414, 0.5076532424954349], "features": ["FRUIT_ONCE_PER_DAY", "RFBING5", "SMOKE100", "SMOKDAY2", "CHCSCNCR", "DIABETES", "POVERTY", "EMPLOY1", "IYEAR", "STATE", "MEDCOST", "SEX", "STATE", "BMI5CAT"]}