{"id_test": 0.9879034557481752, "id_test_conf": [0.9873176559448364, 0.9884689578189207], "id_test_balanced": 0.5008699893951416, "id_test_balanced_conf": [0.5007591490038612, 0.500980829786422], "ood_test": 0.9241752354875672, "ood_test_conf": [0.9227471114478113, 0.9255850271087205], "ood_test_balanced": 0.5000579357147217, "ood_test_balanced_conf": [0.500013454748987, 0.5001024166804564], "validation": 0.9886874763876909, "validation_conf": [0.9881202823247124, 0.9892343343831168], "validation_balanced": 0.5003148317337036, "validation_balanced_conf": [0.5002491937373997, 0.5003804697300075], "features": ["O2Sat", "Temp", "MAP", "DBP", "EtCO2", "HCO3", "SaO2", "AST", "BUN", "Alkalinephos", "Bilirubin_direct", "Glucose", "Lactate", "Magnesium", "Bilirubin_total", "PTT", "Fibrinogen", "Platelets", "Age", "HospAdmTime", "set", "ICULOS"]}