{"id_test": 0.9878820711678832, "id_test_conf": [0.9872957727236766, 0.9884480729132605], "id_test_balanced": 0.5002768039703369, "id_test_balanced_conf": [0.5002113747104886, 0.5003422332301852], "ood_test": 0.9242347584113332, "ood_test_conf": [0.9228071430940084, 0.9256440387146192], "ood_test_balanced": 0.5000450611114502, "ood_test_balanced_conf": [0.5000175082415808, 0.5000726139813196], "validation": 0.9886518351664801, "validation_conf": [0.9880837809649617, 0.989199555049405], "validation_balanced": 0.49998557567596436, "validation_balanced_conf": [0.4999715225211912, 0.4999996288307375], "features": ["Temp", "EtCO2", "FiO2", "Alkalinephos", "Calcium", "Bilirubin_direct", "Magnesium", "Phosphate", "Hgb", "PTT", "WBC", "Fibrinogen", "Platelets", "Gender", "Unit2", "HospAdmTime", "ICULOS"]}