{"id_test": 0.6501892992356597, "id_test_conf": [0.6445698218058354, 0.6557775949645512], "id_test_balanced": 0.5932489037513733, "id_test_balanced_conf": [0.5899595405347645, 0.5965382669679821], "ood_test": 0.5752429518961846, "ood_test_conf": [0.573911133841678, 0.5765739477697593], "ood_test_balanced": 0.6097359657287598, "ood_test_balanced_conf": [0.6088969256659038, 0.6105750057916157], "validation": 0.643117365526109, "validation_conf": [0.6374732097573848, 0.648731808407013], "validation_balanced": 0.5860589742660522, "validation_balanced_conf": [0.5827945283381268, 0.5893234201939777], "features": ["FRUIT_ONCE_PER_DAY", "VEG_ONCE_PER_DAY", "DRNK_PER_WEEK", "TOTINDA", "CHCSCNCR", "CHCOCNCR", "DIABETES", "POVERTY", "IYEAR", "STATE", "IYEAR", "STATE", "MEDCOST", "SEX", "BMI5CAT"]}