{"validation": 0.5959354239588542, "id_test": 0.5981498678477034, "ood_test": 0.4197141343029407, "ood_validation": 0.41943751379058675, "train": 0.6005071790842204, "id_test_conf": [0.5923792936252322, 0.6039000669258475], "id_test_balanced": 0.5013560056686401, "id_test_balanced_conf": [0.5005949213774875, 0.5021170899597928], "ood_test_conf": [0.41838530306557453, 0.4210438428265631], "ood_test_balanced": 0.5009461045265198, "ood_test_balanced_conf": [0.5007749220938422, 0.5011172869591973], "features": ["FRUIT_ONCE_PER_DAY", "VEG_ONCE_PER_DAY", "DRNK_PER_WEEK", "TOTINDA", "CHCSCNCR", "CHCOCNCR", "DIABETES", "POVERTY", "IYEAR", "STATE", "IYEAR", "STATE", "MEDCOST", "SEX", "BMI5CAT"]}