{"validation": 0.6067219087077649, "id_test": 0.609900707193371, "ood_test": 0.4487702947105982, "ood_validation": 0.44992107541117166, "train": 0.6120213943853132, "id_test_conf": [0.6041581899011279, 0.6156204094801148], "id_test_balanced": 0.5173205733299255, "id_test_balanced_conf": [0.5159169307746925, 0.5187242158851586], "ood_test_conf": [0.4474309246558746, 0.45011022454988225], "ood_test_balanced": 0.5237612724304199, "ood_test_balanced_conf": [0.5233653680689168, 0.5241571767919231], "features": ["FRUIT_ONCE_PER_DAY", "VEG_ONCE_PER_DAY", "DRNK_PER_WEEK", "TOTINDA", "CHCSCNCR", "CHCOCNCR", "DIABETES", "POVERTY", "IYEAR", "STATE", "IYEAR", "STATE", "MEDCOST", "SEX", "BMI5CAT"]}