{"id_test": 0.6470462175869705, "id_test_conf": [0.6414156064414032, 0.6526462998487901], "id_test_balanced": 0.5921012163162231, "id_test_balanced_conf": [0.5887501874705776, 0.5954522451618687], "ood_test": 0.5754636029488033, "ood_test_conf": [0.5741318742271992, 0.5767945070783737], "ood_test_balanced": 0.60845947265625, "ood_test_balanced_conf": [0.6076118785771542, 0.6093070667353458], "validation": 0.6402243017358382, "validation_conf": [0.6345704351462063, 0.6458490562898169], "validation_balanced": 0.5854688882827759, "validation_balanced_conf": [0.5821316676167771, 0.5888061089487746], "features": ["FRUIT_ONCE_PER_DAY", "VEG_ONCE_PER_DAY", "DRNK_PER_WEEK", "TOTINDA", "CHCSCNCR", "CHCOCNCR", "DIABETES", "POVERTY", "IYEAR", "STATE", "IYEAR", "STATE", "MEDCOST", "SEX", "BMI5CAT"]}