{"validation": 0.7816011390208494, "id_test": 0.7803814833600249, "ood_test": 0.4146185795663651, "ood_validation": 0.411461772085039, "train": 0.7804083071221983, "id_test_conf": [0.7792322653155822, 0.7815274566995537], "id_test_balanced": 0.5293038487434387, "id_test_balanced_conf": [0.5288997700758046, 0.5297079274110729], "ood_test_conf": [0.41355057536366274, 0.4156871885232195], "ood_test_balanced": 0.533395528793335, "ood_test_balanced_conf": [0.5330234412942082, 0.5337676162924617], "features": ["MIG", "ANC", "PINCP", "SEX", "MAR", "CIT", "RAC1P", "DIVISION", "ACS_YEAR", "DIS"]}