{"id_test": 0.6701537779092119, "id_test_conf": [0.6645146236732665, 0.675756365285456], "id_test_balanced": 0.6355978846549988, "id_test_balanced_conf": [0.631824304657057, 0.6393714646529406], "ood_test": 0.598514910667114, "ood_test_conf": [0.5971792795389257, 0.599849441167599], "ood_test_balanced": 0.6247482299804688, "ood_test_balanced_conf": [0.6238658479752485, 0.625630611985689], "validation": 0.6624893719271007, "validation_conf": [0.6568187222602466, 0.6681251014253218], "validation_balanced": 0.6275616884231567, "validation_balanced_conf": [0.6237759312335401, 0.6313474456127733], "features": ["AGEG5YR", "RFBING5", "TOTINDA", "SMOKDAY2", "CHCOCNCR", "DIABETES", "POVERTY", "IYEAR", "STATE", "MEDCOST", "PRACE1", "MEDCOST", "BMI5CAT"]}