{"validation": 0.7970192703224377, "id_test": 0.7973179931146213, "ood_test": 0.780242652579995, "ood_validation": 0.7732068761114405, "train": 0.7979263093860328, "id_test_conf": [0.7953273034442049, 0.7992977681542204], "id_test_balanced": 0.7575489282608032, "id_test_balanced_conf": [0.7561056963703595, 0.7589921601512469], "ood_test_conf": [0.7772797274289995, 0.7831841448191122], "ood_test_balanced": 0.7657734155654907, "ood_test_balanced_conf": [0.7636731044156477, 0.7678737267153337], "features": ["COW", "ENG", "FER", "HINS1", "HINS2", "OCCP", "RELP", "WRK", "AGEP", "SEX", "ST", "MAR", "CIT", "RAC1P", "SCHL", "ACS_YEAR", "DIVISION"]}