{"validation": 0.8303000241647271, "id_test": 0.8274406063997558, "ood_test": 0.8064978108760588, "ood_validation": 0.8018781071625851, "train": 0.8281050780740774, "id_test_conf": [0.8247810053878337, 0.8300760246662842], "id_test_balanced": 0.5972582697868347, "id_test_balanced_conf": [0.5956804945087061, 0.5988360450649634], "ood_test_conf": [0.8029672622585755, 0.8099919215901185], "ood_test_balanced": 0.604742169380188, "ood_test_balanced_conf": [0.6026692368322983, 0.6068151019280776], "features": ["ENG", "HUPAC", "WIF", "RELP", "DEAR", "DEYE", "DREM", "PUBCOV", "SEX", "MAR", "ACS_YEAR", "DIVISION"]}