{"id_test": 0.7978381810847834, "id_test_conf": [0.7967231386514417, 0.7989497766736889], "id_test_balanced": 0.5940228700637817, "id_test_balanced_conf": [0.5933881398802623, 0.5946576002473012], "ood_test": 0.6417260786157332, "ood_test_conf": [0.6406857969672313, 0.6427653564015656], "ood_test_balanced": 0.6974328756332397, "ood_test_balanced_conf": [0.6968024253100157, 0.6980633259564638], "validation": 0.7992675440961219, "validation_conf": [0.7981554390940087, 0.8003761856941011], "validation_balanced": 0.5951775908470154, "validation_balanced_conf": [0.5945420258888043, 0.5958131558052264], "features": ["ESP", "MIG", "NATIVITY", "PINCP", "ESR", "AGEP", "MAR", "DIVISION", "DIS"]}