{"validation": 0.7795399170964782, "id_test": 0.7773579890643986, "ood_test": 0.7594814980701085, "ood_validation": 0.756135151155898, "train": 0.7800119133976678, "id_test_conf": [0.7752985290652925, 0.7794072678946727], "id_test_balanced": 0.7244325876235962, "id_test_balanced_conf": [0.7229623814555817, 0.7259027937916107], "ood_test_conf": [0.756424643933064, 0.7625185089300565], "ood_test_balanced": 0.7310328483581543, "ood_test_balanced_conf": [0.7289154259813949, 0.7331502707349137], "features": ["ENG", "HINS2", "NWLK", "OCCP", "WKW", "SEX", "ST", "SCHL", "ACS_YEAR", "DIVISION"]}