{"validation": 0.8216643137853409, "id_test": 0.8171643689270998, "ood_test": 0.7926469986496992, "ood_validation": 0.8013257227030013, "train": 0.8186538382049481, "id_test_conf": [0.8144445790625618, 0.8198607366542012], "id_test_balanced": 0.5392153859138489, "id_test_balanced_conf": [0.5381517074909061, 0.5402790643367916], "ood_test_conf": [0.7890253705929158, 0.7962338388777193], "ood_test_balanced": 0.562386155128479, "ood_test_balanced_conf": [0.5606444776523858, 0.5641278326045722], "features": ["ENG", "NWLA", "OCCP", "WKHP", "WRK", "ANC", "DEYE", "DREM", "AGEP", "SEX", "ST", "MAR", "RAC1P", "SCHL", "ACS_YEAR", "DIVISION"]}