{"validation": 0.8216770320627774, "id_test": 0.8187922877346492, "ood_test": 0.7856499856786284, "ood_validation": 0.7978272877923035, "train": 0.8200385362581039, "id_test_conf": [0.8160818141733127, 0.8214792186843878], "id_test_balanced": 0.6002874970436096, "id_test_balanced_conf": [0.5986112888576463, 0.601963705229573], "ood_test_conf": [0.7819848043086136, 0.7892812125155924], "ood_test_balanced": 0.6265965700149536, "ood_test_balanced_conf": [0.6241415027808398, 0.6290516372490674], "features": ["ENG", "NWLA", "OCCP", "WKHP", "WRK", "ANC", "DEYE", "DREM", "AGEP", "SEX", "ST", "MAR", "RAC1P", "SCHL", "ACS_YEAR", "DIVISION"]}