{"validation": 0.5226149416194665, "id_test": 0.5191626164439044, "ood_test": 0.57426459933343, "ood_validation": 0.5765263781861292, "0": 0.4076222038111019, "2": 0.5422916785490218, "3": 0.48999665711073065, "4": 0.46769733940117697, "5": 0.5177557041082133, "6": 0.4775353717271772, "7": 0.5135445043182014, "8": 0.5251776272306675, "9": 0.5827766577164996, "id_test_conf": [0.5166956432921032, 0.5216288864206244], "id_test_balanced": 0.6328074932098389, "id_test_balanced_conf": [0.6315417819702998, 0.634073204449378], "ood_test_conf": [0.5707378307908784, 0.5777856908572941], "ood_test_balanced": 0.6381722092628479, "ood_test_balanced_conf": [0.6363388678897173, 0.6400055506359785], "features": ["DIVISION", "AGEP", "SEX", "RAC1P", "POBP"]}