{"validation": 0.5932095054267, "id_test": 0.5921045970028351, "ood_test": 0.6178946397755266, "ood_validation": 0.6180201541197392, "0": 0.7004971002485502, "2": 0.5986368562139964, "3": 0.550589057609125, "4": 0.5443953135590485, "5": 0.595938078649217, "6": 0.5540638260133983, "7": 0.6034214206650627, "8": 0.5987586748182419, "9": 0.6482305612590934, "id_test_conf": [0.5896766619652927, 0.5945291521526799], "id_test_balanced": 0.6541894674301147, "id_test_balanced_conf": [0.6526450969441794, 0.6557338379160501], "ood_test_conf": [0.614427037131809, 0.6213532297911246], "ood_test_balanced": 0.6586040258407593, "ood_test_balanced_conf": [0.6564401524793356, 0.6607678992021829], "features": ["DIVISION", "AGEP", "SEX", "RAC1P", "POBP"]}