{"validation": 0.644622345979812, "id_test": 0.6422577460510328, "ood_test": 0.6353097706524746, "ood_validation": 0.6369887374036751, "0": 0.7363987848660591, "2": 0.6377117435692694, "3": 0.6067344023825684, "4": 0.6170588172008306, "5": 0.6445995355114083, "6": 0.6495026810200155, "7": 0.6453242130798751, "8": 0.6699334930601454, "9": 0.6728001635186235, "id_test_conf": [0.6398885881799133, 0.6446216833772012], "id_test_balanced": 0.659970760345459, "id_test_balanced_conf": [0.6583281523827463, 0.6616133683081716], "ood_test_conf": [0.6318739318915538, 0.6387352652134974], "ood_test_balanced": 0.6592105627059937, "ood_test_balanced_conf": [0.6569002940272912, 0.6615208313846961], "features": ["DIVISION", "AGEP", "SEX", "RAC1P", "POBP"]}