{"validation": 0.5155839635477645, "id_test": 0.5116127480761442, "ood_test": 0.5546890437486003, "ood_validation": 0.5561351511558981, "0": 0.35929301297983984, "2": 0.5224719101123596, "3": 0.4805150075468258, "4": 0.4593056407277109, "5": 0.5057433386686753, "6": 0.4728828128197782, "7": 0.5169314589091487, "8": 0.5211190515532056, "9": 0.5848345767561993, "id_test_conf": [0.509144767270014, 0.514080302751077], "id_test_balanced": 0.6295599937438965, "id_test_balanced_conf": [0.6283278949349187, 0.6307920925528743], "ood_test_conf": [0.5511449118579628, 0.5582289950903487], "ood_test_balanced": 0.6255946159362793, "ood_test_balanced_conf": [0.6238999619334936, 0.627289269939065], "features": ["DIVISION", "AGEP", "SEX", "RAC1P", "POBP"]}