{"validation": 0.5369363668006202, "id_test": 0.5326992203321183, "ood_test": 0.568863537563726, "ood_validation": 0.5705986959098992, "0": 0.4435238884286109, "2": 0.5381737295385843, "3": 0.4990984328940304, "4": 0.47582007337357046, "5": 0.5273985500423689, "6": 0.5025309374701541, "7": 0.5426086841250588, "8": 0.5560145406477197, "9": 0.6020969405293916, "id_test_conf": [0.5302354651706789, 0.5351617755878992], "id_test_balanced": 0.6393018960952759, "id_test_balanced_conf": [0.6379876055778004, 0.6406161866127513], "ood_test_conf": [0.5653314191558818, 0.5723903918475162], "ood_test_balanced": 0.6342980265617371, "ood_test_balanced_conf": [0.6324903062800877, 0.6361057468433864], "features": ["DIVISION", "AGEP", "SEX", "RAC1P", "POBP"]}