{"validation": 0.5133626554441034, "id_test": 0.5097458485216687, "ood_test": 0.5419899619291012, "ood_validation": 0.544279786603438, "0": 0.34548467274233635, "2": 0.5148348827924485, "3": 0.4826878855718873, "4": 0.4599511560102852, "5": 0.5056609547123623, "6": 0.47316933404281447, "7": 0.5146977921828293, "8": 0.5231844844679445, "9": 0.5749026785465424, "id_test_conf": [0.5072777053230477, 0.512213634095249], "id_test_balanced": 0.6277016401290894, "id_test_balanced_conf": [0.6264672625460662, 0.6289360177121125], "ood_test_conf": [0.5384375401463402, 0.5455391739278366], "ood_test_balanced": 0.6151151657104492, "ood_test_balanced_conf": [0.6134594384254888, 0.6167708929954097], "features": ["DIVISION", "AGEP", "SEX", "RAC1P", "POBP"]}