{"validation": 0.33557573648071387, "id_test": 0.3327384568651276, "ood_test": 0.40320902109048756, "ood_validation": 0.4073503260225252, "0": 0.17412317039491854, "2": 0.374334112815833, "3": 0.31020999422591855, "4": 0.28565127112717725, "5": 0.337774220883156, "6": 0.2876400201929243, "7": 0.31857257428433183, "8": 0.3205758426966292, "9": 0.3831492200347477, "id_test_conf": [0.3304151222322897, 0.3350679298148803], "id_test_balanced": 0.5086530447006226, "id_test_balanced_conf": [0.5083232250146102, 0.5089828643866349], "ood_test_conf": [0.3997166182114301, 0.40670882312125983], "ood_test_balanced": 0.5042926669120789, "ood_test_balanced_conf": [0.5039508811524138, 0.5046344526717439], "features": ["DIVISION", "AGEP", "SEX", "RAC1P", "POBP"]}