{"validation": 0.7892541847292979, "id_test": 0.7902301032806804, "ood_test": 0.7818102778253481, "ood_validation": 0.7764078245406046, "train": 0.7912062354691751, "id_test_conf": [0.7882141677181334, 0.7922353846952002], "id_test_balanced": 0.7429221868515015, "id_test_balanced_conf": [0.7414696844783611, 0.7443746892246418], "ood_test_conf": [0.7788548704194111, 0.7847441322636044], "ood_test_balanced": 0.7522645592689514, "ood_test_balanced_conf": [0.7502187890140339, 0.7543103295238689], "features": ["COW", "ENG", "FER", "HINS4", "NWLA", "OCCP", "RELP", "WKHP", "AGEP", "CIT", "DIVISION"]}