{"validation": 0.7738379267791032, "id_test": 0.7745544754961523, "ood_test": 0.7578743528605867, "ood_validation": 0.749614700652045, "train": 0.7758983896345529, "id_test_conf": [0.7724859184696423, 0.7766129543555979], "id_test_balanced": 0.716217577457428, "id_test_balanced_conf": [0.7147517954697833, 0.7176833594450727], "ood_test_conf": [0.7548106488026405, 0.7609183366722665], "ood_test_balanced": 0.7247051000595093, "ood_test_balanced_conf": [0.7226123250415548, 0.7267978750774637], "features": ["COW", "ENG", "HINS3", "HINS4", "NWLA", "NWLK", "OCCP", "WRK", "AGEP", "SEX", "CIT", "ACS_YEAR", "DIVISION"]}