{"validation": 0.7719520298705819, "id_test": 0.7711750708788984, "ood_test": 0.7560959544730013, "ood_validation": 0.7452282157676349, "train": 0.772365505571847, "id_test_conf": [0.7690957244592138, 0.7732444632864117], "id_test_balanced": 0.7183821201324463, "id_test_balanced_conf": [0.7169004321331158, 0.7198638081317768], "ood_test_conf": [0.7530247386734098, 0.75914758616323], "ood_test_balanced": 0.7325072288513184, "ood_test_balanced_conf": [0.7303578454535454, 0.7346566122490913], "features": ["COW", "ENG", "FER", "HINS1", "HINS2", "HINS3", "HINS4", "NWLA", "NWLK", "OCCP", "POBP", "WKW", "WRK", "ST", "RAC1P", "ACS_YEAR", "DIVISION"]}