{"validation": 0.6281790437436419, "id_test": 0.628047229791099, "ood_test": 0.49402863598678803, "ood_validation": 0.5020062492529923, "train": 0.6303685369785872, "id_test_conf": [0.6223059404688203, 0.6337614781933926], "id_test_balanced": 0.5836237668991089, "id_test_balanced_conf": [0.5799424189515412, 0.5873051148466766], "ood_test_conf": [0.4926780115816404, 0.4953793260305442], "ood_test_balanced": 0.5467311143875122, "ood_test_balanced_conf": [0.5459897252800875, 0.5474725034949369], "features": ["AGEG5YR", "SMOKE100", "POVERTY", "EMPLOY1", "STATE", "IYEAR", "STATE", "MEDCOST", "BMI5CAT"]}