{"validation": 0.7873074269947115, "id_test": 0.7850574712643679, "ood_test": 0.7192784136404314, "ood_validation": 0.7219160661297159, "train": 0.7860386251293252, "id_test_conf": [0.7725459846078612, 0.7971850388193019], "id_test_balanced": 0.678400993347168, "id_test_balanced_conf": [0.6702770568616688, 0.6865249298326671], "ood_test_conf": [0.7131807761620474, 0.7253159606122599], "ood_test_balanced": 0.6673633456230164, "ood_test_balanced_conf": [0.6637230249634013, 0.6710036662826314], "features": ["VCF0301", "VCF9008", "VCF9010", "VCF9011", "VCF9201", "VCF9202", "VCF9203", "VCF9204", "VCF0521", "VCF0523", "VCF0428", "VCF0429", "VCF9052", "VCF0809", "VCF0822", "VCF0870", "VCF0843", "VCF0838", "VCF0606", "VCF0612", "VCF0616", "VCF0617", "VCF0743", "VCF0720", "VCF0721", "VCF0745", "VCF0101", "VCF0115", "VCF0112"]}