{"validation": 0.9159249643833984, "id_test": 0.9156056145994146, "ood_test": 0.8958715962628763, "ood_validation": 0.9188218390804598, "train": 0.9155025594535972, "id_test_conf": [0.9149019617841563, 0.9163052804388108], "id_test_balanced": 0.8715952038764954, "id_test_balanced_conf": [0.8710422255960293, 0.8721481821569614], "ood_test_conf": [0.8903899901613951, 0.9011684313280629], "ood_test_balanced": 0.8653589487075806, "ood_test_balanced_conf": [0.8614715509396046, 0.8692463464755565], "features": ["Average_confidence(CONCENTRATING)", "Average_confidence(FRUSTRATED)", "attempt_count", "problem_type", "bottom_hint", "tutor_mode", "school_id"]}