{"validation": 0.8191969679626592, "id_test": 0.8162486645978532, "ood_test": 0.7927288350587176, "ood_validation": 0.7963542625667465, "train": 0.8170879052745709, "id_test_conf": [0.8135236696022972, 0.8189503052198315], "id_test_balanced": 0.5555240511894226, "id_test_balanced_conf": [0.554225304001011, 0.5568227983778342], "ood_test_conf": [0.7891077259145081, 0.7963151466269933], "ood_test_balanced": 0.5727629065513611, "ood_test_balanced_conf": [0.5708764729602263, 0.5746493401424959], "features": ["HUPAC", "NWLA", "NWLK", "OCCP", "RELP", "WKHP", "WKW", "DIS", "ANC", "DEYE", "AGEP", "RAC1P", "DIVISION"]}