{"validation": 0.8059114457940971, "id_test": 0.8056632464801201, "ood_test": 0.7121296813862493, "ood_validation": 0.7341954022988506, "train": 0.8063920049987373, "id_test_conf": [0.8046633537735255, 0.8066602082699164], "id_test_balanced": 0.7007498741149902, "id_test_balanced_conf": [0.7001311530778185, 0.701368595152162], "ood_test_conf": [0.7041111156734042, 0.7200495504717638], "ood_test_balanced": 0.6274282932281494, "ood_test_balanced_conf": [0.6236081239720807, 0.6312484624842182], "features": ["Average_confidence(CONFUSED)", "problem_type", "bottom_hint", "position", "type", "school_id"]}