{"validation": 0.7998073913566871, "id_test": 0.7947876854554756, "ood_test": 0.691044776119403, "ood_validation": 0.76, "train": 0.7972034548655521, "id_test_conf": [0.790404690298407, 0.7991190940201662], "id_test_balanced": 0.6840214133262634, "id_test_balanced_conf": [0.681427409783937, 0.6866154168685898], "ood_test_conf": [0.6545251606940128, 0.72587132772853], "ood_test_balanced": 0.5925197005271912, "ood_test_balanced_conf": [0.5778172730840743, 0.6072221279703081], "features": ["Average_confidence(CONFUSED)", "problem_type", "bottom_hint", "position", "type", "school_id"]}