{"id_test": 0.643930721223088, "id_test_conf": [0.6381938521918348, 0.6496366921927599], "id_test_balanced": 0.610456109046936, "id_test_balanced_conf": [0.606610045004636, 0.6143021730892361], "ood_test": 0.5335743493242371, "ood_test_conf": [0.5322162228852105, 0.5349321010816313], "ood_test_balanced": 0.5746062994003296, "ood_test_balanced_conf": [0.5737795146217104, 0.5754330841789488], "validation": 0.6472174009379962, "validation_conf": [0.6414920913769476, 0.6529111065935362], "validation_balanced": 0.6129510402679443, "validation_balanced_conf": [0.6091169612947851, 0.6167851192411036], "features": ["AGEG5YR", "FRUIT_ONCE_PER_DAY", "RFBING5", "SMOKE100", "CHCOCNCR", "POVERTY", "IYEAR", "STATE", "PRACE1", "IYEAR", "STATE", "MEDCOST", "BMI5CAT"]}