{"validation": 0.7588077081289751, "id_test": 0.7583029566626165, "ood_test": 0.7433573526893336, "ood_validation": 0.7379964433906343, "train": 0.7601348919369397, "id_test_conf": [0.7561842283823594, 0.7604122037863812], "id_test_balanced": 0.7050496935844421, "id_test_balanced_conf": [0.703546562702395, 0.7065528244664893], "ood_test_conf": [0.7402343762954545, 0.7464617200080923], "ood_test_balanced": 0.7112346887588501, "ood_test_balanced_conf": [0.7090969755500555, 0.7133724019676447], "features": ["HINS3", "NWLK", "OCCP", "RELP", "WRK", "SEX", "MAR", "CIT", "RAC1P", "DIVISION"]}