{"validation": 0.7653640477169888, "id_test": 0.7651060652085865, "ood_test": 0.74896918760127, "ood_validation": 0.7439241256668643, "train": 0.7661248153858445, "id_test_conf": [0.7630078171610547, 0.7671945821975092], "id_test_balanced": 0.7067483067512512, "id_test_balanced_conf": [0.7052660881332122, 0.7082305253692902], "ood_test_conf": [0.7458685765607265, 0.7520507600502089], "ood_test_balanced": 0.7155812978744507, "ood_test_balanced_conf": [0.7134664666419849, 0.7176961291069165], "features": ["HINS3", "NWLK", "OCCP", "RELP", "WRK", "SEX", "MAR", "CIT", "RAC1P", "DIVISION"]}