{"id_test": 0.8271608078547082, "id_test_conf": [0.8244995238039687, 0.8297979298734347], "id_test_balanced": 0.6045681238174438, "id_test_balanced_conf": [0.602933194481302, 0.6062030531535857], "ood_test": 0.8046155734686362, "ood_test_conf": [0.8010722548143936, 0.8081226784996141], "ood_test_balanced": 0.6235829591751099, "ood_test_balanced_conf": [0.6213199649611488, 0.6258459533890709], "validation": 0.830121968280616, "validation_conf": [0.8274786085008504, 0.8327409464928449], "validation_balanced": 0.6052757501602173, "validation_balanced_conf": [0.6036386350309476, 0.606912865289487], "features": ["HUPAC", "WIF", "NWLA", "OCCP", "POBP", "WKHP", "WKW", "WRK", "MIL", "ANC", "NATIVITY", "AGEP", "SEX", "ST", "MAR", "ACS_YEAR", "DIVISION"]}