{"id_test": 0.6346957311534969, "id_test_conf": [0.628975126259693, 0.640387890653568], "id_test_balanced": 0.5972599983215332, "id_test_balanced_conf": [0.5934695717785508, 0.6010504248645157], "ood_test": 0.5226987719574501, "ood_test_conf": [0.5213492853595287, 0.5240480090450191], "ood_test_balanced": 0.5664680600166321, "ood_test_balanced_conf": [0.5656611094367691, 0.5672750105964951], "validation": 0.6359904083708763, "validation_conf": [0.6302738625667239, 0.6416782342310695], "validation_balanced": 0.598071813583374, "validation_balanced_conf": [0.5942702247668058, 0.6018734023999422], "features": ["AGEG5YR", "DRNK_PER_WEEK", "SMOKE100", "IYEAR", "STATE", "SEX", "MEDCOST", "BMI5CAT"]}