{"validation": 0.6270541748218177, "id_test": 0.6204069574208797, "ood_test": 0.5363864165596091, "ood_validation": 0.5356746637082236, "train": 0.623962516733601, "id_test_conf": [0.6145958028397271, 0.6261922653255487], "id_test_balanced": 0.5994687080383301, "id_test_balanced_conf": [0.5954413775261491, 0.603496038550511], "ood_test_conf": [0.5350288108802325, 0.5377436161752065], "ood_test_balanced": 0.5701140761375427, "ood_test_balanced_conf": [0.5692436901538167, 0.5709844621212687], "features": ["AGEG5YR", "VEG_ONCE_PER_DAY", "TOTINDA", "CHCOCNCR", "EMPLOY1", "IYEAR", "STATE", "PRACE1", "SEX", "BMI5CAT"]}