{"validation": 0.9278960072635472, "id_test": 0.9279811620894431, "ood_test": 0.583420776495278, "ood_validation": 0.6745283018867925, "train": 0.927486887202491, "id_test_conf": [0.9270013080047872, 0.928951849556665], "id_test_balanced": 0.8823980093002319, "id_test_balanced_conf": [0.8815983552124816, 0.8831976633879822], "ood_test_conf": [0.560911827534833, 0.6056726076827481], "ood_test_balanced": 0.6303538084030151, "ood_test_balanced_conf": [0.6204989674501121, 0.6402086493559181], "features": ["Average_confidence(CONCENTRATING)", "Average_confidence(FRUSTRATED)", "attempt_count", "hint_count", "skill_id", "problem_type", "position", "school_id"]}