{"validation": 0.7570610385090023, "id_test": 0.7571764884568651, "ood_test": 0.7452279643266457, "ood_validation": 0.7383521043272081, "train": 0.7585875741521988, "id_test_conf": [0.7550544397635407, 0.7592890973709285], "id_test_balanced": 0.6873438954353333, "id_test_balanced_conf": [0.6858773716539145, 0.688810419216752], "ood_test_conf": [0.7421123676496881, 0.7483248087601762], "ood_test_balanced": 0.7162665724754333, "ood_test_balanced_conf": [0.7141141974879429, 0.7184189474629238], "features": ["COW", "ENG", "HINS2", "HINS4", "NWLK", "OCCP", "POBP", "WKW", "DIVISION"]}