{"id_test": 0.8403749300503638, "id_test_conf": [0.8377959831834655, 0.8429287363914929], "id_test_balanced": 0.6587507724761963, "id_test_balanced_conf": [0.6569114789552987, 0.6605900659970939], "ood_test": 0.812267277711854, "ood_test_conf": [0.8087766716441953, 0.8157207583116852], "ood_test_balanced": 0.6592594981193542, "ood_test_balanced_conf": [0.6568311984371394, 0.661687797801569], "validation": 0.8425222887812075, "validation_conf": [0.8399572765791593, 0.8450620010716561], "validation_balanced": 0.6574445366859436, "validation_balanced_conf": [0.6556106522586197, 0.6592784211132675], "features": ["ENG", "FER", "HUPAC", "WIF", "NWLA", "NWLK", "RELP", "WKW", "WRK", "ANC", "PUBCOV", "AGEP", "SEX", "ST", "RAC1P", "DIVISION"]}