{"id_test": 0.8763090630834195, "id_test_conf": [0.8744697531610671, 0.878130868492556], "id_test_balanced": 0.5460421442985535, "id_test_balanced_conf": [0.5451418616983574, 0.5469424268987495], "ood_test": 0.8272818067592383, "ood_test_conf": [0.825685714270916, 0.8288691630837034], "ood_test_balanced": 0.5478832721710205, "ood_test_balanced_conf": [0.5471537250105757, 0.5486128193314653], "validation": 0.8754997876653606, "validation_conf": [0.8736553775556033, 0.8773267310477737], "validation_balanced": 0.5462561845779419, "validation_balanced_conf": [0.5453552444372326, 0.5471571247186512], "features": ["HIGH_BLOOD_PRESS", "CHOL_CHK_PAST_5_YEARS", "TOLDHI", "BMI5", "BMI5CAT", "SMOKE100", "MICHD", "FRUIT_ONCE_PER_DAY", "RFBING5", "TOTINDA", "INCOME", "MARITAL", "EDUCA", "IYEAR", "MEDCOST", "PRACE1", "SEX", "STATE", "MEDCOST", "PRACE1", "SEX", "PRACE1"]}