{"id_test": 0.9718340408390915, "id_test_conf": [0.971015177752929, 0.9726358920276399], "id_test_balanced": 0.5919484496116638, "id_test_balanced_conf": [0.5910002510924823, 0.5928966481308453], "ood_test": 0.9603388525221409, "ood_test_conf": [0.9593819406833285, 0.9612794078291687], "ood_test_balanced": 0.6270394921302795, "ood_test_balanced_conf": [0.6259790407726541, 0.628099943487905], "validation": 0.9724969633871248, "validation_conf": [0.9716873691028466, 0.9732895207660117], "validation_balanced": 0.5950140953063965, "validation_balanced_conf": [0.5940545891667717, 0.5959736014460213], "features": ["ENG", "POBP", "RELP", "WRK", "OCCP", "MIL", "ANC", "DEAR", "DREM", "AGEP", "MAR", "CIT", "DIVISION", "SCHL"]}