{"validation": 0.5855472901168969, "id_test": 0.5955414012738853, "ood_test": 0.5573287984825692, "ood_validation": 0.5473808122424956, "train": 0.5809321471252158, "id_test_conf": [0.5634108343393368, 0.6270727132463175], "id_test_balanced": 0.5104372501373291, "id_test_balanced_conf": [0.5029481481108814, 0.5179263521637768], "ood_test_conf": [0.5494125427900802, 0.5652232314111407], "ood_test_balanced": 0.5053961277008057, "ood_test_balanced_conf": [0.5040365068754181, 0.5067557485261932], "features": ["JOBORG31", "CMJHLD31", "MCRPD31", "PFSAMT31", "MCARE31", "GOVAAT31", "GOVTB31", "GOVTC31", "GOVCAT31", "VAPRAT31", "BSNTY31", "IHSAT31", "RETPLN31", "SICPAY31", "MORJOB31", "HRHOW31", "DIFFWG31", "HOUR31", "TEMPJB31", "CHOIC31", "INDCAT31", "UNION31", "STJBMM31", "OCCCAT31", "PAYVAC31", "YRSINUS", "PRIDK31", "TRIAT31X", "MCAID31X", "MCDAT31X", "INS31X", "SEX", "RACEV1X", "RACEV2X", "RACEAX", "RACEBX", "RACETHX", "HISPNCAT", "EDUCYR", "HWELLSPK", "WHTLGSPK", "PRIEU31", "MCRPD31X", "TRILI31X", "PRSTX31", "PRIV31", "VERFLG31", "PMDINS31", "MARRY31X", "TRIST31X", "TRIPR31X", "TRIEX31X", "VACMPM31", "ASPREV31", "ASPKFL31", "ASEVFL31", "IADLHP31", "ADLHLP31", "AIDHLP31", "WLKLIM31", "MILDIF31", "FNGRDF31", "ACTLIM31", "HSELIM31", "SCHLIM31", "VASPOU31", "ASSTIL31", "FCRP1231", "RUCLAS31", "FMRS1231", "RESP31", "BEGRFM31", "ENDRFM31", "ENDRFY31", "INSC1231", "ELGRND31", "PSTATS31", "SPOUID31", "ACTDTY31", "RTHLTH31", "MNHLTH31", "CHBRON31", "UNABLE31", "VAPRHT31", "VAWAIT31", "VALOCT31", "VANEED31", "VAOUT31", "VAPROB31", "VACARE31", "VAPROV31", "VAPCOT31", "VAPCCO31", "VAPCSN31", "VAPCRF31", "VAPCOU31", "VAPCUN31", "VACTDY31", "VARECM31", "VACOPD31", "VADERM31", "VAGERD31", "VAHRLS31", "VABACK31", "VAGOUT31", "VAFIBR31", "VATMD31", "VACOST31", "VABIPL31", "VARHAB31", "VAMNHC31", "VACRGV31", "REFPRS31", "AGE31X", "INSCOV19"]}