{"ot_datashift_distance": 5.6878275871276855, "label_l2_distance": 0.059757381677627563}