{"id_test": 0.6550110722194442, "id_test_conf": [0.6494091938490976, 0.6605807673711983], "id_test_balanced": 0.6074200868606567, "id_test_balanced_conf": [0.6039053376717493, 0.6109348360495642], "ood_test": 0.5911901766905737, "ood_test_conf": [0.589865517354438, 0.5925138395850799], "ood_test_balanced": 0.619475245475769, "ood_test_balanced_conf": [0.6186105734831654, 0.6203399174683727], "validation": 0.6522608757768412, "validation_conf": [0.6466488821756422, 0.6578412574009949], "validation_balanced": 0.6046724319458008, "validation_balanced_conf": [0.6011745329527184, 0.6081703309388832], "features": ["RFBING5", "TOTINDA", "SMOKE100", "CHCSCNCR", "CHCOCNCR", "DIABETES", "POVERTY", "EMPLOY1", "IYEAR", "STATE", "MEDCOST", "IYEAR", "MEDCOST", "SEX", "BMI5CAT"]}