{"id_test": 0.9320301185475468, "id_test_conf": [0.931395826586118, 0.9326603063132528], "features": ["Average_confidence(BORED)", "Average_confidence(CONCENTRATING)", "attempt_count", "hint_count", "problem_type", "ms_first_response", "position", "overlap_time", "school_id"], "ood_test": 0.9101652958556257, "ood_test_conf": [0.9050214080347108, 0.915117614315424], "validation": 0.9317826231554734, "validation_conf": [0.9311472673188088, 0.932413877152695]}