{"validation": 0.9722490766217992, "id_test": 0.9717162953552505, "ood_test": 0.9604855419256652, "ood_validation": 0.9608360836083608, "train": 0.9713939116006178, "id_test_conf": [0.9708957980257059, 0.9725197852061467], "id_test_balanced": 0.5833125710487366, "id_test_balanced_conf": [0.5824029109522235, 0.5842222311452496], "ood_test_conf": [0.9595303056888288, 0.9614244162948301], "ood_test_balanced": 0.61774742603302, "ood_test_balanced_conf": [0.6167187612573616, 0.6187760908086785], "features": ["ENG", "RELP", "WKW", "WRK", "OCCP", "MIG", "NATIVITY", "MAR", "CIT", "SCHL"]}