{"validation": 0.790342688985223, "id_test": 0.7903187019036046, "ood_test": 0.7865131535614074, "ood_validation": 0.7797273266152934, "train": 0.7914024189101851, "id_test_conf": [0.7883030761792413, 0.7923236702240974], "id_test_balanced": 0.7435545921325684, "id_test_balanced_conf": [0.7421017101919278, 0.7450074740732089], "ood_test_conf": [0.7835806735137838, 0.7894237204493963], "ood_test_balanced": 0.767766535282135, "ood_test_balanced_conf": [0.7656933560781181, 0.769839714486152], "features": ["COW", "FER", "HINS1", "HINS3", "OCCP", "POBP", "RELP", "WKHP", "WKW", "WRK", "AGEP", "MAR", "DIVISION"]}