{"validation": 0.8332125096976866, "id_test": 0.8286488273897339, "ood_test": 0.802712876958959, "ood_validation": 0.8042717731541152, "train": 0.8313545876270632, "id_test_conf": [0.8259965232195979, 0.8312768593677768], "id_test_balanced": 0.6049786806106567, "id_test_balanced_conf": [0.6033538250438869, 0.6066035361774266], "ood_test_conf": [0.7991567774738212, 0.8062329895236481], "ood_test_balanced": 0.6219959855079651, "ood_test_balanced_conf": [0.6197264575306326, 0.6242655134852976], "features": ["ENG", "HUPAC", "WRK", "ANC", "NATIVITY", "DEYE", "DREM", "PUBCOV", "ST", "MAR", "RAC1P", "DIVISION"]}