{"validation": 0.8340900708408053, "id_test": 0.8310398331383222, "ood_test": 0.8059044969106756, "ood_validation": 0.8022463634689744, "train": 0.8327027207488498, "id_test_conf": [0.8284021099417703, 0.8336531071200275], "id_test_balanced": 0.6104776263237, "id_test_balanced_conf": [0.6088346213381738, 0.6121206313092261], "ood_test_conf": [0.8023699092776555, 0.8094027173389124], "ood_test_balanced": 0.6267479062080383, "ood_test_balanced_conf": [0.6244731297716498, 0.6290226826444268], "features": ["ENG", "HUPAC", "WRK", "ANC", "NATIVITY", "DEYE", "DREM", "PUBCOV", "ST", "MAR", "RAC1P", "DIVISION"]}