{"validation": 0.7819945245526487, "id_test": 0.7812840717118427, "ood_test": 0.40474545683519647, "ood_validation": 0.40186627932567454, "train": 0.7810977300711963, "id_test_conf": [0.780136545483199, 0.782428342784832], "id_test_balanced": 0.5421829223632812, "id_test_balanced_conf": [0.541699668590445, 0.5426661761361175], "ood_test_conf": [0.40368141755481934, 0.40581017080266246], "ood_test_balanced": 0.5258313417434692, "ood_test_balanced_conf": [0.5254820701642893, 0.5261806133226492], "features": ["ESP", "MIG", "DREM", "AGEP", "SEX", "ST", "MAR", "RAC1P", "SCHL", "ACS_YEAR", "DIS"]}