{"validation": 0.8560919247015748, "id_test": 0.8576112482462129, "ood_test": 0.44438614900314793, "ood_validation": 0.5424528301886793, "train": 0.8562169933684278, "id_test_conf": [0.8562789193098338, 0.8589357969578209], "id_test_balanced": 0.7681295275688171, "id_test_balanced_conf": [0.767178122291807, 0.7690809328458272], "ood_test_conf": [0.4219163483901063, 0.46702734089063613], "ood_test_balanced": 0.50698322057724, "ood_test_balanced_conf": [0.5043489890405908, 0.5096174521138892], "features": ["Average_confidence(BORED)", "Average_confidence(CONCENTRATING)", "Average_confidence(CONFUSED)", "Average_confidence(FRUSTRATED)", "skill_id", "problem_type", "bottom_hint", "tutor_mode", "overlap_time", "first_action", "school_id"]}