{"validation": 0.8556192462654653, "id_test": 0.8569134848405273, "ood_test": 0.44438614900314793, "ood_validation": 0.5424528301886793, "train": 0.8555361106968918, "id_test_conf": [0.8555784582412078, 0.8582407464252404], "id_test_balanced": 0.7653869986534119, "id_test_balanced_conf": [0.7644392471271567, 0.766334750179667], "ood_test_conf": [0.4219163483901063, 0.46702734089063613], "ood_test_balanced": 0.50698322057724, "ood_test_balanced_conf": [0.5043489890405908, 0.5096174521138892], "features": ["Average_confidence(BORED)", "Average_confidence(CONCENTRATING)", "Average_confidence(CONFUSED)", "Average_confidence(FRUSTRATED)", "skill_id", "problem_type", "bottom_hint", "tutor_mode", "overlap_time", "first_action", "school_id"]}