{"validation": 0.7622187766984148, "id_test": 0.7600053159173754, "ood_test": 0.7572683800766687, "ood_validation": 0.7470065204505039, "train": 0.7628047270716536, "id_test_conf": [0.7578916434208054, 0.762109444725688], "id_test_balanced": 0.7222999930381775, "id_test_balanced_conf": [0.7207822128129192, 0.7238177732634358], "ood_test_conf": [0.7542021084527839, 0.7603149778421163], "ood_test_balanced": 0.737537145614624, "ood_test_balanced_conf": [0.7353780812490731, 0.7396962099801749], "features": ["COW", "FER", "HINS1", "HINS3", "NWLA", "OCCP", "WKW", "WRK", "SEX", "CIT", "ACS_YEAR", "DIVISION"]}