{"validation": 0.8036072524760307, "id_test": 0.8037667071688943, "ood_test": 0.7926387480075351, "ood_validation": 0.7941908713692946, "train": 0.8035824045603157, "id_test_conf": [0.8017998141364507, 0.8057224485488784], "id_test_balanced": 0.7462056875228882, "id_test_balanced_conf": [0.7447955590067431, 0.7476158160390333], "ood_test_conf": [0.7897369907213394, 0.7955181229185072], "ood_test_balanced": 0.7651680707931519, "ood_test_balanced_conf": [0.7631461606966332, 0.7671899808896705], "features": ["FER", "HINS3", "OCCP", "POBP", "WKHP", "WKW", "AGEP", "CIT", "SCHL", "ACS_YEAR", "DIVISION"]}