{"validation": 0.8109910324212463, "id_test": 0.8048275862068965, "ood_test": 0.7424049738589797, "ood_validation": 0.751589656634167, "train": 0.804690194275204, "id_test_conf": [0.7927317954473667, 0.8165126485384713], "id_test_balanced": 0.7000759840011597, "id_test_balanced_conf": [0.6921104322373867, 0.7080415357649327], "ood_test_conf": [0.7364661220341688, 0.7482773882636602], "ood_test_balanced": 0.6902477741241455, "ood_test_balanced_conf": [0.6867196489172056, 0.6937758993310854], "features": ["VCF0004", "VCF0901b", "VCF0218", "VCF9008", "VCF9010", "VCF9202", "VCF9203", "VCF9204", "VCF9206", "VCF0875", "VCF0843", "VCF9239", "VCF0615", "VCF0616", "VCF0310", "VCF0721", "VCF0701", "VCF0724", "VCF0725", "VCF0726", "VCF0745", "VCF0101", "VCF0104", "VCF0112"]}