{"validation": 0.8756199770838842, "id_test": 0.8764452777577462, "ood_test": 0.8281378726302854, "ood_validation": 0.8321597216469224, "train": 0.8757749729072476, "id_test_conf": [0.874606828779593, 0.8782662158624773], "id_test_balanced": 0.550382137298584, "id_test_balanced_conf": [0.5494440185953863, 0.5513202560017817], "ood_test_conf": [0.8265448923838077, 0.8297220938288296], "ood_test_balanced": 0.5486681461334229, "ood_test_balanced_conf": [0.5479396376782097, 0.549396654588636], "features": ["HIGH_BLOOD_PRESS", "TOLDHI", "BMI5", "SMOKE100", "MICHD", "FRUIT_ONCE_PER_DAY", "RFBING5", "TOTINDA", "INCOME", "CHECKUP1", "HEALTH_COV", "IYEAR", "PRACE1"]}