{"validation": 0.7776793342404202, "id_test": 0.7774402592142567, "ood_test": 0.7609964300299035, "ood_validation": 0.753171310017783, "train": 0.7798101925208227, "id_test_conf": [0.7753810681941635, 0.779489266042827], "id_test_balanced": 0.7188156247138977, "id_test_balanced_conf": [0.7173556272801943, 0.7202756221476011], "ood_test_conf": [0.7579460866448002, 0.7640268141632118], "ood_test_balanced": 0.7272980213165283, "ood_test_balanced_conf": [0.7252175040356815, 0.7293785385973751], "features": ["COW", "ENG", "FER", "HINS3", "NWLK", "OCCP", "WKW", "WRK", "AGEP", "SEX", "MAR", "CIT", "RAC1P", "DIVISION"]}