{"validation": 0.7806486268448684, "id_test": 0.7795607669604738, "ood_test": 0.3935604008915766, "ood_validation": 0.38987191337646904, "train": 0.779483501899158, "id_test_conf": [0.7784100174634686, 0.7807082812552693], "id_test_balanced": 0.5211990475654602, "id_test_balanced_conf": [0.5208552309713559, 0.5215428641595645], "ood_test_conf": [0.39250139331067224, 0.39462016238593667], "ood_test_balanced": 0.51903235912323, "ood_test_balanced_conf": [0.5187348452006699, 0.51932987304579], "features": ["MIG", "DEAR", "PINCP", "SEX", "MAR", "CIT", "DIVISION", "ACS_YEAR", "DIS"]}