{"validation": 0.7826954297387481, "id_test": 0.7814737750158751, "ood_test": 0.41298019139797304, "ood_validation": 0.4109225758175976, "train": 0.7813782917636922, "id_test_conf": [0.7803266053823639, 0.7826176872972176], "id_test_balanced": 0.5247206687927246, "id_test_balanced_conf": [0.5243628919980255, 0.5250784455874237], "ood_test_conf": [0.411912814456725, 0.41404818469829524], "ood_test_balanced": 0.5345407128334045, "ood_test_balanced_conf": [0.5341984930011676, 0.5348829326656415], "features": ["MIG", "DEAR", "PINCP", "SEX", "MAR", "CIT", "DIVISION", "ACS_YEAR", "DIS"]}