{"validation": 0.8757316266805986, "id_test": 0.8739765389670289, "ood_test": 0.8253103796226877, "ood_validation": 0.8310630171865054, "train": 0.8751682385942141, "id_test_conf": [0.8721051390771226, 0.8758302158808368], "id_test_balanced": 0.5029058456420898, "id_test_balanced_conf": [0.5026816802154644, 0.5031300110687152], "ood_test_conf": [0.8236875790756174, 0.8269242838330915], "ood_test_balanced": 0.5024935603141785, "ood_test_balanced_conf": [0.5023300183174433, 0.5026571023109137], "features": ["PHYSHLTH", "HIGH_BLOOD_PRESS", "CHOL_CHK_PAST_5_YEARS", "TOLDHI", "BMI5", "BMI5CAT", "SMOKE100", "SMOKDAY2", "MICHD", "FRUIT_ONCE_PER_DAY", "VEG_ONCE_PER_DAY", "DRNK_PER_WEEK", "INCOME", "CHECKUP1", "HEALTH_COV", "STATE", "PRACE1", "SEX", "IYEAR", "STATE", "MEDCOST", "SEX", "PRACE1"]}