{"id_test": 0.8732634436986199, "id_test_conf": [0.8714608343970879, 0.8750497117520637], "id_test_balanced": 0.5031304359436035, "id_test_balanced_conf": [0.5028812814533012, 0.5033795904339058], "ood_test": 0.8256941148298761, "ood_test_conf": [0.8241503670695266, 0.8272297860052732], "ood_test_balanced": 0.5055858492851257, "ood_test_balanced_conf": [0.5053221818141174, 0.5058495167561341], "validation": 0.8726515774310086, "validation_conf": [0.8708452864061449, 0.8744415539649609], "validation_balanced": 0.502934992313385, "validation_balanced_conf": [0.5026932683389168, 0.5031767162878532], "features": ["HIGH_BLOOD_PRESS", "CHOL_CHK_PAST_5_YEARS", "SMOKE100", "MICHD", "VEG_ONCE_PER_DAY", "RFBING5", "MARITAL", "EDUCA", "HEALTH_COV", "STATE", "PRACE1", "PRACE1", "SEX", "PRACE1", "IYEAR"]}