{"id_test": 0.8557046979865772, "id_test_conf": [0.8105959549889452, 0.8935641170497503], "id_test_balanced": 0.786332368850708, "id_test_balanced_conf": [0.7554499264806509, 0.8172148112207651], "ood_test": 0.7527974354321659, "ood_test_conf": [0.7481105550136526, 0.7574398717802697], "ood_test_balanced": 0.7573176026344299, "ood_test_balanced_conf": [0.7541044764686375, 0.7605307288002223], "validation": 0.8590604026845637, "validation_conf": [0.8143009396363827, 0.8964985645660271], "validation_balanced": 0.793391227722168, "validation_balanced_conf": [0.7632164388149977, 0.8235660166293383], "features": ["MARITAL_STATUS", "HOUSEHOLD_INC", "RECEIVED_WORK_COMP", "SEVERANCE_PAY_PENSION", "FOSTER_CHILD_CARE_AMT", "ALIMONY_AMT", "INCOME_FROM_ASSISTANCE", "SAVINGS_INV_AMOUNT", "RETIREMENT_INCOME_AMOUNT", "EDUCATION", "LIVING_OWNERSHIP", "WIC_ASSISTANCE", "MEDICARE_ASSISTANCE", "HEALTHDISAB", "PRESCRIPTION_MEDS", "VISIT_DOCTOR_NUM", "HEALTH_MEDICAL_CARE_PAY", "HEALTH_SEEING", "HEALTH_ERRANDS_DIFFICULTY", "HEALTH_CORE_DISABILITY", "CITIZENSHIP_STATUS"]}