{"validation": 0.7893768682455737, "id_test": 0.784367816091954, "ood_test": 0.6969525693561301, "ood_validation": 0.7058075455701568, "train": 0.7766984710886309, "id_test_conf": [0.7718426093799622, 0.7965100379700152], "id_test_balanced": 0.6462988257408142, "id_test_balanced_conf": [0.6392207952030003, 0.6533768562786281], "ood_test_conf": [0.6907204879272728, 0.7031306845473074], "ood_test_balanced": 0.6305171847343445, "ood_test_balanced_conf": [0.6273725265217945, 0.6336618429468944], "features": ["VCF0004", "VCF0901b", "VCF0218", "VCF9203", "VCF9205", "VCF0521", "VCF0875", "VCF9052", "VCF0870", "VCF0843", "VCF0838", "VCF9239", "VCF0803", "VCF0846", "VCF0601", "VCF0606", "VCF0612", "VCF0616", "VCF0717", "VCF0718", "VCF0720", "VCF0675", "VCF0726", "VCF0101", "VCF0104", "VCF0140a", "VCF0112"]}