{"validation": 0.9721127389008701, "id_test": 0.9715303814333963, "ood_test": 0.9599048963700485, "ood_validation": 0.9592409240924092, "train": 0.9714132777241551, "id_test_conf": [0.9707073112655558, 0.9723364510975091], "id_test_balanced": 0.6583577394485474, "id_test_balanced_conf": [0.6572026016865857, 0.659512877210509], "ood_test_conf": [0.9589430479990844, 0.960850403990057], "ood_test_balanced": 0.6871786713600159, "ood_test_balanced_conf": [0.6859793565957807, 0.688377986124251], "features": ["ENG", "RELP", "WKHP", "WRK", "OCCP", "DIS", "MIL", "NATIVITY", "DEAR", "FER", "AGEP", "SEX", "CIT", "SCHL"]}