{"id_test": 0.972509528088495, "id_test_conf": [0.9717001132431616, 0.9733019056619278], "id_test_balanced": 0.6460461616516113, "id_test_balanced_conf": [0.6449225323274732, 0.6471697909757494], "ood_test": 0.9613717904052906, "ood_test_conf": [0.960426753256497, 0.9623004334318959], "ood_test_balanced": 0.6714012622833252, "ood_test_balanced_conf": [0.6702337066060864, 0.672568817960564], "validation": 0.9735380878014923, "validation_conf": [0.9727433033060062, 0.9743157962009226], "validation_balanced": 0.6494566202163696, "validation_balanced_conf": [0.6483277579490095, 0.6505854824837297], "features": ["ENG", "RELP", "WKHP", "WRK", "OCCP", "DIS", "MIL", "NATIVITY", "DEAR", "FER", "AGEP", "SEX", "CIT", "SCHL"]}