{"validation": 0.7835838369775021, "id_test": 0.7852052956662616, "ood_test": 0.7669902912621359, "ood_validation": 0.7649081209247184, "train": 0.785842042269621, "id_test_conf": [0.7831720204807457, 0.7872281013488373], "id_test_balanced": 0.7141814231872559, "id_test_balanced_conf": [0.7127658601361326, 0.7155969862383791], "ood_test_conf": [0.7639662270913952, 0.7699939372949902], "ood_test_balanced": 0.7284443378448486, "ood_test_balanced_conf": [0.7264188645826652, 0.730469811107032], "features": ["COW", "ENG", "HINS2", "HINS3", "NWLK", "OCCP", "POBP", "WKHP", "WRK", "AGEP", "MAR", "CIT", "RAC1P", "DIVISION"]}