{"validation": 0.7805271651425497, "id_test": 0.7805222255974078, "ood_test": 0.7805061190077854, "ood_validation": 0.7752222880853586, "train": 0.7806471363941642, "id_test_conf": [0.7784731948564237, 0.7825609589098274], "id_test_balanced": 0.7522616386413574, "id_test_balanced_conf": [0.7507818438019603, 0.7537414334807545], "ood_test_conf": [0.7775444530274455, 0.7834463318990814], "ood_test_balanced": 0.7644942998886108, "ood_test_balanced_conf": [0.7623967060633003, 0.7665918937139213], "features": ["COW", "HINS2", "HINS4", "NWLA", "NWLK", "RELP", "WKHP", "WKW", "WRK", "AGEP", "MAR", "CIT", "SCHL", "ACS_YEAR", "DIVISION"]}