{"validation": 0.7834509382020695, "id_test": 0.7833890238963143, "ood_test": 0.7720751933184914, "ood_validation": 0.7711914641375223, "train": 0.7834364219304609, "id_test_conf": [0.7813495922819784, 0.7854180527461108], "id_test_balanced": 0.7300850749015808, "id_test_balanced_conf": [0.7286268330388702, 0.7315433167642914], "ood_test_conf": [0.7690740853315814, 0.7750554938318167], "ood_test_balanced": 0.7429507970809937, "ood_test_balanced_conf": [0.7408730815490707, 0.7450285126129166], "features": ["COW", "ENG", "FER", "HINS2", "HINS3", "HINS4", "NWLK", "RELP", "WKHP", "CIT", "SCHL", "ACS_YEAR", "DIVISION"]}