{"validation": 0.6828354199129547, "id_test": 0.6827279565848154, "ood_test": 0.6293385723641126, "ood_validation": 0.6058823529411764, "train": 0.6827896324057843, "id_test_conf": [0.679370885369964, 0.686070781681154], "id_test_balanced": 0.5091850161552429, "id_test_balanced_conf": [0.50870269150706, 0.5096673408034258], "ood_test_conf": [0.604556169565369, 0.6536224149651029], "ood_test_balanced": 0.50696861743927, "ood_test_balanced_conf": [0.5040286137629301, 0.50990862111561], "features": ["problem_type", "bottom_hint", "ms_first_response", "overlap_time", "school_id"]}