{"validation": 0.7972838643812798, "id_test": 0.7972704314652624, "ood_test": 0.7007203667321545, "ood_validation": 0.711764705882353, "train": 0.7964412608219656, "id_test_conf": [0.7943641725809532, 0.8001535044009934], "id_test_balanced": 0.6865650415420532, "id_test_balanced_conf": [0.684826351206284, 0.6883037318778225], "ood_test_conf": [0.6770537832293417, 0.723612502173683], "ood_test_balanced": 0.6022627949714661, "ood_test_balanced_conf": [0.5920954532548786, 0.6124301366880536], "features": ["problem_type", "bottom_hint", "ms_first_response", "overlap_time", "school_id"]}