{"validation": 0.6027471928485774, "id_test": 0.6034883720930233, "ood_test": 0.4195187390918277, "ood_validation": 0.4192659444377465, "train": 0.5988235561309078, "id_test_conf": [0.5976800776316818, 0.609274809071943], "id_test_balanced": 0.5026317834854126, "id_test_balanced_conf": [0.501767516672844, 0.5034960502979812], "ood_test_conf": [0.41818023047732805, 0.4208581401010707], "ood_test_balanced": 0.5011698007583618, "ood_test_balanced_conf": [0.5009816197882173, 0.5013579817285063], "features": ["FRUIT_ONCE_PER_DAY", "DRNK_PER_WEEK", "RFBING5", "TOTINDA", "SMOKE100", "CHCOCNCR", "POVERTY", "MEDCOST", "MEDCOST", "PRACE1", "SEX", "BMI5CAT", "IYEAR"]}