{"validation": 0.8258359087845142, "id_test": 0.8253166810805311, "ood_test": 0.7985801383035313, "ood_validation": 0.7961701344135518, "train": 0.8256393298760926, "id_test_conf": [0.8226443673498864, 0.82796496929371], "id_test_balanced": 0.7056171894073486, "id_test_balanced_conf": [0.703577933977358, 0.7076564448373392], "ood_test_conf": [0.7949967150015197, 0.8021280670425708], "ood_test_balanced": 0.7011395692825317, "ood_test_balanced_conf": [0.6984851657925174, 0.7037939727725461], "features": ["ENG", "HUPAC", "WIF", "NWLK", "OCCP", "RELP", "WKHP", "MIL", "DEAR", "DREM", "PUBCOV", "MAR", "CIT", "RAC1P", "DIVISION"]}