{"validation": 0.7979622187766984, "id_test": 0.7990266808424463, "ood_test": 0.7876065392367377, "ood_validation": 0.7854179016004742, "train": 0.7984389177318979, "id_test_conf": [0.7970422184496355, 0.8010001658046153], "id_test_balanced": 0.7528431415557861, "id_test_balanced_conf": [0.751407897467725, 0.7542783856438473], "ood_test_conf": [0.7846794710412075, 0.7905116105250982], "ood_test_balanced": 0.7632832527160645, "ood_test_balanced_conf": [0.7612308455631137, 0.7653356598690152], "features": ["COW", "ENG", "HINS1", "HINS2", "HINS4", "NWLK", "RELP", "WKHP", "WRK", "AGEP", "SEX", "CIT", "RAC1P", "SCHL", "ACS_YEAR", "DIVISION"]}