{"id_test": 0.6681945882005027, "id_test_conf": [0.6625472509847651, 0.6738057798306418], "id_test_balanced": 0.6346383094787598, "id_test_balanced_conf": [0.6308456762647257, 0.6384309426927939], "ood_test": 0.599498285842097, "ood_test_conf": [0.5981631898748048, 0.6008322701948003], "ood_test_balanced": 0.6258212327957153, "ood_test_balanced_conf": [0.6249397634866182, 0.6267027021048125], "validation": 0.6620457654060848, "validation_conf": [0.6563733498305917, 0.6676833561956658], "validation_balanced": 0.6286341547966003, "validation_balanced_conf": [0.6248256445489824, 0.6324426650442183], "features": ["AGEG5YR", "FRUIT_ONCE_PER_DAY", "DRNK_PER_WEEK", "RFBING5", "SMOKE100", "DIABETES", "POVERTY", "IYEAR", "PRACE1", "SEX", "IYEAR", "STATE", "MEDCOST", "SEX", "BMI5CAT"]}