{"validation": 0.8726793426440069, "id_test": 0.8737450221549161, "ood_test": 0.8226240720199933, "ood_validation": 0.8258636401292354, "train": 0.8730656976709247, "id_test_conf": [0.871889639643179, 0.8755830198639369], "id_test_balanced": 0.5, "id_test_balanced_conf": [0.5, 0.5], "ood_test_conf": [0.8210112940276367, 0.8242282383497959], "ood_test_balanced": 0.500012993812561, "ood_test_balanced_conf": [0.5000022844974046, 0.5000237031277175], "features": ["CHOL_CHK_PAST_5_YEARS", "BMI5", "SMOKE100", "SMOKDAY2", "CVDSTRK3", "MICHD", "DRNK_PER_WEEK", "TOTINDA", "MARITAL", "CHECKUP1", "EDUCA", "HEALTH_COV", "STATE", "PRACE1", "MEDCOST", "PRACE1", "IYEAR"]}