{"id_test": 0.9665354940662473, "id_test_conf": [0.9656464765967679, 0.9674076974747204], "id_test_balanced": 0.5407623648643494, "id_test_balanced_conf": [0.5400741081906016, 0.5414506215380971], "ood_test": 0.9493799316671861, "ood_test_conf": [0.9483066445882032, 0.9504372590599246], "ood_test_balanced": 0.5344133377075195, "ood_test_balanced_conf": [0.5337742450076621, 0.5350524304073769], "validation": 0.9672851441461541, "validation_conf": [0.9664056573714799, 0.9681477888768335], "validation_balanced": 0.5437866449356079, "validation_balanced_conf": [0.5430784948519431, 0.5444947950192727], "features": ["POBP", "WKW", "WRK", "NATIVITY", "DEAR", "DREM", "DPHY", "AGEP", "SEX", "ST", "MAR", "SCHL"]}