{"validation": 0.7907983419295637, "id_test": 0.7903756581611988, "ood_test": 0.7789384937624323, "ood_validation": 0.7714285714285715, "train": 0.7917457399319529, "id_test_conf": [0.7883602316942615, 0.7923804251312223], "id_test_balanced": 0.7586880922317505, "id_test_balanced_conf": [0.7572284923912957, 0.7601476920722052], "ood_test_conf": [0.775969361276, 0.7818862932123217], "ood_test_balanced": 0.7527743577957153, "ood_test_balanced_conf": [0.7507023714855313, 0.7548463441058993], "features": ["COW", "ENG", "FER", "HINS1", "HINS4", "OCCP", "RELP", "WKHP", "WRK", "SEX", "ST", "CIT", "RAC1P", "ACS_YEAR", "DIVISION"]}