{"validation": 0.603146345007993, "id_test": 0.5996730245231607, "ood_test": 0.417684343927801, "ood_validation": 0.42544436286646065, "train": 0.5974159267921615, "id_test_conf": [0.5938563117587469, 0.6054686896063874], "id_test_balanced": 0.5005987882614136, "id_test_balanced_conf": [0.4998870073014405, 0.5013105692213867], "ood_test_conf": [0.4163524606679498, 0.4190171320318971], "ood_test_balanced": 0.5009111166000366, "ood_test_balanced_conf": [0.5007388242718298, 0.5010834089282434], "features": ["AGEG5YR", "FRUIT_ONCE_PER_DAY", "DRNK_PER_WEEK", "TOTINDA", "POVERTY", "IYEAR", "SEX", "STATE", "BMI5CAT"]}