{"validation": 0.8748170791193782, "id_test": 0.87490650710546, "ood_test": 0.829718299292935, "ood_validation": 0.8266942358004895, "train": 0.8752244593920313, "id_test_conf": [0.8730448146761681, 0.876750505083172], "id_test_balanced": 0.5605447888374329, "id_test_balanced_conf": [0.5595032718172297, 0.561586305857636], "ood_test_conf": [0.8281162356273789, 0.8313113965570958], "ood_test_balanced": 0.5565267205238342, "ood_test_balanced_conf": [0.5557348979392555, 0.557318543108413], "features": ["HIGH_BLOOD_PRESS", "TOLDHI", "BMI5", "SMOKDAY2", "CVDSTRK3", "MICHD", "VEG_ONCE_PER_DAY", "TOTINDA", "INCOME", "HEALTH_COV", "MENTHLTH", "IYEAR", "PRACE1", "STATE", "MEDCOST", "PRACE1"]}