{"validation": 0.770825490326343, "id_test": 0.7703022406926918, "ood_test": 0.4422875131164743, "ood_validation": 0.5424528301886793, "train": 0.7708008944706416, "id_test_conf": [0.7687136441929832, 0.7718850533760283], "id_test_balanced": 0.6227047443389893, "id_test_balanced_conf": [0.6218943587131798, 0.6235151299647987], "ood_test_conf": [0.4198316791579562, 0.4649212072436826], "ood_test_balanced": 0.5051210522651672, "ood_test_balanced_conf": [0.5028609747998416, 0.5073811297304929], "features": ["Average_confidence(CONCENTRATING)", "Average_confidence(CONFUSED)", "skill_id", "tutor_mode", "position", "first_action", "school_id"]}