{"validation": 0.8772692963138768, "id_test": 0.8770445879698078, "ood_test": 0.8315192975745148, "ood_validation": 0.8309515231575998, "train": 0.8764299811394716, "id_test_conf": [0.8752367734662317, 0.8788353702546837], "id_test_balanced": 0.5211964249610901, "id_test_balanced_conf": [0.5205897050793282, 0.521803144842852], "ood_test_conf": [0.829965622196245, 0.8330644208930007], "ood_test_balanced": 0.5167381167411804, "ood_test_balanced_conf": [0.5163154086621944, 0.5171608248201665], "features": ["PHYSHLTH", "HIGH_BLOOD_PRESS", "CHOL_CHK_PAST_5_YEARS", "TOLDHI", "BMI5CAT", "SMOKE100", "SMOKDAY2", "MICHD", "FRUIT_ONCE_PER_DAY", "DRNK_PER_WEEK", "TOTINDA", "MARITAL", "CHECKUP1", "HEALTH_COV", "MENTHLTH", "IYEAR", "SEX", "STATE", "MEDCOST", "PRACE1", "SEX", "PRACE1"]}