{"id_test": 0.9301550510624006, "id_test_conf": [0.9291888551049915, 0.9311120335124745], "id_test_balanced": 0.8869035243988037, "id_test_balanced_conf": [0.8861132924153935, 0.8876937563822139], "ood_test": 0.45120671563483733, "ood_test_conf": [0.4286942998756706, 0.4738694997049344], "ood_test_balanced": 0.5130353569984436, "ood_test_balanced_conf": [0.5094584700884297, 0.5166122439084575], "validation": 0.9299923968967528, "validation_conf": [0.9290251680608264, 0.9309504157003552], "validation_balanced": 0.8866190910339355, "validation_balanced_conf": [0.8858281537075527, 0.8874100283603183], "features": ["Average_confidence(BORED)", "attempt_count", "hint_count", "skill_id", "tutor_mode", "school_id"]}