{"validation": 0.7820244777657299, "id_test": 0.7814498124932605, "ood_test": 0.546858512954882, "ood_validation": 0.5489348122716668, "train": 0.7816531124251138, "id_test_conf": [0.7803025977966771, 0.7825937701151298], "id_test_balanced": 0.541949987411499, "id_test_balanced_conf": [0.5414691435557324, 0.5424308312672657], "ood_test_conf": [0.5457788936468972, 0.5479378003679659], "ood_test_balanced": 0.6315907835960388, "ood_test_balanced_conf": [0.6310255744459573, 0.6321559927461203], "features": ["DIS", "PINCP", "ESR", "ESP"]}