{"validation": 0.7822421377807864, "id_test": 0.7816814502118686, "ood_test": 0.5364914284177205, "ood_validation": 0.5387230952066552, "train": 0.7817274962190318, "id_test_conf": [0.7805346713610489, 0.7828249693059137], "id_test_balanced": 0.540000319480896, "id_test_balanced_conf": [0.5395327386399731, 0.5404679003218189], "ood_test_conf": [0.5354099664981791, 0.5375726318718921], "ood_test_balanced": 0.62441086769104, "ood_test_balanced_conf": [0.6238573519466445, 0.6249643834354356], "features": ["DIS", "PINCP", "ESR", "ESP"]}