{"validation": 0.7818846961046845, "id_test": 0.7814198593399923, "ood_test": 0.5160103536350821, "ood_validation": 0.5163519521105683, "train": 0.7813455928475739, "id_test_conf": [0.78027258832249, 0.7825638736295984], "id_test_balanced": 0.5376409292221069, "id_test_balanced_conf": [0.5371864686446497, 0.5380953897995642], "ood_test_conf": [0.5149266301425953, 0.5170939637279137], "ood_test_balanced": 0.6097798943519592, "ood_test_balanced_conf": [0.6092499693494756, 0.6103098193544428], "features": ["DIS", "PINCP", "ESR", "ESP"]}