{"validation": 0.7953552540813981, "id_test": 0.7933333333333333, "ood_test": 0.7779661815270124, "ood_validation": 0.7770241627808393, "train": 0.7981377169789631, "id_test_conf": [0.7809905102150667, 0.805281021421679], "id_test_balanced": 0.7479556202888489, "id_test_balanced_conf": [0.739137974511832, 0.7567732660658657], "ood_test_conf": [0.7723142466082897, 0.7835419116230482], "ood_test_balanced": 0.7507389783859253, "ood_test_balanced_conf": [0.7468594407569618, 0.7546185160148888], "features": ["VCF0004", "VCF0224", "VCF0301", "VCF9008", "VCF9011", "VCF9201", "VCF9206", "VCF0521", "VCF0428", "VCF0429", "VCF9052", "VCF9045", "VCF0838", "VCF9239", "VCF0803", "VCF0846", "VCF0617", "VCF0718", "VCF0720", "VCF0721", "VCF0701", "VCF0724", "VCF0726", "VCF0101", "VCF0105a", "VCF0115", "VCF0112"]}