{"validation": 0.8375748788584074, "id_test": 0.8332909396143867, "ood_test": 0.8065796472850771, "ood_validation": 0.8057447983796723, "train": 0.8341859851387401, "id_test_conf": [0.8306671177125591, 0.835890145620775], "id_test_balanced": 0.6255872249603271, "id_test_balanced_conf": [0.6238655006187037, 0.6273089493019506], "ood_test_conf": [0.8030496567652052, 0.8100731901498707], "ood_test_balanced": 0.6488983631134033, "ood_test_balanced_conf": [0.6464816875290126, 0.6513150386977941], "features": ["FER", "WIF", "NWLA", "WKHP", "WKW", "DIS", "MIL", "ANC", "NATIVITY", "PUBCOV", "AGEP", "ST", "MAR", "CIT", "RAC1P", "SCHL", "ACS_YEAR", "DIVISION"]}