{"validation": 0.8128632657992801, "id_test": 0.8092028285089281, "ood_test": 0.7805761283194893, "ood_validation": 0.7877002393665992, "train": 0.8101453376532946, "id_test_conf": [0.8064386159659133, 0.8119442080177832], "id_test_balanced": 0.5005464553833008, "id_test_balanced_conf": [0.5004139658613712, 0.5006789449052303], "ood_test_conf": [0.7768803497959496, 0.7842385564684642], "ood_test_balanced": 0.5014578700065613, "ood_test_balanced_conf": [0.5011923902633134, 0.5017233497498091], "features": ["ENG", "NWLA", "OCCP", "WKHP", "WKW", "DIS", "MIL", "NATIVITY", "DEYE", "SEX", "ST", "MAR", "CIT", "DIVISION"]}