{"validation": 0.7755805932398252, "id_test": 0.7724137931034483, "ood_test": 0.740473835429325, "ood_validation": 0.7443832132259431, "train": 0.7771582940567882, "id_test_conf": [0.7596586853190304, 0.7848021011792314], "id_test_balanced": 0.7037163972854614, "id_test_balanced_conf": [0.694801282864064, 0.7126315117068589], "ood_test_conf": [0.7345209264085834, 0.7463608371513548], "ood_test_balanced": 0.7047351598739624, "ood_test_balanced_conf": [0.7007869938854128, 0.708683325862512], "features": ["VCF0004", "VCF0901b", "VCF0218", "VCF0224", "VCF0301", "VCF0302", "VCF9201", "VCF9203", "VCF9206", "VCF0521", "VCF0523", "VCF0809", "VCF0838", "VCF9239", "VCF0601", "VCF0615", "VCF0720", "VCF0724", "VCF0726", "VCF0101", "VCF0112"]}