{"validation": 0.8024833295010347, "id_test": 0.792183908045977, "ood_test": 0.7294522160991004, "ood_validation": 0.7295464179737177, "train": 0.7922174962639383, "id_test_conf": [0.7798172092712341, 0.8041570300959788], "id_test_balanced": 0.6827937364578247, "id_test_balanced_conf": [0.6748110935464502, 0.6907763793691992], "ood_test_conf": [0.7234218954189904, 0.735419654565439], "ood_test_balanced": 0.6763080358505249, "ood_test_balanced_conf": [0.6727518424997107, 0.6798642292013392], "features": ["VCF0901b", "VCF0218", "VCF9010", "VCF9011", "VCF9201", "VCF9202", "VCF9205", "VCF0428", "VCF9052", "VCF0809", "VCF0839", "VCF0822", "VCF0843", "VCF0838", "VCF0846", "VCF0612", "VCF0615", "VCF0617", "VCF0310", "VCF0743", "VCF0717", "VCF0718", "VCF0721", "VCF0725", "VCF0726", "VCF0745", "VCF0112"]}