{"validation": 0.5973690904466006, "id_test": 0.5957848837209302, "ood_test": 0.43515378609265437, "ood_validation": 0.43557637656947, "train": 0.5931139424496378, "id_test_conf": [0.5899588960360229, 0.6015906412225114], "id_test_balanced": 0.5083574652671814, "id_test_balanced_conf": [0.5061451927712187, 0.5105697377631441], "ood_test_conf": [0.4338089631730756, 0.43649932803882074], "ood_test_balanced": 0.5070914626121521, "ood_test_balanced_conf": [0.5066088177787605, 0.5075741074455437], "features": ["CHCSCNCR", "CHCOCNCR", "EMPLOY1", "STATE", "MEDCOST", "SEX", "MEDCOST", "PRACE1", "SEX", "BMI5CAT", "IYEAR"]}