{"id_test": 0.8256346339726306, "id_test_conf": [0.8229642141284963, 0.82828100476298], "id_test_balanced": 0.5987383127212524, "id_test_balanced_conf": [0.5971326056332328, 0.6003440198092721], "ood_test": 0.7998690617455706, "ood_test_conf": [0.796294096628763, 0.803408378749686], "ood_test_balanced": 0.6245502829551697, "ood_test_balanced_conf": [0.6222336835879833, 0.6268668823223561], "validation": 0.8306942907652588, "validation_conf": [0.8280544317957981, 0.8333097257926931], "validation_balanced": 0.6039026379585266, "validation_balanced_conf": [0.6022801993251778, 0.6055250765918754], "features": ["ENG", "FER", "WIF", "WKW", "MIL", "DREM", "AGEP", "SEX", "ST", "MAR", "CIT", "RAC1P", "SCHL", "DIVISION"]}