{"validation": 0.8014302439641806, "id_test": 0.8007227116241393, "ood_test": 0.7904256300140955, "ood_validation": 0.7903971547125074, "train": 0.8005494718472806, "id_test_conf": [0.7987444856844547, 0.802689897796595], "id_test_balanced": 0.7750012874603271, "id_test_balanced_conf": [0.7735670549818314, 0.7764355199388229], "ood_test_conf": [0.7875126590346652, 0.7933163881491909], "ood_test_balanced": 0.7698209881782532, "ood_test_balanced_conf": [0.7677653377596289, 0.7718766385968775], "features": ["COW", "HINS1", "HINS2", "NWLK", "POBP", "RELP", "WKHP", "WKW", "AGEP", "SEX", "ST", "MAR", "CIT", "SCHL", "DIVISION"]}