{"validation": 0.794424579944942, "id_test": 0.7956979040097205, "ood_test": 0.7637233075575345, "ood_validation": 0.7630112625963248, "train": 0.794900496233357, "id_test_conf": [0.7937013611282732, 0.7976835918020988], "id_test_balanced": 0.7192153930664062, "id_test_balanced_conf": [0.7178365952405147, 0.7205941908922978], "ood_test_conf": [0.7606848163495846, 0.7667416307516958], "ood_test_balanced": 0.7195935249328613, "ood_test_balanced_conf": [0.7176130247721448, 0.7215740250935778], "features": ["COW", "HINS1", "HINS2", "NWLK", "POBP", "RELP", "WKHP", "WKW", "AGEP", "SEX", "ST", "MAR", "CIT", "SCHL", "DIVISION"]}