{"validation": 0.8014808720691073, "id_test": 0.8008176387201296, "ood_test": 0.7930207743278312, "ood_validation": 0.7932424422050978, "train": 0.8015723153522244, "id_test_conf": [0.7988397634745488, 0.8027844707094349], "id_test_balanced": 0.7747693657875061, "id_test_balanced_conf": [0.7733351513347588, 0.7762035802402534], "ood_test_conf": [0.7901209659246701, 0.7958981710905872], "ood_test_balanced": 0.7762119770050049, "ood_test_balanced_conf": [0.7741568155633286, 0.7782671384466812], "features": ["COW", "HINS1", "HINS2", "NWLK", "POBP", "RELP", "WKHP", "WKW", "AGEP", "SEX", "ST", "MAR", "CIT", "SCHL", "DIVISION"]}