{"validation": 0.7745593772743093, "id_test": 0.7739152997164844, "ood_test": 0.760153337460974, "ood_validation": 0.7574392412566686, "train": 0.774776663346842, "id_test_conf": [0.7718446872989594, 0.7759758574498544], "id_test_balanced": 0.7147270441055298, "id_test_balanced_conf": [0.7132618294726126, 0.7161922587384469], "ood_test_conf": [0.7570993642298894, 0.7631874159830672], "ood_test_balanced": 0.7248082160949707, "ood_test_balanced_conf": [0.7227374790376052, 0.7268789531523362], "features": ["COW", "FER", "HINS2", "HINS3", "OCCP", "WKHP", "WKW", "WRK", "AGEP", "CIT", "RAC1P", "ACS_YEAR", "DIVISION"]}