{"validation": 0.8175686321586398, "id_test": 0.8186077744348491, "ood_test": 0.440713536201469, "ood_validation": 0.5471698113207547, "train": 0.8176627154838909, "id_test_conf": [0.8171396106840747, 0.8200690077318489], "id_test_balanced": 0.7042950391769409, "id_test_balanced_conf": [0.7033551224623806, 0.7052349558915012], "ood_test_conf": [0.4182684416860449, 0.46334134265201565], "ood_test_balanced": 0.5029119253158569, "ood_test_balanced_conf": [0.49973540876060724, 0.5060884418711066], "features": ["Average_confidence(BORED)", "skill_id", "problem_type", "bottom_hint", "ms_first_response", "tutor_mode", "type", "overlap_time", "school_id"]}