{"validation": 0.8178424855382908, "id_test": 0.8188328594044252, "ood_test": 0.44176285414480587, "ood_validation": 0.5424528301886793, "train": 0.8179965918352227, "id_test_conf": [0.8173654000976136, 0.8202933833556585], "id_test_balanced": 0.7038171887397766, "id_test_balanced_conf": [0.7028805809479672, 0.704753796531586], "ood_test_conf": [0.4193105747992078, 0.4643946109053047], "ood_test_balanced": 0.5046554803848267, "ood_test_balanced_conf": [0.502499567787163, 0.5068113929824903], "features": ["Average_confidence(BORED)", "skill_id", "problem_type", "bottom_hint", "ms_first_response", "tutor_mode", "type", "overlap_time", "school_id"]}