{"validation": 0.8444100147805796, "id_test": 0.8459105812444198, "ood_test": 0.4422875131164743, "ood_validation": 0.5424528301886793, "train": 0.844476456559029, "id_test_conf": [0.8445343977933718, 0.8472792394832219], "id_test_balanced": 0.7476643919944763, "id_test_balanced_conf": [0.7467138573154807, 0.748614926673472], "ood_test_conf": [0.4198316791579562, 0.4649212072436826], "ood_test_balanced": 0.5051210522651672, "ood_test_balanced_conf": [0.5028609747998416, 0.5073811297304929], "features": ["Average_confidence(BORED)", "skill_id", "problem_type", "bottom_hint", "ms_first_response", "tutor_mode", "type", "overlap_time", "school_id"]}