{"id_test": 0.9661946518761814, "id_test_conf": [0.965301339040535, 0.967071163315731], "id_test_balanced": 0.500540018081665, "id_test_balanced_conf": [0.5004584696741949, 0.5006215664891351], "ood_test": 0.94846923495364, "ood_test_conf": [0.9473869660477888, 0.9495355770238685], "ood_test_balanced": 0.5003830790519714, "ood_test_balanced_conf": [0.5003106250695418, 0.500455533034401], "validation": 0.9665786668649761, "validation_conf": [0.9656901924098802, 0.9674503255499525], "validation_balanced": 0.5003517866134644, "validation_balanced_conf": [0.5002836573061359, 0.5004199159207928], "features": ["ENG", "WKHP", "WKW", "MIG", "ANC", "DEYE", "DREM", "SEX", "ST", "MAR", "CIT", "RAC1P", "SCHL"]}