{"validation": 0.818942602413929, "id_test": 0.8154474233097624, "ood_test": 0.7882482916649617, "ood_validation": 0.7924875713496594, "train": 0.8159845982149955, "id_test_conf": [0.812717894520194, 0.8181536570174728], "id_test_balanced": 0.5247668027877808, "id_test_balanced_conf": [0.523935399367474, 0.5255982062080875], "ood_test_conf": [0.7845990973027489, 0.791863222073667], "ood_test_balanced": 0.5354769229888916, "ood_test_balanced_conf": [0.5341444074129685, 0.5368094385648147], "features": ["ENG", "FER", "WIF", "NWLK", "WKW", "WRK", "DIS", "DEAR", "AGEP", "ST", "CIT", "SCHL", "ACS_YEAR", "DIVISION"]}