{"validation": 0.7897541372654495, "id_test": 0.7911857027136493, "ood_test": 0.7765804692337079, "ood_validation": 0.7748666271487848, "train": 0.7909032586227764, "id_test_conf": [0.7891731165566912, 0.79318759960575], "id_test_balanced": 0.7262808084487915, "id_test_balanced_conf": [0.7248603269923478, 0.7277012899052352], "ood_test_conf": [0.7736002206593173, 0.7795395653473973], "ood_test_balanced": 0.7428607940673828, "ood_test_balanced_conf": [0.7408254714449868, 0.7448961166897788], "features": ["HINS2", "HINS3", "OCCP", "POBP", "RELP", "WKHP", "WKW", "WRK", "AGEP", "SEX", "MAR", "CIT", "DIVISION"]}