{"id_test": 0.8021213041717294, "id_test_conf": [0.8001482628044091, 0.8040832543659023], "id_test_balanced": 0.754356324672699, "id_test_balanced_conf": [0.7529292532079853, 0.7557833961374126], "ood_test": 0.7878436590217491, "ood_test_conf": [0.7849177685748384, 0.7907475343990957], "ood_test_balanced": 0.7647368907928467, "ood_test_balanced_conf": [0.7626806779252365, 0.7667931036604568], "validation": 0.8028225168496662, "validation_conf": [0.8008520829414675, 0.8047818337403757], "validation_balanced": 0.7560635209083557, "validation_balanced_conf": [0.7546392338513397, 0.7574878079653717], "features": ["COW", "FER", "HINS3", "NWLK", "OCCP", "POBP", "WKW", "WRK", "AGEP", "MAR", "RAC1P", "SCHL", "DIVISION"]}