{"validation": 0.7968467849572113, "id_test": 0.7955856952186543, "ood_test": 0.7020968908170644, "ood_validation": 0.7006507592190889, "train": 0.7959734581668029, "id_test_conf": [0.7938281744315074, 0.7973348044947887], "id_test_balanced": 0.6851902008056641, "id_test_balanced_conf": [0.6841412601433694, 0.6862391414679587], "ood_test_conf": [0.6879216178559269, 0.7159870752755686], "ood_test_balanced": 0.6094765067100525, "ood_test_balanced_conf": [0.60317362123169, 0.6157793921884149], "features": ["bottom_hint", "tutor_mode", "position", "overlap_time", "school_id"]}