{"validation": 0.8175423722455227, "id_test": 0.8186040230186895, "ood_test": 0.44176285414480587, "ood_validation": 0.5424528301886793, "train": 0.8178756085506109, "id_test_conf": [0.8171358475343025, 0.8200652681309984], "id_test_balanced": 0.7035108804702759, "id_test_balanced_conf": [0.702574242388364, 0.7044475185521878], "ood_test_conf": [0.4193105747992078, 0.4643946109053047], "ood_test_balanced": 0.504520058631897, "ood_test_balanced_conf": [0.5021299012051895, 0.5069102160586044], "features": ["Average_confidence(BORED)", "Average_confidence(CONCENTRATING)", "skill_id", "bottom_hint", "ms_first_response", "position", "overlap_time", "school_id"]}