{"validation": 0.8175911406555975, "id_test": 0.8185740116894128, "ood_test": 0.4428121720881427, "ood_validation": 0.5424528301886793, "train": 0.8178512243227046, "id_test_conf": [0.8171057423445502, 0.8200353513157742], "id_test_balanced": 0.7040702104568481, "id_test_balanced_conf": [0.7031310407270212, 0.7050093801866751], "ood_test_conf": [0.4203528087056424, 0.46544777840227086], "ood_test_balanced": 0.505586564540863, "ood_test_balanced_conf": [0.5032271013129502, 0.5079460277687758], "features": ["Average_confidence(BORED)", "Average_confidence(CONCENTRATING)", "skill_id", "bottom_hint", "ms_first_response", "position", "overlap_time", "school_id"]}