{"validation": 0.8378450365012793, "id_test": 0.8390154783430745, "ood_test": 0.4422875131164743, "ood_validation": 0.5424528301886793, "train": 0.8379977547753228, "id_test_conf": [0.8376147626458919, 0.8404088190650423], "id_test_balanced": 0.736187756061554, "id_test_balanced_conf": [0.7352390649716836, 0.7371364471514243], "ood_test_conf": [0.4198316791579562, 0.4649212072436826], "ood_test_balanced": 0.5051210522651672, "ood_test_balanced_conf": [0.5028609747998416, 0.5073811297304929], "features": ["Average_confidence(BORED)", "Average_confidence(CONCENTRATING)", "skill_id", "bottom_hint", "ms_first_response", "position", "overlap_time", "school_id"]}