{"validation": 0.8173660556860215, "id_test": 0.8183451753036771, "ood_test": 0.44176285414480587, "ood_validation": 0.5424528301886793, "train": 0.8174502913446308, "id_test_conf": [0.8168761907635539, 0.8198072351087757], "id_test_balanced": 0.7020937204360962, "id_test_balanced_conf": [0.7011616392747965, 0.7030258015973959], "ood_test_conf": [0.4193105747992078, 0.4643946109053047], "ood_test_balanced": 0.5046554803848267, "ood_test_balanced_conf": [0.502499567787163, 0.5068113929824903], "features": ["Average_confidence(BORED)", "Average_confidence(CONCENTRATING)", "skill_id", "bottom_hint", "ms_first_response", "position", "overlap_time", "school_id"]}