{"id_test": 0.882554414291395, "id_test_conf": [0.8813261988666936, 0.8837743054960061], "id_test_balanced": 0.809694766998291, "id_test_balanced_conf": [0.808767635844415, 0.810621898152167], "ood_test": 0.5776495278069255, "ood_test_conf": [0.5551072472150622, 0.5999524856168178], "ood_test_balanced": 0.6248265504837036, "ood_test_balanced_conf": [0.6149724141322076, 0.6346806868351996], "validation": 0.8815190234313454, "validation_conf": [0.8802861641482247, 0.8827435810879671], "validation_balanced": 0.8092793226242065, "validation_balanced_conf": [0.808351786575513, 0.8102068586729001], "features": ["Average_confidence(BORED)", "Average_confidence(CONCENTRATING)", "skill_id", "bottom_hint", "ms_first_response", "position", "overlap_time", "school_id"]}