{"validation": 0.781589157735617, "id_test": 0.7806211085861712, "ood_test": 0.3796084252277543, "ood_validation": 0.3759518464721158, "train": 0.780603751788768, "id_test_conf": [0.7794723389197585, 0.7817666307731383], "id_test_balanced": 0.5239618420600891, "id_test_balanced_conf": [0.5236030223959824, 0.5243206617241958], "ood_test_conf": [0.3785565100750015, 0.38066119312039487], "ood_test_balanced": 0.5097394585609436, "ood_test_balanced_conf": [0.5095125450775959, 0.5099663720442913], "features": ["ESP", "MIG", "ANC", "DREM", "ESR", "AGEP", "SEX", "ST", "CIT", "DIS"]}