{"validation": 0.7338100813213936, "id_test": 0.7347483799108951, "ood_test": 0.723781797104504, "ood_validation": 0.7160640189685833, "train": 0.7340037322317527, "id_test_conf": [0.7325642352668014, 0.7369239084993582], "id_test_balanced": 0.6623657941818237, "id_test_balanced_conf": [0.6608749734028243, 0.6638566149608232], "ood_test_conf": [0.7205859770820577, 0.7269605060657346], "ood_test_balanced": 0.7084075212478638, "ood_test_balanced_conf": [0.706152927717194, 0.7106621147785336], "features": ["ENG", "HINS1", "HINS3", "HINS4", "NWLK", "POBP", "WKHP", "WKW", "WRK", "DIVISION"]}