{"id_test": 0.9663681715365786, "id_test_conf": [0.9654770424115804, 0.9672424928186918], "id_test_balanced": 0.5208737850189209, "id_test_balanced_conf": [0.5203707919106819, 0.5213767781271599], "ood_test": 0.9487626137606885, "ood_test_conf": [0.947683228065219, 0.9498260620395194], "ood_test_balanced": 0.5169761776924133, "ood_test_balanced_conf": [0.5165166784904431, 0.5174356768943835], "validation": 0.9668017649537691, "validation_conf": [0.9659161172341033, 0.9676705886093994], "validation_balanced": 0.5198081135749817, "validation_balanced_conf": [0.5193181530828588, 0.5202980740671046], "features": ["WKW", "WRK", "DIS", "NATIVITY", "DEYE", "DREM", "AGEP", "CIT", "RAC1P", "DIVISION", "SCHL"]}