{"validation": 0.7950827453089897, "id_test": 0.7946094066423653, "ood_test": 0.7885813650195623, "ood_validation": 0.7807943094250148, "train": 0.7948728090541822, "id_test_conf": [0.7926089588841578, 0.7965990393151561], "id_test_balanced": 0.7738626003265381, "id_test_balanced_conf": [0.772418127739802, 0.7753070729132742], "ood_test_conf": [0.7856591480445692, 0.7914815104191293], "ood_test_balanced": 0.7766315340995789, "ood_test_balanced_conf": [0.7745572327356786, 0.7787058354634792], "features": ["ENG", "FER", "HINS1", "HINS2", "HINS4", "NWLA", "NWLK", "OCCP", "POBP", "WKW", "AGEP", "ST", "MAR", "RAC1P", "SCHL", "DIVISION"]}