{"validation": 0.7804948670177183, "id_test": 0.7797444796338526, "ood_test": 0.376831724085651, "ood_validation": 0.373343897178573, "train": 0.7795616298437765, "id_test_conf": [0.7785940723740907, 0.7808916495642807], "id_test_balanced": 0.5211808085441589, "id_test_balanced_conf": [0.5208389005402568, 0.521522716548061], "ood_test_conf": [0.37578132995633085, 0.3778829906233539], "ood_test_balanced": 0.5075862407684326, "ood_test_balanced_conf": [0.5073707542405463, 0.5078017272963189], "features": ["ESP", "MIG", "ANC", "DEAR", "DEYE", "DREM", "AGEP", "CIT", "RAC1P", "DIVISION", "ACS_YEAR", "DIS"]}