{"validation": 0.7826894390961319, "id_test": 0.7815915907520637, "ood_test": 0.3991957225842028, "ood_validation": 0.3964082926185131, "train": 0.7819489003304587, "id_test_conf": [0.7804446427606099, 0.7827352800271961], "id_test_balanced": 0.5482012629508972, "id_test_balanced_conf": [0.547686130242655, 0.5487163956591394], "ood_test_conf": [0.39813410776535413, 0.4002580514000844], "ood_test_balanced": 0.5209913849830627, "ood_test_balanced_conf": [0.5206492274138145, 0.521333542552311], "features": ["ESP", "MIG", "ANC", "DEAR", "DEYE", "DREM", "AGEP", "CIT", "RAC1P", "DIVISION", "ACS_YEAR", "DIS"]}