{"validation": 0.7851722937695789, "id_test": 0.7850280984204131, "ood_test": 0.7866712334180817, "ood_validation": 0.7796087729697688, "train": 0.7854188239593773, "id_test_conf": [0.7829942200320952, 0.7870515138169364], "id_test_balanced": 0.7538614273071289, "id_test_balanced_conf": [0.7523905080952682, 0.7553323465189896], "ood_test_conf": [0.7837395338921409, 0.7895810076764391], "ood_test_balanced": 0.7792527675628662, "ood_test_balanced_conf": [0.7771745028160513, 0.7813310323096812], "features": ["HINS3", "NWLA", "OCCP", "POBP", "RELP", "WKHP", "CIT", "SCHL", "DIVISION"]}