{"validation": 0.7921020156314273, "id_test": 0.793109558525719, "ood_test": 0.7851563014582866, "ood_validation": 0.7815056312981624, "train": 0.7922899907683034, "id_test_conf": [0.7911037664716312, 0.7951045906144703], "id_test_balanced": 0.7550023794174194, "id_test_balanced_conf": [0.753549439292401, 0.7564553195424378], "ood_test_conf": [0.782217148442033, 0.7880736452396849], "ood_test_balanced": 0.7671109437942505, "ood_test_balanced_conf": [0.765031852372922, 0.7691900352155789], "features": ["HINS3", "NWLA", "OCCP", "POBP", "RELP", "WKHP", "CIT", "SCHL", "DIVISION"]}