{"validation": 0.7402271936208588, "id_test": 0.7405199473471041, "ood_test": 0.6958016624731593, "ood_validation": 0.6973325429756965, "train": 0.7397104553908125, "id_test_conf": [0.7383510687366381, 0.7426799979452676], "id_test_balanced": 0.6631228923797607, "id_test_balanced_conf": [0.6616571308136918, 0.6645886539458297], "ood_test_conf": [0.6925148574095503, 0.6990734970764811], "ood_test_balanced": 0.6395255327224731, "ood_test_balanced_conf": [0.6375484334956855, 0.6415026319492608], "features": ["COW", "FER", "NWLA", "RELP", "WKHP", "WRK", "ST", "MAR", "RAC1P", "ACS_YEAR", "DIVISION"]}