{"validation": 0.7415625098883017, "id_test": 0.7417856419603078, "ood_test": 0.7183148687278523, "ood_validation": 0.7224659158269117, "train": 0.7406470731091832, "id_test_conf": [0.7396201759751102, 0.7439422334499606], "id_test_balanced": 0.681259036064148, "id_test_balanced_conf": [0.6797448412515223, 0.6827732308767736], "ood_test_conf": [0.7151000899544319, 0.7215129547320857], "ood_test_balanced": 0.6800016164779663, "ood_test_balanced_conf": [0.6778535783942788, 0.6821496545616538], "features": ["COW", "FER", "NWLA", "RELP", "WKHP", "WRK", "ST", "MAR", "RAC1P", "ACS_YEAR", "DIVISION"]}