{"validation": 0.749637692624118, "id_test": 0.7500885986229242, "ood_test": 0.720172307043775, "ood_validation": 0.7222288085358625, "train": 0.7496177191618221, "id_test_conf": [0.747946108868782, 0.7522219089370911], "id_test_balanced": 0.7022705078125, "id_test_balanced_conf": [0.7007456596684642, 0.7037953559565358], "ood_test_conf": [0.7169639036549487, 0.7233638755477756], "ood_test_balanced": 0.6764390468597412, "ood_test_balanced_conf": [0.6743471585260704, 0.678530935193412], "features": ["COW", "FER", "NWLA", "RELP", "WKHP", "WRK", "ST", "MAR", "RAC1P", "ACS_YEAR", "DIVISION"]}