{"validation": 0.7656850350759773, "id_test": 0.7653580392278375, "ood_test": 0.5799182206575353, "ood_validation": 0.5804180418041804, "15": 0.7032963524622875, "16": 0.6890100401266445, "17": 0.7031939974552803, "18": 0.711627558089254, "19": 0.7990195311889162, "20": 0.8288793856120084, "21": 0.8642833776495358, "22": 0.8794654054247734, "23": 0.9028587288370802, "id_test_conf": [0.7632825265667533, 0.7674240139238455], "id_test_balanced": 0.8725605010986328, "id_test_balanced_conf": [0.871480557860341, 0.8736404443369247], "ood_test_conf": [0.5775221461718513, 0.5823114628425994], "ood_test_balanced": 0.7707532644271851, "ood_test_balanced_conf": [0.7695110990363173, 0.7719954298180528], "features": ["SCHL", "WRK", "RELP"]}