{"validation": 0.9402902754021962, "id_test": 0.939906423326, "ood_test": 0.8614335221959404, "ood_validation": 0.8612211221122112, "15": 0.9101668129938543, "16": 0.9102653099233022, "17": 0.925725993563356, "18": 0.9210974522798874, "19": 0.9517662512314501, "20": 0.9663565737529232, "21": 0.9771848446975734, "22": 0.9786090508438138, "23": 0.9814043852345268, "id_test_conf": [0.9387358218934321, 0.9410611883455187], "id_test_balanced": 0.6575508713722229, "id_test_balanced_conf": [0.6562904405361042, 0.6588113022083416], "ood_test_conf": [0.8597499604868264, 0.8631042654268859], "ood_test_balanced": 0.621579647064209, "ood_test_balanced_conf": [0.6201932816184126, 0.6229660125100054], "features": ["SCHL", "WRK", "RELP"]}