{"validation": 0.8761061946902655, "id_test": 0.8746940166702817, "ood_test": 0.74443038670994, "ood_validation": 0.74004400440044, "15": 0.8332668209753372, "16": 0.8157221949443815, "17": 0.8564385150812065, "18": 0.8486458342525834, "19": 0.8879966848582465, "20": 0.9151210526495995, "21": 0.9341631786879608, "22": 0.9386577806442367, "23": 0.9525395503746877, "id_test_conf": [0.873068868607177, 0.8763056893500069], "id_test_balanced": 0.8015788197517395, "id_test_balanced_conf": [0.8002297299564816, 0.8029279095469974], "ood_test_conf": [0.7423094810856865, 0.7465426277978362], "ood_test_balanced": 0.728942334651947, "ood_test_balanced_conf": [0.7274204407911747, 0.7304642285127193], "features": ["SCHL", "WRK", "RELP"]}