{"validation": 0.7985743849160727, "id_test": 0.7933333333333333, "ood_test": 0.7293109132871745, "ood_validation": 0.7422636710470538, "train": 0.7937119209104495, "id_test_conf": [0.7809905102150667, 0.805281021421679], "id_test_balanced": 0.675987958908081, "id_test_balanced_conf": [0.6682426215521992, 0.683733296263963], "ood_test_conf": [0.723279630787667, 0.7352793523509162], "ood_test_balanced": 0.6731809973716736, "ood_test_balanced_conf": [0.669728700784035, 0.6766332939593122], "features": ["VCF0218", "VCF0224", "VCF0302", "VCF9010", "VCF9204", "VCF9205", "VCF9206", "VCF0428", "VCF0875", "VCF0822", "VCF0870", "VCF0843", "VCF0838", "VCF0846", "VCF0606", "VCF0616", "VCF0617", "VCF0718", "VCF0720", "VCF0721", "VCF0701", "VCF0675", "VCF0724", "VCF0725", "VCF0105a", "VCF0115", "VCF0112"]}