{"validation": 0.8022533915842722, "id_test": 0.7986206896551724, "ood_test": 0.7513541519476238, "ood_validation": 0.7592200084781687, "train": 0.795982296815726, "id_test_conf": [0.7863896104439219, 0.8104494632729222], "id_test_balanced": 0.7044079303741455, "id_test_balanced_conf": [0.6961454457044601, 0.7126704150438309], "ood_test_conf": [0.7454824182403648, 0.7571569912168209], "ood_test_balanced": 0.7074271440505981, "ood_test_balanced_conf": [0.7037077227560803, 0.711146565345116], "features": ["VCF0218", "VCF0224", "VCF0302", "VCF9010", "VCF9204", "VCF9205", "VCF9206", "VCF0428", "VCF0875", "VCF0822", "VCF0870", "VCF0843", "VCF0838", "VCF0846", "VCF0606", "VCF0616", "VCF0617", "VCF0718", "VCF0720", "VCF0721", "VCF0701", "VCF0675", "VCF0724", "VCF0725", "VCF0105a", "VCF0115", "VCF0112"]}