{"id_test": 0.8064367816091954, "id_test_conf": [0.7943768084374863, 0.8180838416831717], "id_test_balanced": 0.7220702171325684, "id_test_balanced_conf": [0.7137256381846965, 0.7304147960804402], "ood_test": 0.7522019688191796, "ood_test_conf": [0.7463367647418773, 0.7579980456565011], "ood_test_balanced": 0.7111484408378601, "ood_test_balanced_conf": [0.7073652996635065, 0.7149315820122137], "validation": 0.8029432053345597, "validation_conf": [0.7908044321466241, 0.8146737134281992], "validation_balanced": 0.7168962955474854, "validation_balanced_conf": [0.7085672461241483, 0.7252253449708224], "features": ["VCF0218", "VCF0224", "VCF0302", "VCF9010", "VCF9204", "VCF9205", "VCF9206", "VCF0428", "VCF0875", "VCF0822", "VCF0870", "VCF0843", "VCF0838", "VCF0846", "VCF0606", "VCF0616", "VCF0617", "VCF0718", "VCF0720", "VCF0721", "VCF0701", "VCF0675", "VCF0724", "VCF0725", "VCF0105a", "VCF0115", "VCF0112"]}