{"validation": 0.8734164611448967, "id_test": 0.8737084778995581, "ood_test": 0.827176648652421, "ood_validation": 0.8272748684933657, "train": 0.8736044744896836, "id_test_conf": [0.8718945386449416, 0.8755058019966591], "id_test_balanced": 0.5022318959236145, "id_test_balanced_conf": [0.5020364254491869, 0.5024273663980421], "ood_test_conf": [0.8256226535739798, 0.8287223675321108], "ood_test_balanced": 0.5017769932746887, "ood_test_balanced_conf": [0.5016375075091491, 0.5019164790402283], "features": ["HIGH_BLOOD_PRESS", "TOLDHI", "BMI5CAT", "SMOKDAY2", "MICHD", "TOTINDA", "INCOME", "MARITAL", "CHECKUP1", "HEALTH_COV", "MENTHLTH", "IYEAR", "STATE", "MEDCOST", "STATE", "MEDCOST", "SEX", "PRACE1"]}