{"validation": 0.8209775268037697, "id_test": 0.8147860812941955, "ood_test": 0.7815377061254553, "ood_validation": 0.7759160375621432, "train": 0.817434477232766, "id_test_conf": [0.8120528248042509, 0.8174960916403213], "id_test_balanced": 0.6701709628105164, "id_test_balanced_conf": [0.6681552725099027, 0.67218665311113], "ood_test_conf": [0.7778476638241395, 0.7851942835607717], "ood_test_balanced": 0.6724749803543091, "ood_test_balanced_conf": [0.6697979972185567, 0.6751519634900615], "features": ["FER", "WIF", "NWLA", "WRK", "ANC", "NATIVITY", "DREM", "PUBCOV", "AGEP", "SEX", "SCHL", "ACS_YEAR", "DIVISION"]}