{"validation": 0.7840894617520442, "id_test": 0.782994115699111, "ood_test": 0.7545219638242894, "ood_validation": 0.6666666666666666, "train": 0.7837830953176991, "id_test_conf": [0.7788829248153976, 0.7870634067247628], "id_test_balanced": 0.6617001891136169, "id_test_balanced_conf": [0.6593851668853312, 0.6640152113419027], "ood_test_conf": [0.7226210162669486, 0.7844698770416416], "ood_test_balanced": 0.6545454263687134, "ood_test_balanced_conf": [0.638267122283578, 0.6708237304538488], "features": ["Average_confidence(BORED)", "Average_confidence(CONFUSED)", "hint_count", "problem_type", "ms_first_response", "position", "type", "school_id"]}