{"validation": 0.8145298927579795, "id_test": 0.8149884097103701, "ood_test": 0.7751937984496124, "ood_validation": 0.6896551724137931, "train": 0.8158125169158268, "id_test_conf": [0.8111112458004607, 0.8188189249070577], "id_test_balanced": 0.7115929126739502, "id_test_balanced_conf": [0.7091481130430475, 0.7140377123048529], "ood_test_conf": [0.7441193259346819, 0.8041548668063164], "ood_test_balanced": 0.6836363673210144, "ood_test_balanced_conf": [0.6666555646806955, 0.7006171699613333], "features": ["Average_confidence(BORED)", "Average_confidence(CONFUSED)", "hint_count", "problem_type", "ms_first_response", "position", "type", "school_id"]}