{"validation": 0.924799403562386, "id_test": 0.925139235927852, "ood_test": 0.45120671563483733, "ood_validation": 0.5518867924528302, "train": 0.9244885559152569, "id_test_conf": [0.9241419133454156, 0.9261274531647664], "id_test_balanced": 0.8792810440063477, "id_test_balanced_conf": [0.878471653618617, 0.8800904343940783], "ood_test_conf": [0.4286942998756706, 0.4738694997049344], "ood_test_balanced": 0.5130353569984436, "ood_test_balanced_conf": [0.5094584700884297, 0.5166122439084575], "features": ["Average_confidence(BORED)", "Average_confidence(CONCENTRATING)", "Average_confidence(FRUSTRATED)", "attempt_count", "skill_id", "ms_first_response", "tutor_mode", "position", "overlap_time", "first_action", "school_id"]}