{"id_test": 0.9358721207043548, "id_test_conf": [0.9349431582687991, 0.9367917462196619], "id_test_balanced": 0.8966020345687866, "id_test_balanced_conf": [0.8958366514218505, 0.8973674177157227], "ood_test": 0.583420776495278, "ood_test_conf": [0.560911827534833, 0.6056726076827481], "ood_test_balanced": 0.6303538084030151, "ood_test_balanced_conf": [0.6204989674501121, 0.6402086493559181], "validation": 0.9357463959076112, "validation_conf": [0.9348165913398041, 0.9366668662363409], "validation_balanced": 0.8963867425918579, "validation_balanced_conf": [0.8956207582633943, 0.8971527269203216], "features": ["Average_confidence(BORED)", "Average_confidence(CONCENTRATING)", "Average_confidence(FRUSTRATED)", "attempt_count", "skill_id", "ms_first_response", "tutor_mode", "position", "overlap_time", "first_action", "school_id"]}