{"validation": 0.6883523716102902, "id_test": 0.6903731267719725, "ood_test": 0.6635928916757782, "ood_validation": 0.6601066982809721, "train": 0.6897817696537442, "id_test_conf": [0.6880868841938215, 0.6926523826221385], "id_test_balanced": 0.6023088693618774, "id_test_balanced_conf": [0.6008331983117386, 0.6037845404120162], "ood_test_conf": [0.6602190193636168, 0.6669542569957889], "ood_test_balanced": 0.6268793940544128, "ood_test_balanced_conf": [0.6246211878443136, 0.629137600264512], "features": ["ENG", "FER", "HINS1", "HINS3", "NWLK", "POBP", "AGEP", "RAC1P", "DIVISION"]}