{"validation": 0.8747185245324061, "id_test": 0.8745509830503282, "ood_test": 0.8290216912454256, "ood_validation": 0.8287273298264898, "train": 0.8748634512814277, "id_test_conf": [0.8727421793388904, 0.8763431340122182], "id_test_balanced": 0.5183919072151184, "id_test_balanced_conf": [0.5178198305971455, 0.5189639838330913], "ood_test_conf": [0.8274742404339368, 0.8305608191202027], "ood_test_balanced": 0.5159546732902527, "ood_test_balanced_conf": [0.5155403563968138, 0.5163689901836915], "features": ["HIGH_BLOOD_PRESS", "BMI5CAT", "SMOKDAY2", "MICHD", "FRUIT_ONCE_PER_DAY", "VEG_ONCE_PER_DAY", "DRNK_PER_WEEK", "RFBING5", "TOTINDA", "INCOME", "CHECKUP1", "EDUCA", "HEALTH_COV", "MENTHLTH", "IYEAR", "STATE", "MEDCOST", "SEX", "IYEAR", "PRACE1", "SEX", "PRACE1"]}