{"validation": 0.7114093959731543, "id_test": 0.7449664429530202, "ood_test": 0.4680941148007016, "ood_validation": 0.46706586826347307, "train": 0.6946308724832215, "id_test_conf": [0.6915107411919637, 0.7934781826306941], "id_test_balanced": 0.5043267011642456, "id_test_balanced_conf": [0.4968234121892601, 0.5118299901392311], "ood_test_conf": [0.46270374107497647, 0.47349009461417674], "ood_test_balanced": 0.49413418769836426, "ood_test_balanced_conf": [0.4924496376980096, 0.4958187376987189], "features": ["MARITAL_STATUS", "FAMILY_SIZE_AVG", "ORIGIN", "HOUSEHOLD_INC", "UNEMPLOYMENT_COMP", "SEVERANCE_PAY_PENSION", "CHILD_SUPPORT_AMT", "INCOME_FROM_ASSISTANCE", "INCOME", "SAVINGS_INV_AMOUNT", "VA_BENEFITS_AMOUNT", "SURVIVOR_INCOME_AMOUNT", "DISABILITY_BENEFITS_AMOUNT", "FOOD_ASSISTANCE", "RACE", "AGE", "LIVING_OWNERSHIP", "WIC_ASSISTANCE", "MEDICARE_ASSISTANCE", "MEDICAID_ASSISTANCE", "DAYS_SICK", "TRANSPORTATION_ASSISTANCE", "VISIT_DOCTOR_NUM", "HEALTH_HEARING", "HEALTH_COGNITIVE", "HEALTH_SUPPLEMENTAL_DISABILITY", "HEALTH_INSURANCE_PREMIUMS", "CITIZENSHIP_STATUS"]}