{"validation": 0.8180777595482468, "id_test": 0.8145190008648319, "ood_test": 0.7852817218380458, "ood_validation": 0.7900939053581293, "train": 0.8152342222321142, "id_test_conf": [0.8117842426557198, 0.8172305326932718], "id_test_balanced": 0.522564172744751, "id_test_balanced_conf": [0.5217602308676578, 0.5233681146218442], "ood_test_conf": [0.7816142921756085, 0.7889152408204647], "ood_test_balanced": 0.5231176614761353, "ood_test_balanced_conf": [0.5220228949119337, 0.5242124280403369], "features": ["WIF", "NWLA", "OCCP", "POBP", "WKHP", "WRK", "MIL", "NATIVITY", "DEYE", "AGEP", "SEX", "ST", "CIT", "SCHL", "DIVISION"]}