{"validation": 0.92219447905446, "id_test": 0.9220422501418872, "ood_test": 0.9097660305038728, "ood_validation": 0.9281609195402298, "train": 0.9219147927089751, "id_test_conf": [0.921363458418866, 0.922716992908361], "id_test_balanced": 0.8805094957351685, "id_test_balanced_conf": [0.879971036396455, 0.8810479550738819], "ood_test_conf": [0.9046122251485925, 0.9147284569395455], "ood_test_balanced": 0.883345365524292, "ood_test_balanced_conf": [0.8796390537405386, 0.8870516773080453], "features": ["Average_confidence(CONCENTRATING)", "Average_confidence(CONFUSED)", "Average_confidence(FRUSTRATED)", "attempt_count", "hint_count", "problem_type", "bottom_hint", "ms_first_response", "overlap_time", "first_action", "school_id"]}