{"id_test": 0.9259141594399299, "id_test_conf": [0.9252509665033346, 0.9265732661174221], "id_test_balanced": 0.8861284255981445, "id_test_balanced_conf": [0.8855993614392355, 0.8866574897570536], "ood_test": 0.9100055897149245, "ood_test_conf": [0.9048577313117038, 0.9149619549378666], "ood_test_balanced": 0.8835405111312866, "ood_test_balanced_conf": [0.8798382368870079, 0.8872427853755653], "validation": 0.9262666024657774, "validation_conf": [0.925604854981063, 0.9269242602951272], "validation_balanced": 0.8864156603813171, "validation_balanced_conf": [0.8858870599290821, 0.8869442608335522], "features": ["Average_confidence(CONCENTRATING)", "Average_confidence(CONFUSED)", "Average_confidence(FRUSTRATED)", "attempt_count", "hint_count", "problem_type", "bottom_hint", "ms_first_response", "overlap_time", "first_action", "school_id"]}