{"validation": 0.6322911805879609, "id_test": 0.6370422206671332, "ood_test": 0.6009653115680427, "ood_validation": 0.5942796610169492, "train": 0.627799813345777, "id_test_conf": [0.6224420059587219, 0.6514554727949835], "id_test_balanced": 0.5878124833106995, "id_test_balanced_conf": [0.5794486318714916, 0.5961763347499073], "ood_test_conf": [0.5966984757357178, 0.6052206456692716], "ood_test_balanced": 0.5981411337852478, "ood_test_balanced_conf": [0.5954805549932644, 0.6008017125772313], "features": ["race", "gender", "discharge_disposition_id", "time_in_hospital", "payer_code", "medical_specialty", "num_medications", "number_outpatient", "number_emergency", "number_inpatient", "diag_1", "diag_2", "A1Cresult", "repaglinide", "nateglinide", "chlorpropamide", "glimepiride", "glyburide", "tolbutamide", "pioglitazone", "troglitazone", "tolazamide", "glipizide-metformin", "glimepiride-pioglitazone", "metformin-rosiglitazone", "metformin-pioglitazone", "admission_source_id"]}