{"validation": 0.819466437661433, "id_test": 0.8194333444195694, "ood_test": 0.7610796135111395, "ood_validation": 0.7816091954022989, "train": 0.8199513487676172, "id_test_conf": [0.8184611953584595, 0.8204024304298985], "id_test_balanced": 0.7219981551170349, "id_test_balanced_conf": [0.7213710472011008, 0.722625263032969], "ood_test_conf": [0.7535109752804292, 0.7685267308715203], "ood_test_balanced": 0.6908323764801025, "ood_test_balanced_conf": [0.6865737623814493, 0.6950909905787558], "features": ["Average_confidence(BORED)", "Average_confidence(FRUSTRATED)", "hint_count", "problem_type", "bottom_hint", "ms_first_response", "position", "type", "school_id"]}