{"id_test": 0.8722021732331932, "id_test_conf": [0.8713578311311717, 0.87304294566989], "features": ["Average_confidence(BORED)", "Average_confidence(FRUSTRATED)", "hint_count", "problem_type", "bottom_hint", "ms_first_response", "position", "type", "school_id"], "ood_test": 0.8164976443344246, "ood_test_conf": [0.8096050226664931, 0.8232428456902497], "validation": 0.8718149823033889, "validation_conf": [0.8709695550653107, 0.8726568435955481]}