{"id_test": 0.971722492485979, "id_test_conf": [0.9709020810765394, 0.9725258961842224], "id_test_balanced": 0.5819897651672363, "id_test_balanced_conf": [0.5810864804813173, 0.5828930498531554], "ood_test": 0.9603388525221409, "ood_test_conf": [0.9593819406833285, 0.9612794078291687], "ood_test_balanced": 0.6153698563575745, "ood_test_balanced_conf": [0.6143489393452183, 0.6163907733699306], "validation": 0.9722676681291986, "validation_conf": [0.971454853366734, 0.9730634546039495], "validation_balanced": 0.5849564075469971, "validation_balanced_conf": [0.5840401919535361, 0.5858726231404581], "features": ["RELP", "OCCP", "DIS", "ANC", "NATIVITY", "DEAR", "AGEP", "SEX", "MAR", "SCHL"]}