{"validation": 0.7526627218934911, "id_test": 0.7519554981773997, "ood_test": 0.7220956119666452, "ood_validation": 0.7157083580320095, "train": 0.7519798310765645, "id_test_conf": [0.7498183175355551, 0.7540834308096915], "id_test_balanced": 0.6906765699386597, "id_test_balanced_conf": [0.689179394512903, 0.6921737453644163], "ood_test_conf": [0.7188938815141142, 0.7252803603760655], "ood_test_balanced": 0.6891837120056152, "ood_test_balanced_conf": [0.6870015002973378, 0.6913659237138927], "features": ["COW", "HINS2", "HINS3", "HINS4", "NWLK", "RELP", "WRK", "AGEP", "SEX", "ST", "RAC1P", "SCHL", "DIVISION"]}