{"id_test": 0.7851609963547995, "id_test_conf": [0.7831275703162178, 0.7871839545182291], "id_test_balanced": 0.7331381440162659, "id_test_balanced_conf": [0.7316814180277288, 0.734594870004803], "ood_test": 0.7545151559062586, "ood_test_conf": [0.7514373226402156, 0.7575735260702525], "ood_test_balanced": 0.7216066718101501, "ood_test_balanced_conf": [0.7195030633173883, 0.723710280302912], "validation": 0.7853494921368225, "validation_conf": [0.7833167017686613, 0.7873718076371463], "validation_balanced": 0.7342945337295532, "validation_balanced_conf": [0.7328394208173268, 0.7357496466417797], "features": ["COW", "HINS2", "HINS3", "HINS4", "NWLK", "RELP", "WRK", "AGEP", "SEX", "ST", "RAC1P", "SCHL", "DIVISION"]}