{"validation": 0.7778628611207796, "id_test": 0.7783452308626975, "ood_test": 0.7468746295003359, "ood_validation": 0.7448725548310611, "train": 0.7784028927564802, "id_test_conf": [0.7762890062722252, 0.7803912380118694], "id_test_balanced": 0.7044891715049744, "id_test_balanced_conf": [0.7030699092964642, 0.7059084337134846], "ood_test_conf": [0.7437655912839952, 0.7499647894416442], "ood_test_balanced": 0.706464409828186, "ood_test_balanced_conf": [0.7044016483658925, 0.7085271712904796], "features": ["COW", "HINS2", "HINS3", "HINS4", "NWLK", "RELP", "WRK", "AGEP", "SEX", "ST", "RAC1P", "SCHL", "DIVISION"]}