{"id_test": 0.648989992244913, "id_test_conf": [0.6432710392482323, 0.6546769606475494], "id_test_balanced": 0.6164006590843201, "id_test_balanced_conf": [0.6125529476255178, 0.6202483705431223], "ood_test": 0.5548651652282108, "ood_test_conf": [0.553512063102297, 0.5562176550699411], "ood_test_balanced": 0.5903759002685547, "ood_test_balanced_conf": [0.5895218775002286, 0.5912299230368808], "validation": 0.6515750212341667, "validation_conf": [0.6458654925377949, 0.6572520101545467], "validation_balanced": 0.6188395023345947, "validation_balanced_conf": [0.6149938229937106, 0.6226851816754788], "features": ["AGEG5YR", "FRUIT_ONCE_PER_DAY", "TOTINDA", "SMOKE100", "SMOKDAY2", "CHCSCNCR", "POVERTY", "EMPLOY1", "IYEAR", "STATE", "STATE", "PRACE1", "SEX", "BMI5CAT"]}