{"validation": 0.804552770751897, "id_test": 0.7970114942528735, "ood_test": 0.7535678960011304, "ood_validation": 0.7638830012717253, "train": 0.7948327393953328, "id_test_conf": [0.784746069905515, 0.8088767957708229], "id_test_balanced": 0.7200790643692017, "id_test_balanced_conf": [0.7115222653187812, 0.7286358634196222], "ood_test_conf": [0.7477132750923117, 0.7593530145881697], "ood_test_balanced": 0.7198271751403809, "ood_test_balanced_conf": [0.7159079662617296, 0.7237463840190321], "features": ["VCF0004", "VCF0224", "VCF0302", "VCF9008", "VCF9010", "VCF9011", "VCF9204", "VCF9206", "VCF0521", "VCF0523", "VCF9052", "VCF0809", "VCF0822", "VCF0838", "VCF0803", "VCF0846", "VCF0616", "VCF0617", "VCF0743", "VCF0717", "VCF0718", "VCF0720", "VCF0721", "VCF0675", "VCF0101", "VCF0104", "VCF0140a", "VCF0112"]}