{"validation": 0.8052425845021844, "id_test": 0.7983908045977012, "ood_test": 0.7547925203711554, "ood_validation": 0.7592200084781687, "train": 0.7957811242671572, "id_test_conf": [0.786154800764701, 0.810224814683546], "id_test_balanced": 0.7235256433486938, "id_test_balanced_conf": [0.7149593951553106, 0.7320918915420771], "ood_test_conf": [0.7489474544473445, 0.7605677476801639], "ood_test_balanced": 0.7212448120117188, "ood_test_balanced_conf": [0.7173286223318428, 0.7251610016915947], "features": ["VCF0901b", "VCF9010", "VCF9011", "VCF9201", "VCF9204", "VCF0521", "VCF0429", "VCF9052", "VCF0809", "VCF0843", "VCF9045", "VCF0838", "VCF9239", "VCF0601", "VCF0606", "VCF0612", "VCF0615", "VCF0616", "VCF0617", "VCF0718", "VCF0721", "VCF0701", "VCF0675", "VCF0724", "VCF0745", "VCF0101", "VCF0104", "VCF0112"]}