{"id_test": 0.9879034557481752, "id_test_conf": [0.9873176559448364, 0.9884689578189207], "id_test_balanced": 0.5005788207054138, "id_test_balanced_conf": [0.5004882027438725, 0.5006694386669551], "ood_test": 0.9242273180458624, "ood_test_conf": [0.9227996391242655, 0.9256366622778522], "ood_test_balanced": 0.5000861287117004, "ood_test_balanced_conf": [0.500046433885218, 0.5001258235381829], "validation": 0.9886732198992066, "validation_conf": [0.988105681612717, 0.9892204228178827], "validation_balanced": 0.5006188750267029, "validation_balanced_conf": [0.5005252834441489, 0.5007124666092568], "features": ["HR", "SBP", "Resp", "HCO3", "FiO2", "PaCO2", "AST", "Alkalinephos", "Chloride", "Creatinine", "Glucose", "Lactate", "Magnesium", "Phosphate", "Potassium", "Bilirubin_total", "TroponinI", "Hct", "WBC", "Age", "Gender", "Unit2", "HospAdmTime", "ICULOS"]}