{"validation": 0.9711026003321682, "id_test": 0.9707123601772379, "ood_test": 0.9576495467908637, "ood_validation": 0.9588008800880088, "train": 0.9703605352486687, "id_test_conf": [0.9698780772252247, 0.97152967328147], "id_test_balanced": 0.5670575499534607, "id_test_balanced_conf": [0.5662261877756101, 0.5678889121313113], "ood_test_conf": [0.9566625186009726, 0.9586203161433356], "ood_test_balanced": 0.5889297723770142, "ood_test_balanced_conf": [0.5880033023003489, 0.5898562424536794], "features": ["POBP", "WKHP", "WRK", "OCCP", "ESP", "MIG", "MIL", "ANC", "DEAR", "DPHY", "FER", "AGEP", "SEX", "CIT", "RAC1P", "DIVISION", "ACS_YEAR", "SCHL"]}