{"id_test": 0.6452970936888364, "id_test_conf": [0.6395649945986763, 0.6509980012791854], "id_test_balanced": 0.6115387678146362, "id_test_balanced_conf": [0.6076995197869838, 0.6153780158422887], "ood_test": 0.5427251242798893, "ood_test_conf": [0.5413688515745563, 0.5440809201825291], "ood_test_balanced": 0.5813189744949341, "ood_test_balanced_conf": [0.58047924038372, 0.5821587086061482], "validation": 0.6467003951401455, "validation_conf": [0.6409732477453758, 0.6523960496624075], "validation_balanced": 0.6125802397727966, "validation_balanced_conf": [0.6087430256884545, 0.6164174538571388], "features": ["AGEG5YR", "DRNK_PER_WEEK", "RFBING5", "TOTINDA", "CHCSCNCR", "POVERTY", "STATE", "MEDCOST", "PRACE1", "IYEAR", "BMI5CAT"]}