{"validation": 0.8114509082547712, "id_test": 0.8082758620689655, "ood_test": 0.7796147143328153, "ood_validation": 0.791437049597287, "train": 0.8023336015633981, "id_test_conf": [0.7962572048521371, 0.8198791089118111], "id_test_balanced": 0.7522989511489868, "id_test_balanced_conf": [0.7437009073607623, 0.7608969949372113], "ood_test_conf": [0.7739774454572531, 0.7851753253049054], "ood_test_balanced": 0.7521624565124512, "ood_test_balanced_conf": [0.7482953059952706, 0.7560296070296317], "features": ["VCF0004", "VCF0901b", "VCF0224", "VCF0302", "VCF9011", "VCF9203", "VCF9204", "VCF9205", "VCF9206", "VCF0521", "VCF0523", "VCF0428", "VCF0875", "VCF9052", "VCF0809", "VCF0839", "VCF0870", "VCF0838", "VCF9239", "VCF0803", "VCF0612", "VCF0310", "VCF0743", "VCF0717", "VCF0701", "VCF0675", "VCF0724", "VCF0726", "VCF0105a", "VCF0112"]}