{"id_test": 0.8316248664597853, "id_test_conf": [0.8289907397356523, 0.8342345006524224], "id_test_balanced": 0.6337711215019226, "id_test_balanced_conf": [0.6319912813487463, 0.635550961655099], "ood_test": 0.8001350300748803, "ood_test_conf": [0.7965618174386561, 0.8036725629127338], "ood_test_balanced": 0.6429302096366882, "ood_test_balanced_conf": [0.6404955534823239, 0.6453648657910526], "validation": 0.8356035458557493, "validation_conf": [0.8329941664306062, 0.8381881378191661], "validation_balanced": 0.6353877782821655, "validation_balanced_conf": [0.633611049510073, 0.6371645070542581], "features": ["WIF", "NWLA", "WKHP", "DIS", "MIL", "ANC", "NATIVITY", "PUBCOV", "SEX", "ST", "SCHL", "DIVISION"]}