{"validation": 0.8398634353209317, "id_test": 0.8387152518308175, "ood_test": 0.447682119205298, "ood_validation": 0.44047619047619047, "train": 0.8396024725492852, "id_test_conf": [0.8371504626563162, 0.8402708655475385], "id_test_balanced": 0.7370033860206604, "id_test_balanced_conf": [0.7359451471525245, 0.7380616248887963], "ood_test_conf": [0.42239286459990755, 0.4731752291205892], "ood_test_balanced": 0.5047506093978882, "ood_test_balanced_conf": [0.5023040624102577, 0.5071971563855187], "features": ["Average_confidence(BORED)", "hint_count", "skill_id", "problem_type", "bottom_hint", "ms_first_response", "school_id"]}