{"validation": 0.8388499423196379, "id_test": 0.8379679793752802, "ood_test": 0.4470198675496689, "ood_validation": 0.44047619047619047, "train": 0.8387857232930582, "id_test_conf": [0.8364002913200892, 0.8395265122493798], "id_test_balanced": 0.7394389510154724, "id_test_balanced_conf": [0.7383676941343583, 0.7405102078965865], "ood_test_conf": [0.4217354344386253, 0.4725107369110414], "ood_test_balanced": 0.5040020942687988, "ood_test_balanced_conf": [0.5013684051018208, 0.5066357834357769], "features": ["Average_confidence(BORED)", "hint_count", "skill_id", "problem_type", "bottom_hint", "ms_first_response", "school_id"]}