{"id_test": 0.6178779069767442, "id_test_conf": [0.612106685013692, 0.6236242315919268], "id_test_balanced": 0.5437940955162048, "id_test_balanced_conf": [0.540912476554513, 0.5466757144778966], "ood_test": 0.4836052083652286, "ood_test_conf": [0.48224939616608997, 0.4849612023514397], "ood_test_balanced": 0.5413562059402466, "ood_test_balanced_conf": [0.540670148008503, 0.5420422638719902], "validation": 0.6186634688760493, "validation_conf": [0.6128943178658571, 0.6244075556637294], "validation_balanced": 0.5447043180465698, "validation_balanced_conf": [0.5418188018724323, 0.5475898342207074], "features": ["DRNK_PER_WEEK", "SMOKE100", "CHCSCNCR", "STATE", "MEDCOST", "PRACE1", "SEX", "MEDCOST", "BMI5CAT", "IYEAR"]}