{"validation": 0.8011581179001993, "id_test": 0.801982077764277, "ood_test": 0.7985799159542095, "ood_validation": 0.7979845880260819, "train": 0.8026165175382459, "id_test_conf": [0.8000085185818068, 0.8039445508909908], "id_test_balanced": 0.7715935111045837, "id_test_balanced_conf": [0.770160026922822, 0.7730269952863454], "ood_test_conf": [0.7957089129159599, 0.8014280814614545], "ood_test_balanced": 0.7832748889923096, "ood_test_balanced_conf": [0.7812369873188436, 0.7853127906657755], "features": ["ENG", "NWLK", "OCCP", "WKHP", "AGEP", "SEX", "SCHL", "ACS_YEAR", "DIVISION"]}