{"validation": 0.5683925369148003, "id_test": 0.5655873225822862, "ood_test": 0.5207250705839028, "ood_validation": 0.5218191861535629, "0": 0.5365706226072939, "1": 0.6131628051624942, "2": 0.5798154843535719, "3": 0.6395185619710048, "4": 0.6049995040174586, "5": 0.5235773356574087, "7": 0.4889904055053844, "8": 0.5688281234474672, "9": 0.5810146420095822, "id_test_conf": [0.5621139370171031, 0.5690558679307133], "id_test_balanced": 0.6407343745231628, "id_test_balanced_conf": [0.6384403762500733, 0.6430283727962524], "ood_test_conf": [0.5162849007868026, 0.5251627784720986], "ood_test_balanced": 0.6269003748893738, "ood_test_balanced_conf": [0.6241110696643591, 0.6296896801143884], "features": ["DIVISION", "AGEP", "SEX", "RAC1P", "POBP", "DIS", "ANC", "NATIVITY", "DEAR", "DEYE", "DREM", "ST", "MAR"]}