{"validation": 0.5538173909725667, "id_test": 0.5516609859083278, "ood_test": 0.49975449077294487, "ood_validation": 0.495857116553121, "0": 0.5073544227281886, "1": 0.6065541906390919, "2": 0.5938411669367909, "3": 0.6008547724796782, "4": 0.5769516913004662, "5": 0.5141325798005083, "7": 0.49576644393033714, "8": 0.5511615428946166, "9": 0.5478260869565217, "id_test_conf": [0.5481766210994431, 0.5551415382675724], "id_test_balanced": 0.6415200233459473, "id_test_balanced_conf": [0.6392612982681021, 0.6437787484237925], "ood_test_conf": [0.4953117577236102, 0.504197252985981], "ood_test_balanced": 0.6209775805473328, "ood_test_balanced_conf": [0.6182555394293741, 0.6236996216652915], "features": ["DIVISION", "AGEP", "SEX", "RAC1P", "POBP", "DIS", "ANC", "NATIVITY", "DEAR", "DEYE", "DREM", "ST", "MAR"]}