{"validation": 0.6504127081028146, "id_test": 0.6490563158162487, "ood_test": 0.6405949506935635, "ood_validation": 0.6442644080279875, "0": 0.5181341930284102, "1": 0.7061110247239931, "2": 0.6680962473507044, "3": 0.6932979971507583, "4": 0.688200575339748, "5": 0.6174259584891462, "7": 0.5958686129672471, "8": 0.6562270225154508, "9": 0.6452156002328393, "id_test_conf": [0.6457085562670286, 0.6523930742702205], "id_test_balanced": 0.6566324234008789, "id_test_balanced_conf": [0.6542863122327254, 0.6589785345690324], "ood_test_conf": [0.6363226887123918, 0.644850509456484], "ood_test_balanced": 0.6525071859359741, "ood_test_balanced_conf": [0.6495251245377586, 0.6554892473341897], "features": ["DIVISION", "AGEP", "SEX", "RAC1P", "POBP", "DIS", "ANC", "NATIVITY", "DEAR", "DEYE", "DREM", "ST", "MAR"]}