{"validation": 0.8127488013023516, "id_test": 0.8090883654677723, "ood_test": 0.7803510781946889, "ood_validation": 0.7860430859878476, "0": 0.5260930888575458, "1": 0.8239776084590266, "2": 0.8110210696920583, "3": 0.807801893907651, "4": 0.8434927090566412, "5": 0.800692615429506, "7": 0.7990440736086808, "8": 0.8293754098686433, "9": 0.831281063896476, "id_test_conf": [0.806323527787132, 0.811830378582737], "id_test_balanced": 0.49999213218688965, "id_test_balanced_conf": [0.49997826858591, 0.5000059957878693], "ood_test_conf": [0.7766539613305099, 0.7840148714797524], "ood_test_balanced": 0.5007122159004211, "ood_test_balanced_conf": [0.5005274901125812, 0.500896941688261], "features": ["DIVISION", "AGEP", "SEX", "RAC1P", "POBP", "DIS", "ANC", "NATIVITY", "DEAR", "DEYE", "DREM", "ST", "MAR"]}