{"validation": 0.48150126546860494, "id_test": 0.48238540977768735, "ood_test": 0.4583657269119031, "ood_validation": 0.4557171791566931, "0": 0.4768285311303647, "1": 0.5408956616389364, "2": 0.5142625607779578, "3": 0.5430319282661527, "4": 0.5858049796647158, "5": 0.4634303660418794, "7": 0.36894765891982667, "8": 0.4714333975874883, "9": 0.4747055926207854, "id_test_conf": [0.47888706646196244, 0.48588505299058565], "id_test_balanced": 0.6203946471214294, "id_test_balanced_conf": [0.6182649359758944, 0.6225243582669645], "ood_test_conf": [0.45394084470184365, 0.4627955548521441], "ood_test_balanced": 0.6010995507240295, "ood_test_balanced_conf": [0.5984780789073557, 0.6037210225407034], "features": ["DIVISION", "AGEP", "SEX", "RAC1P", "POBP", "DIS", "ANC", "NATIVITY", "DEAR", "DEYE", "DREM", "ST", "MAR"]}