{"validation": 0.7067673954239638, "id_test": 0.7028030726967492, "ood_test": 0.6675395883628626, "ood_validation": 0.6722518873135702, "0": 0.4872053193632883, "1": 0.7633727258591199, "2": 0.7276524124174043, "3": 0.7242101734685327, "4": 0.7416674933042356, "5": 0.6621618508650015, "7": 0.6396134017591864, "8": 0.6943423222908924, "9": 0.7546948461917342, "id_test_conf": [0.699594805688317, 0.7059963701633846], "id_test_balanced": 0.6627402305603027, "id_test_balanced_conf": [0.6604255690751597, 0.6650548920454458], "ood_test_conf": [0.663343124481556, 0.6717161467292976], "ood_test_balanced": 0.6532377004623413, "ood_test_balanced_conf": [0.6502584273507819, 0.6562169735739007], "features": ["DIVISION", "AGEP", "SEX", "RAC1P", "POBP", "DIS", "ANC", "NATIVITY", "DEAR", "DEYE", "DREM", "ST", "MAR"]}