{"validation": 0.7276253704198303, "id_test": 0.7233555476420613, "ood_test": 0.686975735504726, "ood_validation": 0.6849567298839992, "0": 0.4897239572839009, "1": 0.7766677033120821, "2": 0.7322902381249221, "3": 0.7468888795776418, "4": 0.7840740005951791, "5": 0.6765977378657924, "7": 0.6983664697661855, "8": 0.7290594384054371, "9": 0.7603635875162316, "id_test_conf": [0.720214213649474, 0.7264803941106446], "id_test_balanced": 0.660068154335022, "id_test_balanced_conf": [0.65778226217255, 0.662354046497494], "ood_test_conf": [0.682843457453097, 0.6910857976759659], "ood_test_balanced": 0.6539003252983093, "ood_test_balanced_conf": [0.6509411508962512, 0.6568594997003675], "features": ["DIVISION", "AGEP", "SEX", "RAC1P", "POBP", "DIS", "ANC", "NATIVITY", "DEAR", "DEYE", "DREM", "ST", "MAR"]}