{"validation": 0.7163951314433973, "id_test": 0.7127613572773058, "ood_test": 0.6757027701624453, "ood_validation": 0.6840360891180262, "0": 0.4872053193632883, "1": 0.7634504742652776, "2": 0.7398578730831568, "3": 0.7349262549233219, "4": 0.7845203848824521, "5": 0.6787554422526126, "7": 0.6794828132890209, "8": 0.706146539218219, "9": 0.7319124166032329, "id_test_conf": [0.7095845253890134, 0.7159224841558154], "id_test_balanced": 0.6618948578834534, "id_test_balanced_conf": [0.6595923443837092, 0.6641973713831976], "ood_test_conf": [0.6715322675862714, 0.679852396919545], "ood_test_balanced": 0.6514865159988403, "ood_test_balanced_conf": [0.6485117511497811, 0.6544612808478996], "features": ["DIVISION", "AGEP", "SEX", "RAC1P", "POBP", "DIS", "ANC", "NATIVITY", "DEAR", "DEYE", "DREM", "ST", "MAR"]}