{"validation": 0.6632708865911201, "id_test": 0.6581497685302945, "ood_test": 0.6347641065510046, "ood_validation": 0.6354262566746456, "0": 0.4813620793874673, "1": 0.7274918364173535, "2": 0.6954619124797407, "3": 0.7066433419927931, "4": 0.7286727507191747, "5": 0.6262871359353763, "7": 0.5919580050027597, "8": 0.6670177460702291, "9": 0.6628307885192316, "id_test_conf": [0.6548221921071917, 0.6614656725343224], "id_test_balanced": 0.664466142654419, "id_test_balanced_conf": [0.6621329244598746, 0.6667993608489633], "ood_test_conf": [0.6304773852720121, 0.6390348175145703], "ood_test_balanced": 0.654483437538147, "ood_test_balanced_conf": [0.651510572237894, 0.6574563028384], "features": ["DIVISION", "AGEP", "SEX", "RAC1P", "POBP", "DIS", "ANC", "NATIVITY", "DEAR", "DEYE", "DREM", "ST", "MAR"]}