{"validation": 0.6001783803068141, "id_test": 0.5970745629682483, "ood_test": 0.41731028610610865, "ood_validation": 0.41784212667842124, "train": 0.6002702473699936, "id_test_conf": [0.5913049053391415, 0.602824091765884], "id_test_balanced": 0.500057578086853, "id_test_balanced_conf": [0.49991503611556254, 0.5002001200581435], "ood_test_conf": [0.4159832913598196, 0.41863818337942543], "ood_test_balanced": 0.5000156164169312, "ood_test_balanced_conf": [0.4999977889285583, 0.500033443905304], "features": ["DRNK_PER_WEEK", "RFBING5", "TOTINDA", "SMOKDAY2", "POVERTY", "EMPLOY1", "MEDCOST", "SEX", "STATE", "MEDCOST", "BMI5CAT", "IYEAR"]}