{"validation": 0.7545164718384697, "id_test": 0.7866242038216561, "ood_test": 0.7251618810909805, "ood_validation": 0.7257210123602119, "train": 0.7875448147656354, "id_test_conf": [0.7590546555849316, 0.8123883448169116], "id_test_balanced": 0.7760744690895081, "id_test_balanced_conf": [0.7574361591786146, 0.7947127790004015], "ood_test_conf": [0.718010351518982, 0.7322276479520051], "ood_test_balanced": 0.729483962059021, "ood_test_balanced_conf": [0.7245254035852849, 0.734442520532757], "features": ["FCSZ1231", "JOBORG31", "CMJHLD31", "MCRPD31", "MCRPB31", "PRVHMO31", "FSAGT31", "MCAID31", "MCARE31", "GOVTA31", "GOVAAT31", "GOVTB31", "GOVBAT31", "GOVTC31", "VAPROG31", "IHS31", "SICPAY31", "VAPROX31", "RNDFLG31", "HRWGIM31", "HRHOW31", "HOUR31", "INDCAT31", "NUMEMP31", "NWK31", "STJBYY31", "PAYVAC31", "PAYDR31", "MCARE31X", "INS31X", "INSAT31X", "SEX", "RACEBX", "RACEWX", "OTHLGSPK", "HWELLSPK", "BORNUSA", "WHTLGSPK", "TRICR31X", "PRIEU31", "TRILI31X", "PRIOG31", "PRINEO31", "PRIEUO31", "PRSTX31", "PRIVAT31", "VERFLG31", "DENTIN31", "DNTINS31", "PMEDIN31", "PMDINS31", "PMEDUP31", "PMEDPY31", "MARRY31X", "REFRL31X", "TRIST31X", "TRIEX31X", "TRICH31X", "VASPUN31", "ASDALY31", "ASPKFL31", "ASEVFL31", "ADLHLP31", "STPDIF31", "STNDIF31", "BENDIF31", "RCHDIF31", "FNGRDF31", "ACTLIM31", "SCHLIM31", "VASPOU31", "ASACUT31", "SOCLIM31", "ASSTIL31", "RUSIZE31", "REGION31", "PROXY31", "ELGRND31", "PSTATS31", "SPOUID31", "ACTDTY31", "RTHLTH31", "MNHLTH31", "CHBRON31", "VAPRHT31", "VAWAIT31", "VAOUT31", "VAPAST31", "VACOMP31", "VAREP31", "VACARE31", "VAPCCO31", "VAPCSN31", "VAPCSO31", "VAPCUN31", "VASPCL31", "VACTDY31", "VARECM31", "VADERM31", "VAGERD31", "VAHRLS31", "VARTHR31", "VATMD31", "VACOST31", "VABIPL31", "VADEPR31", "VAPROS31", "VAMNHC31", "VARXMD31", "VALCOH31", "MOPID31X", "INSCOV19"]}