{"validation": 0.7919061853299609, "id_test": 0.7986206896551724, "ood_test": 0.7781074843389384, "ood_validation": 0.7897414158541755, "train": 0.7943729164271756, "id_test_conf": [0.7863896104439219, 0.8104494632729222], "id_test_balanced": 0.7618026733398438, "id_test_balanced_conf": [0.7530556465126574, 0.7705497001670301], "ood_test_conf": [0.7724568015084774, 0.783681923512352], "ood_test_balanced": 0.7634444832801819, "ood_test_balanced_conf": [0.7594703314639628, 0.767418635096401], "features": ["VCF0004", "VCF0218", "VCF0224", "VCF0302", "VCF9201", "VCF9202", "VCF9203", "VCF0523", "VCF0875", "VCF0809", "VCF0839", "VCF0822", "VCF9045", "VCF0612", "VCF0615", "VCF0617", "VCF0743", "VCF0720", "VCF0701", "VCF0675", "VCF0724", "VCF0726", "VCF0101", "VCF0104", "VCF0115", "VCF0140a", "VCF0112"]}