{"id_test": 0.6526708654070446, "id_test_conf": [0.6382015258569048, 0.6669318988715008], "id_test_balanced": 0.6222091913223267, "id_test_balanced_conf": [0.6126938888430595, 0.6317244938015938], "ood_test": 0.5973944435724377, "ood_test_conf": [0.5931215374438381, 0.6016562548046241], "ood_test_balanced": 0.5955890417098999, "ood_test_balanced_conf": [0.5927136005600915, 0.5984644828597083], "validation": 0.638590760615959, "validation_conf": [0.6240010469877684, 0.6529913528620898], "validation_balanced": 0.6140971779823303, "validation_balanced_conf": [0.6043399964272976, 0.623854359537363], "features": ["race", "age", "weight", "admission_type_id", "time_in_hospital", "payer_code", "num_lab_procedures", "num_medications", "number_emergency", "number_inpatient", "diag_1", "diag_2", "diag_3", "number_diagnoses", "A1Cresult", "metformin", "repaglinide", "glipizide", "tolbutamide", "rosiglitazone", "acarbose", "troglitazone", "examide", "glipizide-metformin", "glimepiride-pioglitazone", "metformin-pioglitazone", "change", "admission_source_id"]}