{"validation": 0.4673355109659356, "id_test": 0.4576627011896431, "ood_test": 0.4927405430858578, "ood_validation": 0.5024717514124294, "train": 0.4667230517965469, "id_test_conf": [0.4426657360507057, 0.4727174046252325], "id_test_balanced": 0.5126123428344727, "id_test_balanced_conf": [0.5046219757758081, 0.5206027098931372], "ood_test_conf": [0.4883909123995431, 0.4970910007008258], "ood_test_balanced": 0.49785029888153076, "ood_test_balanced_conf": [0.4961356180440635, 0.49956497971899805], "features": ["num_lab_procedures", "num_medications", "number_outpatient", "diag_2", "diag_3", "number_diagnoses", "max_glu_serum", "A1Cresult", "metformin", "nateglinide", "chlorpropamide", "glipizide", "tolbutamide", "pioglitazone", "miglitol", "glyburide-metformin", "glipizide-metformin", "metformin-rosiglitazone", "admission_source_id"]}