{"validation": 0.8169694182570706, "id_test": 0.820919540229885, "ood_test": 0.7855965333710141, "ood_validation": 0.7922848664688428, "train": 0.8144039544775261, "id_test_conf": [0.8091963130638791, 0.8322101723963583], "id_test_balanced": 0.7597165107727051, "id_test_balanced_conf": [0.7513131742738187, 0.7681198472715914], "ood_test_conf": [0.7800135663280846, 0.7911011982237229], "ood_test_balanced": 0.7544069886207581, "ood_test_balanced_conf": [0.7506259238300845, 0.7581880534114316], "features": ["VCF0218", "VCF9010", "VCF9202", "VCF9204", "VCF9206", "VCF0521", "VCF0523", "VCF0428", "VCF0429", "VCF0875", "VCF0809", "VCF0839", "VCF0870", "VCF0601", "VCF0606", "VCF0615", "VCF0616", "VCF0310", "VCF0743", "VCF0717", "VCF0721", "VCF0701", "VCF0675", "VCF0724", "VCF0726", "VCF0745", "VCF0101", "VCF0104", "VCF0112"]}