{"validation": 0.8220712986633091, "id_test": 0.8201912804598871, "ood_test": 0.7916445026392241, "ood_validation": 0.8018781071625851, "train": 0.8209892244737035, "id_test_conf": [0.8174888777980541, 0.8228700369723527], "id_test_balanced": 0.5802816152572632, "id_test_balanced_conf": [0.5787747279461474, 0.581788502568379], "ood_test_conf": [0.7880165359500393, 0.7952378009005031], "ood_test_balanced": 0.5954562425613403, "ood_test_balanced_conf": [0.5933004399435595, 0.5976120451791211], "features": ["HUPAC", "POBP", "WKHP", "WKW", "WRK", "DIS", "SEX", "MAR", "RAC1P", "DIVISION"]}