{"id_test": 0.8229511115633108, "id_test_conf": [0.820264808165226, 0.8256135645455309], "id_test_balanced": 0.5942803025245667, "id_test_balanced_conf": [0.5926841691625304, 0.5958764358866029], "ood_test": 0.7971070829412006, "ood_test_conf": [0.7935140629987485, 0.8006647837981472], "ood_test_balanced": 0.6053056120872498, "ood_test_balanced_conf": [0.6031186347361654, 0.6074925894383341], "validation": 0.8239536037239117, "validation_conf": [0.8212731901446936, 0.8266100923789724], "validation_balanced": 0.5885162353515625, "validation_balanced_conf": [0.586949351162184, 0.590083119540941], "features": ["HUPAC", "POBP", "WKHP", "WKW", "WRK", "DIS", "SEX", "MAR", "RAC1P", "DIVISION"]}