{"validation": 0.7507325253931588, "id_test": 0.7499620291616039, "ood_test": 0.7345312273583539, "ood_validation": 0.7356253704801423, "train": 0.7494523871490354, "id_test_conf": [0.7478191813880624, 0.7520957021439043], "id_test_balanced": 0.7028746604919434, "id_test_balanced_conf": [0.7013486358826049, 0.7044006851012818], "ood_test_conf": [0.7313744298651508, 0.7376700912393996], "ood_test_balanced": 0.7163028717041016, "ood_test_balanced_conf": [0.714080244670622, 0.7185254987375811], "features": ["COW", "FER", "NWLA", "NWLK", "POBP", "RELP", "WKHP", "WKW", "AGEP", "SEX", "ST", "MAR", "CIT", "RAC1P", "DIVISION"]}