{"validation": 0.7574217637566054, "id_test": 0.7579991899554476, "ood_test": 0.7472830024634111, "ood_validation": 0.7506816834617664, "train": 0.7580093076385763, "id_test_conf": [0.7558795643239206, 0.760109345588442], "id_test_balanced": 0.7249290943145752, "id_test_balanced_conf": [0.7234058027737774, 0.726452385855373], "ood_test_conf": [0.7441755998084485, 0.7503714955870379], "ood_test_balanced": 0.7265175580978394, "ood_test_balanced_conf": [0.724334554397501, 0.7287005617981777], "features": ["COW", "FER", "NWLA", "NWLK", "POBP", "RELP", "WKHP", "WKW", "AGEP", "SEX", "ST", "MAR", "CIT", "RAC1P", "DIVISION"]}