{"validation": 0.7794323323735088, "id_test": 0.7783578878088295, "ood_test": 0.7766990291262136, "ood_validation": 0.7682276229994073, "train": 0.7791006096716855, "id_test_conf": [0.7763017048066264, 0.7804038529046958], "id_test_balanced": 0.7330631613731384, "id_test_balanced_conf": [0.7315851716184989, 0.734541151127778], "ood_test_conf": [0.7737193361817081, 0.7796575605309929], "ood_test_balanced": 0.7582188248634338, "ood_test_balanced_conf": [0.7561137907393277, 0.76032385898754], "features": ["COW", "FER", "HINS2", "HINS4", "NWLK", "OCCP", "POBP", "RELP", "WKHP", "WKW", "CIT", "RAC1P", "ACS_YEAR", "DIVISION"]}