{"validation": 0.8073790462930734, "id_test": 0.8080131125961928, "ood_test": 0.7886604049478995, "ood_validation": 0.7883817427385892, "train": 0.8080819667073537, "id_test_conf": [0.806062334404875, 0.8099525830428137], "id_test_balanced": 0.7582826614379883, "id_test_balanced_conf": [0.756870596408844, 0.7596947264671325], "ood_test_conf": [0.7857385824014057, 0.791560149864715], "ood_test_balanced": 0.758346438407898, "ood_test_balanced_conf": [0.7563268705178052, 0.7603660062979907], "features": ["ENG", "HINS1", "HINS2", "HINS3", "HINS4", "NWLA", "OCCP", "WKHP", "WKW", "SEX", "ST", "MAR", "SCHL", "DIVISION"]}