{"validation": 0.8739959676108094, "id_test": 0.8738252414555624, "ood_test": 0.8245372193777077, "ood_validation": 0.8207865642670268, "train": 0.8736279649726483, "id_test_conf": [0.8719567495800853, 0.8756760901002927], "id_test_balanced": 0.5004045963287354, "id_test_balanced_conf": [0.5003224488146952, 0.5004867438427755], "ood_test_conf": [0.8229162033231707, 0.8261494101279396], "ood_test_balanced": 0.5001881122589111, "ood_test_balanced_conf": [0.5001416936678288, 0.5002345308499935], "features": ["BMI5", "CVDSTRK3", "VEG_ONCE_PER_DAY", "TOTINDA", "MARITAL", "MENTHLTH", "IYEAR", "STATE", "MEDCOST", "SEX", "IYEAR", "STATE", "PRACE1"]}