{"validation": 0.7321836534506218, "id_test": 0.7326030275415147, "ood_test": 0.6971058212907221, "ood_validation": 0.6956727919383521, "train": 0.7314644223702915, "id_test_conf": [0.7304133305548963, 0.7347841872562122], "id_test_balanced": 0.659048318862915, "id_test_balanced_conf": [0.6575585820246488, 0.6605380557011813], "ood_test_conf": [0.6938229301620971, 0.7003736421980621], "ood_test_balanced": 0.649085521697998, "ood_test_balanced_conf": [0.6469969101715833, 0.6511741332244128], "features": ["COW", "ENG", "NWLK", "RELP", "WKHP", "ST", "RAC1P", "DIVISION"]}