{"id_test": 0.7919463087248322, "id_test_conf": [0.7413782347626473, 0.8366044326505158], "id_test_balanced": 0.661332368850708, "id_test_balanced_conf": [0.629939225539565, 0.692725512161851], "ood_test": 0.7069497368898566, "ood_test_conf": [0.7020106448621721, 0.7118524534255497], "ood_test_balanced": 0.709729015827179, "ood_test_balanced_conf": [0.7062889242684469, 0.713169107385911], "validation": 0.785234899328859, "validation_conf": [0.7342026981016121, 0.8304959336686918], "validation_balanced": 0.6805185079574585, "validation_balanced_conf": [0.6484254216402769, 0.71261159427464], "features": ["MARITAL_STATUS", "ORIGIN", "RECEIVED_WORK_COMP", "FOSTER_CHILD_CARE_AMT", "CHILD_SUPPORT_AMT", "INCOME", "SAVINGS_INV_AMOUNT", "UNEMPLOYMENT_COMP_AMOUNT", "RETIREMENT_INCOME_AMOUNT", "DISABILITY_BENEFITS_AMOUNT", "RACE", "AGE", "SNAP_ASSISTANCE", "WIC_ASSISTANCE", "MEDICARE_ASSISTANCE", "HEALTHDISAB", "DAYS_SICK", "HOSPITAL_NIGHTS", "TRANSPORTATION_ASSISTANCE", "VISIT_DOCTOR_NUM", "HEALTH_MEDICAL_CARE_PAY", "HEALTH_COGNITIVE", "HEALTH_AMBULATORY", "HEALTH_CORE_DISABILITY", "CITIZENSHIP_STATUS"]}