{"id_test": 0.9878891993613139, "id_test_conf": [0.9873030670799577, 0.9884550345992967], "id_test_balanced": 0.49998918175697327, "id_test_balanced_conf": [0.4999770113668455, 0.500001352147101], "ood_test": 0.9242347584113332, "ood_test_conf": [0.9228071430940084, 0.9256440387146192], "ood_test_balanced": 0.5, "ood_test_balanced_conf": [0.5, 0.5], "validation": 0.9886874763876909, "validation_conf": [0.9881202823247124, 0.9892343343831168], "validation_balanced": 0.5003148317337036, "validation_balanced_conf": [0.5002491937373997, 0.5003804697300075], "features": ["HR", "O2Sat", "SBP", "DBP", "BaseExcess", "PaCO2", "SaO2", "AST", "BUN", "Alkalinephos", "Calcium", "Glucose", "Potassium", "Hct", "Hgb", "PTT", "WBC", "Platelets", "Unit1", "ICULOS"]}