{"validation": 0.5986927139111489, "id_test": 0.5979541341999335, "ood_test": 0.4160588299874227, "ood_validation": 0.4127721536541395, "train": 0.5983981904630015, "id_test_conf": [0.5920855395686211, 0.6038017028066771], "id_test_balanced": 0.5002128481864929, "id_test_balanced_conf": [0.5000205293801264, 0.5004051669928594], "ood_test_conf": [0.4147175926580753, 0.4174010040906221], "ood_test_balanced": 0.5000048875808716, "ood_test_balanced_conf": [0.49997335472129634, 0.5000364204404468], "features": ["AGEG5YR", "VEG_ONCE_PER_DAY", "DRNK_PER_WEEK", "RFBING5", "TOTINDA", "SMOKE100", "CHCSCNCR", "CHCOCNCR", "POVERTY", "SEX", "STATE", "MEDCOST", "PRACE1", "SEX", "BMI5CAT", "IYEAR"]}