{"validation": 0.7884105027946348, "id_test": 0.7882651533002384, "ood_test": 0.4329220652983273, "ood_validation": 0.4305647255601039, "train": 0.7876749548018608, "id_test_conf": [0.7871309849403779, 0.7893959856703591], "id_test_balanced": 0.5504425168037415, "id_test_balanced_conf": [0.5499543945956975, 0.5509306390117854], "ood_test_conf": [0.4318478759573365, 0.43399672974835746], "ood_test_balanced": 0.5474902391433716, "ood_test_balanced_conf": [0.547081799157313, 0.5478986791294301], "features": ["ESP", "MIG", "DEYE", "PINCP", "FER", "AGEP", "SEX", "RAC1P", "SCHL", "DIVISION", "ACS_YEAR", "DIS"]}