{"validation": 0.8176708670616707, "id_test": 0.8186688697785622, "ood_test": 0.5064327485380117, "ood_validation": 0.518324607329843, "train": 0.8179353991407624, "id_test_conf": [0.8171203814141126, 0.8202096474675225], "id_test_balanced": 0.7168889045715332, "id_test_balanced_conf": [0.7158503136551008, 0.7179274954879656], "ood_test_conf": [0.4824500592835685, 0.5303933264156815], "ood_test_balanced": 0.5497245192527771, "ood_test_balanced_conf": [0.5395327857322991, 0.5599162527732551], "features": ["Average_confidence(CONCENTRATING)", "Average_confidence(CONFUSED)", "Average_confidence(FRUSTRATED)", "skill_id", "problem_type", "bottom_hint", "ms_first_response", "tutor_mode", "position", "type", "overlap_time", "first_action", "school_id"]}