{"validation": 0.8068521499195217, "id_test": 0.7951724137931034, "ood_test": 0.7631764872120955, "ood_validation": 0.764730818143281, "train": 0.792619841361076, "id_test_conf": [0.782868099195401, 0.8070790996969578], "id_test_balanced": 0.7277398109436035, "id_test_balanced_conf": [0.7190587035939098, 0.7364209182932973], "ood_test_conf": [0.7573985540622639, 0.768882279095368], "ood_test_balanced": 0.7323013544082642, "ood_test_balanced_conf": [0.7283873670641333, 0.736215341752395], "features": ["VCF0901b", "VCF0218", "VCF0224", "VCF0302", "VCF9203", "VCF0521", "VCF0523", "VCF0429", "VCF9052", "VCF0822", "VCF0838", "VCF0846", "VCF0606", "VCF0612", "VCF0615", "VCF0310", "VCF0743", "VCF0717", "VCF0721", "VCF0675", "VCF0725", "VCF0726", "VCF0745", "VCF0105a", "VCF0140a", "VCF0112"]}