{"validation": 0.8073120257530467, "id_test": 0.7965517241379311, "ood_test": 0.7506947388253026, "ood_validation": 0.7541331072488342, "train": 0.7964421197838832, "id_test_conf": [0.7842765412314454, 0.8084274077937057], "id_test_balanced": 0.7069729566574097, "id_test_balanced_conf": [0.6986019259504974, 0.7153439873643219], "ood_test_conf": [0.7448179472124818, 0.7565028170643017], "ood_test_balanced": 0.7091425061225891, "ood_test_balanced_conf": [0.7053630873793736, 0.7129219248658046], "features": ["VCF0901b", "VCF0218", "VCF0224", "VCF0302", "VCF9203", "VCF0521", "VCF0523", "VCF0429", "VCF9052", "VCF0822", "VCF0838", "VCF0846", "VCF0606", "VCF0612", "VCF0615", "VCF0310", "VCF0743", "VCF0717", "VCF0721", "VCF0675", "VCF0725", "VCF0726", "VCF0745", "VCF0105a", "VCF0140a", "VCF0112"]}