{"validation": 0.8075419636698091, "id_test": 0.8089655172413793, "ood_test": 0.749564316329895, "ood_validation": 0.7452310300974989, "train": 0.8025347741119669, "id_test_conf": [0.7969624592977052, 0.8205522281894546], "id_test_balanced": 0.7126576900482178, "id_test_balanced_conf": [0.7045530735142529, 0.7207623065821827], "ood_test_conf": [0.7436788960031828, 0.7553813336707285], "ood_test_balanced": 0.7030426263809204, "ood_test_balanced_conf": [0.6993817467847839, 0.7067035059770569], "features": ["VCF0004", "VCF0901b", "VCF0218", "VCF0224", "VCF0301", "VCF9008", "VCF9010", "VCF9011", "VCF9201", "VCF9202", "VCF9203", "VCF9204", "VCF9206", "VCF0521", "VCF0429", "VCF0875", "VCF9052", "VCF0809", "VCF0839", "VCF0822", "VCF0870", "VCF0843", "VCF9045", "VCF0838", "VCF0803", "VCF0846", "VCF0601", "VCF0606", "VCF0616", "VCF0310", "VCF0717", "VCF0721", "VCF0675", "VCF0724", "VCF0725", "VCF0726", "VCF0745", "VCF0104", "VCF0105a", "VCF0115", "VCF0140a", "VCF0112"]}