{"id_test": 0.6485994907238996, "id_test_conf": [0.6429223064536527, 0.6542452521939759], "id_test_balanced": 0.5923596620559692, "id_test_balanced_conf": [0.5889804995805025, 0.595738824531436], "ood_test": 0.583114927466262, "ood_test_conf": [0.5817759519254133, 0.5844529803843455], "ood_test_balanced": 0.61609947681427, "ood_test_balanced_conf": [0.6152467738615814, 0.6169521797669586], "validation": 0.6525281920698436, "validation_conf": [0.6468652566620943, 0.658158873558861], "validation_balanced": 0.5984395742416382, "validation_balanced_conf": [0.595083611132577, 0.6017955373506993], "features": ["FRUIT_ONCE_PER_DAY", "VEG_ONCE_PER_DAY", "DRNK_PER_WEEK", "CHCOCNCR", "DIABETES", "EMPLOY1", "STATE", "MEDCOST", "PRACE1", "STATE", "SEX", "BMI5CAT", "IYEAR"]}