{"validation": 0.8084617153368591, "id_test": 0.8062068965517242, "ood_test": 0.7610569450332062, "ood_validation": 0.7727850784230607, "train": 0.8014714334981032, "id_test_conf": [0.794141787580671, 0.817859404546037], "id_test_balanced": 0.733789324760437, "id_test_balanced_conf": [0.7252881791815162, 0.7422904703393578], "ood_test_conf": [0.7552617539742927, 0.7667805770138629], "ood_test_balanced": 0.7288391590118408, "ood_test_balanced_conf": [0.7249341603554785, 0.7327441576682031], "features": ["VCF0004", "VCF0901b", "VCF0218", "VCF9010", "VCF9202", "VCF9204", "VCF9205", "VCF9206", "VCF0521", "VCF0523", "VCF0428", "VCF0875", "VCF0809", "VCF0822", "VCF0843", "VCF9045", "VCF0838", "VCF0606", "VCF0612", "VCF0617", "VCF0718", "VCF0701", "VCF0725", "VCF0726", "VCF0745", "VCF0101", "VCF0105a", "VCF0115", "VCF0140a", "VCF0112"]}