{"validation": 0.7470619877859697, "id_test": 0.7499620291616039, "ood_test": 0.7349922936069871, "ood_validation": 0.7310017783046828, "train": 0.7495528520563268, "id_test_conf": [0.7478191813880624, 0.7520957021439043], "id_test_balanced": 0.6976186633110046, "id_test_balanced_conf": [0.6961004834389314, 0.6991368431830779], "ood_test_conf": [0.7318372226057044, 0.7381293957126841], "ood_test_balanced": 0.7021162509918213, "ood_test_balanced_conf": [0.6999632451031357, 0.7042692568805069], "features": ["HINS1", "NWLA", "NWLK", "WKHP", "WRK", "AGEP", "SEX", "CIT", "RAC1P", "DIVISION"]}