{"validation": 0.8768344421149942, "id_test": 0.8748204764184426, "ood_test": 0.8285229850746268, "ood_validation": 0.8307685694635488, "train": 0.8772199346078171, "id_test_conf": [0.8729439781666651, 0.8766790137720452], "id_test_balanced": 0.5240330100059509, "id_test_balanced_conf": [0.5233662323805038, 0.524699787631398], "ood_test_conf": [0.8269015416881684, 0.8301353279986952], "ood_test_balanced": 0.5201539397239685, "ood_test_balanced_conf": [0.5196689767565112, 0.5206389026914258], "features": ["PHYSHLTH", "TOLDHI", "BMI5", "SMOKE100", "VEG_ONCE_PER_DAY", "DRNK_PER_WEEK", "MARITAL", "MENTHLTH", "IYEAR", "STATE", "PRACE1", "IYEAR", "MEDCOST", "SEX", "PRACE1"]}