{"validation": 0.8746219635133817, "id_test": 0.8743699391889694, "ood_test": 0.8264408559800447, "ood_validation": 0.8240357836104313, "train": 0.8745974466251571, "id_test_conf": [0.8725048669911618, 0.8762173423535193], "id_test_balanced": 0.5264970064163208, "id_test_balanced_conf": [0.5257823035737965, 0.5272117092588451], "ood_test_conf": [0.8248267423071425, 0.828046092508592], "ood_test_balanced": 0.5231406688690186, "ood_test_balanced_conf": [0.5226116977480706, 0.5236696399899665], "features": ["TOLDHI", "BMI5", "SMOKDAY2", "FRUIT_ONCE_PER_DAY", "VEG_ONCE_PER_DAY", "MARITAL", "CHECKUP1", "EDUCA", "HEALTH_COV", "MENTHLTH", "STATE", "PRACE1", "SEX", "STATE", "PRACE1", "PRACE1", "IYEAR"]}