{"validation": 0.7793753757554662, "id_test": 0.7796362393681653, "ood_test": 0.7756451634150519, "ood_validation": 0.7669235328986367, "train": 0.7790017268889182, "id_test_conf": [0.77758427100502, 0.7816779428560082], "id_test_balanced": 0.739385187625885, "id_test_balanced_conf": [0.7379056648840197, 0.7408647103677504], "ood_test_conf": [0.7726605436494043, 0.7786087023426572], "ood_test_balanced": 0.7619999647140503, "ood_test_balanced_conf": [0.7598843615688383, 0.7641155678592623], "features": ["ENG", "FER", "HINS1", "HINS3", "HINS4", "POBP", "RELP", "WKHP", "SEX", "CIT", "SCHL", "ACS_YEAR", "DIVISION"]}