{"validation": 0.8744741712939593, "id_test": 0.8752273583167072, "ood_test": 0.8278847348727177, "ood_validation": 0.8301300637892469, "train": 0.8747363339349493, "id_test_conf": [0.8733812370012313, 0.8770560256243656], "id_test_balanced": 0.5559560656547546, "id_test_balanced_conf": [0.5549602364911698, 0.5569518948183395], "ood_test_conf": [0.826290832849523, 0.8294698846148237], "ood_test_balanced": 0.5475170612335205, "ood_test_balanced_conf": [0.5467952382774093, 0.5482388841896317], "features": ["CHOL_CHK_PAST_5_YEARS", "TOLDHI", "BMI5", "SMOKDAY2", "CVDSTRK3", "MICHD", "DRNK_PER_WEEK", "TOTINDA", "MARITAL", "HEALTH_COV", "STATE", "MEDCOST", "SEX", "IYEAR", "PRACE1", "SEX", "PRACE1"]}