{"validation": 0.7257981837167358, "id_test": 0.7276984609153504, "ood_test": 0.7115174348908591, "ood_validation": 0.7127445168938945, "train": 0.7269585317251565, "id_test_conf": [0.7254963155055371, 0.7298922491580175], "id_test_balanced": 0.6678075194358826, "id_test_balanced_conf": [0.6662722316454165, 0.6693428072263486], "ood_test_conf": [0.7082798966501609, 0.7147388004210855], "ood_test_balanced": 0.6746535897254944, "ood_test_balanced_conf": [0.6724791318271309, 0.6768280476238578], "features": ["COW", "FER", "HINS1", "HINS2", "HINS4", "WKHP", "WKW", "WRK", "AGEP", "ACS_YEAR", "DIVISION"]}