{"validation": 0.7440686010821758, "id_test": 0.7468484204131227, "ood_test": 0.7128084203870322, "ood_validation": 0.7155898043864849, "train": 0.7459519366390771, "id_test_conf": [0.7446968416300166, 0.7489909387619773], "id_test_balanced": 0.6583313345909119, "id_test_balanced_conf": [0.6569197604781948, 0.659742908703629], "ood_test_conf": [0.709575136134668, 0.7160254331609197], "ood_test_balanced": 0.659944474697113, "ood_test_balanced_conf": [0.6579493613587692, 0.6619395880354568], "features": ["COW", "FER", "HINS1", "HINS2", "HINS4", "WKHP", "WKW", "WRK", "AGEP", "ACS_YEAR", "DIVISION"]}