{"id_test": 0.6427959139938567, "id_test_conf": [0.6371506682607617, 0.6484115136012074], "id_test_balanced": 0.5752315521240234, "id_test_balanced_conf": [0.5722839237842708, 0.578179180463776], "ood_test": 0.5612419825402782, "ood_test_conf": [0.5599050484836208, 0.5625782474072651], "ood_test_balanced": 0.6021666526794434, "ood_test_balanced_conf": [0.6013632959546521, 0.6029700094042346], "validation": 0.6400457175512536, "validation_conf": [0.6343912588048528, 0.6456711013511658], "validation_balanced": 0.5727208256721497, "validation_balanced_conf": [0.5698132886504754, 0.5756283626938239], "features": ["FRUIT_ONCE_PER_DAY", "VEG_ONCE_PER_DAY", "DRNK_PER_WEEK", "CHCOCNCR", "DIABETES", "IYEAR", "STATE", "MEDCOST", "SEX", "BMI5CAT"]}