{"validation": 0.7949308609942094, "id_test": 0.7942423552045362, "ood_test": 0.7836940627840497, "ood_validation": 0.7720213396561945, "train": 0.7948348380655996, "id_test_conf": [0.7922405956860256, 0.7962333131270654], "id_test_balanced": 0.7507416605949402, "id_test_balanced_conf": [0.7492940539238043, 0.752189267266076], "ood_test_conf": [0.7807477714045074, 0.7866186569218214], "ood_test_balanced": 0.7622498869895935, "ood_test_balanced_conf": [0.7601747530186549, 0.7643250209605321], "features": ["COW", "HINS1", "OCCP", "RELP", "WKW", "AGEP", "SEX", "SCHL", "DIVISION"]}