{"validation": 0.8015251716609183, "id_test": 0.8008935803969218, "ood_test": 0.7830880900001317, "ood_validation": 0.778067575577949, "train": 0.801650630516176, "id_test_conf": [0.798915985832152, 0.8028601289141746], "id_test_balanced": 0.7431746125221252, "id_test_balanced_conf": [0.7417587134847418, 0.7445905115595087], "ood_test_conf": [0.7801388563689988, 0.7860156727999842], "ood_test_balanced": 0.7528713941574097, "ood_test_balanced_conf": [0.7508334897458553, 0.754909298568964], "features": ["COW", "HINS1", "OCCP", "RELP", "WKW", "AGEP", "SEX", "SCHL", "DIVISION"]}