{"id_test": 0.8072790097205347, "id_test_conf": [0.805325419900822, 0.8092213187811572], "id_test_balanced": 0.7644553184509277, "id_test_balanced_conf": [0.7630357361142523, 0.7658749007876031], "ood_test": 0.7980925030627972, "ood_test_conf": [0.7952189407399839, 0.8009432651981541], "ood_test_balanced": 0.7770187854766846, "ood_test_balanced_conf": [0.7749904303764924, 0.7790471405768767], "validation": 0.8082587096161756, "validation_conf": [0.8063088682932483, 0.8101972340944756], "validation_balanced": 0.7663739919662476, "validation_balanced_conf": [0.7649579157517291, 0.767790068180766], "features": ["COW", "HINS1", "OCCP", "RELP", "WKW", "AGEP", "SEX", "SCHL", "DIVISION"]}