{"validation": 0.8745731846118825, "id_test": 0.8743455497382199, "ood_test": 0.8250764267896997, "ood_validation": 0.8214617267279939, "train": 0.874160468521825, "id_test_conf": [0.8724803241775185, 0.87619310742102], "id_test_balanced": 0.5049715638160706, "id_test_balanced_conf": [0.5046709424484288, 0.5052721851837123], "ood_test_conf": [0.8234573587118291, 0.8266866548797327], "ood_test_balanced": 0.5028179883956909, "ood_test_balanced_conf": [0.5026419566944241, 0.5029940200969577], "features": ["CHOL_CHK_PAST_5_YEARS", "BMI5", "SMOKE100", "SMOKDAY2", "MICHD", "VEG_ONCE_PER_DAY", "DRNK_PER_WEEK", "RFBING5", "MARITAL", "HEALTH_COV", "MENTHLTH", "IYEAR", "MEDCOST", "PRACE1", "IYEAR", "MEDCOST", "SEX", "PRACE1"]}