{"id_test": 0.9365297899957233, "id_test_conf": [0.9355976267613481, 0.9374524483522593], "id_test_balanced": 0.8975951075553894, "id_test_balanced_conf": [0.8968265168520156, 0.8983636982587632], "ood_test": 0.5844700944386149, "ood_test_conf": [0.561967539906632, 0.6067122955701683], "ood_test_balanced": 0.6310141086578369, "ood_test_balanced_conf": [0.621053316462785, 0.6409749008528888], "validation": 0.9355356647134293, "validation_conf": [0.934596787618133, 0.936465058759796], "validation_balanced": 0.8965896368026733, "validation_balanced_conf": [0.8958183467434719, 0.8973609268618747], "features": ["Average_confidence(BORED)", "Average_confidence(CONCENTRATING)", "Average_confidence(CONFUSED)", "Average_confidence(FRUSTRATED)", "attempt_count", "skill_id", "problem_type", "bottom_hint", "tutor_mode", "position", "overlap_time", "first_action", "school_id"]}