{"id_test": 0.8129673907513862, "id_test_conf": [0.8102239501402058, 0.8156877197930528], "id_test_balanced": 0.5340257287025452, "id_test_balanced_conf": [0.5329743681405671, 0.5350770892645232], "ood_test": 0.7849339170997177, "ood_test_conf": [0.78126436803576, 0.7885695969000012], "ood_test_balanced": 0.542140007019043, "ood_test_balanced_conf": [0.5405991240590811, 0.5436808899790049], "validation": 0.8174545639538581, "validation_conf": [0.8147364115297555, 0.8201492724664932], "validation_balanced": 0.5348023772239685, "validation_balanced_conf": [0.5337584877642803, 0.5358462666836568], "features": ["NWLA", "OCCP", "RELP", "WKHP", "ANC", "NATIVITY", "DREM", "AGEP", "SEX", "ACS_YEAR", "DIVISION"]}