{"validation": 0.8537572690884374, "id_test": 0.8537141648793161, "ood_test": 0.46236559139784944, "ood_validation": 0.46153846153846156, "train": 0.8532137806551985, "id_test_conf": [0.8509992286094616, 0.8563980604277122], "id_test_balanced": 0.7623624801635742, "id_test_balanced_conf": [0.7604560505412519, 0.7642689097858966], "ood_test_conf": [0.4163385055953441, 0.5088742229585292], "ood_test_balanced": 0.5019920468330383, "ood_test_balanced_conf": [0.4991292148083448, 0.5048548788577318], "features": ["Average_confidence(BORED)", "Average_confidence(CONCENTRATING)", "Average_confidence(CONFUSED)", "Average_confidence(FRUSTRATED)", "skill_id", "bottom_hint", "ms_first_response", "tutor_mode", "position", "type", "school_id"]}