{"validation": 0.8535155954988294, "id_test": 0.8525964414101441, "ood_test": 0.46236559139784944, "ood_validation": 0.4423076923076923, "train": 0.8525548437526551, "id_test_conf": [0.8498730598854785, 0.8552888806608556], "id_test_balanced": 0.7639575600624084, "id_test_balanced_conf": [0.762032723184675, 0.7658823969401419], "ood_test_conf": [0.4163385055953441, 0.5088742229585292], "ood_test_balanced": 0.5019920468330383, "ood_test_balanced_conf": [0.4991292148083448, 0.5048548788577318], "features": ["Average_confidence(BORED)", "Average_confidence(CONCENTRATING)", "Average_confidence(CONFUSED)", "Average_confidence(FRUSTRATED)", "skill_id", "bottom_hint", "ms_first_response", "tutor_mode", "position", "type", "school_id"]}