{"id_test": 0.8755385707446721, "id_test_conf": [0.873666645056463, 0.8773925009946628], "id_test_balanced": 0.5402387380599976, "id_test_balanced_conf": [0.5393836584466044, 0.5410938176733907], "ood_test": 0.8305528358208956, "ood_test_conf": [0.8289389836586222, 0.832157531206658], "ood_test_balanced": 0.5384202599525452, "ood_test_balanced_conf": [0.5377599296695553, 0.539080590235535], "validation": 0.8781220595275434, "validation_conf": [0.8762667525294489, 0.87995924680829], "validation_balanced": 0.5427368879318237, "validation_balanced_conf": [0.5418673184118233, 0.5436064574518241], "features": ["PHYSHLTH", "HIGH_BLOOD_PRESS", "CHOL_CHK_PAST_5_YEARS", "TOLDHI", "BMI5", "SMOKE100", "SMOKDAY2", "CVDSTRK3", "VEG_ONCE_PER_DAY", "RFBING5", "CHECKUP1", "MENTHLTH", "MEDCOST", "PRACE1", "SEX", "STATE", "PRACE1", "PRACE1", "IYEAR"]}