{"validation": 0.4000356760613628, "id_test": 0.40313949339992866, "ood_test": 0.5827386917634294, "ood_validation": 0.5822935033229351, "train": 0.3998635384567359, "id_test_conf": [0.3973894470625354, 0.4089096241761882], "id_test_balanced": 0.5001504421234131, "id_test_balanced_conf": [0.5000006527174264, 0.5003002315293997], "ood_test_conf": [0.5814108163229442, 0.5840656641423018], "ood_test_balanced": 0.5000738501548767, "ood_test_balanced_conf": [0.500039172629331, 0.5001085276804225], "features": ["DRNK_PER_WEEK", "RFBING5", "TOTINDA", "POVERTY", "EMPLOY1", "STATE", "STATE", "BMI5CAT", "IYEAR"]}