{"validation": 0.6282911166607207, "id_test": 0.6302176239743132, "ood_test": 0.538215924589151, "ood_validation": 0.5374169266241693, "train": 0.6308982826359375, "id_test_conf": [0.6245351354992594, 0.6358731094889607], "id_test_balanced": 0.5879999995231628, "id_test_balanced_conf": [0.5843447633553296, 0.5916552356909961], "ood_test_conf": [0.5368736835447281, 0.5395577485254358], "ood_test_balanced": 0.5757348537445068, "ood_test_balanced_conf": [0.5748995475785341, 0.5765701599104796], "features": ["DRNK_PER_WEEK", "RFBING5", "TOTINDA", "POVERTY", "EMPLOY1", "STATE", "STATE", "BMI5CAT", "IYEAR"]}