{"validation": 0.5972529432750624, "id_test": 0.6007491972886193, "ood_test": 0.5730523761801782, "ood_validation": 0.573240200732402, "train": 0.5984730577642604, "id_test_conf": [0.5949878394573533, 0.6064896642076113], "id_test_balanced": 0.5976274013519287, "id_test_balanced_conf": [0.5935702110733837, 0.6016845916304737], "ood_test_conf": [0.5717204438348278, 0.5743835111887103], "ood_test_balanced": 0.5818689465522766, "ood_test_balanced_conf": [0.5809361788723618, 0.5828017142321914], "features": ["DRNK_PER_WEEK", "RFBING5", "TOTINDA", "POVERTY", "EMPLOY1", "STATE", "STATE", "BMI5CAT", "IYEAR"]}