{"validation": 0.5997145915090974, "id_test": 0.5957902247591866, "ood_test": 0.4219179733711091, "ood_validation": 0.42314865048148653, "train": 0.6003103831180124, "id_test_conf": [0.5900177452818158, 0.6015428417599915], "id_test_balanced": 0.5021058917045593, "id_test_balanced_conf": [0.501021727018524, 0.5031900563905947], "ood_test_conf": [0.420588934445711, 0.42324786453114843], "ood_test_balanced": 0.5017576813697815, "ood_test_balanced_conf": [0.5015089163725497, 0.5020064463670133], "features": ["DRNK_PER_WEEK", "RFBING5", "TOTINDA", "POVERTY", "EMPLOY1", "STATE", "STATE", "BMI5CAT", "IYEAR"]}