{"validation": 0.9179165007594862, "id_test": 0.9168792736460745, "ood_test": 0.4543524416135881, "ood_validation": 0.47770700636942676, "train": 0.9177713845401354, "id_test_conf": [0.9156712169496877, 0.9180754357071215], "id_test_balanced": 0.8641490936279297, "id_test_balanced_conf": [0.8631816023099236, 0.8651165849459358], "ood_test_conf": [0.42815503173494185, 0.4807400180628098], "ood_test_balanced": 0.5089172124862671, "ood_test_balanced_conf": [0.5054667561221868, 0.5123676688503473], "features": ["Average_confidence(CONFUSED)", "attempt_count", "hint_count", "skill_id", "problem_type", "ms_first_response", "tutor_mode", "type", "school_id"]}