{"validation": 0.9232746882173949, "id_test": 0.922089988054683, "ood_test": 0.45506015569709835, "ood_validation": 0.47770700636942676, "train": 0.9230245039061972, "id_test_conf": [0.9209167708930142, 0.9232511609291452], "id_test_balanced": 0.8728615045547485, "id_test_balanced_conf": [0.8719141128018965, 0.8738088963076006], "ood_test_conf": [0.4288579208703319, 0.4814496083525198], "ood_test_balanced": 0.5095541477203369, "ood_test_balanced_conf": [0.505984903043136, 0.5131233923975378], "features": ["Average_confidence(CONFUSED)", "attempt_count", "hint_count", "skill_id", "problem_type", "ms_first_response", "tutor_mode", "type", "school_id"]}