{"validation": 0.8103012186709588, "id_test": 0.8119540229885057, "ood_test": 0.7607743394093542, "ood_validation": 0.7702416278083933, "train": 0.8099206805379928, "id_test_conf": [0.800019236080843, 0.8234684032832591], "id_test_balanced": 0.7114189267158508, "id_test_balanced_conf": [0.703437853641808, 0.7193999997898937], "ood_test_conf": [0.7549768620504578, 0.766500335312109], "ood_test_balanced": 0.7147783041000366, "ood_test_balanced_conf": [0.7111614420125261, 0.7183951661875472], "features": ["VCF0218", "VCF9008", "VCF9011", "VCF9203", "VCF0523", "VCF0428", "VCF0429", "VCF0875", "VCF9052", "VCF0809", "VCF0839", "VCF0822", "VCF0870", "VCF0843", "VCF9239", "VCF0803", "VCF0606", "VCF0612", "VCF0615", "VCF0616", "VCF0310", "VCF0743", "VCF0717", "VCF0718", "VCF0720", "VCF0721", "VCF0701", "VCF0724", "VCF0725", "VCF0726", "VCF0105a", "VCF0115", "VCF0140a", "VCF0112"]}