{"validation": 0.6371530300828367, "id_test": 0.6377838328792007, "ood_test": 0.5136530329217092, "ood_validation": 0.519012413133676, "train": 0.6369899407343491, "id_test_conf": [0.6320732323599345, 0.643465335628751], "id_test_balanced": 0.5951411724090576, "id_test_balanced_conf": [0.5914430367853493, 0.598839308032766], "ood_test_conf": [0.5123027077091009, 0.515003208056993], "ood_test_balanced": 0.5613143444061279, "ood_test_balanced_conf": [0.5605344142520334, 0.5620942745602224], "features": ["AGEG5YR", "VEG_ONCE_PER_DAY", "TOTINDA", "CHCSCNCR", "POVERTY", "EMPLOY1", "BMI5CAT", "IYEAR"]}