{"validation": 0.6372256939398343, "id_test": 0.63858310626703, "ood_test": 0.5074568534563716, "ood_validation": 0.5132583195314768, "train": 0.637689320829265, "id_test_conf": [0.632875136376318, 0.6442618095351178], "id_test_balanced": 0.5915582180023193, "id_test_balanced_conf": [0.5879464624496177, 0.595169973555021], "ood_test_conf": [0.5061062091033839, 0.5088074158419056], "ood_test_balanced": 0.5580127835273743, "ood_test_balanced_conf": [0.5572554503032007, 0.5587701167515479], "features": ["AGEG5YR", "VEG_ONCE_PER_DAY", "TOTINDA", "CHCSCNCR", "POVERTY", "EMPLOY1", "BMI5CAT", "IYEAR"]}