{"id_test": 0.6716693774951944, "id_test_conf": [0.6660366289344853, 0.6772652332985052], "id_test_balanced": 0.6385535001754761, "id_test_balanced_conf": [0.6347637300891802, 0.642343270261772], "ood_test": 0.6027395675463054, "ood_test_conf": [0.6014062751445992, 0.6040717121196767], "ood_test_balanced": 0.6280161142349243, "ood_test_balanced_conf": [0.6271318286878522, 0.6289003997819964], "validation": 0.6638201914901483, "validation_conf": [0.6581548728353569, 0.6694503038254656], "validation_balanced": 0.6299829483032227, "validation_balanced_conf": [0.6261846780497581, 0.6337812185566872], "features": ["AGEG5YR", "DRNK_PER_WEEK", "TOTINDA", "SMOKE100", "SMOKDAY2", "CHCSCNCR", "DIABETES", "POVERTY", "EMPLOY1", "IYEAR", "MEDCOST", "PRACE1", "STATE", "MEDCOST", "PRACE1", "BMI5CAT"]}