{"id_test": 0.6288517441860465, "id_test_conf": [0.6231123719245859, 0.6345639006263544], "id_test_balanced": 0.57819664478302, "id_test_balanced_conf": [0.5746176406461746, 0.5817756489198654], "ood_test": 0.5267039713402125, "ood_test_conf": [0.5253491260689735, 0.5280585205149342], "ood_test_balanced": 0.5702351927757263, "ood_test_balanced_conf": [0.5694291549490299, 0.5710412306024227], "validation": 0.6354155310876122, "validation_conf": [0.6296966086571409, 0.641105849816747], "validation_balanced": 0.5846927762031555, "validation_balanced_conf": [0.5811257829191163, 0.5882597694871947], "features": ["VEG_ONCE_PER_DAY", "DRNK_PER_WEEK", "RFBING5", "POVERTY", "EMPLOY1", "IYEAR", "MEDCOST", "IYEAR", "STATE", "PRACE1", "SEX", "BMI5CAT"]}