{"id_test": 0.6342430604152087, "id_test_conf": [0.6196211536645841, 0.6486818265575424], "id_test_balanced": 0.5953984260559082, "id_test_balanced_conf": [0.5862386981211603, 0.6045581539906562], "ood_test": 0.6027899858734892, "ood_test_conf": [0.598526342803017, 0.6070419193225791], "ood_test_balanced": 0.6008130311965942, "ood_test_balanced_conf": [0.5979725374095142, 0.6036535249836743], "validation": 0.6306579561362576, "validation_conf": [0.6160073002435169, 0.6451303244216882], "validation_balanced": 0.5966938138008118, "validation_balanced_conf": [0.5873828822374344, 0.6060047453641891], "features": ["gender", "time_in_hospital", "num_procedures", "num_medications", "number_inpatient", "diag_1", "diag_2", "max_glu_serum", "A1Cresult", "metformin", "chlorpropamide", "acetohexamide", "glyburide", "rosiglitazone", "troglitazone", "tolazamide", "citoglipton", "insulin", "glimepiride-pioglitazone", "metformin-rosiglitazone", "metformin-pioglitazone", "admission_source_id"]}