{"id_test": 0.6552367623046419, "id_test_conf": [0.6407905131513401, 0.6694712004912027], "id_test_balanced": 0.6269828081130981, "id_test_balanced_conf": [0.61738734992221, 0.6365782663039863], "ood_test": 0.6066551561764244, "ood_test_conf": [0.6023984801403025, 0.6108996822162438], "ood_test_balanced": 0.6050117015838623, "ood_test_balanced_conf": [0.6021245619514957, 0.607898841216229], "validation": 0.648623425104993, "validation_conf": [0.6341168724123516, 0.6629271523260183], "validation_balanced": 0.6244185566902161, "validation_balanced_conf": [0.6147047957405448, 0.6341323176398873], "features": ["gender", "age", "admission_type_id", "discharge_disposition_id", "time_in_hospital", "num_medications", "number_outpatient", "number_inpatient", "diag_1", "diag_2", "number_diagnoses", "max_glu_serum", "metformin", "repaglinide", "nateglinide", "chlorpropamide", "glimepiride", "acetohexamide", "pioglitazone", "rosiglitazone", "acarbose", "troglitazone", "examide", "insulin", "glipizide-metformin", "glimepiride-pioglitazone", "change", "diabetesMed", "admission_source_id"]}