{"validation": 0.7881089737829511, "id_test": 0.7867615050061704, "ood_test": 0.48084614190153285, "ood_validation": 0.47836612526959815, "train": 0.7867241901339632, "id_test_conf": [0.785624418290558, 0.7878952731432348], "id_test_balanced": 0.5608444809913635, "id_test_balanced_conf": [0.560293830599403, 0.5613951313833241], "ood_test_conf": [0.4797627826526009, 0.4819296368152616], "ood_test_balanced": 0.5769481658935547, "ood_test_balanced_conf": [0.5764178681117482, 0.5774784636753612], "features": ["ESP", "MIG", "DEAR", "PINCP", "ESR", "AGEP", "SEX", "MAR", "CIT", "SCHL", "DIVISION", "ACS_YEAR", "DIS"]}