{"validation": 0.8180904778256833, "id_test": 0.815104034186295, "ood_test": 0.7816400016367282, "ood_validation": 0.794144724728411, "train": 0.8159702901983727, "id_test_conf": [0.812372568229597, 0.8178122304714008], "id_test_balanced": 0.5958957672119141, "id_test_balanced_conf": [0.5942191517353058, 0.5975723826885223], "ood_test_conf": [0.7779505712786547, 0.7852959549486908], "ood_test_balanced": 0.6184466481208801, "ood_test_balanced_conf": [0.6160096803354099, 0.6208836159063503], "features": ["ENG", "NWLK", "OCCP", "WKW", "MIL", "NATIVITY", "DEYE", "AGEP", "ST", "MAR", "SCHL", "DIVISION"]}