{"validation": 0.833301537639742, "id_test": 0.8320700005087246, "ood_test": 0.8041654732190352, "ood_validation": 0.8022463634689744, "train": 0.8317647507702483, "id_test_conf": [0.8294386178742006, 0.8346768576527452], "id_test_balanced": 0.6248835921287537, "id_test_balanced_conf": [0.6231566412327811, 0.6266105430247262], "ood_test_conf": [0.8006191195730974, 0.8076756668716947], "ood_test_balanced": 0.6366258859634399, "ood_test_balanced_conf": [0.6342643995163962, 0.6389873724104836], "features": ["ENG", "HUPAC", "NWLA", "NWLK", "OCCP", "POBP", "WKW", "WRK", "DIS", "ANC", "DEYE", "DREM", "PUBCOV", "AGEP", "CIT", "SCHL", "ACS_YEAR", "DIVISION"]}