{"id_test": 0.9879034557481752, "id_test_conf": [0.9873176559448364, 0.9884689578189207], "id_test_balanced": 0.5002875924110413, "id_test_balanced_conf": [0.5002233049768257, 0.5003518798452569], "ood_test": 0.9242124373149209, "ood_test_conf": [0.9227846311967565, 0.9256219093923391], "ood_test_balanced": 0.499987930059433, "ood_test_balanced_conf": [0.4999747964067865, 0.5000010637120795], "validation": 0.9886732198992066, "validation_conf": [0.988105681612717, 0.9892204228178827], "validation_balanced": 0.4999963939189911, "validation_balanced_conf": [0.49998936726539794, 0.5000034205725842], "features": ["Temp", "SBP", "DBP", "Resp", "BaseExcess", "HCO3", "pH", "PaCO2", "AST", "BUN", "Alkalinephos", "Glucose", "Magnesium", "Phosphate", "Potassium", "Hgb", "PTT", "WBC", "Age", "Unit2", "HospAdmTime", "ICULOS"]}