{"validation": 0.7985743849160727, "id_test": 0.7967816091954023, "ood_test": 0.7575714756723659, "ood_validation": 0.7689699025010598, "train": 0.7992297965283366, "id_test_conf": [0.7845113025599503, 0.8086521047945532], "id_test_balanced": 0.7351611256599426, "id_test_balanced_conf": [0.7264522130228579, 0.7438700382970274], "ood_test_conf": [0.7517483276062467, 0.7633240219514781], "ood_test_balanced": 0.7278269529342651, "ood_test_balanced_conf": [0.7238672454468906, 0.7317866604216396], "features": ["VCF0004", "VCF9008", "VCF9010", "VCF9011", "VCF9201", "VCF9205", "VCF0521", "VCF0428", "VCF0875", "VCF0822", "VCF0870", "VCF0843", "VCF9045", "VCF0838", "VCF0803", "VCF0846", "VCF0601", "VCF0606", "VCF0616", "VCF0617", "VCF0743", "VCF0718", "VCF0721", "VCF0701", "VCF0726", "VCF0745", "VCF0101", "VCF0115", "VCF0112"]}