{"id_test": 0.8075862068965517, "id_test_conf": [0.7955520082415231, 0.8192059317208094], "id_test_balanced": 0.73073410987854, "id_test_balanced_conf": [0.7223002053610981, 0.739168014395982], "ood_test": 0.7584192925439216, "ood_test_conf": [0.752602896776853, 0.7641648536789254], "ood_test_balanced": 0.7211024761199951, "ood_test_balanced_conf": [0.7172729592584074, 0.7249319929815828], "validation": 0.8024833295010347, "validation_conf": [0.7903344786182813, 0.8142245395593876], "validation_balanced": 0.7262604236602783, "validation_balanced_conf": [0.7177808295749127, 0.7347400177456439], "features": ["VCF0004", "VCF9008", "VCF9010", "VCF9011", "VCF9201", "VCF9205", "VCF0521", "VCF0428", "VCF0875", "VCF0822", "VCF0870", "VCF0843", "VCF9045", "VCF0838", "VCF0803", "VCF0846", "VCF0601", "VCF0606", "VCF0616", "VCF0617", "VCF0743", "VCF0718", "VCF0721", "VCF0701", "VCF0726", "VCF0745", "VCF0101", "VCF0115", "VCF0112"]}