{"validation": 0.7779648189527957, "id_test": 0.7771046083924742, "ood_test": 0.39129355636605506, "ood_validation": 0.38729697609930014, "train": 0.7772579787227404, "id_test_conf": [0.7759493147274803, 0.7782566952936224], "id_test_balanced": 0.5515979528427124, "id_test_balanced_conf": [0.5510415967879817, 0.5521543088974431], "ood_test_conf": [0.39023563912033543, 0.3923522435819173], "ood_test_balanced": 0.5147190093994141, "ood_test_balanced_conf": [0.514395031510503, 0.5150429872883251], "features": ["ESP", "DEAR", "PINCP", "FER", "AGEP", "ST", "DIS"]}