{"validation": 0.8253653325193636, "id_test": 0.8216284275321768, "ood_test": 0.7981300380539302, "ood_validation": 0.8027987479285583, "train": 0.8223850509842325, "id_test_conf": [0.8189343787653324, 0.8242987237829351], "id_test_balanced": 0.5460972785949707, "id_test_balanced_conf": [0.5450006440840661, 0.5471939131058753], "ood_test_conf": [0.7945436745649715, 0.8016809605989225], "ood_test_balanced": 0.5631271600723267, "ood_test_balanced_conf": [0.5614677747013047, 0.5647865454433486], "features": ["FER", "HUPAC", "WIF", "NWLA", "NWLK", "POBP", "RELP", "WKW", "DIS", "MIL", "ANC", "NATIVITY", "DEAR", "AGEP", "ST", "SCHL", "ACS_YEAR", "DIVISION"]}