{"id_test": 0.8740941281344404, "id_test_conf": [0.8722130251365361, 0.8759573051695025], "id_test_balanced": 0.5292142033576965, "id_test_balanced_conf": [0.5284675853000954, 0.5299608214152977], "ood_test": 0.8287570149253731, "ood_test_conf": [0.8271364425383168, 0.8303684803574932], "ood_test_balanced": 0.5305829048156738, "ood_test_balanced_conf": [0.5299796292209067, 0.531186180410441], "validation": 0.8761576175776284, "validation_conf": [0.8742896499444414, 0.8780075599953213], "validation_balanced": 0.5311903357505798, "validation_balanced_conf": [0.5304251749592368, 0.5319554965419229], "features": ["PHYSHLTH", "HIGH_BLOOD_PRESS", "CHOL_CHK_PAST_5_YEARS", "BMI5", "BMI5CAT", "SMOKDAY2", "CVDSTRK3", "VEG_ONCE_PER_DAY", "MARITAL", "CHECKUP1", "HEALTH_COV", "MENTHLTH", "STATE", "STATE", "MEDCOST", "PRACE1", "PRACE1", "IYEAR"]}