{"validation": 0.8755846891045788, "id_test": 0.8740989869470454, "ood_test": 0.8257064584423729, "ood_validation": 0.8310630171865054, "train": 0.8752396666554423, "id_test_conf": [0.8722283570894283, 0.8759518880042915], "id_test_balanced": 0.5094037652015686, "id_test_balanced_conf": [0.5089785322913667, 0.5098289981117705], "ood_test_conf": [0.8240850982081218, 0.8273189114929117], "ood_test_balanced": 0.5088145732879639, "ood_test_balanced_conf": [0.5084867378603667, 0.509142408715561], "features": ["PHYSHLTH", "BMI5", "BMI5CAT", "SMOKE100", "SMOKDAY2", "CVDSTRK3", "FRUIT_ONCE_PER_DAY", "TOTINDA", "INCOME", "MEDCOST", "IYEAR", "PRACE1"]}