{"validation": 0.8409070675467715, "id_test": 0.8384417764663987, "ood_test": 0.8085846393060272, "ood_validation": 0.8096114895967593, "train": 0.8382780778928425, "id_test_conf": [0.8358504105100207, 0.8410081450799507], "id_test_balanced": 0.6689839959144592, "id_test_balanced_conf": [0.6670934663712978, 0.6708745254576206], "ood_test_conf": [0.8050683976984511, 0.812064194333846], "ood_test_balanced": 0.6770465970039368, "ood_test_balanced_conf": [0.6745115581946447, 0.6795816358132288], "features": ["ENG", "FER", "HUPAC", "WIF", "NWLK", "POBP", "WKHP", "WRK", "DIS", "MIL", "ANC", "DEAR", "DEYE", "DREM", "PUBCOV", "SEX", "MAR", "RAC1P", "SCHL", "DIVISION"]}