{"id_test": 0.815689067507758, "id_test_conf": [0.8129609040249284, 0.8183939180272605], "id_test_balanced": 0.5473899841308594, "id_test_balanced_conf": [0.5461853851983324, 0.5485945830633864], "ood_test": 0.7824583657269119, "ood_test_conf": [0.7787738427680824, 0.7861093141975388], "ood_test_balanced": 0.5474028587341309, "ood_test_balanced_conf": [0.5457239425787702, 0.5490817748894915], "validation": 0.8183829982067229, "validation_conf": [0.8156701573933366, 0.8210723263991103], "validation_balanced": 0.5458551645278931, "validation_balanced_conf": [0.5446640056162141, 0.547046323439572], "features": ["FER", "NWLA", "POBP", "WKHP", "WKW", "WRK", "DIS", "MIL", "ANC", "DEYE", "SEX", "ST", "CIT", "SCHL", "DIVISION"]}