{"validation": 0.8741449139823062, "id_test": 0.8740704427181537, "ood_test": 0.8271907431400972, "ood_validation": 0.8282855493553973, "train": 0.8737762936593534, "id_test_conf": [0.8722727011864385, 0.875851807547261], "id_test_balanced": 0.5138012170791626, "id_test_balanced_conf": [0.5133045812416822, 0.514297852916643], "ood_test_conf": [0.8256522050848221, 0.8287211674460058], "ood_test_balanced": 0.5128010511398315, "ood_test_balanced_conf": [0.5124286662158556, 0.5131734360638075], "features": ["HIGH_BLOOD_PRESS", "BMI5CAT", "SMOKE100", "MICHD", "FRUIT_ONCE_PER_DAY", "DRNK_PER_WEEK", "TOTINDA", "INCOME", "STATE", "SEX", "IYEAR", "PRACE1", "SEX", "PRACE1"]}