{"validation": 0.8756008829614589, "id_test": 0.8737405589995232, "ood_test": 0.8289476570967218, "ood_validation": 0.8259684871460727, "train": 0.8744596860410562, "id_test_conf": [0.8719229919381665, 0.875541439722465], "id_test_balanced": 0.5027756690979004, "id_test_balanced_conf": [0.5025512946068192, 0.5030000435889815], "ood_test_conf": [0.8273953055688337, 0.8304916377879288], "ood_test_balanced": 0.5028669238090515, "ood_test_balanced_conf": [0.5026900160478545, 0.5030438315702486], "features": ["PHYSHLTH", "TOLDHI", "SMOKE100", "SMOKDAY2", "CVDSTRK3", "MICHD", "FRUIT_ONCE_PER_DAY", "VEG_ONCE_PER_DAY", "RFBING5", "TOTINDA", "INCOME", "MARITAL", "CHECKUP1", "EDUCA", "HEALTH_COV", "IYEAR", "MEDCOST", "IYEAR", "MEDCOST", "PRACE1"]}