{"id_test": 0.8154362416107382, "id_test_conf": [0.7666448127172291, 0.8578292705384343], "id_test_balanced": 0.6944049000740051, "id_test_balanced_conf": [0.6631887248903513, 0.725621075257659], "ood_test": 0.684177100344765, "ood_test_conf": [0.679135667903429, 0.6891861627711411], "ood_test_balanced": 0.6865674257278442, "ood_test_balanced_conf": [0.6830457687983289, 0.6900890826573596], "validation": 0.7885906040268457, "validation_conf": [0.7377881649182452, 0.8335525230741462], "validation_balanced": 0.6900867819786072, "validation_balanced_conf": [0.6576850656419992, 0.7224884983152151], "features": ["MARITAL_STATUS", "ORIGIN", "RECEIVED_WORK_COMP", "ALIMONY_AMT", "SAVINGS_INV_AMOUNT", "UNEMPLOYMENT_COMP_AMOUNT", "VA_BENEFITS_AMOUNT", "SURVIVOR_INCOME_AMOUNT", "DISABILITY_BENEFITS_AMOUNT", "FOOD_ASSISTANCE", "GENDER", "LIVING_OWNERSHIP", "SNAP_ASSISTANCE", "MEDICARE_ASSISTANCE", "HEALTHDISAB", "PRESCRIPTION_MEDS", "TRANSPORTATION_ASSISTANCE", "VISIT_DOCTOR_NUM", "HEALTH_HEARING", "HEALTH_COGNITIVE", "HEALTH_AMBULATORY", "HEALTH_SELF_CARE", "HEALTH_ERRANDS_DIFFICULTY", "HEALTH_SUPPLEMENTAL_DISABILITY", "HEALTH_INSURANCE_PREMIUMS", "SOCIAL_SEC_BENEFITS", "CITIZENSHIP_STATUS"]}