{"validation": 0.7848305540613233, "id_test": 0.787021567436209, "ood_test": 0.7812438250055986, "ood_validation": 0.7728512151748667, "train": 0.7868894087046909, "id_test_conf": [0.7849945073851559, 0.7890380912440413], "id_test_balanced": 0.7424179315567017, "id_test_balanced_conf": [0.7409563347371295, 0.7438795283762738], "ood_test_conf": [0.7782856939714845, 0.7841804464540036], "ood_test_balanced": 0.7641027569770813, "ood_test_balanced_conf": [0.7620093412464485, 0.7661961727077141], "features": ["COW", "ENG", "FER", "HINS1", "HINS3", "OCCP", "POBP", "WKHP", "WKW", "AGEP", "SEX", "MAR", "CIT", "RAC1P", "ACS_YEAR", "DIVISION"]}