{"validation": 0.8112209703380088, "id_test": 0.8165517241379311, "ood_test": 0.7733973906080731, "ood_validation": 0.7884696905468419, "train": 0.8103805035061501, "id_test_conf": [0.8047241452070713, 0.8279526478495638], "id_test_balanced": 0.7350889444351196, "id_test_balanced_conf": [0.7268252750858665, 0.7433526137843728], "ood_test_conf": [0.7677054718270252, 0.7790143600986641], "ood_test_balanced": 0.7334052324295044, "ood_test_balanced_conf": [0.7297126667620614, 0.7370977980969474], "features": ["VCF0004", "VCF0218", "VCF0301", "VCF9011", "VCF9201", "VCF9202", "VCF9204", "VCF9206", "VCF0521", "VCF0428", "VCF9052", "VCF0809", "VCF0822", "VCF0870", "VCF0838", "VCF0803", "VCF0601", "VCF0606", "VCF0612", "VCF0616", "VCF0617", "VCF0310", "VCF0743", "VCF0717", "VCF0701", "VCF0112"]}