{"id_test": 0.9879034557481752, "id_test_conf": [0.9873176559448364, 0.9884689578189207], "id_test_balanced": 0.5008699893951416, "id_test_balanced_conf": [0.5007591490038612, 0.500980829786422], "ood_test": 0.9242421987768039, "ood_test_conf": [0.9228146470677446, 0.9256514151473932], "ood_test_balanced": 0.5000941753387451, "ood_test_balanced_conf": [0.5000559564310243, 0.5001323942464659], "validation": 0.9886732198992066, "validation_conf": [0.988105681612717, 0.9892204228178827], "validation_balanced": 0.5012413859367371, "validation_balanced_conf": [0.5011092963040573, 0.5013734755694168], "features": ["MAP", "DBP", "Resp", "EtCO2", "BaseExcess", "HCO3", "pH", "PaCO2", "SaO2", "AST", "Alkalinephos", "Chloride", "Glucose", "Potassium", "Bilirubin_total", "TroponinI", "Hct", "Hgb", "WBC", "Age", "Gender", "Unit1", "Unit2", "HospAdmTime", "ICULOS"]}