{"validation": 0.7323038951998228, "id_test": 0.7334194005670311, "ood_test": 0.6972112078618382, "ood_validation": 0.6966212211025489, "train": 0.7327522717330512, "id_test_conf": [0.7312318086794956, 0.7355984252031771], "id_test_balanced": 0.6656442880630493, "id_test_balanced_conf": [0.6641374368034303, 0.6671511393226683], "ood_test_conf": [0.6939286343705913, 0.7004787030702544], "ood_test_balanced": 0.6505306959152222, "ood_test_balanced_conf": [0.6484263111744076, 0.6526350806560367], "features": ["ENG", "HINS1", "HINS2", "HINS3", "WKHP", "WRK", "SEX", "ST", "RAC1P", "ACS_YEAR", "DIVISION"]}