{"validation": 0.7850577398104162, "id_test": 0.7838061272170326, "ood_test": 0.43663044687648633, "ood_validation": 0.4352854439015802, "train": 0.7842597901428493, "id_test_conf": [0.7826633707864071, 0.7849455992896355], "id_test_balanced": 0.5417373180389404, "id_test_balanced_conf": [0.5412728508037981, 0.5422017852740828], "ood_test_conf": [0.43555518696916273, 0.4377061556262557], "ood_test_balanced": 0.5515750050544739, "ood_test_balanced_conf": [0.5511710972036235, 0.5519789129053243], "features": ["ANC", "PINCP", "FER", "ST", "CIT", "RAC1P", "SCHL", "ACS_YEAR", "DIS"]}