{"validation": 0.8756974219704456, "id_test": 0.8752781884678236, "ood_test": 0.8297178644343722, "ood_validation": 0.8292702453864937, "train": 0.8747841836134205, "id_test_conf": [0.8734593855472311, 0.8770800392593232], "id_test_balanced": 0.5047427415847778, "id_test_balanced_conf": [0.5044406684313435, 0.5050448147382122], "ood_test_conf": [0.8281576487913435, 0.8312695745567177], "ood_test_balanced": 0.5055631399154663, "ood_test_balanced_conf": [0.5053128297522198, 0.5058134500787128], "features": ["PHYSHLTH", "HIGH_BLOOD_PRESS", "CHOL_CHK_PAST_5_YEARS", "TOLDHI", "SMOKE100", "SMOKDAY2", "CVDSTRK3", "MICHD", "VEG_ONCE_PER_DAY", "HEALTH_COV", "MENTHLTH", "STATE", "PRACE1", "SEX", "IYEAR", "STATE", "PRACE1", "SEX", "PRACE1"]}