{"validation": 0.9216251329074833, "id_test": 0.9223215397419346, "ood_test": 0.909925736644574, "ood_validation": 0.9281609195402298, "train": 0.9224187503839774, "id_test_conf": [0.9216472289663803, 0.9229918389621365], "id_test_balanced": 0.8801689743995667, "id_test_balanced_conf": [0.879632540276507, 0.8807054085226264], "ood_test_conf": [0.9047758947359048, 0.9148841234612632], "ood_test_balanced": 0.8834754228591919, "ood_test_balanced_conf": [0.8797718017036096, 0.8871790440147742], "features": ["Average_confidence(BORED)", "Average_confidence(CONCENTRATING)", "Average_confidence(FRUSTRATED)", "attempt_count", "problem_type", "ms_first_response", "type", "first_action", "school_id"]}