{"id_test": 0.9331834832925943, "id_test_conf": [0.9325541786824584, 0.933808672693987], "id_test_balanced": 0.897747278213501, "id_test_balanced_conf": [0.897239660131745, 0.8982548962952569], "ood_test": 0.9100854427852751, "ood_test_conf": [0.9049395690774968, 0.9150397852230636], "ood_test_balanced": 0.8838354349136353, "ood_test_balanced_conf": [0.8801333110360429, 0.8875375587912276], "validation": 0.9327688826924557, "validation_conf": [0.9321377786549474, 0.9333958754735416], "validation_balanced": 0.8975626230239868, "validation_balanced_conf": [0.8970546850992832, 0.8980705609486904], "features": ["Average_confidence(BORED)", "Average_confidence(CONCENTRATING)", "Average_confidence(FRUSTRATED)", "attempt_count", "problem_type", "ms_first_response", "type", "first_action", "school_id"]}