{"validation": 0.779748758029301, "id_test": 0.7808196638315107, "ood_test": 0.7743936978830472, "ood_validation": 0.7703615886188501, "train": 0.7800427648258912, "id_test_conf": [0.778771622348914, 0.7828573969568536], "id_test_balanced": 0.7515854835510254, "id_test_balanced_conf": [0.7501060798019171, 0.7530648873001337], "ood_test_conf": [0.771403262843272, 0.7773631479158271], "ood_test_balanced": 0.7659424543380737, "ood_test_balanced_conf": [0.7638228214113042, 0.7680620872648433], "features": ["COW", "FER", "HINS1", "HINS3", "HINS4", "NWLA", "NWLK", "POBP", "RELP", "WKHP", "ST", "MAR", "CIT", "RAC1P", "SCHL", "DIVISION"]}