{"validation": 0.7924564123659146, "id_test": 0.7935715370595383, "ood_test": 0.7731554056724322, "ood_validation": 0.775103734439834, "train": 0.7937969643776752, "id_test_conf": [0.7915673866773794, 0.7955649104986], "id_test_balanced": 0.740016758441925, "id_test_balanced_conf": [0.7385789899504743, 0.7414545269333758], "ood_test_conf": [0.7701592541120771, 0.776130667045768], "ood_test_balanced": 0.7414748668670654, "ood_test_balanced_conf": [0.7394156065071001, 0.7435341272270307], "features": ["COW", "FER", "HINS1", "HINS3", "HINS4", "NWLA", "NWLK", "POBP", "RELP", "WKHP", "ST", "MAR", "CIT", "RAC1P", "SCHL", "DIVISION"]}