{"validation": 0.7910198398886181, "id_test": 0.7935272377480761, "ood_test": 0.7750655372739129, "ood_validation": 0.7749851807943094, "train": 0.792736149884149, "id_test_conf": [0.7915229297734865, 0.7955207704075756], "id_test_balanced": 0.7454431056976318, "id_test_balanced_conf": [0.7439981872588396, 0.7468880241364241], "ood_test_conf": [0.7720782193622466, 0.7780318187327409], "ood_test_balanced": 0.7467303276062012, "ood_test_balanced_conf": [0.7446572565566748, 0.7488033986557275], "features": ["COW", "FER", "HINS1", "HINS3", "HINS4", "NWLA", "NWLK", "POBP", "RELP", "WKHP", "ST", "MAR", "CIT", "RAC1P", "SCHL", "DIVISION"]}