{"validation": 0.8448901960490085, "id_test": 0.8458918241636217, "ood_test": 0.44333683105981114, "ood_validation": 0.5424528301886793, "train": 0.8448431578325423, "id_test_conf": [0.844515572699014, 0.8472605508247203], "id_test_balanced": 0.7491689324378967, "id_test_balanced_conf": [0.7482138625148218, 0.7501240023609717], "ood_test_conf": [0.42087396343299993, 0.4659743243902479], "ood_test_balanced": 0.5060521364212036, "ood_test_balanced_conf": [0.503597485604696, 0.5085067872377113], "features": ["Average_confidence(CONFUSED)", "Average_confidence(FRUSTRATED)", "hint_count", "skill_id", "problem_type", "bottom_hint", "ms_first_response", "tutor_mode", "position", "first_action", "school_id"]}