{"validation": 0.8447663993157417, "id_test": 0.8460343779776865, "ood_test": 0.44333683105981114, "ood_validation": 0.5424528301886793, "train": 0.8446949767552658, "id_test_conf": [0.8446586435941416, 0.8474025844513312], "id_test_balanced": 0.747853696346283, "id_test_balanced_conf": [0.7469031974906102, 0.7488041952019557], "ood_test_conf": [0.42087396343299993, 0.4659743243902479], "ood_test_balanced": 0.5060521364212036, "ood_test_balanced_conf": [0.503597485604696, 0.5085067872377113], "features": ["Average_confidence(CONFUSED)", "Average_confidence(FRUSTRATED)", "hint_count", "skill_id", "problem_type", "bottom_hint", "ms_first_response", "tutor_mode", "position", "first_action", "school_id"]}