{"validation": 0.8556942745886572, "id_test": 0.8567784338587817, "ood_test": 0.44438614900314793, "ood_validation": 0.5424528301886793, "train": 0.855514540033744, "id_test_conf": [0.8554428863762282, 0.8581062192705886], "id_test_balanced": 0.765165388584137, "id_test_balanced_conf": [0.7642175851482897, 0.7661131920199842], "ood_test_conf": [0.4219163483901063, 0.46702734089063613], "ood_test_balanced": 0.50698322057724, "ood_test_balanced_conf": [0.5043489890405908, 0.5096174521138892], "features": ["Average_confidence(CONFUSED)", "Average_confidence(FRUSTRATED)", "hint_count", "skill_id", "problem_type", "bottom_hint", "ms_first_response", "tutor_mode", "position", "first_action", "school_id"]}