{"validation": 0.8557955628249664, "id_test": 0.8568684678466121, "ood_test": 0.44438614900314793, "ood_validation": 0.5424528301886793, "train": 0.8556308340437584, "id_test_conf": [0.8555332675747777, 0.8581959040851289], "id_test_balanced": 0.7653131484985352, "id_test_balanced_conf": [0.7643653795740102, 0.7662609174230601], "ood_test_conf": [0.4219163483901063, 0.46702734089063613], "ood_test_balanced": 0.50698322057724, "ood_test_balanced_conf": [0.5043489890405908, 0.5096174521138892], "features": ["Average_confidence(CONFUSED)", "Average_confidence(FRUSTRATED)", "hint_count", "skill_id", "problem_type", "bottom_hint", "ms_first_response", "tutor_mode", "position", "first_action", "school_id"]}