{"validation": 0.9081960377461517, "id_test": 0.90799747829497, "ood_test": 0.8659266948814182, "ood_validation": 0.8850574712643678, "train": 0.9078896612718445, "id_test_conf": [0.9072660004210595, 0.9087250424129869], "id_test_balanced": 0.8595471382141113, "id_test_balanced_conf": [0.8589786297245883, 0.8601156467036344], "ood_test_conf": [0.8598340052576406, 0.8718487622825632], "ood_test_balanced": 0.8265569806098938, "ood_test_balanced_conf": [0.8223861852195113, 0.8307277760002763], "features": ["Average_confidence(BORED)", "Average_confidence(CONFUSED)", "Average_confidence(FRUSTRATED)", "attempt_count", "bottom_hint", "ms_first_response", "tutor_mode", "position", "type", "school_id"]}