{"validation": 0.9091540870981033, "id_test": 0.9088909958252875, "ood_test": 0.8671244909366765, "ood_validation": 0.8857758620689655, "train": 0.9088580528627637, "id_test_conf": [0.9081627040551287, 0.9096153652424753], "id_test_balanced": 0.8609533905982971, "id_test_balanced_conf": [0.8603865966654848, 0.8615201845311095], "ood_test_conf": [0.8610541229283722, 0.8730236725345242], "ood_test_balanced": 0.8281075358390808, "ood_test_balanced_conf": [0.8239455917757005, 0.8322694799024611], "features": ["Average_confidence(BORED)", "Average_confidence(CONFUSED)", "Average_confidence(FRUSTRATED)", "attempt_count", "bottom_hint", "ms_first_response", "tutor_mode", "position", "type", "school_id"]}