{"validation": 0.9097299095065301, "id_test": 0.9096173924841938, "ood_test": 0.8673640501477282, "ood_validation": 0.8864942528735632, "train": 0.9095209522751722, "id_test_conf": [0.9088917064476615, 0.9103391491782712], "id_test_balanced": 0.8616964817047119, "id_test_balanced_conf": [0.8611311588098761, 0.8622618045995477], "ood_test_conf": [0.8612981656643014, 0.873258635368643], "ood_test_balanced": 0.8284176588058472, "ood_test_balanced_conf": [0.8242575086466968, 0.8325778089649976], "features": ["Average_confidence(BORED)", "Average_confidence(CONFUSED)", "Average_confidence(FRUSTRATED)", "attempt_count", "bottom_hint", "ms_first_response", "tutor_mode", "position", "type", "school_id"]}