{"validation": 0.833615656607187, "id_test": 0.8327234602417565, "ood_test": 0.44527649769585254, "ood_validation": 0.5181347150259067, "train": 0.8324056742924866, "id_test_conf": [0.8312341852374017, 0.8342048019517643], "id_test_balanced": 0.7275543212890625, "id_test_balanced_conf": [0.7265640729200095, 0.7285445696581155], "ood_test_conf": [0.4217187619720392, 0.46901951570560396], "ood_test_balanced": 0.5041194558143616, "ood_test_balanced_conf": [0.5019933242630213, 0.5062455873657018], "features": ["Average_confidence(BORED)", "skill_id", "bottom_hint", "tutor_mode", "position", "overlap_time", "school_id"]}