{"validation": 0.8185469944905847, "id_test": 0.8174245539018172, "ood_test": 0.44527649769585254, "ood_validation": 0.5181347150259067, "train": 0.81742847774492, "id_test_conf": [0.8158834182353755, 0.8189581215238781], "id_test_balanced": 0.702592134475708, "id_test_balanced_conf": [0.701615926339291, 0.703568342612125], "ood_test_conf": [0.4217187619720392, 0.46901951570560396], "ood_test_balanced": 0.5041194558143616, "ood_test_balanced_conf": [0.5019933242630213, 0.5062455873657018], "features": ["Average_confidence(BORED)", "skill_id", "bottom_hint", "tutor_mode", "position", "overlap_time", "school_id"]}