{"validation": 0.8268533709794346, "id_test": 0.8225059775143715, "ood_test": 0.7914194525144237, "ood_validation": 0.7961701344135518, "train": 0.823431125977317, "id_test_conf": [0.8198170613896353, 0.8251710761707975], "id_test_balanced": 0.6164281368255615, "id_test_balanced_conf": [0.6146784256841056, 0.6181778479670175], "ood_test_conf": [0.7877900674426638, 0.7950141959620546], "ood_test_balanced": 0.6596300005912781, "ood_test_balanced_conf": [0.6570515195000917, 0.6622084816824645], "features": ["FER", "HUPAC", "WIF", "NWLK", "OCCP", "WKW", "WRK", "DIS", "MIL", "NATIVITY", "DEAR", "AGEP", "ST", "RAC1P", "DIVISION"]}