{"id_test": 0.8791946308724832, "id_test_conf": [0.836693836583857, 0.913937390595699], "id_test_balanced": 0.8064248561859131, "id_test_balanced_conf": [0.7770311489701272, 0.835818563401699], "ood_test": 0.7647734833363576, "ood_test_conf": [0.7601636341584299, 0.7693367795416309], "ood_test_balanced": 0.7693130373954773, "ood_test_balanced_conf": [0.7661580107267946, 0.77246806406416], "validation": 0.8456375838926175, "validation_conf": [0.7995231772926141, 0.8847174565229574], "validation_balanced": 0.7985091209411621, "validation_balanced_conf": [0.7674958052486182, 0.8295224366337061], "features": ["MARITAL_STATUS", "FAMILY_SIZE_AVG", "HOUSEHOLD_INC", "RECEIVED_WORK_COMP", "TANF_ASSISTANCE", "UNEMPLOYMENT_COMP", "SEVERANCE_PAY_PENSION", "FOSTER_CHILD_CARE_AMT", "CHILD_SUPPORT_AMT", "INCOME_FROM_ASSISTANCE", "VA_BENEFITS_AMOUNT", "RETIREMENT_INCOME_AMOUNT", "SURVIVOR_INCOME_AMOUNT", "EDUCATION", "AGE", "SNAP_ASSISTANCE", "WIC_ASSISTANCE", "HEALTHDISAB", "PRESCRIPTION_MEDS", "VISIT_DENTIST_NUM", "HEALTH_HEARING", "HEALTH_AMBULATORY", "HEALTH_ERRANDS_DIFFICULTY", "HEALTH_CORE_DISABILITY", "HEALTH_SUPPLEMENTAL_DISABILITY", "SOCIAL_SEC_BENEFITS", "CITIZENSHIP_STATUS"]}