{"validation": 0.788399835458659, "id_test": 0.7881353786958283, "ood_test": 0.7854856344930248, "ood_validation": 0.7761707172495554, "train": 0.789663664058007, "id_test_conf": [0.7861121592904303, 0.7901480209292171], "id_test_balanced": 0.7514341473579407, "id_test_balanced_conf": [0.7499702629796229, 0.7528980317362585], "ood_test_conf": [0.7825480967740323, 0.7884013377529913], "ood_test_balanced": 0.7610000967979431, "ood_test_balanced_conf": [0.7589414928946644, 0.7630587007012218], "features": ["COW", "HINS1", "HINS3", "HINS4", "NWLA", "OCCP", "RELP", "WKHP", "WRK", "SEX", "MAR", "DIVISION"]}