{"validation": 0.8756974219704456, "id_test": 0.8756205742743756, "ood_test": 0.8313413782520316, "ood_validation": 0.8289500020015211, "train": 0.8748299002113663, "id_test_conf": [0.8738038919621836, 0.8774202889342476], "id_test_balanced": 0.5336094498634338, "id_test_balanced_conf": [0.5328256721817888, 0.5343932275450789], "ood_test_conf": [0.8297870540886964, 0.8328871549521265], "ood_test_balanced": 0.5283818244934082, "ood_test_balanced_conf": [0.5278176745842211, 0.5289459744025953], "features": ["PHYSHLTH", "TOLDHI", "BMI5CAT", "FRUIT_ONCE_PER_DAY", "RFBING5", "TOTINDA", "MARITAL", "EDUCA", "MENTHLTH", "STATE", "MEDCOST", "SEX", "MEDCOST", "PRACE1", "IYEAR"]}