{"validation": 0.8731520876901998, "id_test": 0.8743139187359278, "ood_test": 0.8274751119559264, "ood_validation": 0.8293016320106039, "train": 0.8737227344750016, "id_test_conf": [0.8724620806172434, 0.876148345492909], "id_test_balanced": 0.5687624216079712, "id_test_balanced_conf": [0.5676655063289218, 0.5698593368870206], "ood_test_conf": [0.8258797209822079, 0.8290617615984529], "ood_test_balanced": 0.5640789270401001, "ood_test_balanced_conf": [0.5632418795640115, 0.5649159745161887], "features": ["HIGH_BLOOD_PRESS", "CHOL_CHK_PAST_5_YEARS", "TOLDHI", "BMI5", "BMI5CAT", "SMOKDAY2", "CVDSTRK3", "VEG_ONCE_PER_DAY", "DRNK_PER_WEEK", "RFBING5", "MARITAL", "EDUCA", "HEALTH_COV", "STATE", "PRACE1", "SEX", "IYEAR", "STATE", "MEDCOST", "PRACE1", "PRACE1"]}