{"id_test": 0.8787033821110507, "id_test_conf": [0.8778817527046108, 0.8795214153292301], "id_test_balanced": 0.8121374845504761, "id_test_balanced_conf": [0.8115291781746783, 0.8127457909262739], "ood_test": 0.8196119140780963, "ood_test_conf": [0.8127635199644588, 0.826311429636901], "ood_test_balanced": 0.766564130783081, "ood_test_balanced_conf": [0.7621929547842592, 0.7709353067819029], "validation": 0.8780085421216376, "validation_conf": [0.8771848976834163, 0.8788285969756319], "validation_balanced": 0.811930775642395, "validation_balanced_conf": [0.8113223802787252, 0.8125391710060649], "features": ["Average_confidence(BORED)", "Average_confidence(CONFUSED)", "hint_count", "problem_type", "tutor_mode", "overlap_time", "first_action", "school_id"]}