{"validation": 0.8300683508024279, "id_test": 0.8313138209674152, "ood_test": 0.44700944386149005, "ood_validation": 0.5424528301886793, "train": 0.8299847223433618, "id_test_conf": [0.829886776362024, 0.832733658378372], "id_test_balanced": 0.7251753807067871, "id_test_balanced_conf": [0.7242246198502835, 0.7261261415632907], "ood_test_conf": [0.42452275079565205, 0.46965944228119616], "ood_test_balanced": 0.5091755986213684, "ood_test_balanced_conf": [0.5059717404283584, 0.5123794568143785], "features": ["Average_confidence(CONFUSED)", "skill_id", "problem_type", "bottom_hint", "ms_first_response", "tutor_mode", "type", "first_action", "school_id"]}