{"validation": 0.8301583847902583, "id_test": 0.831381346458288, "ood_test": 0.44333683105981114, "ood_validation": 0.5424528301886793, "train": 0.8301596322858432, "id_test_conf": [0.8299545279496635, 0.8328009563015578], "id_test_balanced": 0.7241173982620239, "id_test_balanced_conf": [0.7231708116782829, 0.725063984845765], "ood_test_conf": [0.42087396343299993, 0.4659743243902479], "ood_test_balanced": 0.5060521364212036, "ood_test_balanced_conf": [0.503597485604696, 0.5085067872377113], "features": ["Average_confidence(CONFUSED)", "skill_id", "problem_type", "bottom_hint", "ms_first_response", "tutor_mode", "type", "first_action", "school_id"]}