{"validation": 0.839180540654097, "id_test": 0.840174665936391, "ood_test": 0.44438614900314793, "ood_validation": 0.5424528301886793, "train": 0.8391203671139297, "id_test_conf": [0.8387780096607939, 0.8415639219811664], "id_test_balanced": 0.7384495139122009, "id_test_balanced_conf": [0.7374992863554507, 0.7393997414689512], "ood_test_conf": [0.4219163483901063, 0.46702734089063613], "ood_test_balanced": 0.50698322057724, "ood_test_balanced_conf": [0.5043489890405908, 0.5096174521138892], "features": ["Average_confidence(CONFUSED)", "skill_id", "problem_type", "bottom_hint", "ms_first_response", "tutor_mode", "type", "first_action", "school_id"]}