{"validation": 0.8259758098363158, "id_test": 0.8237141985043496, "ood_test": 0.8006465076312451, "ood_validation": 0.8048241576136992, "train": 0.8245519206127646, "id_test_conf": [0.821032388559184, 0.826372101550908], "id_test_balanced": 0.5914431214332581, "id_test_balanced_conf": [0.5898764572036452, 0.5930097856628709], "ood_test_conf": [0.7970766720427254, 0.8041806024866032], "ood_test_balanced": 0.6113497018814087, "ood_test_balanced_conf": [0.6091472230711952, 0.6135521806916222], "features": ["HUPAC", "WIF", "NWLA", "NWLK", "WKW", "DEAR", "DEYE", "SEX", "ST", "MAR", "SCHL", "ACS_YEAR", "DIVISION"]}