{"validation": 0.8232032253551579, "id_test": 0.8200513811873633, "ood_test": 0.7967388191006178, "ood_validation": 0.8040876450009207, "train": 0.8212674359080344, "id_test_conf": [0.8173481687274555, 0.8227309578519034], "id_test_balanced": 0.5624043941497803, "id_test_balanced_conf": [0.5610743939643725, 0.563734394335188], "ood_test_conf": [0.7931434115736421, 0.8002989514101533], "ood_test_balanced": 0.591370701789856, "ood_test_balanced_conf": [0.5893174198176712, 0.5934239837620408], "features": ["FER", "WIF", "NWLA", "RELP", "WRK", "MIL", "ANC", "NATIVITY", "DREM", "AGEP", "MAR", "RAC1P", "SCHL", "ACS_YEAR", "DIVISION"]}