{"id_test": 0.7813163481953291, "id_test_conf": [0.7535305201903977, 0.807330603764815], "id_test_balanced": 0.773162305355072, "id_test_balanced_conf": [0.7543619498983025, 0.7919626608118415], "ood_test": 0.7071750932042645, "ood_test_conf": [0.69989028459102, 0.7143809992305002], "ood_test_balanced": 0.7136476635932922, "ood_test_balanced_conf": [0.7086262550391257, 0.7186690721474588], "validation": 0.7534537725823592, "validation_conf": [0.7246169168390129, 0.7806944634340311], "validation_balanced": 0.7485517263412476, "validation_balanced_conf": [0.7289903466030956, 0.7681131060793995], "features": ["FCSZ1231", "JOBORG31", "CMJHLD31", "MCRPD31", "MCRPB31", "MCRPHO31", "MCDHMO31", "PRVHMO31", "FSAGT31", "HASFSA31", "PFSAMT31", "MCAID31", "MCARE31", "GOVTA31", "GOVTB31", "GOVCAT31", "VAPROG31", "IHSAT31", "RETPLN31", "VACMPY31", "VAPROX31", "RNDFLG31", "DIFFWG31", "HOUR31", "SSNLJB31", "INDCAT31", "NUMEMP31", "MORE31", "UNION31", "STJBMM31", "STJBYY31", "OCCCAT31", "PRING31", "MCARE31X", "PUB31X", "PUBAT31X", "INS31X", "INSAT31X", "RACEAX", "RACEWX", "RACETHX", "HISPANX", "OTHLGSPK", "HWELLSPK", "WHTLGSPK", "TRILI31X", "PRINEO31", "PRIEUO31", "DENTIN31", "DNTINS31", "PMDINS31", "PMEDUP31", "PMEDPY31", "MARRY31X", "FTSTU31X", "HRWG31X", "TRIPR31X", "TRIEX31X", "VACMPM31", "ASPREV31", "ASPKFL31", "ASWNFL31", "IADLHP31", "AIDHLP31", "WLKLIM31", "STPDIF31", "WLKDIF31", "BENDIF31", "RCHDIF31", "WRKLIM31", "HSELIM31", "SCHLIM31", "VASPOU31", "ASACUT31", "ASTHEP31", "ASSTIL31", "FCRP1231", "RUCLAS31", "FAMS1231", "REGION31", "ENDRFY31", "INSCOP31", "INSC1231", "ELGRND31", "SPOUID31", "SPOUIN31", "ACTDTY31", "RTHLTH31", "MNHLTH31", "CHBRON31", "ASATAK31", "COGLIM31", "UNABLE31", "VAWAIT31", "VALOCT31", "VAOUT31", "VAPAST31", "VAMREC31", "VAPROB31", "VAREP31", "VACARE31", "VAPCSN31", "VAPCRF31", "VAPCSO31", "VASPCL31", "VAPACT31", "VACTDY31", "VARECM31", "VACOPD31", "VAGERD31", "VAJTPN31", "VARTHR31", "VANECK31", "VAFIBR31", "VATMD31", "VACOST31", "VAPTSD31", "VABIPL31", "VARHAB31", "VAGCNS31", "VARXMD31", "VALCOH31", "INSCOV19"]}