{"id_test": 0.7449664429530202, "id_test_conf": [0.6915107411919637, 0.7934781826306941], "id_test_balanced": 0.6557610034942627, "id_test_balanced_conf": [0.6205283045768738, 0.6909937024116516], "ood_test": 0.6707494102703684, "ood_test_conf": [0.6656542105007535, 0.6758146013010157], "ood_test_balanced": 0.6662895083427429, "ood_test_balanced_conf": [0.6627436006208882, 0.6698354160645976], "validation": 0.7516778523489933, "validation_conf": [0.6985855746324816, 0.7996888625874019], "validation_balanced": 0.6933133006095886, "validation_balanced_conf": [0.6578850474208593, 0.728741553798318], "features": ["LIVING_QUARTERS_TYPE", "ORIGIN", "TANF_ASSISTANCE", "SEVERANCE_PAY_PENSION", "ALIMONY_AMT", "SAVINGS_INV_AMOUNT", "UNEMPLOYMENT_COMP_AMOUNT", "RETIREMENT_INCOME_AMOUNT", "SURVIVOR_INCOME_AMOUNT", "FOOD_ASSISTANCE", "GENDER", "MEDICAID_ASSISTANCE", "HEALTHDISAB", "HOSPITAL_NIGHTS", "HEALTH_SEEING", "HEALTH_COGNITIVE", "HEALTH_AMBULATORY", "HEALTH_SELF_CARE", "HEALTH_CORE_DISABILITY", "HEALTH_SUPPLEMENTAL_DISABILITY", "SOCIAL_SEC_BENEFITS", "CITIZENSHIP_STATUS"]}