{"validation": 0.8764630140152203, "id_test": 0.8743169849943048, "ood_test": 0.8278591044776119, "ood_validation": 0.8310264786795049, "train": 0.877045569210166, "id_test_conf": [0.8724372926461873, 0.8761787406609666], "id_test_balanced": 0.5136860013008118, "id_test_balanced_conf": [0.5131849641574081, 0.5141870384442154], "ood_test_conf": [0.8262351962509062, 0.8294739306593618], "ood_test_balanced": 0.5118769407272339, "ood_test_balanced_conf": [0.5115096248890041, 0.5122442565654637], "features": ["PHYSHLTH", "HIGH_BLOOD_PRESS", "CHOL_CHK_PAST_5_YEARS", "BMI5", "BMI5CAT", "SMOKE100", "SMOKDAY2", "CVDSTRK3", "MICHD", "FRUIT_ONCE_PER_DAY", "VEG_ONCE_PER_DAY", "DRNK_PER_WEEK", "RFBING5", "TOTINDA", "INCOME", "MARITAL", "CHECKUP1", "EDUCA", "HEALTH_COV", "MENTHLTH", "IYEAR", "STATE", "MEDCOST", "PRACE1", "SEX"]}