{"validation": 0.777639327370647, "id_test": 0.7766692892316417, "ood_test": 0.37178328770707575, "ood_validation": 0.368381090717021, "train": 0.7766861221057403, "id_test_conf": [0.7755131962420625, 0.777822180497621], "id_test_balanced": 0.5100710988044739, "id_test_balanced_conf": [0.5098157552076736, 0.5103264424012741], "ood_test_conf": [0.3707357531729929, 0.3728317304098173], "ood_test_balanced": 0.504004955291748, "ood_test_balanced_conf": [0.503819662805181, 0.5041902477783151], "features": ["NATIVITY", "DREM", "FER", "ST", "DIS"]}