{"id_test": 0.7820908099732019, "id_test_conf": [0.7809448026559942, 0.7832335527937646], "id_test_balanced": 0.5310113430023193, "id_test_balanced_conf": [0.5306077674013795, 0.5314149186032592], "ood_test": 0.3899241572999363, "ood_test_conf": [0.38886691032479576, 0.3909821839450861], "ood_test_balanced": 0.5170417428016663, "ood_test_balanced_conf": [0.51676689545915, 0.5173165901441825], "validation": 0.7827253829518293, "validation_conf": [0.7815805737502087, 0.7838669203026846], "validation_balanced": 0.5308196544647217, "validation_balanced_conf": [0.5304162548144814, 0.531223054114962], "features": ["ESP", "MIG", "ANC", "NATIVITY", "DREM", "SEX", "ST", "MAR", "CIT", "ACS_YEAR", "DIS"]}