{"validation": 0.6033597760149323, "id_test": 0.6039188243526942, "ood_test": 0.5499529116308272, "ood_validation": 0.5504943502824858, "train": 0.6022515165655623, "id_test_conf": [0.5890950370455367, 0.6186008634770692], "id_test_balanced": 0.5584803819656372, "id_test_balanced_conf": [0.5496716523170471, 0.5672891116142273], "ood_test_conf": [0.5456212812102084, 0.5542788518047757], "ood_test_balanced": 0.5464047789573669, "ood_test_balanced_conf": [0.5439117077412083, 0.5488978501735255], "features": ["race", "age", "time_in_hospital", "medical_specialty", "num_medications", "number_outpatient", "diag_2", "diag_3", "number_diagnoses", "max_glu_serum", "A1Cresult", "repaglinide", "acetohexamide", "glipizide", "tolazamide", "insulin", "diabetesMed", "admission_source_id"]}