{"validation": 0.7709837673638579, "id_test": 0.7699979748886189, "ood_test": 0.7701518883956212, "ood_validation": 0.7560165975103734, "train": 0.7721416349516621, "id_test_conf": [0.7679149151097179, 0.7720711238989993], "id_test_balanced": 0.7349072694778442, "id_test_balanced_conf": [0.7334067344176582, 0.7364078045380302], "ood_test_conf": [0.7671420250403209, 0.7731410915433721], "ood_test_balanced": 0.74800705909729, "ood_test_balanced_conf": [0.745892463340424, 0.750121654854156], "features": ["COW", "FER", "HINS2", "HINS3", "HINS4", "NWLA", "NWLK", "OCCP", "RELP", "WKW", "WRK", "SEX", "CIT", "RAC1P", "ACS_YEAR", "DIVISION"]}