{"validation": 0.7684776761699839, "id_test": 0.769036046982584, "ood_test": 0.751696065128901, "ood_validation": 0.7494961470065205, "train": 0.7686324827568204, "id_test_conf": [0.7669499696507064, 0.7711122488843506], "id_test_balanced": 0.7221258282661438, "id_test_balanced_conf": [0.720632217831444, 0.7236194387008436], "ood_test_conf": [0.7486065688346906, 0.7547663141099757], "ood_test_balanced": 0.7354168891906738, "ood_test_balanced_conf": [0.7332345816493034, 0.7375991967320442], "features": ["COW", "HINS1", "HINS3", "HINS4", "NWLK", "AGEP", "SEX", "ST", "MAR", "CIT", "SCHL", "ACS_YEAR", "DIVISION"]}