{"validation": 0.7764073031041356, "id_test": 0.7775668286755771, "ood_test": 0.7398137292355521, "ood_validation": 0.7397747480735033, "train": 0.7768840532131762, "id_test_conf": [0.7755080516957134, 0.7796154168136278], "id_test_balanced": 0.7035622596740723, "id_test_balanced_conf": [0.7021421102108434, 0.7049824091373011], "ood_test_conf": [0.7366769772504433, 0.7429321433485023], "ood_test_balanced": 0.6972060799598694, "ood_test_balanced_conf": [0.6951472681900487, 0.6992648917296901], "features": ["COW", "HINS1", "HINS3", "HINS4", "NWLK", "AGEP", "SEX", "ST", "MAR", "CIT", "SCHL", "ACS_YEAR", "DIVISION"]}