{"id_test": 0.8319428193518849, "id_test_conf": [0.8293106520163122, 0.8345504706138732], "id_test_balanced": 0.631397008895874, "id_test_balanced_conf": [0.6296321710711346, 0.6331618467206135], "ood_test": 0.8020581856868121, "ood_test_conf": [0.7984977180037941, 0.8055827444511906], "ood_test_balanced": 0.6318004131317139, "ood_test_balanced_conf": [0.6294525281386449, 0.6341482981247828], "validation": 0.836404797334249, "validation_conf": [0.8338004702883237, 0.8389842775803644], "validation_balanced": 0.6329270601272583, "validation_balanced_conf": [0.6311690275929869, 0.6346850926615297], "features": ["ENG", "OCCP", "POBP", "RELP", "WKHP", "MIL", "NATIVITY", "DEYE", "PUBCOV", "MAR", "CIT", "RAC1P", "SCHL", "ACS_YEAR", "DIVISION"]}