{"validation": 0.7701357466063349, "id_test": 0.770016960307817, "ood_test": 0.7549762221548919, "ood_validation": 0.7511558980438648, "train": 0.7710175354771648, "id_test_conf": [0.7679339602396601, 0.7720900489099818], "id_test_balanced": 0.7226866483688354, "id_test_balanced_conf": [0.7211953092925251, 0.7241779874451458], "ood_test_conf": [0.7519003132084354, 0.7580326327058137], "ood_test_balanced": 0.7316951155662537, "ood_test_balanced_conf": [0.7295414796890691, 0.7338487514434382], "features": ["COW", "HINS2", "HINS3", "NWLK", "OCCP", "POBP", "RELP", "SEX", "ST", "MAR", "ACS_YEAR", "DIVISION"]}