{"validation": 0.7709204822326994, "id_test": 0.7721559842041312, "ood_test": 0.7554899816890833, "ood_validation": 0.7497332542975697, "train": 0.772779231134945, "id_test_conf": [0.7700797498443882, 0.7742222285148113], "id_test_balanced": 0.7130415439605713, "id_test_balanced_conf": [0.7115730600501411, 0.7145100278710015], "ood_test_conf": [0.7524162225817991, 0.758544203073502], "ood_test_balanced": 0.7298833727836609, "ood_test_balanced_conf": [0.7277408907376229, 0.7320258548296988], "features": ["COW", "HINS2", "HINS3", "NWLK", "OCCP", "POBP", "RELP", "SEX", "ST", "MAR", "ACS_YEAR", "DIVISION"]}