{"id_test": 0.7813163481953291, "id_test_conf": [0.7535305201903977, 0.807330603764815], "id_test_balanced": 0.7727662324905396, "id_test_balanced_conf": [0.7539651669561863, 0.7915672980248928], "ood_test": 0.7052128981620773, "ood_test_conf": [0.697914386637449, 0.7124332553073003], "ood_test_balanced": 0.7062928080558777, "ood_test_balanced_conf": [0.7011889953631908, 0.7113966207485646], "validation": 0.7523910733262487, "validation_conf": [0.7235178909672417, 0.7796748392392109], "validation_balanced": 0.7488176226615906, "validation_balanced_conf": [0.7292444928735494, 0.7683907524496317], "features": ["FCSZ1231", "PRVHMO31", "FSAGT31", "MCARE31", "GOVAAT31", "GOVTB31", "GOVCAT31", "VAPRAT31", "IHS31", "RETPLN31", "VACMPY31", "EMPST31", "RNDFLG31", "MORJOB31", "HRWGIM31", "NHRWG31", "TEMPJB31", "SELFCM31", "INDCAT31", "NUMEMP31", "MORE31", "UNION31", "NWK31", "STJBYY31", "PAYDR31", "YRSINUS", "PRIDK31", "TRIAT31X", "MCDAT31X", "PUB31X", "RACEV1X", "RACEAX", "RACEWX", "OTHLGSPK", "HWELLSPK", "WHTLGSPK", "TRILI31X", "PRIOG31", "PRINEO31", "PRIV31", "DNTINS31", "PMEDIN31", "PMDINS31", "PMEDUP31", "FTSTU31X", "REFRL31X", "HRWG31X", "OFFER31X", "TRIST31X", "TRIEX31X", "VASPUN31", "VASPMH31", "ASPREV31", "ASWNFL31", "MILDIF31", "STNDIF31", "RCHDIF31", "FNGRDF31", "ACTLIM31", "WRKLIM31", "HSELIM31", "ASTHEP31", "RUCLAS31", "FMRS1231", "FAMS1231", "REGION31", "BEGRFM31", "ENDRFM31", "ENDRFY31", "INSCOP31", "INSC1231", "PSTATS31", "ACTDTY31", "RTHLTH31", "ASATAK31", "COGLIM31", "UNABLE31", "VAPRHT31", "VAWAIT31", "VANTWK31", "VAOUT31", "VAPAST31", "VACOMP31", "VAMREC31", "VACARE31", "VAPROV31", "VAPCCO31", "VAPCRC31", "VAPCRF31", "VAPCSO31", "VASPCL31", "VACTDY31", "VACOPD31", "VADERM31", "VABACK31", "VAJTPN31", "VARTHR31", "VAGOUT31", "VAFIBR31", "VAPTSD31", "VABIPL31", "VAMNHC31", "VALCOH31", "REFPRS31", "DAPID31X", "AGE31X", "INSCOV19"]}