{"validation": 0.8291935340277513, "id_test": 0.8241974869003409, "ood_test": 0.8000941118703712, "ood_validation": 0.8051924139200883, "train": 0.8269938221163782, "id_test_conf": [0.8215185323130858, 0.8268524988157792], "id_test_balanced": 0.6094816327095032, "id_test_balanced_conf": [0.6077882685745135, 0.6111749968444928], "ood_test_conf": [0.796520629462293, 0.803631919354816], "ood_test_balanced": 0.618546724319458, "ood_test_balanced_conf": [0.616278311656788, 0.620815136982128], "features": ["WIF", "NWLK", "WKHP", "MIL", "NATIVITY", "DEAR", "DREM", "PUBCOV", "SEX", "MAR", "CIT", "DIVISION"]}