{"id_test": 0.653801382320844, "id_test_conf": [0.648143155073374, 0.659427086299031], "id_test_balanced": 0.6045358180999756, "id_test_balanced_conf": [0.6009974695555865, 0.6080741666443646], "ood_test": 0.5922477412235326, "ood_test_conf": [0.5909131283507876, 0.5935813300908901], "ood_test_balanced": 0.6202211380004883, "ood_test_balanced_conf": [0.6193472118966747, 0.6210950641043018], "validation": 0.6569297926518735, "validation_conf": [0.6512833231922959, 0.6625430769953445], "validation_balanced": 0.6095254421234131, "validation_balanced_conf": [0.6060064349789173, 0.6130444492679089], "features": ["VEG_ONCE_PER_DAY", "DRNK_PER_WEEK", "TOTINDA", "CHCOCNCR", "DIABETES", "EMPLOY1", "STATE", "PRACE1", "IYEAR", "STATE", "PRACE1", "BMI5CAT"]}