{"validation": 0.5907602764641688, "id_test": 0.5942888323026555, "ood_test": 0.4815178824593267, "ood_validation": 0.48365404510655907, "train": 0.5940741279664601, "id_test_conf": [0.5884563859394906, 0.60010134272736], "id_test_balanced": 0.5489818453788757, "id_test_balanced_conf": [0.5452722230181098, 0.5526914677396416], "ood_test_conf": [0.4801615259104747, 0.482874444167574], "ood_test_balanced": 0.5274367928504944, "ood_test_balanced_conf": [0.5266370867961087, 0.5282364989048801], "features": ["VEG_ONCE_PER_DAY", "DRNK_PER_WEEK", "TOTINDA", "CHCOCNCR", "DIABETES", "EMPLOY1", "STATE", "PRACE1", "IYEAR", "STATE", "PRACE1", "BMI5CAT"]}