{"validation": 0.6389959985449254, "id_test": 0.6405238268461259, "ood_test": 0.5545918875631269, "ood_validation": 0.5570556590109663, "train": 0.6403006588849429, "id_test_conf": [0.6348186661134112, 0.6461992730969857], "id_test_balanced": 0.5662511587142944, "id_test_balanced_conf": [0.5634852488571778, 0.5690170685714111], "ood_test_conf": [0.5532423077170806, 0.5559408614128873], "ood_test_balanced": 0.5989556908607483, "ood_test_balanced_conf": [0.5981652763951569, 0.5997461053263397], "features": ["VEG_ONCE_PER_DAY", "DRNK_PER_WEEK", "TOTINDA", "CHCOCNCR", "DIABETES", "EMPLOY1", "STATE", "PRACE1", "IYEAR", "STATE", "PRACE1", "BMI5CAT"]}