{"validation": 0.808921591170384, "id_test": 0.8154022988505747, "ood_test": 0.7753285290377279, "ood_validation": 0.7778719796523951, "train": 0.8067881365674215, "id_test_conf": [0.8035476674043729, 0.8268318375848044], "id_test_balanced": 0.7457060217857361, "id_test_balanced_conf": [0.7372930672951042, 0.7541189762763679], "ood_test_conf": [0.7696533927471247, 0.7809281853752383], "ood_test_balanced": 0.7411013841629028, "ood_test_balanced_conf": [0.7373080693930387, 0.7448946989327669], "features": ["VCF0004", "VCF0218", "VCF9010", "VCF9011", "VCF9201", "VCF9202", "VCF9205", "VCF0521", "VCF0523", "VCF0428", "VCF0875", "VCF0809", "VCF0822", "VCF0843", "VCF9045", "VCF9239", "VCF0846", "VCF0606", "VCF0612", "VCF0616", "VCF0617", "VCF0310", "VCF0721", "VCF0701", "VCF0725", "VCF0726", "VCF0104", "VCF0105a", "VCF0115", "VCF0112"]}