{"validation": 0.800643826166935, "id_test": 0.8057471264367816, "ood_test": 0.7791908058970374, "ood_validation": 0.7850784230606189, "train": 0.8011840441430049, "id_test_conf": [0.7936717649022215, 0.8174105112111755], "id_test_balanced": 0.7529677748680115, "id_test_balanced_conf": [0.7443245927803218, 0.7616109569557011], "ood_test_conf": [0.7735497535415562, 0.7847553168583158], "ood_test_balanced": 0.753485381603241, "ood_test_balanced_conf": [0.7495956888608635, 0.7573750743456185], "features": ["VCF0004", "VCF0218", "VCF9010", "VCF9011", "VCF9201", "VCF9202", "VCF9205", "VCF0521", "VCF0523", "VCF0428", "VCF0875", "VCF0809", "VCF0822", "VCF0843", "VCF9045", "VCF9239", "VCF0846", "VCF0606", "VCF0612", "VCF0616", "VCF0617", "VCF0310", "VCF0721", "VCF0701", "VCF0725", "VCF0726", "VCF0104", "VCF0105a", "VCF0115", "VCF0112"]}