{"validation": 0.7902875708143879, "id_test": 0.7896070545666577, "ood_test": 0.5083722858082572, "ood_validation": 0.5078238478806285, "train": 0.7898275918446407, "id_test_conf": [0.7884755100179647, 0.7907352475871358], "id_test_balanced": 0.5641348361968994, "id_test_balanced_conf": [0.5635833270149305, 0.5646863453788683], "ood_test_conf": [0.507288185619061, 0.509456326697448], "ood_test_balanced": 0.6032938957214355, "ood_test_balanced_conf": [0.6027674044528976, 0.6038203869899735], "features": ["ESP", "ANC", "NATIVITY", "DEAR", "DREM", "PINCP", "ESR", "FER", "AGEP", "ST", "CIT", "ACS_YEAR", "DIS"]}