{"validation": 0.8759623741510726, "id_test": 0.8738636188835393, "ood_test": 0.829728697987284, "ood_validation": 0.8269162421514039, "train": 0.8744933354868979, "id_test_conf": [0.8720468020060944, 0.8756637439087467], "id_test_balanced": 0.5127535462379456, "id_test_balanced_conf": [0.5122646363161039, 0.5132424561597873], "ood_test_conf": [0.8281791435660539, 0.8312698616677849], "ood_test_balanced": 0.5107051730155945, "ood_test_balanced_conf": [0.5103598124533891, 0.5110505335777998], "features": ["PHYSHLTH", "HIGH_BLOOD_PRESS", "CHOL_CHK_PAST_5_YEARS", "TOLDHI", "MICHD", "VEG_ONCE_PER_DAY", "RFBING5", "CHECKUP1", "EDUCA", "HEALTH_COV", "IYEAR", "PRACE1", "IYEAR", "STATE", "PRACE1", "PRACE1"]}