{"validation": 0.7656235167547385, "id_test": 0.7660553361684893, "ood_test": 0.7435549525101763, "ood_validation": 0.7394190871369295, "train": 0.765833704473378, "id_test_conf": [0.7639600048524652, 0.7681409015542124], "id_test_balanced": 0.7042466998100281, "id_test_balanced_conf": [0.7027735338825732, 0.7057198657374829], "ood_test_conf": [0.7404327521269574, 0.7466585286950387], "ood_test_balanced": 0.713654100894928, "ood_test_balanced_conf": [0.711502929981798, 0.715805271808058], "features": ["HINS2", "HINS3", "NWLK", "POBP", "RELP", "WKHP", "WRK", "SEX", "ST", "RAC1P", "SCHL", "DIVISION"]}