{"validation": 0.8339501697890038, "id_test": 0.8299969476522359, "ood_test": 0.8018331355620115, "ood_validation": 0.8062971828392561, "train": 0.8316359786206436, "id_test_conf": [0.8273528415119786, 0.8326166817917576], "id_test_balanced": 0.6258677244186401, "id_test_balanced_conf": [0.6241193798114546, 0.6276160690258257], "ood_test_conf": [0.7982711697816852, 0.8053592192364163], "ood_test_balanced": 0.6397084593772888, "ood_test_balanced_conf": [0.6373070767009631, 0.6421098420536145], "features": ["ENG", "FER", "WIF", "NWLA", "NWLK", "POBP", "MIL", "DEYE", "DREM", "PUBCOV", "AGEP", "SEX", "ST", "MAR", "RAC1P", "DIVISION"]}