{"validation": 0.760389836407936, "id_test": 0.7611381125961928, "ood_test": 0.7331612019338436, "ood_validation": 0.7289863663307646, "train": 0.7612447522907185, "id_test_conf": [0.7590278297461603, 0.7632388101469249], "id_test_balanced": 0.6712658405303955, "id_test_balanced_conf": [0.6698809809191153, 0.6726507001416757], "ood_test_conf": [0.7299993001698637, 0.7363052749266281], "ood_test_balanced": 0.6859642863273621, "ood_test_balanced_conf": [0.6839401120599359, 0.6879884605947882], "features": ["ENG", "HINS4", "NWLK", "OCCP", "POBP", "WKHP", "SEX", "CIT", "ACS_YEAR", "DIVISION"]}