{"id_test": 0.9097902702702703, "id_test_conf": [0.9089609823100168, 0.9106144204382197], "id_test_balanced": 0.861310601234436, "id_test_balanced_conf": [0.860663635674864, 0.861957566794008], "ood_test": 0.8692687021298919, "ood_test_conf": [0.862335524583947, 0.8759753426903649], "ood_test_balanced": 0.8280550241470337, "ood_test_balanced_conf": [0.8232843628805131, 0.8328256854135543], "validation": 0.9092497297297297, "validation_conf": [0.9084182212959672, 0.9100761071721538], "validation_balanced": 0.8612455129623413, "validation_balanced_conf": [0.8605986054730601, 0.8618924204516225], "features": ["Average_confidence(CONFUSED)", "attempt_count", "bottom_hint", "tutor_mode", "position", "overlap_time", "school_id"]}