{"id_test": 0.8073563218390805, "id_test_conf": [0.7953169555158985, 0.8189815264952616], "id_test_balanced": 0.7346063256263733, "id_test_balanced_conf": [0.7261227065511048, 0.7430899447016418], "ood_test": 0.7603033300362677, "ood_test_conf": [0.7545020498603793, 0.7660332581246614], "ood_test_balanced": 0.7234069108963013, "ood_test_balanced_conf": [0.719579168772325, 0.7272346530202776], "validation": 0.8107610945044837, "validation_conf": [0.7987975114005148, 0.8223057947851466], "validation_balanced": 0.7383337020874023, "validation_balanced_conf": [0.7299093087762594, 0.7467580953985453], "features": ["VCF0004", "VCF0224", "VCF0301", "VCF0302", "VCF9011", "VCF9201", "VCF9202", "VCF9205", "VCF0521", "VCF9052", "VCF0870", "VCF0843", "VCF9045", "VCF9239", "VCF0846", "VCF0601", "VCF0606", "VCF0612", "VCF0617", "VCF0743", "VCF0717", "VCF0718", "VCF0720", "VCF0721", "VCF0675", "VCF0726", "VCF0101", "VCF0105a", "VCF0115", "VCF0140a", "VCF0112"]}