{"validation": 0.8201254022155239, "id_test": 0.8181309457190823, "ood_test": 0.7888620647325996, "ood_validation": 0.7972749033327196, "train": 0.8187953285915507, "id_test_conf": [0.8154166776856893, 0.8208217200842949], "id_test_balanced": 0.5644245743751526, "id_test_balanced_conf": [0.5630492765107192, 0.5657998722395859], "ood_test_conf": [0.785216678753737, 0.7924731136631501], "ood_test_balanced": 0.583114743232727, "ood_test_balanced_conf": [0.5810524483863264, 0.5851770380791277], "features": ["FER", "HUPAC", "OCCP", "POBP", "WKW", "DIS", "MIL", "ANC", "NATIVITY", "DEAR", "DEYE", "DREM", "MAR", "DIVISION"]}