{"id_test": 0.6301235465116279, "id_test_conf": [0.6243880683361422, 0.6358315401569045], "id_test_balanced": 0.5762776732444763, "id_test_balanced_conf": [0.5727730349032208, 0.5797823115857318], "ood_test": 0.5223674944119538, "ood_test_conf": [0.5210120955144816, 0.5237226452963321], "ood_test_balanced": 0.5680854320526123, "ood_test_balanced_conf": [0.5672949095466174, 0.5688759545586072], "validation": 0.6306551836912678, "validation_conf": [0.6249212411424299, 0.6363615283788371], "validation_balanced": 0.5774757862091064, "validation_balanced_conf": [0.573956426079385, 0.5809951463388279], "features": ["FRUIT_ONCE_PER_DAY", "VEG_ONCE_PER_DAY", "CHCSCNCR", "POVERTY", "EMPLOY1", "STATE", "PRACE1", "SEX", "MEDCOST", "SEX", "BMI5CAT", "IYEAR"]}