{"id_test": 0.8368520120059012, "id_test_conf": [0.8342505312125006, 0.8394286131962592], "id_test_balanced": 0.6454004049301147, "id_test_balanced_conf": [0.6435982295055873, 0.6472025803546422], "ood_test": 0.8091984123736651, "ood_test_conf": [0.8056864087840637, 0.8126736562397565], "ood_test_balanced": 0.6473358869552612, "ood_test_balanced_conf": [0.6449502565013244, 0.649721517409198], "validation": 0.8382489475625421, "validation_conf": [0.8356563334311238, 0.8408165783144548], "validation_balanced": 0.6422690749168396, "validation_balanced_conf": [0.6404760691220872, 0.644062080711592], "features": ["HUPAC", "OCCP", "POBP", "RELP", "MIL", "ANC", "DEAR", "DEYE", "DREM", "PUBCOV", "MAR", "CIT", "ACS_YEAR", "DIVISION"]}