{"validation": 0.5866099893730075, "id_test": 0.5955414012738853, "ood_test": 0.5570671724769443, "ood_validation": 0.5473808122424956, "train": 0.5810649316159873, "id_test_conf": [0.5634108343393368, 0.6270727132463175], "id_test_balanced": 0.5100411772727966, "id_test_balanced_conf": [0.5028388977609575, 0.5172434567846358], "ood_test_conf": [0.5491504891209198, 0.5649621326667209], "ood_test_balanced": 0.5049331188201904, "ood_test_balanced_conf": [0.5036605274491012, 0.5062057101912797], "features": ["JOBORG31", "OFREMP31", "MCRPB31", "MCDHMO31", "FSAGT31", "PFSAMT31", "MCAID31", "GOVTB31", "IHS31", "BSNTY31", "SICPAY31", "RNDFLG31", "MORJOB31", "HRHOW31", "DIFFWG31", "NHRWG31", "HOUR31", "TEMPJB31", "NWK31", "STJBMM31", "PAYVAC31", "PRIDK31", "PRING31", "TRIAT31X", "MCDAT31X", "INS31X", "SEX", "RACETHX", "HISPANX", "HISPNCAT", "EDUCYR", "PRIEUO31", "PRIV31", "PRIVAT31", "DENTIN31", "PMEDUP31", "PMEDPY31", "MARRY31X", "HELD31X", "TRIPR31X", "TRICH31X", "VASPUN31", "VACMPM31", "ASPREV31", "AIDHLP31", "WLKLIM31", "STPDIF31", "MILDIF31", "RCHDIF31", "ACTLIM31", "WRKLIM31", "HSELIM31", "VASPOU31", "SOCLIM31", "ASTHEP31", "FCRP1231", "RUSIZE31", "RUCLAS31", "FMRS1231", "REGION31", "RESP31", "PROXY31", "BEGRFM31", "BEGRFY31", "ENDRFM31", "ENDRFY31", "INSCOP31", "INSC1231", "SPOUIN31", "RTHLTH31", "ASATAK31", "COGLIM31", "VAWAIT31", "VALOCT31", "VACOMP31", "VAGTRC31", "VACARC31", "VAREP31", "VAPCPR31", "VAPROV31", "VAPCUN31", "VASPCL31", "VAPACT31", "VACTDY31", "VAMOBL31", "VAHRLS31", "VABACK31", "VARTHR31", "VATMD31", "VABIPL31", "VAMNHC31", "VAGCNS31", "VARXMD31", "VACRGV31", "VALCOH31", "REFPRS31", "MOPID31X", "DAPID31X", "AGE31X", "INSCOV19"]}