{"validation": 0.5629085269027659, "id_test": 0.5604342848701946, "ood_test": 0.6108657507545393, "ood_validation": 0.6121723755373735, "train": 0.5611411161888935, "id_test_conf": [0.5544979851276068, 0.5663576129444139], "id_test_balanced": 0.6007688641548157, "id_test_balanced_conf": [0.5970272812293842, 0.6045104470802471], "ood_test_conf": [0.6095379778815262, 0.6121922863655309], "ood_test_balanced": 0.5856389999389648, "ood_test_balanced_conf": [0.5847365964041091, 0.5865414034738206], "features": ["AGEG5YR", "FRUIT_ONCE_PER_DAY", "RFBING5", "CHCSCNCR", "IYEAR", "STATE", "PRACE1", "MEDCOST", "PRACE1", "BMI5CAT"]}