{"id_test": 0.6369511429521031, "id_test_conf": [0.6311906956345288, 0.6426821910685867], "id_test_balanced": 0.600861668586731, "id_test_balanced_conf": [0.5970407945010812, 0.6046825426723808], "ood_test": 0.5278519851076001, "ood_test_conf": [0.5264929326538061, 0.5292107267401751], "ood_test_balanced": 0.5701257586479187, "ood_test_balanced_conf": [0.569305753262015, 0.5709457640338224], "validation": 0.6429336386129473, "validation_conf": [0.6371933207736193, 0.6486432725190763], "validation_balanced": 0.6064246892929077, "validation_balanced_conf": [0.6026149589987472, 0.6102344195870683], "features": ["AGEG5YR", "FRUIT_ONCE_PER_DAY", "RFBING5", "CHCSCNCR", "IYEAR", "STATE", "PRACE1", "MEDCOST", "PRACE1", "BMI5CAT"]}