{"id_test": 0.9323282038969711, "id_test_conf": [0.9313680901795712, 0.933278904960513], "features": ["Average_confidence(CONCENTRATING)", "Average_confidence(FRUSTRATED)", "attempt_count", "skill_id", "bottom_hint", "type", "first_action", "school_id"], "ood_test": 0.5818467995802729, "ood_test_conf": [0.5593284520165971, 0.6041128827094999], "validation": 0.9312965644530811, "validation_conf": [0.930329753200427, 0.9322539856832162]}