{"validation": 0.77388855488403, "id_test": 0.7746051032806804, "ood_test": 0.7701650617170107, "ood_validation": 0.7636040308239478, "train": 0.774494254119259, "id_test_conf": [0.7725367093521068, 0.7766634171821466], "id_test_balanced": 0.7263298034667969, "id_test_balanced_conf": [0.7248480292176828, 0.727811577715911], "ood_test_conf": [0.7671552580286901, 0.7731542041891288], "ood_test_balanced": 0.7574934959411621, "ood_test_balanced_conf": [0.7553602866595611, 0.7596267052227631], "features": ["HINS2", "HINS3", "NWLK", "POBP", "RELP", "WKHP", "WRK", "SEX", "ST", "RAC1P", "SCHL", "DIVISION"]}