{"validation": 0.8084617153368591, "id_test": 0.8013793103448276, "ood_test": 0.7434882954170788, "ood_validation": 0.7507418397626113, "train": 0.8006380043683182, "id_test_conf": [0.789207802963408, 0.8131447693700564], "id_test_balanced": 0.6958314180374146, "id_test_balanced_conf": [0.687847344931215, 0.7038154911436141], "ood_test_conf": [0.7375573949066299, 0.7493524611105439], "ood_test_balanced": 0.6937057971954346, "ood_test_balanced_conf": [0.6901084138685838, 0.6973031805222853], "features": ["VCF0004", "VCF0218", "VCF0224", "VCF0301", "VCF0302", "VCF9008", "VCF9206", "VCF0809", "VCF0839", "VCF0843", "VCF9045", "VCF0846", "VCF0601", "VCF0606", "VCF0612", "VCF0615", "VCF0616", "VCF0617", "VCF0310", "VCF0743", "VCF0718", "VCF0720", "VCF0724", "VCF0726", "VCF0101", "VCF0104", "VCF0105a", "VCF0112"]}