{"validation": 0.823635646787999, "id_test": 0.820865340591138, "ood_test": 0.7958590777036704, "ood_validation": 0.7991161848646658, "train": 0.8214454912260063, "id_test_conf": [0.8181668481568631, 0.8235401369878919], "id_test_balanced": 0.5579188466072083, "id_test_balanced_conf": [0.5566516706044786, 0.5591860226099379], "ood_test_conf": [0.7922579851515473, 0.799424999832191], "ood_test_balanced": 0.5707262754440308, "ood_test_balanced_conf": [0.5689145945175551, 0.5725379563705064], "features": ["ENG", "HUPAC", "WRK", "DIS", "NATIVITY", "DEYE", "DREM", "AGEP", "MAR", "CIT", "RAC1P", "DIVISION"]}