{"validation": 0.8768261881572214, "id_test": 0.8744490483186688, "ood_test": 0.8317564179104477, "ood_validation": 0.8305106602475929, "train": 0.8771033470934113, "id_test_conf": [0.8725701928165099, 0.8763099607875262], "id_test_balanced": 0.5737527012825012, "id_test_balanced_conf": [0.5726132647460327, 0.5748921378189698], "ood_test_conf": [0.8301471062875181, 0.8333565393645885], "ood_test_balanced": 0.5714604258537292, "ood_test_balanced_conf": [0.5705757055210415, 0.572345146186417], "features": ["PHYSHLTH", "HIGH_BLOOD_PRESS", "CHOL_CHK_PAST_5_YEARS", "TOLDHI", "BMI5", "SMOKE100", "CVDSTRK3", "FRUIT_ONCE_PER_DAY", "DRNK_PER_WEEK", "RFBING5", "TOTINDA", "INCOME", "CHECKUP1", "EDUCA", "HEALTH_COV", "MENTHLTH", "STATE", "PRACE1", "IYEAR", "STATE", "PRACE1"]}