{"validation": 0.8336067762982182, "id_test": 0.8319428193518849, "ood_test": 0.8046974098776546, "ood_validation": 0.8061130546860615, "train": 0.8328744169483226, "id_test_conf": [0.8293106520163122, 0.8345504706138732], "id_test_balanced": 0.6354693174362183, "id_test_balanced_conf": [0.6336828544177115, 0.637255780454725], "ood_test_conf": [0.8011546438133386, 0.8082039525677085], "ood_test_balanced": 0.6483936905860901, "ood_test_balanced_conf": [0.6459646228700876, 0.6508227583020926], "features": ["ENG", "FER", "HUPAC", "OCCP", "POBP", "RELP", "WKW", "DIS", "DEAR", "DREM", "PUBCOV", "AGEP", "SEX", "ST", "CIT", "DIVISION"]}