{"id_test": 0.7990013669501823, "id_test_conf": [0.7970168118946035, 0.8009749455054999], "id_test_balanced": 0.7561237812042236, "id_test_balanced_conf": [0.7546859011356719, 0.7575616612727754], "ood_test": 0.7734188721002226, "ood_test_conf": [0.7704239337044585, 0.7763929001346964], "ood_test_balanced": 0.7373177409172058, "ood_test_balanced_conf": [0.7352907096827402, 0.7393447721516714], "validation": 0.7986456981932095, "validation_conf": [0.7966598361800847, 0.8006205967087577], "validation_balanced": 0.7560588121414185, "validation_balanced_conf": [0.7546218041540124, 0.7574958201288245], "features": ["COW", "FER", "HINS2", "HINS3", "HINS4", "OCCP", "RELP", "WKHP", "WRK", "SEX", "ST", "MAR", "RAC1P", "ACS_YEAR", "DIVISION"]}