{"validation": 0.9210094654814291, "id_test": 0.920925823524765, "ood_test": 0.9129935720844812, "ood_validation": 0.9008264462809917, "train": 0.9211250540187637, "id_test_conf": [0.919777693890568, 0.9220626004232498], "id_test_balanced": 0.8789623975753784, "id_test_balanced_conf": [0.8780555806984194, 0.8798692144523375], "ood_test_conf": [0.9042294676432231, 0.9211991303865316], "ood_test_balanced": 0.8865092992782593, "ood_test_balanced_conf": [0.880277697192505, 0.8927409013640135], "features": ["Average_confidence(CONCENTRATING)", "Average_confidence(FRUSTRATED)", "attempt_count", "hint_count", "position", "type", "first_action", "school_id"]}