{"validation": 0.8228089587546262, "id_test": 0.8186269522307575, "ood_test": 0.7893121649822006, "ood_validation": 0.796538390719941, "train": 0.8201371025948383, "id_test_conf": [0.8159155288000294, 0.8213148452858436], "id_test_balanced": 0.5585208535194397, "id_test_balanced_conf": [0.5572174014966004, 0.559824305542279], "ood_test_conf": [0.7856695796209986, 0.7929203596914072], "ood_test_balanced": 0.581298291683197, "ood_test_balanced_conf": [0.5792617795895785, 0.5833348037768156], "features": ["WIF", "OCCP", "WKHP", "WKW", "WRK", "DIS", "ANC", "NATIVITY", "DEYE", "ST", "MAR", "RAC1P", "SCHL", "ACS_YEAR", "DIVISION"]}