{"validation": 0.8250600938608875, "id_test": 0.8231546014142544, "ood_test": 0.798293710871967, "ood_validation": 0.8050082857668938, "train": 0.8239700612701067, "id_test_conf": [0.8204694944776996, 0.8258158428730312], "id_test_balanced": 0.5825709700584412, "id_test_balanced_conf": [0.5810740055795759, 0.5840679345373064], "ood_test_conf": [0.7947084157377947, 0.8018435455644437], "ood_test_balanced": 0.6033931970596313, "ood_test_balanced_conf": [0.6012371555436402, 0.6055492385756225], "features": ["ENG", "FER", "HUPAC", "NWLK", "OCCP", "POBP", "RELP", "WKHP", "WKW", "DIS", "NATIVITY", "DEYE", "AGEP", "SEX", "CIT", "RAC1P", "SCHL", "ACS_YEAR", "DIVISION"]}