{"validation": 0.8251109669706335, "id_test": 0.8232436282240423, "ood_test": 0.7981504971561848, "ood_validation": 0.8068495672988399, "train": 0.8234883580438079, "id_test_conf": [0.8205590451489294, 0.8259043392317553], "id_test_balanced": 0.5732852220535278, "id_test_balanced_conf": [0.5718772796727717, 0.574693164434284], "ood_test_conf": [0.7945642671613573, 0.8017012837698347], "ood_test_balanced": 0.5958839654922485, "ood_test_balanced_conf": [0.593800447951071, 0.5979674830334261], "features": ["ENG", "FER", "HUPAC", "NWLK", "OCCP", "POBP", "RELP", "WKHP", "WKW", "DIS", "NATIVITY", "DEYE", "AGEP", "SEX", "CIT", "RAC1P", "SCHL", "ACS_YEAR", "DIVISION"]}