{"validation": 0.6916115558649495, "id_test": 0.6932209396516809, "ood_test": 0.6548194596303566, "ood_validation": 0.6481327800829876, "train": 0.6909280188715813, "id_test_conf": [0.6909404770791014, 0.6954943109476364], "id_test_balanced": 0.5742170810699463, "id_test_balanced_conf": [0.5729397963872179, 0.5754943657526747], "ood_test_conf": [0.6514249587644215, 0.6582021244398786], "ood_test_balanced": 0.621573269367218, "ood_test_balanced_conf": [0.6192753912229091, 0.623871147511527], "features": ["FER", "HINS1", "HINS4", "NWLA", "NWLK", "POBP", "WRK", "CIT", "ACS_YEAR", "DIVISION"]}