{"validation": 0.6895801031547638, "id_test": 0.6914869380315918, "ood_test": 0.6576253770863247, "ood_validation": 0.6524007113218732, "train": 0.6899550122891522, "id_test_conf": [0.6892029439909486, 0.6937639044543238], "id_test_balanced": 0.5428094267845154, "id_test_balanced_conf": [0.5418480376387015, 0.5437708159303293], "ood_test_conf": [0.6542373339676874, 0.6610013695738859], "ood_test_balanced": 0.6171770691871643, "ood_test_balanced_conf": [0.6149445129325614, 0.6194096254417673], "features": ["FER", "HINS1", "HINS4", "NWLA", "NWLK", "POBP", "WRK", "CIT", "ACS_YEAR", "DIVISION"]}