{"validation": 0.7864675377061031, "id_test": 0.7855214444608632, "ood_test": 0.4588342745914117, "ood_validation": 0.45549980192790174, "train": 0.7857522086120957, "id_test_conf": [0.7843819681230746, 0.7866576165789628], "id_test_balanced": 0.5517709851264954, "id_test_balanced_conf": [0.5512592444533948, 0.5522827257995959], "ood_test_conf": [0.4577538767671298, 0.4599149639888385], "ood_test_balanced": 0.5653236508369446, "ood_test_balanced_conf": [0.564856142954668, 0.5657911587192211], "features": ["ESP", "DEAR", "DEYE", "DREM", "PINCP", "ESR", "ST", "MAR", "RAC1P", "ACS_YEAR", "DIS"]}