{"validation": 0.7847062887769304, "id_test": 0.783991836767296, "ood_test": 0.45063377500528806, "ood_validation": 0.44708173775254195, "train": 0.7837730505517755, "id_test_conf": [0.7828494340429791, 0.7851309529832723], "id_test_balanced": 0.5468325018882751, "id_test_balanced_conf": [0.5463389735529199, 0.5473260302236304], "ood_test_conf": [0.4495550218713673, 0.4517128777961577], "ood_test_balanced": 0.5551012754440308, "ood_test_balanced_conf": [0.554616568487836, 0.5555859824002255], "features": ["ESP", "DEAR", "DEYE", "DREM", "PINCP", "ESR", "ST", "MAR", "RAC1P", "ACS_YEAR", "DIS"]}