{"validation": 0.7770717969812992, "id_test": 0.7784401579586877, "ood_test": 0.760126990818195, "ood_validation": 0.7586247777119146, "train": 0.7777391915185469, "id_test_conf": [0.7763842453474222, 0.7804858496408872], "id_test_balanced": 0.7103511095046997, "id_test_balanced_conf": [0.7089150624722242, 0.7117871565371752], "ood_test_conf": [0.7570729044163589, 0.7631611845279874], "ood_test_balanced": 0.7262561917304993, "ood_test_balanced_conf": [0.7241745023196563, 0.7283378811413422], "features": ["ENG", "HINS1", "HINS2", "HINS3", "POBP", "WKHP", "WKW", "WRK", "SEX", "ST", "SCHL", "DIVISION"]}