{"id_test": 0.8346772142239406, "id_test_conf": [0.832062037913642, 0.8372676719859561], "id_test_balanced": 0.6370317935943604, "id_test_balanced_conf": [0.6352565397392027, 0.638807047449518], "ood_test": 0.8070092884324236, "ood_test_conf": [0.8034822318791148, 0.8104998461339871], "ood_test_balanced": 0.6491403579711914, "ood_test_balanced_conf": [0.6467258034925908, 0.651554912449792], "validation": 0.8386432141630737, "validation_conf": [0.8360531195594855, 0.8412082961859045], "validation_balanced": 0.6380157470703125, "validation_balanced_conf": [0.6362468746723607, 0.6397846194682643], "features": ["FER", "WIF", "NWLA", "NWLK", "OCCP", "POBP", "RELP", "WRK", "MIL", "ANC", "NATIVITY", "DEAR", "DEYE", "PUBCOV", "SCHL", "DIVISION"]}