{"validation": 0.8350312233711066, "id_test": 0.829895202726764, "ood_test": 0.8013216580056467, "ood_validation": 0.8024304916221691, "train": 0.8324404071107663, "id_test_conf": [0.827250475784113, 0.8325155652015909], "id_test_balanced": 0.6415594816207886, "id_test_balanced_conf": [0.6397290709149093, 0.6433898923266679], "ood_test_conf": [0.7977562940451604, 0.8048512007974428], "ood_test_balanced": 0.6559195518493652, "ood_test_balanced_conf": [0.65342512619216, 0.6584139775065705], "features": ["FER", "WIF", "NWLA", "NWLK", "OCCP", "POBP", "RELP", "WRK", "MIL", "ANC", "NATIVITY", "DEAR", "DEYE", "PUBCOV", "SCHL", "DIVISION"]}