{"validation": 0.8350057868162336, "id_test": 0.8300351019992878, "ood_test": 0.806436433569295, "ood_validation": 0.8068495672988399, "train": 0.8315453611820329, "id_test_conf": [0.827391228747896, 0.8326546004250942], "id_test_balanced": 0.5954001545906067, "id_test_balanced_conf": [0.593862030368764, 0.5969382788124494], "ood_test_conf": [0.8029054665365887, 0.8099309700123005], "ood_test_balanced": 0.6117527484893799, "ood_test_balanced_conf": [0.6096106901625171, 0.6138948068162426], "features": ["FER", "WIF", "NWLA", "NWLK", "OCCP", "POBP", "RELP", "WRK", "MIL", "ANC", "NATIVITY", "DEAR", "DEYE", "PUBCOV", "SCHL", "DIVISION"]}