{"id_test": 0.8260429323612799, "id_test_conf": [0.8241647458433775, 0.8279091482196984], "id_test_balanced": 0.788255512714386, "id_test_balanced_conf": [0.7868793808738701, 0.7896316445549019], "ood_test": 0.807550947820474, "ood_test_conf": [0.8047282379062469, 0.8103501327918019], "ood_test_balanced": 0.7825683951377869, "ood_test_balanced_conf": [0.7805869161104784, 0.7845498741650954], "validation": 0.8269341518210297, "validation_conf": [0.8250597313913214, 0.8287965687395453], "validation_balanced": 0.7906290292739868, "validation_balanced_conf": [0.789256582558155, 0.7920014759898186], "features": ["COW", "ENG", "FER", "HINS1", "HINS2", "HINS3", "HINS4", "NWLA", "NWLK", "OCCP", "POBP", "WKHP", "WKW", "WRK", "AGEP", "SEX", "ST", "MAR", "CIT", "RAC1P", "SCHL", "DIVISION", "ACS_YEAR"]}