{"validation": 0.9295446531065478, "id_test": 0.9304374901525326, "ood_test": 0.583420776495278, "ood_validation": 0.6745283018867925, "train": 0.9295745983870771, "id_test_conf": [0.9294651493569372, 0.9314004597677321], "id_test_balanced": 0.8871141672134399, "id_test_balanced_conf": [0.8863185901392717, 0.8879097442876082], "ood_test_conf": [0.560911827534833, 0.6056726076827481], "ood_test_balanced": 0.6303538084030151, "ood_test_balanced_conf": [0.6204989674501121, 0.6402086493559181], "features": ["Average_confidence(BORED)", "Average_confidence(CONCENTRATING)", "attempt_count", "hint_count", "skill_id", "bottom_hint", "type", "first_action", "school_id"]}