{"id_test": 0.9718960121463762, "id_test_conf": [0.9710780106863491, 0.9726969993825412], "id_test_balanced": 0.6007322669029236, "id_test_balanced_conf": [0.5997480748430826, 0.6017164589627646], "ood_test": 0.9607728086742334, "ood_test_conf": [0.9598208640522128, 0.9617083809768697], "ood_test_balanced": 0.6382085084915161, "ood_test_balanced_conf": [0.6371164858341217, 0.6393005311489105], "validation": 0.9722924568057312, "validation_conf": [0.9714799895018174, 0.9730878948905182], "validation_balanced": 0.6028774976730347, "validation_balanced_conf": [0.6018852789071388, 0.6038697164389305], "features": ["ENG", "WKW", "WRK", "OCCP", "DIS", "ANC", "NATIVITY", "DEYE", "DPHY", "RAC1P", "ACS_YEAR", "SCHL"]}