{"validation": 0.7969116855994685, "id_test": 0.7973243215876873, "ood_test": 0.7712452740709516, "ood_validation": 0.7663307646710137, "train": 0.7982103007381401, "id_test_conf": [0.7953336548787302, 0.7993040734332356], "id_test_balanced": 0.7422903776168823, "id_test_balanced_conf": [0.7408625665260479, 0.7437181887077168], "ood_test_conf": [0.768240377199208, 0.7742294270160738], "ood_test_balanced": 0.7323652505874634, "ood_test_balanced_conf": [0.7303549997275696, 0.7343755014473572], "features": ["COW", "HINS4", "OCCP", "WKHP", "WKW", "WRK", "AGEP", "SEX", "ST", "MAR", "CIT", "ACS_YEAR", "DIVISION"]}