{"validation": 0.8751176188982617, "id_test": 0.8726084157353451, "ood_test": 0.829139104477612, "ood_validation": 0.8299948418156808, "train": 0.8754608044125795, "id_test_conf": [0.8707179571314339, 0.8744810198297576], "id_test_balanced": 0.5689573884010315, "id_test_balanced_conf": [0.5678356780204922, 0.5700790987815708], "ood_test_conf": [0.8275199564886985, 0.8307491349114355], "ood_test_balanced": 0.5587230324745178, "ood_test_balanced_conf": [0.5578972613019869, 0.5595488036470487], "features": ["PHYSHLTH", "HIGH_BLOOD_PRESS", "CHOL_CHK_PAST_5_YEARS", "BMI5", "BMI5CAT", "SMOKE100", "MICHD", "FRUIT_ONCE_PER_DAY", "VEG_ONCE_PER_DAY", "RFBING5", "TOTINDA", "MARITAL", "HEALTH_COV", "MENTHLTH", "SEX", "STATE", "SEX", "PRACE1", "IYEAR"]}