{"validation": 0.5802337938363443, "id_test": 0.5987261146496815, "ood_test": 0.5495454248152266, "ood_validation": 0.5497351383166569, "train": 0.5773469658743858, "id_test_conf": [0.5666257196851612, 0.6302072623353583], "id_test_balanced": 0.5147193074226379, "id_test_balanced_conf": [0.5065043459273875, 0.5229342689178884], "ood_test_conf": [0.5416173908489648, 0.557454599007423], "ood_test_balanced": 0.49833717942237854, "ood_test_balanced_conf": [0.4967029494396411, 0.499971409405116], "features": ["OFREMP31", "MCRPB31", "MCRPHO31", "MCDHMO31", "MCDMC31", "PRVHMO31", "FSAGT31", "HASFSA31", "MCARE31", "GOVTA31", "GOVAAT31", "GOVTC31", "GOVCAT31", "VAPRAT31", "IHS31", "SICPAY31", "VACMPY31", "VAPROX31", "EMPST31", "MORJOB31", "HRWGIM31", "HRHOW31", "DIFFWG31", "NHRWG31", "SELFCM31", "CHOIC31", "NUMEMP31", "NWK31", "STJBYY31", "OCCCAT31", "PAYVAC31", "TRIAT31X", "MCAID31X", "MCARE31X", "MCDAT31X", "PUB31X", "RACEAX", "RACEBX", "RACETHX", "HISPANX", "HISPNCAT", "EDUCYR", "HWELLSPK", "BORNUSA", "PRIEU31", "TRILI31X", "PRINEO31", "PRIEUO31", "PRIV31", "PRIVAT31", "DNTINS31", "PMDINS31", "PMEDPY31", "MARRY31X", "FTSTU31X", "REFRL31X", "DISVW31X", "TRIST31X", "TRIEX31X", "TRICH31X", "VASPUN31", "ASMRCN31", "ASDALY31", "ASPKFL31", "IADLHP31", "WLKLIM31", "MILDIF31", "BENDIF31", "RCHDIF31", "FNGRDF31", "ACTLIM31", "ASACUT31", "SOCLIM31", "FCRP1231", "RUSIZE31", "FMRS1231", "FAMS1231", "RESP31", "PROXY31", "BEGRFM31", "BEGRFY31", "INSCOP31", "INSC1231", "PSTATS31", "ACTDTY31", "RTHLTH31", "CHBRON31", "ASATAK31", "COGLIM31", "UNABLE31", "VANTWK31", "VANEED31", "VACOMP31", "VAMREC31", "VACARC31", "VAPROB31", "VAREP31", "VACARE31", "VAPROV31", "VAPCRF31", "VAPCSO31", "VAPCUN31", "VACTDY31", "VAMOBL31", "VACOPD31", "VAJTPN31", "VARTHR31", "VANECK31", "VAPTSD31", "VADEPR31", "VAMOOD31", "VAGCNS31", "VACRGV31", "VALCOH31", "DAPID31X", "AGE31X", "INSCOV19"]}