{"validation": 0.8799340598955948, "id_test": 0.8812114084092914, "ood_test": 0.8721678988790842, "ood_validation": 0.8648068669527897, "train": 0.8802997191639147, "id_test_conf": [0.8798114518307026, 0.8826007040207069], "id_test_balanced": 0.8177874088287354, "id_test_balanced_conf": [0.8167470536706969, 0.8188277639867738], "ood_test_conf": [0.8616822925462828, 0.8821318988529555], "ood_test_balanced": 0.8316745758056641, "ood_test_balanced_conf": [0.824518486019224, 0.8388306655921042], "features": ["Average_confidence(BORED)", "Average_confidence(CONCENTRATING)", "attempt_count", "tutor_mode", "overlap_time", "school_id"]}