{"validation": 0.7850710375597253, "id_test": 0.7866038882138517, "ood_test": 0.7741170581338673, "ood_validation": 0.7689389448725549, "train": 0.7849362759794735, "id_test_conf": [0.7845753936722175, 0.7886218618603718], "id_test_balanced": 0.7424746751785278, "id_test_balanced_conf": [0.7410118300188333, 0.7439375203382224], "ood_test_conf": [0.7711253427675577, 0.777087809676569], "ood_test_balanced": 0.7585877776145935, "ood_test_balanced_conf": [0.7564694468770177, 0.7607061083521693], "features": ["COW", "ENG", "HINS1", "HINS2", "HINS4", "POBP", "WKHP", "WKW", "WRK", "AGEP", "SEX", "ST", "RAC1P", "SCHL", "DIVISION"]}