{"validation": 0.823720598717035, "id_test": 0.8242362902880929, "ood_test": 0.4796747967479675, "ood_validation": 0.38181818181818183, "train": 0.8244211966835412, "id_test_conf": [0.8213991937734948, 0.8270465427856052], "id_test_balanced": 0.7127569913864136, "id_test_balanced_conf": [0.7109264570102095, 0.7145875257626176], "ood_test_conf": [0.43475115647378565, 0.524844058176546], "ood_test_balanced": 0.5, "ood_test_balanced_conf": [0.5, 0.5], "features": ["Average_confidence(CONCENTRATING)", "Average_confidence(FRUSTRATED)", "skill_id", "bottom_hint", "tutor_mode", "position", "type", "school_id"]}