{"validation": 0.9256444495187416, "id_test": 0.9255120765512871, "ood_test": 0.9100055897149245, "ood_validation": 0.9281609195402298, "train": 0.9254863830532712, "id_test_conf": [0.924847239897907, 0.9261728308200116], "id_test_balanced": 0.8853403329849243, "id_test_balanced_conf": [0.884810195552418, 0.8858704704174306], "ood_test_conf": [0.9048577313117038, 0.9149619549378666], "ood_test_balanced": 0.8835405111312866, "ood_test_balanced_conf": [0.8798382368870079, 0.8872427853755653], "features": ["Average_confidence(BORED)", "Average_confidence(CONCENTRATING)", "Average_confidence(CONFUSED)", "attempt_count", "hint_count", "bottom_hint", "ms_first_response", "tutor_mode", "position", "first_action", "school_id"]}