{"validation": 0.7006499039770053, "id_test": 0.6972834104899018, "ood_test": 0.6958549858832195, "ood_validation": 0.6880869084883079, "0": 0.6731815434213178, "1": 0.7169180531799099, "2": 0.7070689440219424, "3": 0.7319722617950222, "4": 0.7405763317131236, "5": 0.7156898127174022, "7": 0.6846147522694445, "8": 0.7042189145684704, "9": 0.6411677786235616, "id_test_conf": [0.6940585050891597, 0.7004937539735436], "id_test_balanced": 0.739349365234375, "id_test_balanced_conf": [0.7372058543516323, 0.7414928761171177], "ood_test_conf": [0.6917548003294156, 0.699931899940469], "ood_test_balanced": 0.7371737360954285, "ood_test_balanced_conf": [0.7344534128997475, 0.7398940592911094], "features": ["ENG", "FER", "HUPAC", "WIF", "NWLA", "NWLK", "OCCP", "POBP", "RELP", "WKHP", "WKW", "WRK", "DIS", "MIL", "ANC", "NATIVITY", "DEAR", "DEYE", "DREM", "PUBCOV", "AGEP", "SEX", "ST", "MAR", "CIT", "RAC1P", "SCHL", "DIVISION", "ACS_YEAR"]}