{"validation": 0.8265990054307044, "id_test": 0.8241084600905529, "ood_test": 0.8047178689799092, "ood_validation": 0.7980114159454981, "0": 0.7595204513399154, "1": 0.8364173534442544, "2": 0.8332876199975066, "3": 0.8377189306963881, "4": 0.8541811328241246, "5": 0.8212560757423347, "7": 0.8103178983711672, "8": 0.8373442499155422, "9": 0.8110777772802579, "id_test_conf": [0.8214289789610567, 0.8267640051380822], "id_test_balanced": 0.693722665309906, "id_test_balanced_conf": [0.6916968888044357, 0.6957484418153763], "ood_test_conf": [0.8011752411002908, 0.8082242710475112], "ood_test_balanced": 0.6844582557678223, "ood_test_balanced_conf": [0.6818743288470432, 0.6870421826886013], "features": ["ENG", "FER", "HUPAC", "WIF", "NWLA", "NWLK", "OCCP", "POBP", "RELP", "WKHP", "WKW", "WRK", "DIS", "MIL", "ANC", "NATIVITY", "DEAR", "DEYE", "DREM", "PUBCOV", "AGEP", "SEX", "ST", "MAR", "CIT", "RAC1P", "SCHL", "DIVISION", "ACS_YEAR"]}