{"validation": 0.7495771172752362, "id_test": 0.7477361754082515, "ood_test": 0.7391873644584476, "ood_validation": 0.7322776652550175, "0": 0.7093491839613137, "1": 0.7535375524801742, "2": 0.7552674230145867, "3": 0.7809121763177742, "4": 0.7867771054458883, "5": 0.7676129339404596, "7": 0.7369675760102404, "8": 0.7644124719302081, "9": 0.6899744772310035, "id_test_conf": [0.7446849946590939, 0.7507690674457674], "id_test_balanced": 0.7436506748199463, "id_test_balanced_conf": [0.7414929140126333, 0.7458084356272593], "ood_test_conf": [0.7352704653182711, 0.7430758388572754], "ood_test_balanced": 0.7356775403022766, "ood_test_balanced_conf": [0.7329134556092322, 0.7384416249953211], "features": ["ENG", "FER", "HUPAC", "WIF", "NWLA", "NWLK", "OCCP", "POBP", "RELP", "WKHP", "WKW", "WRK", "DIS", "MIL", "ANC", "NATIVITY", "DEAR", "DEYE", "DREM", "PUBCOV", "AGEP", "SEX", "ST", "MAR", "CIT", "RAC1P", "SCHL", "DIVISION", "ACS_YEAR"]}