{"validation": 0.837689343355336, "id_test": 0.8340667446711095, "ood_test": 0.8081140799541716, "ood_validation": 0.8061130546860615, "0": 0.729901269393512, "1": 0.8525890219250505, "2": 0.8435357187383119, "3": 0.8399920388837677, "4": 0.8607033032437258, "5": 0.8246193302669871, "7": 0.817833781546158, "8": 0.8465054351066156, "9": 0.8376035463215868, "id_test_conf": [0.8314477530949708, 0.836661062904624], "id_test_balanced": 0.6419484615325928, "id_test_balanced_conf": [0.6401440996304154, 0.6437528234347701], "ood_test_conf": [0.8045945984868006, 0.8115969309175313], "ood_test_balanced": 0.646908164024353, "ood_test_balanced_conf": [0.6445159397972747, 0.6493003882514313], "features": ["ENG", "FER", "HUPAC", "WIF", "NWLA", "NWLK", "OCCP", "POBP", "RELP", "WKHP", "WKW", "WRK", "DIS", "MIL", "ANC", "NATIVITY", "DEAR", "DEYE", "DREM", "PUBCOV", "AGEP", "SEX", "ST", "MAR", "CIT", "RAC1P", "SCHL", "DIVISION", "ACS_YEAR"]}