{"validation": 0.8080811934831547, "id_test": 0.8048277967136389, "ood_test": 0.7698964769425918, "ood_validation": 0.7632111949917142, "0": 0.7501511182752367, "1": 0.8263489348468357, "2": 0.8107966587707268, "3": 0.8215557697142378, "4": 0.8366481499851205, "5": 0.7999017131097819, "7": 0.7872652754453748, "8": 0.8180481309989865, "9": 0.7950924640666278, "id_test_conf": [0.8020399560763225, 0.8075931279810614], "id_test_balanced": 0.6864909529685974, "id_test_balanced_conf": [0.68440229261294, 0.6885796133242548], "ood_test_conf": [0.7661389031270598, 0.7736219717816475], "ood_test_balanced": 0.6883019804954529, "ood_test_balanced_conf": [0.6855456208623946, 0.6910583401285112], "features": ["ENG", "FER", "HUPAC", "WIF", "NWLA", "NWLK", "OCCP", "POBP", "RELP", "WKHP", "WKW", "WRK", "DIS", "MIL", "ANC", "NATIVITY", "DEAR", "DEYE", "DREM", "PUBCOV", "AGEP", "SEX", "ST", "MAR", "CIT", "RAC1P", "SCHL", "DIVISION", "ACS_YEAR"]}