{"validation": 0.1872511986976484, "id_test": 0.1909243526479117, "ood_test": 0.2199353492368755, "ood_validation": 0.2135886577057632, "0": 0.47390691114245415, "1": 0.1760223915409734, "2": 0.18897893030794166, "3": 0.19220858124528617, "4": 0.15655688919750024, "5": 0.1993841712034769, "7": 0.20095592639131915, "8": 0.17074382464577412, "9": 0.16873684681860923, "id_test_conf": [0.18818226915555095, 0.1936892597650059], "id_test_balanced": 0.5000157356262207, "id_test_balanced_conf": [0.4999961401581095, 0.500035331094332], "ood_test_conf": [0.21626982079338883, 0.22363416715641016], "ood_test_balanced": 0.5000393390655518, "ood_test_balanced_conf": [0.5000000226585689, 0.5000786554725346], "features": ["ENG", "FER", "HUPAC", "WIF", "NWLA", "NWLK", "OCCP", "POBP", "RELP", "WKHP", "WKW", "WRK", "DIS", "MIL", "ANC", "NATIVITY", "DEAR", "DEYE", "DREM", "PUBCOV", "AGEP", "SEX", "ST", "MAR", "CIT", "RAC1P", "SCHL", "DIVISION", "ACS_YEAR"]}