{"validation": 0.8234194360715784, "id_test": 0.8226585949025792, "ood_test": 0.8002373255861532, "ood_validation": 0.8011415945498067, "0": 0.7569010679024784, "1": 0.8361452340227026, "2": 0.8301209325520509, "3": 0.8378132070728233, "4": 0.8550987005257414, "5": 0.816572091130376, "7": 0.8053151386328139, "8": 0.8287991097156256, "9": 0.8139703577665338, "id_test_conf": [0.8199705738697154, 0.8253227871708878], "id_test_balanced": 0.697560727596283, "id_test_balanced_conf": [0.6955227284925058, 0.6995987267000601], "ood_test_conf": [0.7966647876334154, 0.8037741715536431], "ood_test_balanced": 0.6865983605384827, "ood_test_balanced_conf": [0.6839831452537328, 0.6892135758232325], "features": ["ENG", "FER", "HUPAC", "WIF", "NWLA", "NWLK", "OCCP", "POBP", "RELP", "WKHP", "WKW", "WRK", "DIS", "MIL", "ANC", "NATIVITY", "DEAR", "DEYE", "DREM", "PUBCOV", "AGEP", "SEX", "ST", "MAR", "CIT", "RAC1P", "SCHL", "DIVISION", "ACS_YEAR"]}