{"validation": 0.7111933559718672, "id_test": 0.709403774736735, "ood_test": 0.6942591759073612, "ood_validation": 0.6867980114159455, "0": 0.6326818456578682, "1": 0.7335173378945732, "2": 0.7207455429497569, "3": 0.7598885443727479, "4": 0.7607876202757663, "5": 0.7062604141870983, "7": 0.6818197832137447, "8": 0.7276484966514973, "9": 0.6633770653293333, "id_test_conf": [0.7062161378339128, 0.7125759546115715], "id_test_balanced": 0.7452868819236755, "id_test_balanced_conf": [0.743152602049522, 0.747421161797829], "ood_test_conf": [0.6901530915552625, 0.6983421784891801], "ood_test_balanced": 0.7348812818527222, "ood_test_balanced_conf": [0.7321518437890336, 0.7376107199164107], "features": ["ENG", "FER", "HUPAC", "WIF", "NWLA", "NWLK", "OCCP", "POBP", "RELP", "WKHP", "WKW", "WRK", "DIS", "MIL", "ANC", "NATIVITY", "DEAR", "DEYE", "DREM", "PUBCOV", "AGEP", "SEX", "ST", "MAR", "CIT", "RAC1P", "SCHL", "DIVISION", "ACS_YEAR"]}