{"validation": 0.22901802179912753, "id_test": 0.23177494022485629, "ood_test": 0.2514423667089488, "ood_validation": 0.2447063155956546, "0": 0.4766270400967157, "1": 0.2421862851811538, "2": 0.2398329385363421, "3": 0.24879535741221823, "4": 0.20908144033330026, "5": 0.23152705577013152, "7": 0.21632825619766774, "8": 0.21835814073647186, "9": 0.21313750951506738, "id_test_conf": [0.22882909616406372, 0.2347405871576163], "id_test_balanced": 0.5240638852119446, "id_test_balanced_conf": [0.5232688150834293, 0.5248589553404599], "ood_test_conf": [0.24760086248976873, 0.2553134104564635], "ood_test_balanced": 0.5195646286010742, "ood_test_balanced_conf": [0.5186652406712529, 0.5204640165308956], "features": ["ENG", "FER", "HUPAC", "WIF", "NWLA", "NWLK", "OCCP", "POBP", "RELP", "WKHP", "WKW", "WRK", "DIS", "MIL", "ANC", "NATIVITY", "DEAR", "DEYE", "DREM", "PUBCOV", "AGEP", "SEX", "ST", "MAR", "CIT", "RAC1P", "SCHL", "DIVISION", "ACS_YEAR"]}