{"validation": 0.6094852913121447, "id_test": 0.6077860304217327, "ood_test": 0.5809771267236794, "ood_validation": 0.5748480942736144, "0": 0.5221640137013903, "1": 0.6705411289068575, "2": 0.6440842787682334, "3": 0.6577872286935389, "4": 0.6948963396488443, "5": 0.6134714468905254, "7": 0.5416603055676253, "8": 0.6208938614097494, "9": 0.5481753459006851, "id_test_conf": [0.6043630591630234, 0.6112010469873955], "id_test_balanced": 0.6951651573181152, "id_test_balanced_conf": [0.6929998142877594, 0.6973305003484711], "ood_test_conf": [0.5765880841525128, 0.5853565497420627], "ood_test_balanced": 0.6810203790664673, "ood_test_balanced_conf": [0.6783215539716184, 0.6837192041613162], "features": ["ENG", "FER", "HUPAC", "WIF", "NWLA", "NWLK", "OCCP", "POBP", "RELP", "WKHP", "WKW", "WRK", "DIS", "MIL", "ANC", "NATIVITY", "DEAR", "DEYE", "DREM", "PUBCOV", "AGEP", "SEX", "ST", "MAR", "CIT", "RAC1P", "SCHL", "DIVISION", "ACS_YEAR"]}