{"validation": 0.877323450420813, "id_test": 0.8763030505873421, "ood_test": 0.8280546400162204, "ood_validation": 0.8336940377678761, "train": 0.8768610836453209, "id_test_conf": [0.8744463803240702, 0.8781418872050645], "id_test_balanced": 0.5239349603652954, "id_test_balanced_conf": [0.5232856245338917, 0.5245842961966991], "ood_test_conf": [0.8264418818492831, 0.8296584266899283], "ood_test_balanced": 0.5194230079650879, "ood_test_balanced_conf": [0.518958572417614, 0.5198874435125618], "features": ["PHYSHLTH", "CHOL_CHK_PAST_5_YEARS", "TOLDHI", "BMI5", "BMI5CAT", "CVDSTRK3", "MICHD", "FRUIT_ONCE_PER_DAY", "VEG_ONCE_PER_DAY", "RFBING5", "TOTINDA", "INCOME", "MARITAL", "CHECKUP1", "MEDCOST", "SEX", "SEX", "PRACE1", "IYEAR"]}