{"validation": 0.7949308609942094, "id_test": 0.7940145301741596, "ood_test": 0.7764092160556441, "ood_validation": 0.7728512151748667, "train": 0.7956891853087081, "id_test_conf": [0.792011957724228, 0.7960063094008181], "id_test_balanced": 0.7414253354072571, "id_test_balanced_conf": [0.739987060027197, 0.7428636107873171], "ood_test_conf": [0.7734281655153172, 0.7793691272493785], "ood_test_balanced": 0.7487101554870605, "ood_test_balanced_conf": [0.7466378465387971, 0.750782464435324], "features": ["COW", "HINS1", "HINS3", "HINS4", "NWLK", "OCCP", "POBP", "RELP", "WRK", "AGEP", "ST", "MAR", "CIT", "RAC1P", "SCHL", "ACS_YEAR", "DIVISION"]}