{"validation": 0.8524395178796403, "id_test": 0.8536095073952961, "ood_test": 0.806915275892358, "ood_validation": 0.834051724137931, "train": 0.8533507403084106, "id_test_conf": [0.852720199113842, 0.8544954581212857], "id_test_balanced": 0.7734243869781494, "id_test_balanced_conf": [0.7727985109738075, 0.7740502629824914], "ood_test_conf": [0.799891099235919, 0.8137965168960247], "ood_test_balanced": 0.750166654586792, "ood_test_balanced_conf": [0.7457845768891275, 0.7545487322844565], "features": ["Average_confidence(CONCENTRATING)", "Average_confidence(CONFUSED)", "hint_count", "tutor_mode", "first_action", "school_id"]}