{"validation": 0.8518366216842758, "id_test": 0.8530393782315511, "ood_test": 0.8064361574702548, "ood_validation": 0.834051724137931, "train": 0.8527543978210563, "id_test_conf": [0.8521486442460762, 0.8539267600815827], "id_test_balanced": 0.7725392580032349, "id_test_balanced_conf": [0.771913171793567, 0.7731653442129027], "ood_test_conf": [0.7994055777592872, 0.8133240256777092], "ood_test_balanced": 0.7495464086532593, "ood_test_balanced_conf": [0.7451643291302026, 0.753928488176316], "features": ["Average_confidence(CONCENTRATING)", "Average_confidence(CONFUSED)", "hint_count", "tutor_mode", "first_action", "school_id"]}