{"validation": 0.8332271165670304, "id_test": 0.8344299036022989, "ood_test": 0.7662700630839255, "ood_validation": 0.7852011494252874, "train": 0.8343453953431222, "id_test_conf": [0.8334950362273594, 0.835361595724085], "id_test_balanced": 0.7430551052093506, "id_test_balanced_conf": [0.7424278980947565, 0.7436823123239447], "ood_test_conf": [0.758756625901922, 0.7736595568669655], "ood_test_balanced": 0.6975130438804626, "ood_test_balanced_conf": [0.693229148555547, 0.7017969392053783], "features": ["Average_confidence(CONCENTRATING)", "Average_confidence(CONFUSED)", "hint_count", "tutor_mode", "first_action", "school_id"]}