{"validation": 0.8400588479112432, "id_test": 0.8414254539735382, "ood_test": 0.7993292342090553, "ood_validation": 0.8261494252873564, "train": 0.841164833814585, "id_test_conf": [0.8405066474633757, 0.8423410187448742], "id_test_balanced": 0.7544757127761841, "id_test_balanced_conf": [0.7538471339363605, 0.7551042916160077], "ood_test_conf": [0.7922055643931911, 0.8063135165338026], "ood_test_balanced": 0.7403464913368225, "ood_test_balanced_conf": [0.73596754190512, 0.744725440768525], "features": ["Average_confidence(CONCENTRATING)", "Average_confidence(CONFUSED)", "hint_count", "tutor_mode", "first_action", "school_id"]}