{"validation": 0.8079865835521944, "id_test": 0.8079434993924666, "ood_test": 0.7918746953669429, "ood_validation": 0.7926496739774748, "train": 0.8088477149771027, "id_test_conf": [0.8059924541153674, 0.8098832394838649], "id_test_balanced": 0.7502641081809998, "id_test_balanced_conf": [0.748863151690457, 0.7516650646715425], "ood_test_conf": [0.7889690519910897, 0.7947580148971166], "ood_test_balanced": 0.7601969242095947, "ood_test_balanced_conf": [0.7581961736036464, 0.762197674815543], "features": ["COW", "ENG", "HINS3", "NWLA", "OCCP", "WKHP", "WKW", "AGEP", "SEX", "MAR", "CIT", "RAC1P", "SCHL", "ACS_YEAR", "DIVISION"]}