{"validation": 0.7370376230104737, "id_test": 0.7377227622519239, "ood_test": 0.6972375545046172, "ood_validation": 0.6979253112033195, "train": 0.7377375461090416, "id_test_conf": [0.7355464247367305, 0.7398903744808316], "id_test_balanced": 0.6344972848892212, "id_test_balanced_conf": [0.6331517639639788, 0.6358428058144636], "ood_test_conf": [0.6939550604545274, 0.7005049682564876], "ood_test_balanced": 0.6489312648773193, "ood_test_balanced_conf": [0.6468463858217001, 0.6510161439329386], "features": ["ENG", "FER", "HINS2", "POBP", "ST", "CIT", "SCHL", "ACS_YEAR", "DIVISION"]}