{"id_test": 0.6477723349661768, "id_test_conf": [0.6332601783278572, 0.6620828760685082], "id_test_balanced": 0.6201879382133484, "id_test_balanced_conf": [0.610522493571043, 0.6298533828556537], "ood_test": 0.6173481400094176, "ood_test_conf": [0.6131121919963882, 0.6215707196909865], "ood_test_balanced": 0.6164778470993042, "ood_test_balanced_conf": [0.6135244925040751, 0.6194312016945333], "validation": 0.6488567428838078, "validation_conf": [0.634352205965589, 0.6631581355946197], "validation_balanced": 0.6232744455337524, "validation_balanced_conf": [0.6136190615408122, 0.6329298295266926], "features": ["race", "age", "weight", "discharge_disposition_id", "medical_specialty", "num_lab_procedures", "num_procedures", "num_medications", "number_outpatient", "number_emergency", "number_inpatient", "diag_3", "number_diagnoses", "max_glu_serum", "A1Cresult", "metformin", "repaglinide", "chlorpropamide", "glimepiride", "acetohexamide", "tolbutamide", "rosiglitazone", "acarbose", "troglitazone", "citoglipton", "glimepiride-pioglitazone", "metformin-rosiglitazone", "metformin-pioglitazone", "change", "diabetesMed", "admission_source_id"]}