{"validation": 0.8693993506493507, "id_test": 0.8702110389610389, "ood_test": 0.6812130177514792, "ood_validation": 0.6490066225165563, "train": 0.8707130971224482, "id_test_conf": [0.8641485585534532, 0.8760980214941597], "id_test_balanced": 0.5008763074874878, "id_test_balanced_conf": [0.5000067377963568, 0.5017458771786187], "ood_test_conf": [0.6556293034446864, 0.7060065065289041], "ood_test_balanced": 0.4947527050971985, "ood_test_balanced_conf": [0.4914792132098228, 0.4980261969845742], "features": ["STABBR", "HIGHDEG", "CONTROL", "region", "CCSIZSET", "ADM_RATE", "ADM_RATE_ALL", "SATVRMID", "SATMTMID", "SATWRMID", "ACTCMMID", "ACTMTMID", "ACTWRMID", "PCIP01", "PCIP05", "PCIP12", "PCIP13", "PCIP16", "PCIP22", "PCIP26", "PCIP30", "PCIP31", "PCIP38", "PCIP39", "PCIP41", "PCIP48", "PCIP50", "PCIP51", "PCIP54", "UGDS", "UGDS_WHITE", "UGDS_BLACK", "UGDS_2MOR", "UGDS_NRA", "UGDS_AIANOld", "UG_NRA", "UG_UNKN", "UG_WHITENH", "UG_API", "UG_AIANOld", "PPTUG_EF2", "NPT4_PROG", "TUITFTE", "INEXPFTE", "AVGFACSAL", "PFTFAC", "pell_ever", "age_entry", "age_entry_sq", "veteran", "pct_white", "pct_black", "pct_hispanic", "pct_ba", "unemp_rate", "CCBASIC"]}