{"validation": 0.9073863636363636, "id_test": 0.9084415584415585, "ood_test": 0.738905325443787, "ood_validation": 0.6821192052980133, "train": 0.90850886805471, "id_test_conf": [0.903211382547098, 0.9134778279155651], "id_test_balanced": 0.7062283158302307, "id_test_balanced_conf": [0.7016578480694443, 0.7107987835910171], "ood_test_conf": [0.714619626421766, 0.7621480092473084], "ood_test_balanced": 0.6464694738388062, "ood_test_balanced_conf": [0.6309758036583663, 0.661963144019246], "features": ["STABBR", "HIGHDEG", "CONTROL", "region", "CCSIZSET", "ADM_RATE", "ADM_RATE_ALL", "SATVRMID", "SATMTMID", "SATWRMID", "ACTCMMID", "ACTMTMID", "ACTWRMID", "PCIP01", "PCIP05", "PCIP12", "PCIP13", "PCIP16", "PCIP22", "PCIP26", "PCIP30", "PCIP31", "PCIP38", "PCIP39", "PCIP41", "PCIP48", "PCIP50", "PCIP51", "PCIP54", "UGDS", "UGDS_WHITE", "UGDS_BLACK", "UGDS_2MOR", "UGDS_NRA", "UGDS_AIANOld", "UG_NRA", "UG_UNKN", "UG_WHITENH", "UG_API", "UG_AIANOld", "PPTUG_EF2", "NPT4_PROG", "TUITFTE", "INEXPFTE", "AVGFACSAL", "PFTFAC", "pell_ever", "age_entry", "age_entry_sq", "veteran", "pct_white", "pct_black", "pct_hispanic", "pct_ba", "unemp_rate", "CCBASIC"]}