{"validation": 0.8760668240421282, "id_test": 0.8741271439655315, "ood_test": 0.8277301492537313, "ood_validation": 0.8298229023383769, "train": 0.8766204890691467, "id_test_conf": [0.8722462498318498, 0.8759901105484383], "id_test_balanced": 0.5151012539863586, "id_test_balanced_conf": [0.5145689571718686, 0.5156335508008487], "ood_test_conf": [0.8261057632638794, 0.8293454567760812], "ood_test_balanced": 0.5120476484298706, "ood_test_balanced_conf": [0.5116748568997719, 0.5124204399599693], "features": ["PHYSHLTH", "CHOL_CHK_PAST_5_YEARS", "BMI5", "BMI5CAT", "SMOKE100", "CVDSTRK3", "MICHD", "FRUIT_ONCE_PER_DAY", "RFBING5", "TOTINDA", "MARITAL", "HEALTH_COV", "MENTHLTH", "MEDCOST", "PRACE1", "PRACE1", "IYEAR"]}