{"validation": 0.8158647792742951, "id_test": 0.8127384646690746, "ood_test": 0.787225336552232, "ood_validation": 0.7959860062603572, "train": 0.813940141617569, "id_test_conf": [0.809993749070285, 0.8154600856372295], "id_test_balanced": 0.5286666750907898, "id_test_balanced_conf": [0.5277028590859846, 0.529630491095595], "ood_test_conf": [0.7835698220701408, 0.7908467089026178], "ood_test_balanced": 0.5417041778564453, "ood_test_balanced_conf": [0.5402179009350948, 0.5431904547777958], "features": ["FER", "WIF", "WKW", "WRK", "ANC", "DREM", "SEX", "MAR", "DIVISION"]}