{"validation": 0.8152161471250334, "id_test": 0.8121279951162436, "ood_test": 0.7871844183477229, "ood_validation": 0.7930399558092432, "train": 0.8136158265741203, "id_test_conf": [0.8093798870844617, 0.814853053687143], "id_test_balanced": 0.5462583303451538, "id_test_balanced_conf": [0.5450187341938727, 0.5474979264964349], "ood_test_conf": [0.7835286517656248, 0.7908060476709141], "ood_test_balanced": 0.5629279613494873, "ood_test_balanced_conf": [0.5610915380297229, 0.5647643846692517], "features": ["FER", "WIF", "WKW", "WRK", "ANC", "DREM", "SEX", "MAR", "DIVISION"]}