{"validation": 0.8109910324212463, "id_test": 0.8062068965517242, "ood_test": 0.7413216523008808, "ood_validation": 0.7465027554048326, "train": 0.8034544200482814, "id_test_conf": [0.794141787580671, 0.817859404546037], "id_test_balanced": 0.6956756114959717, "id_test_balanced_conf": [0.6878717338107526, 0.7034794891811907], "ood_test_conf": [0.7353748963407982, 0.7472022682292755], "ood_test_balanced": 0.6885614395141602, "ood_test_balanced_conf": [0.6850478807091713, 0.692074998319149], "features": ["VCF0901b", "VCF0218", "VCF0224", "VCF0301", "VCF0302", "VCF9202", "VCF9203", "VCF9204", "VCF0521", "VCF0523", "VCF0428", "VCF0875", "VCF9052", "VCF0839", "VCF0822", "VCF0870", "VCF0843", "VCF9239", "VCF0803", "VCF0846", "VCF0606", "VCF0612", "VCF0616", "VCF0617", "VCF0310", "VCF0717", "VCF0718", "VCF0720", "VCF0725", "VCF0726", "VCF0745", "VCF0101", "VCF0140a", "VCF0112"]}