{"validation": 0.778052716514255, "id_test": 0.7767567841231268, "ood_test": 0.7618790425630014, "ood_validation": 0.7548310610551274, "train": 0.7779638532009939, "id_test_conf": [0.7746953620223934, 0.778808047143781], "id_test_balanced": 0.7170635461807251, "id_test_balanced_conf": [0.7156044686306268, 0.7185226237308234], "ood_test_conf": [0.7588325166334211, 0.7649055416715486], "ood_test_balanced": 0.7350829839706421, "ood_test_balanced_conf": [0.7329637430468574, 0.7372022248944268], "features": ["ENG", "HINS1", "HINS4", "NWLA", "NWLK", "OCCP", "POBP", "RELP", "WKHP", "WRK", "AGEP", "ST", "CIT", "DIVISION"]}