{"validation": 0.7865455811157168, "id_test": 0.7858444714459295, "ood_test": 0.7791756135474437, "ood_validation": 0.7685832839359811, "train": 0.786314306440117, "id_test_conf": [0.7838133767456259, 0.7878650731565113], "id_test_balanced": 0.7404689192771912, "id_test_balanced_conf": [0.7390056588407606, 0.7419321797136217], "ood_test_conf": [0.7762076065111191, 0.7821222693882761], "ood_test_balanced": 0.7638998031616211, "ood_test_balanced_conf": [0.761796985748224, 0.7660026205750182], "features": ["ENG", "HINS1", "HINS4", "NWLA", "NWLK", "OCCP", "POBP", "RELP", "WKHP", "WRK", "AGEP", "ST", "CIT", "DIVISION"]}