{"validation": 0.7928297946397493, "id_test": 0.7922235722964763, "ood_test": 0.7615760561710424, "ood_validation": 0.7522228808535862, "train": 0.7937534559532577, "id_test_conf": [0.7902146428956418, 0.7942217742916922], "id_test_balanced": 0.7262538075447083, "id_test_balanced_conf": [0.724837924593594, 0.7276696904958225], "ood_test_conf": [0.7585282177543179, 0.7646038909622581], "ood_test_balanced": 0.718343198299408, "ood_test_balanced_conf": [0.7163472411734984, 0.7203391554253176], "features": ["ENG", "HINS1", "HINS4", "NWLA", "NWLK", "OCCP", "POBP", "RELP", "WKHP", "WRK", "AGEP", "ST", "CIT", "DIVISION"]}