{"validation": 0.8738636363636364, "id_test": 0.8728896103896104, "ood_test": 0.6886094674556213, "ood_validation": 0.6423841059602649, "train": 0.8749847802264702, "id_test_conf": [0.8668789980514626, 0.8787234409935091], "id_test_balanced": 0.4999535083770752, "id_test_balanced_conf": [0.4998683744072332, 0.5000386423469172], "ood_test_conf": [0.6631662118390208, 0.7132301439394879], "ood_test_balanced": 0.4994635283946991, "ood_test_balanced_conf": [0.49859097304637545, 0.5003360837430227], "features": ["AccredAgency", "sch_deg", "NUMBRANCH", "HIGHDEG", "locale2", "ADM_RATE", "SATVRMID", "SATMTMID", "ACTMTMID", "ACTWRMID", "PCIP01", "PCIP10", "PCIP11", "PCIP14", "PCIP16", "PCIP19", "PCIP22", "PCIP38", "PCIP39", "PCIP41", "PCIP42", "PCIP44", "PCIP47", "PCIP48", "PCIP49", "PCIP50", "PCIP51", "PCIP54", "DISTANCEONLY", "UGDS_WHITE", "UGDS_BLACK", "UGDS_HISP", "UGDS_NHPI", "UGDS_NRA", "UGDS_UNKN", "UGDS_API", "UGDS_HISPOld", "UG_NRA", "UG_UNKN", "UG_WHITENH", "UG_BLACKNH", "UG_API", "UG_HISPOld", "PPTUG_EF2", "NPT4_PROG", "COSTT4_P", "TUITIONFEE_OUT", "TUITIONFEE_PROG", "TUITFTE", "INEXPFTE", "AVGFACSAL", "PCTPELL", "age_entry", "married", "dependent", "md_faminc", "pct_black", "pct_asian", "pct_born_us", "median_hh_inc", "poverty_rate", "CCBASIC"]}