{"validation": 0.6119502197274641, "id_test": 0.6117655747996602, "ood_test": 0.45794322320687375, "ood_validation": 0.4543405907641104, "train": 0.6104417670682731, "id_test_conf": [0.60593078185297, 0.6175763764648129], "id_test_balanced": 0.527919590473175, "id_test_balanced_conf": [0.5257619083859026, 0.5300772725604475], "ood_test_conf": [0.45658726888767937, 0.4592996468701088], "ood_test_balanced": 0.5264444947242737, "ood_test_balanced_conf": [0.5258903263451066, 0.5269986631034408], "features": ["AGEG5YR", "SMOKE100", "CHCSCNCR", "CHCOCNCR", "EMPLOY1", "IYEAR", "MEDCOST", "PRACE1", "SEX", "IYEAR", "STATE", "MEDCOST", "SEX", "BMI5CAT"]}