{"id_test": 0.6427120646995828, "id_test_conf": [0.6369709841145905, 0.6484225089352126], "id_test_balanced": 0.6089259386062622, "id_test_balanced_conf": [0.6050818254519253, 0.6127700517605991], "ood_test": 0.5417813482899357, "ood_test_conf": [0.5404248631310682, 0.5431373671785023], "ood_test_balanced": 0.5813146829605103, "ood_test_balanced_conf": [0.5804806966101751, 0.5821486693108454], "validation": 0.6438937922375272, "validation_conf": [0.6381567949921896, 0.6495998993519976], "validation_balanced": 0.6092487573623657, "validation_balanced_conf": [0.6054132372420281, 0.6130842774827033], "features": ["AGEG5YR", "SMOKE100", "CHCSCNCR", "CHCOCNCR", "EMPLOY1", "IYEAR", "MEDCOST", "PRACE1", "SEX", "IYEAR", "STATE", "MEDCOST", "SEX", "BMI5CAT"]}