{"validation": 0.6026191342306293, "id_test": 0.6096034921789741, "ood_test": 0.43346284418082476, "ood_validation": 0.43694392716739083, "train": 0.6077611098732704, "id_test_conf": [0.6038071319682428, 0.6153766777741123], "id_test_balanced": 0.5124406814575195, "id_test_balanced_conf": [0.5113543177442625, 0.5135270451707765], "ood_test_conf": [0.4321178913123499, 0.4348085356458655], "ood_test_balanced": 0.5130789279937744, "ood_test_balanced_conf": [0.5127881120343227, 0.5133697439532261], "features": ["DRNK_PER_WEEK", "RFBING5", "TOTINDA", "SMOKDAY2", "CHCSCNCR", "CHCOCNCR", "DIABETES", "EMPLOY1", "MEDCOST", "PRACE1", "IYEAR", "STATE", "SEX", "BMI5CAT"]}