{"id_test": 0.7324384872417983, "id_test_conf": [0.7302483671197888, 0.7346200761342343], "id_test_balanced": 0.6760379076004028, "id_test_balanced_conf": [0.6745013111177832, 0.6775745040830224], "ood_test": 0.7216345457180119, "ood_test_conf": [0.7184312089380183, 0.7248209357328539], "ood_test_balanced": 0.715628445148468, "ood_test_balanced_conf": [0.7133640652336181, 0.717892825063318], "validation": 0.7332215296016201, "validation_conf": [0.7310334196655037, 0.7354010794985101], "validation_balanced": 0.6769140362739563, "validation_balanced_conf": [0.6753813412250019, 0.6784467313229107], "features": ["HINS1", "HINS2", "NWLK", "POBP", "RELP", "WKW", "WRK", "AGEP", "MAR", "CIT", "RAC1P", "DIVISION"]}