{"validation": 0.8642233926198761, "id_test": 0.8640562717484649, "ood_test": 0.8208097101333546, "ood_validation": 0.8498563218390804, "train": 0.864172841145515, "id_test_conf": [0.863189620590237, 0.8649194314834847], "id_test_balanced": 0.7910792827606201, "id_test_balanced_conf": [0.7904563619522378, 0.7917022035690024], "ood_test_conf": [0.8139785245990324, 0.8274914561489479], "ood_test_balanced": 0.7681530117988586, "ood_test_balanced_conf": [0.7637827293295413, 0.772523294268176], "features": ["Average_confidence(BORED)", "Average_confidence(CONCENTRATING)", "Average_confidence(FRUSTRATED)", "hint_count", "problem_type", "bottom_hint", "overlap_time", "first_action", "school_id"]}