{"validation": 0.7948099521253446, "id_test": 0.7965508486870738, "ood_test": 0.4725848563968668, "ood_validation": 0.3953488372093023, "train": 0.7977531400955232, "id_test_conf": [0.7931662576784937, 0.7999041994456931], "id_test_balanced": 0.6788913607597351, "id_test_balanced_conf": [0.6767807692289353, 0.681001952290535], "ood_test_conf": [0.42166065451932694, 0.523935928029226], "ood_test_balanced": 0.5024630427360535, "ood_test_balanced_conf": [0.49895708783064036, 0.5059689976414665], "features": ["Average_confidence(BORED)", "Average_confidence(CONCENTRATING)", "Average_confidence(CONFUSED)", "Average_confidence(FRUSTRATED)", "skill_id", "problem_type", "position", "type", "overlap_time", "first_action", "school_id"]}