{"validation": 0.8018098070506311, "id_test": 0.8053460031916437, "ood_test": 0.4751958224543081, "ood_validation": 0.3953488372093023, "train": 0.8060292554216376, "id_test_conf": [0.8020162789035239, 0.8086435587848048], "id_test_balanced": 0.6837990283966064, "id_test_balanced_conf": [0.6817540941713378, 0.6858439626218751], "ood_test_conf": [0.4242377076019532, 0.5265401493831496], "ood_test_balanced": 0.5049260854721069, "ood_test_balanced_conf": [0.49998020434752105, 0.5098719665966928], "features": ["Average_confidence(BORED)", "Average_confidence(CONCENTRATING)", "Average_confidence(CONFUSED)", "Average_confidence(FRUSTRATED)", "skill_id", "problem_type", "position", "type", "overlap_time", "first_action", "school_id"]}