{"validation": 0.7796133758885826, "id_test": 0.7834941244741042, "ood_test": 0.4699738903394256, "ood_validation": 0.4186046511627907, "train": 0.7835538559534307, "id_test_conf": [0.780032611895586, 0.786925774667089], "id_test_balanced": 0.6532694101333618, "id_test_balanced_conf": [0.6512582319742068, 0.6552805882925168], "ood_test_conf": [0.41908496469596734, 0.5213303445525679], "ood_test_balanced": 0.4993705451488495, "ood_test_balanced_conf": [0.4921584619116038, 0.5065826283860951], "features": ["Average_confidence(BORED)", "Average_confidence(CONCENTRATING)", "Average_confidence(CONFUSED)", "Average_confidence(FRUSTRATED)", "skill_id", "problem_type", "position", "type", "overlap_time", "first_action", "school_id"]}