{"validation": 0.7885303156469594, "id_test": 0.7872587273504239, "ood_test": 0.5264801431022024, "ood_validation": 0.524902064351424, "train": 0.7873704305448812, "id_test_conf": [0.786122603138975, 0.7883915272258653], "id_test_balanced": 0.5725955963134766, "id_test_balanced_conf": [0.5719959964882583, 0.5731951961386949], "ood_test_conf": [0.5253973475792079, 0.5275627510689963], "ood_test_balanced": 0.6045517325401306, "ood_test_balanced_conf": [0.6039444908814039, 0.6051589741988573], "features": ["ESP", "NATIVITY", "DEAR", "DREM", "ESR", "FER", "AGEP", "SEX", "MAR", "CIT", "SCHL", "DIVISION", "DIS"]}