{"validation": 0.7949522845315617, "id_test": 0.794002180589558, "ood_test": 0.5823100539567686, "ood_validation": 0.5822109247766187, "train": 0.7943577645822814, "id_test_conf": [0.7928793594210011, 0.7951215993354037], "id_test_balanced": 0.5905834436416626, "id_test_balanced_conf": [0.5899452056817245, 0.5912216816016007], "ood_test_conf": [0.581240323629989, 0.5833792012842723], "ood_test_balanced": 0.6459026336669922, "ood_test_balanced_conf": [0.6452628890739288, 0.6465423782600556], "features": ["ESP", "NATIVITY", "DEAR", "DREM", "ESR", "FER", "AGEP", "SEX", "MAR", "CIT", "SCHL", "DIVISION", "DIS"]}