{"id_test": 0.9464285714285714, "id_test_conf": [0.9423052224165219, 0.9503393634145642], "id_test_balanced": 0.8380041718482971, "id_test_balanced_conf": [0.8337767359055579, 0.8422316077910363], "ood_test": 0.8505917159763313, "ood_test_conf": [0.8304596405747722, 0.8691860376818005], "ood_test_balanced": 0.7915695905685425, "ood_test_balanced_conf": [0.7774313918687403, 0.8057077892683446], "validation": 0.9501623376623377, "validation_conf": [0.946171499359977, 0.9539387428543035], "validation_balanced": 0.8542031645774841, "validation_balanced_conf": [0.8500983922556042, 0.858307936899364], "features": ["STABBR", "sch_deg", "NUMBRANCH", "HIGHDEG", "CONTROL", "region", "LOCALE", "locale2", "ADM_RATE", "ADM_RATE_ALL", "SATMTMID", "SATWRMID", "ACTCMMID", "ACTENMID", "PCIP11", "PCIP15", "PCIP16", "PCIP24", "PCIP26", "PCIP40", "PCIP41", "PCIP42", "PCIP43", "PCIP46", "PCIP47", "DISTANCEONLY", "UGDS", "UGDS_WHITE", "UGDS_AIAN", "UGDS_NHPI", "UGDS_NRA", "UGDS_WHITENH", "UGDS_API", "UGDS_HISPOld", "UG_NRA", "UG_WHITENH", "COSTT4_A", "TUITIONFEE_IN", "TUITIONFEE_OUT", "TUITFTE", "INEXPFTE", "loan_ever", "pell_ever", "age_entry", "age_entry_sq", "dependent", "first_gen", "faminc", "pct_black", "pct_hispanic", "pct_ba", "median_hh_inc", "poverty_rate", "unemp_rate", "CCBASIC"]}