{"validation": 0.8139802253391585, "id_test": 0.8151724137931035, "ood_test": 0.7764589515331355, "ood_validation": 0.7884696905468419, "train": 0.81040924244166, "id_test_conf": [0.8033123920199938, 0.8266076553268231], "id_test_balanced": 0.7401618957519531, "id_test_balanced_conf": [0.7318002995848656, 0.7485234919190407], "ood_test_conf": [0.770793719057425, 0.7820483934062388], "ood_test_balanced": 0.7414984703063965, "ood_test_balanced_conf": [0.737724441490136, 0.7452724991226569], "features": ["VCF0901b", "VCF0302", "VCF9008", "VCF9010", "VCF9011", "VCF9201", "VCF9203", "VCF9205", "VCF0428", "VCF0429", "VCF0875", "VCF0809", "VCF0839", "VCF9045", "VCF0803", "VCF0601", "VCF0615", "VCF0616", "VCF0743", "VCF0717", "VCF0718", "VCF0721", "VCF0701", "VCF0675", "VCF0725", "VCF0726", "VCF0101", "VCF0105a", "VCF0115", "VCF0140a", "VCF0112"]}