{"validation": 0.8764989673553685, "id_test": 0.8755275467139044, "ood_test": 0.8262628548795496, "ood_validation": 0.8330575005304477, "train": 0.8760223141263277, "id_test_conf": [0.8736659432358399, 0.8773713534381953], "id_test_balanced": 0.5168148875236511, "id_test_balanced_conf": [0.5162677122221794, 0.5173620628251229], "ood_test_conf": [0.8246435231075907, 0.8278732642301143], "ood_test_balanced": 0.5114401578903198, "ood_test_balanced_conf": [0.5110726539226016, 0.511807661858038], "features": ["PHYSHLTH", "HIGH_BLOOD_PRESS", "BMI5", "BMI5CAT", "SMOKE100", "CVDSTRK3", "MICHD", "VEG_ONCE_PER_DAY", "DRNK_PER_WEEK", "RFBING5", "INCOME", "MARITAL", "CHECKUP1", "STATE", "MEDCOST", "PRACE1", "SEX", "PRACE1", "PRACE1", "IYEAR"]}