{"validation": 0.8227962404771898, "id_test": 0.8192501398992725, "ood_test": 0.7936290355579197, "ood_validation": 0.7974590314859142, "train": 0.8202801827610656, "id_test_conf": [0.816542301109858, 0.8219344021925444], "id_test_balanced": 0.5869282484054565, "id_test_balanced_conf": [0.5853557972260751, 0.588500699584838], "ood_test_conf": [0.7900136491803236, 0.7972095171391184], "ood_test_balanced": 0.6096252202987671, "ood_test_balanced_conf": [0.6073639663681388, 0.6118864742293953], "features": ["FER", "WIF", "NWLA", "NWLK", "RELP", "WRK", "DIS", "MIL", "NATIVITY", "DEAR", "DREM", "AGEP", "ST", "MAR", "CIT", "ACS_YEAR", "DIVISION"]}