{"validation": 0.804552770751897, "id_test": 0.7972413793103448, "ood_test": 0.7245066176816919, "ood_validation": 0.7231877914370496, "train": 0.7889412576158179, "id_test_conf": [0.7849808432757459, 0.8091014807148866], "id_test_balanced": 0.6821287870407104, "id_test_balanced_conf": [0.6743568245135247, 0.6899007495678962], "ood_test_conf": [0.7184430862403898, 0.7305086240661842], "ood_test_balanced": 0.6707087755203247, "ood_test_balanced_conf": [0.6671527797682211, 0.6742647712724283], "features": ["VCF0004", "VCF9008", "VCF9202", "VCF9205", "VCF0523", "VCF0429", "VCF0839", "VCF0822", "VCF0870", "VCF0843", "VCF0838", "VCF9239", "VCF0803", "VCF0616", "VCF0617", "VCF0717", "VCF0721", "VCF0726", "VCF0101", "VCF0140a", "VCF0112"]}