{"validation": 0.799724074499885, "id_test": 0.7944827586206896, "ood_test": 0.7201262305119872, "ood_validation": 0.7274268757948283, "train": 0.7879641338084837, "id_test_conf": [0.7821639587981319, 0.8064048649280646], "id_test_balanced": 0.6790469884872437, "id_test_balanced_conf": [0.6712562116421759, 0.6868377653323114], "ood_test_conf": [0.7140340544750161, 0.7261580834233585], "ood_test_balanced": 0.6639977693557739, "ood_test_balanced_conf": [0.6605050761532039, 0.667490462558344], "features": ["VCF0004", "VCF9008", "VCF9202", "VCF9205", "VCF0523", "VCF0429", "VCF0839", "VCF0822", "VCF0870", "VCF0843", "VCF0838", "VCF9239", "VCF0803", "VCF0616", "VCF0617", "VCF0717", "VCF0721", "VCF0726", "VCF0101", "VCF0140a", "VCF0112"]}