{"validation": 0.7723760402493434, "id_test": 0.7737064601053057, "ood_test": 0.7661603720145961, "ood_validation": 0.7624184943687018, "train": 0.7731178057831398, "id_test_conf": [0.7716351776166775, 0.7757676955823716], "id_test_balanced": 0.717482328414917, "id_test_balanced_conf": [0.7160110161732882, 0.7189536406565458], "ood_test_conf": [0.7631326192523279, 0.7691677701799454], "ood_test_balanced": 0.7430090308189392, "ood_test_balanced_conf": [0.7408863179991022, 0.7451317436387762], "features": ["ENG", "NWLA", "NWLK", "POBP", "RELP", "WKHP", "WRK", "ST", "MAR", "CIT", "SCHL", "DIVISION"]}