{"validation": 0.8181191078408829, "id_test": 0.8186206896551724, "ood_test": 0.7572417691112053, "ood_validation": 0.7660025434506147, "train": 0.8120473617657202, "id_test_conf": [0.8068422320463905, 0.8299696789157935], "id_test_balanced": 0.7130187153816223, "id_test_balanced_conf": [0.7052333389595151, 0.7208040918037295], "ood_test_conf": [0.7514160034488837, 0.7629970235357378], "ood_test_balanced": 0.7069348096847534, "ood_test_balanced_conf": [0.7034235987905413, 0.7104460205789656], "features": ["VCF0004", "VCF0901b", "VCF0218", "VCF0224", "VCF0301", "VCF0302", "VCF9008", "VCF9010", "VCF9011", "VCF9201", "VCF9202", "VCF9203", "VCF9205", "VCF9206", "VCF0521", "VCF0523", "VCF0428", "VCF0429", "VCF0875", "VCF9052", "VCF0809", "VCF0839", "VCF0822", "VCF0870", "VCF0843", "VCF9045", "VCF0838", "VCF9239", "VCF0803", "VCF0846", "VCF0601", "VCF0606", "VCF0612", "VCF0615", "VCF0616", "VCF0617", "VCF0310", "VCF0743", "VCF0717", "VCF0718", "VCF0720", "VCF0721", "VCF0701", "VCF0675", "VCF0724", "VCF0725", "VCF0726", "VCF0745", "VCF0101", "VCF0104", "VCF0105a", "VCF0115", "VCF0140a", "VCF0112"]}