{"validation": 0.7955851919981605, "id_test": 0.786896551724138, "ood_test": 0.7124016767933682, "ood_validation": 0.7130139889783806, "train": 0.7863260144844235, "id_test_conf": [0.7744219012469836, 0.7989847914313291], "id_test_balanced": 0.6566157341003418, "id_test_balanced_conf": [0.6492473895289004, 0.6639840786717832], "ood_test_conf": [0.7062607188075227, 0.7184844309241851], "ood_test_balanced": 0.6509674191474915, "ood_test_balanced_conf": [0.6476524413423612, 0.6542823969526217], "features": ["VCF0004", "VCF0218", "VCF0302", "VCF9008", "VCF9010", "VCF9011", "VCF9201", "VCF9202", "VCF9205", "VCF0521", "VCF0523", "VCF0809", "VCF0843", "VCF0838", "VCF9239", "VCF0803", "VCF0606", "VCF0612", "VCF0615", "VCF0616", "VCF0717", "VCF0725", "VCF0745", "VCF0101", "VCF0115", "VCF0140a", "VCF0112"]}