{"validation": 0.7771901586571626, "id_test": 0.7760919540229885, "ood_test": 0.6858367481512883, "ood_validation": 0.6858838490885969, "train": 0.7691401310495459, "id_test_conf": [0.7634060144008745, 0.7884061156183433], "id_test_balanced": 0.6354840993881226, "id_test_balanced_conf": [0.6284444134961814, 0.6425237852800637], "ood_test_conf": [0.6795442392588543, 0.6920783391419593], "ood_test_balanced": 0.617162823677063, "ood_test_balanced_conf": [0.6140933814365417, 0.6202322659175843], "features": ["VCF0004", "VCF0901b", "VCF0224", "VCF0301", "VCF9010", "VCF9205", "VCF9206", "VCF0523", "VCF0428", "VCF0429", "VCF0875", "VCF9052", "VCF0809", "VCF0839", "VCF0822", "VCF0843", "VCF9045", "VCF0616", "VCF0717", "VCF0725", "VCF0726", "VCF0745", "VCF0104", "VCF0105a", "VCF0112"]}