{"validation": 0.8468266853651863, "id_test": 0.8477869813954403, "ood_test": 0.7912640741036493, "ood_validation": 0.8132183908045977, "train": 0.8480434560013106, "id_test_conf": [0.8468833261748461, 0.8486873344104344], "id_test_balanced": 0.764241635799408, "id_test_balanced_conf": [0.7636142685066443, 0.7648690030921717], "ood_test_conf": [0.7840389246705947, 0.7983536063945407], "ood_test_balanced": 0.7299061417579651, "ood_test_balanced_conf": [0.7255379411485046, 0.7342743423674256], "features": ["Average_confidence(BORED)", "Average_confidence(CONFUSED)", "Average_confidence(FRUSTRATED)", "hint_count", "problem_type", "tutor_mode", "position", "type", "school_id"]}