{"validation": 0.7875059157595835, "id_test": 0.7870730178001606, "ood_test": 0.45290551024176007, "ood_validation": 0.45063603151547166, "train": 0.7867898375762465, "id_test_conf": [0.7859365338073434, 0.7882061796073496], "id_test_balanced": 0.5454292893409729, "id_test_balanced_conf": [0.5449633708619512, 0.5458952078199946], "ood_test_conf": [0.451826271926688, 0.45398508212314115], "ood_test_balanced": 0.559669017791748, "ood_test_balanced_conf": [0.5592017113015754, 0.5601363242819207], "features": ["ESP", "MIG", "ANC", "DREM", "ESR", "ST", "MAR", "CIT", "RAC1P", "SCHL", "DIVISION", "ACS_YEAR", "DIS"]}