{"validation": 0.8727514562951211, "id_test": 0.8737370095270146, "ood_test": 0.8230336949367846, "ood_validation": 0.8258636401292354, "train": 0.8733030722480074, "id_test_conf": [0.8718815771819022, 0.8755750574434745], "id_test_balanced": 0.5087637901306152, "id_test_balanced_conf": [0.508342710272991, 0.5091848699882394], "ood_test_conf": [0.8214223677497221, 0.8246363995125775], "ood_test_balanced": 0.5088505744934082, "ood_test_balanced_conf": [0.5085138502327027, 0.5091872987541137], "features": ["BMI5", "BMI5CAT", "FRUIT_ONCE_PER_DAY", "INCOME", "MARITAL", "EDUCA", "HEALTH_COV", "IYEAR", "MEDCOST", "PRACE1", "SEX", "STATE", "MEDCOST", "SEX", "PRACE1"]}