{"id_test": 0.9661946518761814, "id_test_conf": [0.965301339040535, 0.967071163315731], "id_test_balanced": 0.5010704398155212, "id_test_balanced_conf": [0.500954680947616, 0.5011861986834265], "ood_test": 0.9484142264273184, "ood_test_conf": [0.9473314179959796, 0.9494811100067949], "ood_test_balanced": 0.5003540515899658, "ood_test_balanced_conf": [0.5002792856270389, 0.5004288175528927], "validation": 0.9666282442180412, "validation_conf": [0.9657403970193642, 0.9674992738037493], "validation_balanced": 0.5008251070976257, "validation_balanced_conf": [0.5007249364591553, 0.5009252777360962], "features": ["POBP", "RELP", "WKHP", "WKW", "ESP", "MIG", "MIL", "ANC", "DEYE", "DREM", "FER", "AGEP", "ST", "MAR", "CIT", "DIVISION", "SCHL"]}