{"validation": 0.7901737486046795, "id_test": 0.7891397853756724, "ood_test": 0.611024640624446, "ood_validation": 0.6107883269510102, "train": 0.7896408835297057, "id_test_conf": [0.7880073250954351, 0.7902688995384355], "id_test_balanced": 0.5815072655677795, "id_test_balanced_conf": [0.5808815111231524, 0.5821330200124066], "ood_test_conf": [0.6099670767950345, 0.6120814180632224], "ood_test_balanced": 0.6733744144439697, "ood_test_balanced_conf": [0.672747020968236, 0.6740018079197034], "features": ["ESP", "ANC", "NATIVITY", "DEYE", "DREM", "PINCP", "ESR", "FER", "AGEP", "ST", "RAC1P", "DIS"]}