{"validation": 0.27181208053691275, "id_test": 0.23154362416107382, "ood_test": 0.47876973326075123, "ood_validation": 0.47169297768100166, "train": 0.2827181208053691, "id_test_conf": [0.18485450862855127, 0.28365819286636773], "id_test_balanced": 0.43664059042930603, "id_test_balanced_conf": [0.4152871574088931, 0.45799402344971896], "ood_test_conf": [0.4733722988899315, 0.4841708979225764], "ood_test_balanced": 0.4584614038467407, "ood_test_balanced_conf": [0.45575650316197425, 0.4611663045315072], "features": ["MARITAL_STATUS", "FAMILY_SIZE_AVG", "HOUSEHOLD_INC", "TANF_ASSISTANCE", "FOSTER_CHILD_CARE_AMT", "ALIMONY_AMT", "INCOME", "UNEMPLOYMENT_COMP_AMOUNT", "SURVIVOR_INCOME_AMOUNT", "DISABILITY_BENEFITS_AMOUNT", "FOOD_ASSISTANCE", "GENDER", "AGE", "LIVING_OWNERSHIP", "SNAP_ASSISTANCE", "MEDICARE_ASSISTANCE", "DAYS_SICK", "HOSPITAL_NIGHTS", "PRESCRIPTION_MEDS", "VISIT_DENTIST_NUM", "VISIT_DOCTOR_NUM", "HEALTH_OVER_THE_COUNTER_PRODUCTS_PAY", "HEALTH_HEARING", "CITIZENSHIP_STATUS"]}