{"validation": 0.7880264531848242, "id_test": 0.7879834953422439, "ood_test": 0.7811384384344825, "ood_validation": 0.7700059276822763, "train": 0.7887056876585585, "id_test_conf": [0.7859597508956744, 0.789996668198047], "id_test_balanced": 0.7698797583580017, "id_test_balanced_conf": [0.7684228623798117, 0.7713366543361917], "ood_test_conf": [0.7781798015705762, 0.784075573783686], "ood_test_balanced": 0.7689241170883179, "ood_test_balanced_conf": [0.7668252511927858, 0.77102298298385], "features": ["COW", "ENG", "FER", "HINS1", "HINS2", "HINS3", "HINS4", "OCCP", "RELP", "SEX", "ST", "MAR", "SCHL", "DIVISION"]}