{"validation": 0.7151346391165395, "id_test": 0.715687019036047, "ood_test": 0.6723663237211999, "ood_validation": 0.6726733847065798, "train": 0.7150016256329487, "id_test_conf": [0.7134557955467622, 0.7179103264103814], "id_test_balanced": 0.634495735168457, "id_test_balanced_conf": [0.6330141593166627, 0.6359773110202513], "ood_test_conf": [0.6690143779259817, 0.6757050915510099], "ood_test_balanced": 0.6345585584640503, "ood_test_balanced_conf": [0.6323226809082553, 0.6367944360198453], "features": ["COW", "FER", "NWLK", "POBP", "RELP", "ST", "MAR", "ACS_YEAR", "DIVISION"]}