{"validation": 0.716166186754422, "id_test": 0.7159971142162819, "ood_test": 0.6672945949862339, "ood_validation": 0.6667457024303497, "train": 0.7160300065737274, "id_test_conf": [0.7137666167337335, 0.7182196841978986], "id_test_balanced": 0.6519908308982849, "id_test_balanced_conf": [0.6504512430541217, 0.6535304187424481], "ood_test_conf": [0.6639298142027146, 0.6706465856840397], "ood_test_balanced": 0.6126857399940491, "ood_test_balanced_conf": [0.6106381701305509, 0.6147333098575473], "features": ["COW", "FER", "NWLK", "POBP", "RELP", "ST", "MAR", "ACS_YEAR", "DIVISION"]}