{"id_test": 0.8456783842905835, "id_test_conf": [0.8431341966298213, 0.8481970385474203], "id_test_balanced": 0.6753903031349182, "id_test_balanced_conf": [0.673518892636057, 0.6772617136337794], "ood_test": 0.8216784647489668, "ood_test_conf": [0.8182556926660962, 0.8250629894662306], "ood_test_balanced": 0.678489089012146, "ood_test_balanced_conf": [0.6760384748224169, 0.6809397032018751], "validation": 0.8463886451219047, "validation_conf": [0.8438491744943862, 0.8489025293958794], "validation_balanced": 0.6723957657814026, "validation_balanced_conf": [0.6705273004388437, 0.6742642311239615], "features": ["HUPAC", "WIF", "NWLA", "NWLK", "OCCP", "RELP", "WKHP", "WKW", "MIL", "NATIVITY", "DEAR", "DEYE", "DREM", "PUBCOV", "AGEP", "SEX", "ST", "MAR", "CIT", "SCHL", "DIVISION"]}