{"validation": 0.7055495272050845, "id_test": 0.7055100150216097, "ood_test": 0.43966421825813223, "ood_validation": 0.5424528301886793, "train": 0.7055314806331051, "id_test_conf": [0.7037896670419987, 0.7072259661056093], "id_test_balanced": 0.5162341594696045, "id_test_balanced_conf": [0.5159004101419122, 0.5165679087972967], "ood_test_conf": [0.4172264094420966, 0.46228797356717505], "ood_test_balanced": 0.5027933120727539, "ood_test_balanced_conf": [0.501120213214308, 0.5044664109311998], "features": ["Average_confidence(BORED)", "Average_confidence(CONCENTRATING)", "Average_confidence(FRUSTRATED)", "attempt_count", "skill_id", "problem_type", "ms_first_response", "overlap_time", "first_action", "school_id"]}