{"validation": 0.9246812971041772, "id_test": 0.924851352498496, "ood_test": 0.45120671563483733, "ood_validation": 0.5518867924528302, "train": 0.9243524568646746, "id_test_conf": [0.9238522840202833, 0.9258413218363286], "id_test_balanced": 0.8770007491111755, "id_test_balanced_conf": [0.876189150455175, 0.8778123477671761], "ood_test_conf": [0.4286942998756706, 0.4738694997049344], "ood_test_balanced": 0.5130353569984436, "ood_test_balanced_conf": [0.5094584700884297, 0.5166122439084575], "features": ["Average_confidence(BORED)", "Average_confidence(CONCENTRATING)", "Average_confidence(FRUSTRATED)", "attempt_count", "skill_id", "problem_type", "ms_first_response", "overlap_time", "first_action", "school_id"]}