{"validation": 0.6031832552054944, "id_test": 0.6024345930232559, "ood_test": 0.4203186717290793, "ood_validation": 0.42004099137114415, "train": 0.5989507392518907, "id_test_conf": [0.5966237901904303, 0.608223760979907], "id_test_balanced": 0.501836359500885, "id_test_balanced_conf": [0.5009238534467295, 0.5027488655550405], "ood_test_conf": [0.4189798067609914, 0.42165842022185335], "ood_test_balanced": 0.5016103386878967, "ood_test_balanced_conf": [0.5014025681072962, 0.5018181092684972], "features": ["RFBING5", "TOTINDA", "POVERTY", "EMPLOY1", "IYEAR", "MEDCOST", "PRACE1", "SEX", "BMI5CAT"]}