{"validation": 0.7951253161646356, "id_test": 0.7910344827586206, "ood_test": 0.7187603033300363, "ood_validation": 0.7164052564646036, "train": 0.787418094033797, "id_test_conf": [0.7786440550633342, 0.8030328918567899], "id_test_balanced": 0.6624714732170105, "id_test_balanced_conf": [0.6550786834489554, 0.6698642629850656], "ood_test_conf": [0.7126593414208491, 0.724801316886744], "ood_test_balanced": 0.6587702035903931, "ood_test_balanced_conf": [0.6554213332710788, 0.6621190739097074], "features": ["VCF0901b", "VCF0224", "VCF0301", "VCF9010", "VCF9201", "VCF9202", "VCF9203", "VCF9204", "VCF9205", "VCF9206", "VCF0875", "VCF0809", "VCF0870", "VCF9239", "VCF0803", "VCF0846", "VCF0616", "VCF0617", "VCF0310", "VCF0743", "VCF0717", "VCF0718", "VCF0720", "VCF0721", "VCF0726", "VCF0745", "VCF0104", "VCF0105a", "VCF0115", "VCF0140a", "VCF0112"]}