{"validation": 0.8984577922077922, "id_test": 0.8962662337662337, "ood_test": 0.6775147928994083, "ood_validation": 0.6622516556291391, "train": 0.8946284345955599, "id_test_conf": [0.8907474968203892, 0.9015969501796595], "id_test_balanced": 0.7546736001968384, "id_test_balanced_conf": [0.7498520109429956, 0.7594951894506812], "ood_test_conf": [0.6518635511945542, 0.7023919809149624], "ood_test_balanced": 0.6693030595779419, "ood_test_balanced_conf": [0.6515890279039741, 0.6870170912519097], "features": ["STABBR", "AccredAgency", "main", "NUMBRANCH", "CONTROL", "LOCALE", "locale2", "ADM_RATE", "ADM_RATE_ALL", "SATWRMID", "ACTENMID", "ACTMTMID", "ACTWRMID", "PCIP04", "PCIP05", "PCIP09", "PCIP13", "PCIP23", "PCIP25", "PCIP26", "PCIP29", "PCIP30", "PCIP38", "PCIP41", "PCIP42", "PCIP44", "PCIP46", "PCIP47", "PCIP48", "PCIP51", "PCIP54", "UGDS", "UG", "UGDS_WHITE", "UGDS_HISP", "UGDS_ASIAN", "UGDS_UNKN", "UGDS_WHITENH", "UGDS_BLACKNH", "UGDS_HISPOld", "UG_NRA", "UG_WHITENH", "UG_API", "PPTUG_EF", "PPTUG_EF2", "NPT4_PROG", "COSTT4_A", "COSTT4_P", "TUITIONFEE_OUT", "TUITFTE", "pell_ever", "age_entry_sq", "dependent", "first_gen", "pct_asian", "pct_ba", "pct_grad_prof", "pct_born_us", "median_hh_inc", "CCBASIC"]}