{"validation": 0.9081168831168831, "id_test": 0.9081168831168831, "ood_test": 0.7233727810650887, "ood_validation": 0.6688741721854304, "train": 0.9058301879134705, "id_test_conf": [0.9028786786728082, 0.9131613384738974], "id_test_balanced": 0.7357991933822632, "id_test_balanced_conf": [0.7311099966336042, 0.7404883901309222], "ood_test_conf": [0.6986903077528772, 0.7470804069656669], "ood_test_balanced": 0.6705191135406494, "ood_test_balanced_conf": [0.6536018436774611, 0.6874363834038377], "features": ["STABBR", "AccredAgency", "main", "NUMBRANCH", "CONTROL", "LOCALE", "locale2", "ADM_RATE", "ADM_RATE_ALL", "SATWRMID", "ACTENMID", "ACTMTMID", "ACTWRMID", "PCIP04", "PCIP05", "PCIP09", "PCIP13", "PCIP23", "PCIP25", "PCIP26", "PCIP29", "PCIP30", "PCIP38", "PCIP41", "PCIP42", "PCIP44", "PCIP46", "PCIP47", "PCIP48", "PCIP51", "PCIP54", "UGDS", "UG", "UGDS_WHITE", "UGDS_HISP", "UGDS_ASIAN", "UGDS_UNKN", "UGDS_WHITENH", "UGDS_BLACKNH", "UGDS_HISPOld", "UG_NRA", "UG_WHITENH", "UG_API", "PPTUG_EF", "PPTUG_EF2", "NPT4_PROG", "COSTT4_A", "COSTT4_P", "TUITIONFEE_OUT", "TUITFTE", "pell_ever", "age_entry_sq", "dependent", "first_gen", "pct_asian", "pct_ba", "pct_grad_prof", "pct_born_us", "median_hh_inc", "CCBASIC"]}