{"validation": 0.8015631427396134, "id_test": 0.8002227622519239, "ood_test": 0.7801899592944369, "ood_validation": 0.7800829875518672, "train": 0.8016031667804477, "id_test_conf": [0.7982426921967315, 0.8021918109154313], "id_test_balanced": 0.7547644376754761, "id_test_balanced_conf": [0.7533311332948506, 0.7561977420561016], "ood_test_conf": [0.7772267825180124, 0.7831317071944044], "ood_test_balanced": 0.7515079379081726, "ood_test_balanced_conf": [0.7494523655250669, 0.7535635102912783], "features": ["COW", "FER", "HINS1", "HINS2", "NWLA", "NWLK", "OCCP", "WKW", "WRK", "AGEP", "ST", "MAR", "SCHL", "DIVISION"]}