{"validation": 0.7978736195930766, "id_test": 0.7968370291616039, "ood_test": 0.7683866633294253, "ood_validation": 0.7659751037344399, "train": 0.7976763337111974, "id_test_conf": [0.7948445966415302, 0.7988185647274969], "id_test_balanced": 0.7310500144958496, "id_test_balanced_conf": [0.7296427680458873, 0.7324572609458119], "ood_test_conf": [0.7653688419771911, 0.7713839596314076], "ood_test_balanced": 0.7298452854156494, "ood_test_balanced_conf": [0.7278237734828145, 0.7318667973484844], "features": ["COW", "FER", "HINS1", "HINS2", "NWLA", "NWLK", "OCCP", "WKW", "WRK", "AGEP", "ST", "MAR", "SCHL", "DIVISION"]}