{"validation": 0.7747808752333639, "id_test": 0.7744911907654921, "ood_test": 0.75475227569127, "ood_validation": 0.7443983402489627, "train": 0.774275920934909, "id_test_conf": [0.7724224299274453, 0.7765498757615232], "id_test_balanced": 0.7194026708602905, "id_test_balanced_conf": [0.7179307582927867, 0.7208745834277943], "ood_test_conf": [0.7516754314824214, 0.757809638647165], "ood_test_balanced": 0.7261065244674683, "ood_test_balanced_conf": [0.7239772936282679, 0.7282357553066686], "features": ["COW", "ENG", "FER", "HINS2", "HINS3", "HINS4", "POBP", "RELP", "WKHP", "WRK", "SEX", "ST", "SCHL", "DIVISION"]}