{"validation": 0.8229870146387374, "id_test": 0.8222770514320599, "ood_test": 0.7995417161094971, "ood_validation": 0.8016939790093905, "train": 0.8221815591922648, "id_test_conf": [0.819586794037279, 0.8249435083027814], "id_test_balanced": 0.5810869932174683, "id_test_balanced_conf": [0.579594291371759, 0.5825796950631775], "ood_test_conf": [0.7959645974531016, 0.8030832256505747], "ood_test_balanced": 0.5991812944412231, "ood_test_balanced_conf": [0.5970808530040085, 0.6012817358784378], "features": ["ENG", "FER", "HUPAC", "OCCP", "WRK", "DIS", "MIL", "ANC", "DREM", "SEX", "MAR", "CIT", "RAC1P", "DIVISION"]}