{"validation": 0.8277765003449069, "id_test": 0.8271264367816092, "ood_test": 0.7887522961706938, "ood_validation": 0.7999152183128444, "train": 0.8234567191631222, "id_test_conf": [0.8155558357111714, 0.838255995631055], "id_test_balanced": 0.7538151741027832, "id_test_balanced_conf": [0.7455926198884845, 0.7620377283170819], "ood_test_conf": [0.7831986744817914, 0.794226748045687], "ood_test_balanced": 0.754385232925415, "ood_test_balanced_conf": [0.7506745144166053, 0.7580959514342248], "features": ["VCF0004", "VCF0901b", "VCF0218", "VCF0224", "VCF0301", "VCF0302", "VCF9008", "VCF9010", "VCF9011", "VCF9201", "VCF9202", "VCF9203", "VCF9204", "VCF9205", "VCF9206", "VCF0521", "VCF0523", "VCF0428", "VCF0429", "VCF0875", "VCF9052", "VCF0809", "VCF0822", "VCF0870", "VCF0843", "VCF9045", "VCF0838", "VCF9239", "VCF0803", "VCF0846", "VCF0601", "VCF0606", "VCF0612", "VCF0615", "VCF0616", "VCF0617", "VCF0310", "VCF0743", "VCF0717", "VCF0718", "VCF0720", "VCF0721", "VCF0701", "VCF0675", "VCF0724", "VCF0725", "VCF0726", "VCF0745", "VCF0101", "VCF0104", "VCF0105a", "VCF0115", "VCF0140a", "VCF0112"]}