{"validation": 0.5929769671995625, "id_test": 0.5906292923640434, "ood_test": 0.5929866197471255, "ood_validation": 0.5831338611673725, "0": 0.6760024178924038, "1": 0.5739387342559478, "2": 0.5841665627727216, "3": 0.6119793848990195, "4": 0.6056442813212974, "5": 0.6131796576851901, "7": 0.5911242117130342, "8": 0.5879255181733273, "9": 0.5461693458111315, "id_test_conf": [0.5871826743871189, 0.5940692219448902], "id_test_balanced": 0.6636923551559448, "id_test_balanced_conf": [0.6614315064623952, 0.6659532038494944], "ood_test_conf": [0.5886156724762258, 0.5973465206688191], "ood_test_balanced": 0.6517974138259888, "ood_test_balanced_conf": [0.6488843543082475, 0.65471047334373], "features": ["DIVISION", "HUPAC", "PUBCOV"]}