{"id_test": 0.7901149425287356, "id_test_conf": [0.7777056367479622, 0.8021334760883191], "id_test_balanced": 0.6876006722450256, "id_test_balanced_conf": [0.6794261796958745, 0.6957751647941768], "ood_test": 0.7399557251189298, "ood_test_conf": [0.7339990700219345, 0.7458466151404345], "ood_test_balanced": 0.6942964792251587, "ood_test_balanced_conf": [0.6905658009648323, 0.698027157485485], "validation": 0.7925959990802484, "validation_conf": [0.7802363869871591, 0.804561384629634], "validation_balanced": 0.6943152546882629, "validation_balanced_conf": [0.6861114764586091, 0.7025190329179167], "features": ["VCF0004", "VCF0218", "VCF0301", "VCF0302", "VCF9008", "VCF9010", "VCF9011", "VCF9201", "VCF9204", "VCF9205", "VCF0521", "VCF0523", "VCF0428", "VCF0429", "VCF0838", "VCF0601", "VCF0606", "VCF0617", "VCF0743", "VCF0724", "VCF0725", "VCF0726", "VCF0745", "VCF0105a", "VCF0115", "VCF0112"]}