{"validation": 0.7863876753276615, "id_test": 0.7832183908045977, "ood_test": 0.7218689651924073, "ood_validation": 0.7227638830012717, "train": 0.780032187607771, "id_test_conf": [0.770670429980427, 0.7953849237785581], "id_test_balanced": 0.6690226197242737, "id_test_balanced_conf": [0.6610855970159173, 0.6769596424326301], "ood_test_conf": [0.7157880994117454, 0.727889029673177], "ood_test_balanced": 0.6694130301475525, "ood_test_balanced_conf": [0.6658010505279526, 0.6730250097671524], "features": ["VCF0004", "VCF0218", "VCF0301", "VCF0302", "VCF9008", "VCF9010", "VCF9011", "VCF9201", "VCF9204", "VCF9205", "VCF0521", "VCF0523", "VCF0428", "VCF0429", "VCF0838", "VCF0601", "VCF0606", "VCF0617", "VCF0743", "VCF0724", "VCF0725", "VCF0726", "VCF0745", "VCF0105a", "VCF0115", "VCF0112"]}