{"validation": 0.8096114049206714, "id_test": 0.8039080459770115, "ood_test": 0.7396260185577693, "ood_validation": 0.741415854175498, "train": 0.7992297965283366, "id_test_conf": [0.7917919267443294, 0.8156146849806962], "id_test_balanced": 0.7009917497634888, "id_test_balanced_conf": [0.692972752340138, 0.7090107471868395], "ood_test_conf": [0.7336669851623823, 0.7455193773823737], "ood_test_balanced": 0.6885009407997131, "ood_test_balanced_conf": [0.6849263440724462, 0.69207553752698], "features": ["VCF0301", "VCF0302", "VCF9205", "VCF9206", "VCF0521", "VCF0428", "VCF0839", "VCF0843", "VCF9045", "VCF0601", "VCF0606", "VCF0616", "VCF0617", "VCF0310", "VCF0718", "VCF0720", "VCF0675", "VCF0726", "VCF0101", "VCF0140a", "VCF0112"]}