{"validation": 0.7814673480024202, "id_test": 0.7807349305685908, "ood_test": 0.3797465878121038, "ood_validation": 0.37634799066860336, "train": 0.7806953586759086, "id_test_conf": [0.7795863740782325, 0.781880238261606], "id_test_balanced": 0.5288869142532349, "id_test_balanced_conf": [0.5284887896443251, 0.5292850388621446], "ood_test_conf": [0.3786945979324395, 0.38079942945301], "ood_test_balanced": 0.5092670917510986, "ood_test_balanced_conf": [0.5090293452350306, 0.5095048382671666], "features": ["ESP", "ANC", "NATIVITY", "DEAR", "DREM", "ESR", "FER", "AGEP", "ST", "RAC1P", "DIVISION", "ACS_YEAR", "DIS"]}