{"validation": 0.8457097011784511, "id_test": 0.8457623106060606, "ood_test": 0.7954983922829582, "ood_validation": 0.791907514450867, "train": 0.8451828433234196, "id_test_conf": [0.8431752921688513, 0.8483229159395191], "id_test_balanced": 0.7612195014953613, "id_test_balanced_conf": [0.7594428652478382, 0.7629961377428844], "ood_test_conf": [0.7745804009464701, 0.815294206628079], "ood_test_balanced": 0.7276159524917603, "ood_test_balanced_conf": [0.7152119877748191, 0.7400199172087014], "features": ["Average_confidence(BORED)", "Average_confidence(CONCENTRATING)", "hint_count", "bottom_hint", "ms_first_response", "position", "type", "school_id"]}