{"validation": 0.8769169816927217, "id_test": 0.8748039685028971, "ood_test": 0.8294208955223881, "ood_validation": 0.8307685694635488, "train": 0.8769289816957603, "id_test_conf": [0.8729273653707993, 0.8766626115308248], "id_test_balanced": 0.537712037563324, "id_test_balanced_conf": [0.5368754299497231, 0.5385486451769248], "ood_test_conf": [0.8278027999050872, 0.8310298657669222], "ood_test_balanced": 0.537194013595581, "ood_test_balanced_conf": [0.5365339406358544, 0.5378540865553078], "features": ["PHYSHLTH", "CHOL_CHK_PAST_5_YEARS", "TOLDHI", "BMI5", "SMOKE100", "FRUIT_ONCE_PER_DAY", "DRNK_PER_WEEK", "INCOME", "EDUCA", "MENTHLTH", "IYEAR", "MEDCOST", "STATE", "PRACE1"]}