{"id_test": 0.790438942891859, "id_test_conf": [0.7884237378916016, 0.792443486069595], "id_test_balanced": 0.7339168787002563, "id_test_balanced_conf": [0.7324776419089176, 0.7353561154915951], "ood_test": 0.774841590810291, "ood_test_conf": [0.771853232632471, 0.7778089296839625], "ood_test_balanced": 0.748143196105957, "ood_test_balanced_conf": [0.746061210068874, 0.75022518214304], "validation": 0.7906844286934784, "validation_conf": [0.7886700770700215, 0.7926881094056086], "validation_balanced": 0.7349153161048889, "validation_balanced_conf": [0.7334784165001474, 0.7363522157096304], "features": ["COW", "HINS1", "HINS3", "NWLA", "NWLK", "OCCP", "WKW", "SEX", "SCHL", "DIVISION"]}