{"id_test": 0.6331698455949137, "id_test_conf": [0.6274443905607998, 0.6388671775798711], "id_test_balanced": 0.5996745824813843, "id_test_balanced_conf": [0.5958253623358906, 0.603523802626878], "ood_test": 0.528896848599599, "ood_test_conf": [0.5275481924201577, 0.530245187137751], "ood_test_balanced": 0.570399284362793, "ood_test_balanced_conf": [0.5695784293138422, 0.5712201394117438], "validation": 0.6366080511553553, "validation_conf": [0.6308935072968327, 0.6422937445851729], "validation_balanced": 0.6020711064338684, "validation_balanced_conf": [0.5982250519748777, 0.6059171608928591], "features": ["AGEG5YR", "DRNK_PER_WEEK", "RFBING5", "SMOKE100", "SMOKDAY2", "EMPLOY1", "IYEAR", "MEDCOST", "MEDCOST", "SEX", "BMI5CAT"]}