{"id_test": 0.6332061762034514, "id_test_conf": [0.6274808359344053, 0.6389033857485158], "id_test_balanced": 0.6012123227119446, "id_test_balanced_conf": [0.5973439094796776, 0.6050807359442115], "ood_test": 0.5345390524360699, "ood_test_conf": [0.5331913334491317, 0.5358863917609634], "ood_test_balanced": 0.5736621022224426, "ood_test_balanced_conf": [0.5728275367093738, 0.5744966677355114], "validation": 0.6366443830838541, "validation_conf": [0.6309299573020316, 0.6423299507613792], "validation_balanced": 0.6037425994873047, "validation_balanced_conf": [0.5998765537887811, 0.6076086451858282], "features": ["AGEG5YR", "DRNK_PER_WEEK", "RFBING5", "SMOKE100", "SMOKDAY2", "EMPLOY1", "IYEAR", "MEDCOST", "MEDCOST", "SEX", "BMI5CAT"]}