{"validation": 0.5950443249527685, "id_test": 0.5944777475022707, "ood_test": 0.5496083278473304, "ood_validation": 0.5518295285741117, "train": 0.5944231249574241, "id_test_conf": [0.5886494371128776, 0.6002861074556805], "id_test_balanced": 0.5787437558174133, "id_test_balanced_conf": [0.5746711596846581, 0.5828163519501686], "ood_test_conf": [0.5482639618219205, 0.5509521485640936], "ood_test_balanced": 0.5688436031341553, "ood_test_balanced_conf": [0.567923453192925, 0.5697637530753855], "features": ["AGEG5YR", "DRNK_PER_WEEK", "RFBING5", "SMOKE100", "SMOKDAY2", "EMPLOY1", "IYEAR", "MEDCOST", "MEDCOST", "SEX", "BMI5CAT"]}