{"id_test": 0.9073323507737656, "id_test_conf": [0.9017219061085355, 0.9127232050764926], "id_test_balanced": 0.8542559146881104, "id_test_balanced_conf": [0.8499662702903151, 0.8585455590859056], "ood_test": 0.8539823008849557, "ood_test_conf": [0.8010916561601793, 0.8973080998163441], "ood_test_balanced": 0.814606785774231, "ood_test_balanced_conf": [0.7831196749210357, 0.8460938966274262], "validation": 0.9082450483648088, "validation_conf": [0.9026582779960823, 0.9136117051931882], "validation_balanced": 0.8568085432052612, "validation_balanced_conf": [0.8525435525551438, 0.8610735338553787], "features": ["Average_confidence(BORED)", "Average_confidence(FRUSTRATED)", "attempt_count", "problem_type", "position", "type", "school_id"]}