{"validation": 0.9710344314717038, "id_test": 0.9701856040653177, "ood_test": 0.9589453031886609, "ood_validation": 0.9595709570957096, "train": 0.9700134943148808, "id_test_conf": [0.969344191313357, 0.9710100666822394], "id_test_balanced": 0.7003597617149353, "id_test_balanced_conf": [0.6991345904977061, 0.7015849329321645], "ood_test_conf": [0.957972645414616, 0.9599016550842382], "ood_test_balanced": 0.7145004272460938, "ood_test_balanced_conf": [0.7132663535908796, 0.7157345009013079], "features": ["ENG", "RELP", "WKHP", "WKW", "WRK", "OCCP", "DIS", "ESP", "DEAR", "DEYE", "AGEP", "SEX", "MAR", "RAC1P", "DIVISION", "ACS_YEAR", "SCHL"]}