{"validation": 0.9723048511439975, "id_test": 0.9717968580547207, "ood_test": 0.9604672057502246, "ood_validation": 0.9607260726072607, "train": 0.9714233481083945, "id_test_conf": [0.9709774784894675, 0.9725992271179509], "id_test_balanced": 0.5876859426498413, "id_test_balanced_conf": [0.5867564316408242, 0.5886154536588584], "ood_test_conf": [0.9595117598707675, 0.9614062904290386], "ood_test_balanced": 0.6226187944412231, "ood_test_balanced_conf": [0.6215733449556865, 0.6236642439267598], "features": ["ENG", "RELP", "WKHP", "WKW", "WRK", "OCCP", "DIS", "ESP", "DEAR", "DEYE", "AGEP", "SEX", "MAR", "RAC1P", "DIVISION", "ACS_YEAR", "SCHL"]}