{"validation": 0.8148999770062083, "id_test": 0.8195402298850575, "ood_test": 0.791437049597287, "ood_validation": 0.8003391267486223, "train": 0.8142027819289573, "id_test_conf": [0.8077837816683897, 0.8308659592150034], "id_test_balanced": 0.7688250541687012, "id_test_balanced_conf": [0.7603621478192508, 0.7772879605181515], "ood_test_conf": [0.7859087805903245, 0.7968854105684852], "ood_test_balanced": 0.7667385339736938, "ood_test_balanced_conf": [0.7629130151774735, 0.7705640527699142], "features": ["VCF0004", "VCF0901b", "VCF0218", "VCF0224", "VCF9011", "VCF9201", "VCF9204", "VCF9206", "VCF0523", "VCF0428", "VCF9052", "VCF9045", "VCF0846", "VCF0606", "VCF0615", "VCF0617", "VCF0310", "VCF0720", "VCF0701", "VCF0724", "VCF0745", "VCF0101", "VCF0140a", "VCF0112"]}