{"id_test": 0.966163666222539, "id_test_conf": [0.9652699640944512, 0.9670405681055686], "id_test_balanced": 0.5006124377250671, "id_test_balanced_conf": [0.5005231807930977, 0.5007016946570366], "ood_test": 0.9485425796554021, "ood_test_conf": [0.9474610306445853, 0.9496081991854948], "ood_test_balanced": 0.501487672328949, "ood_test_balanced_conf": [0.5013509393975255, 0.5016244052603724], "validation": 0.9665662725267098, "validation_conf": [0.9656776413382164, 0.9674380884057745], "validation_balanced": 0.5007035136222839, "validation_balanced_conf": [0.5006071964938019, 0.500799830750766], "features": ["POBP", "RELP", "WRK", "DIS", "ESP", "MIL", "ANC", "NATIVITY", "DPHY", "FER", "AGEP", "ST", "MAR", "CIT", "RAC1P", "SCHL"]}