{"validation": 0.8758983447692757, "id_test": 0.8753536470358687, "ood_test": 0.827425495601943, "ood_validation": 0.8230652375727909, "train": 0.8753494554541473, "id_test_conf": [0.8734947795632839, 0.8771947988742327], "id_test_balanced": 0.5218266248703003, "id_test_balanced_conf": [0.5211914168903604, 0.5224618328502402], "ood_test_conf": [0.8258149798404669, 0.8290271074043658], "ood_test_balanced": 0.5191531181335449, "ood_test_balanced_conf": [0.5186880254163406, 0.5196182108507492], "features": ["TOLDHI", "BMI5", "SMOKE100", "CVDSTRK3", "MICHD", "FRUIT_ONCE_PER_DAY", "VEG_ONCE_PER_DAY", "RFBING5", "CHECKUP1", "EDUCA", "HEALTH_COV", "MENTHLTH", "PRACE1", "SEX", "IYEAR", "STATE", "SEX", "PRACE1"]}