{"id_test": 0.9671985870541939, "id_test_conf": [0.9663179961347594, 0.9680623392548425], "id_test_balanced": 0.560288667678833, "id_test_balanced_conf": [0.5594730121456086, 0.5611043232120574], "ood_test": 0.9495694054800716, "ood_test_conf": [0.9484979990060691, 0.9506248454311134], "ood_test_balanced": 0.544443666934967, "ood_test_balanced_conf": [0.5437246989493724, 0.5451626349205617], "validation": 0.9675392280806128, "validation_conf": [0.9666629999801436, 0.9683986046805695], "validation_balanced": 0.5569911599159241, "validation_balanced_conf": [0.5561953706969507, 0.5577869491348975], "features": ["ENG", "RELP", "WKHP", "WRK", "DIS", "MIG", "ANC", "DEAR", "DPHY", "FER", "AGEP", "ST", "CIT", "SCHL"]}