{"validation": 0.7657564155301712, "id_test": 0.7650997367355205, "ood_test": 0.7544097693351425, "ood_validation": 0.7432128037937167, "train": 0.7661659506234757, "id_test_conf": [0.7630014692921008, 0.7671882733528094], "id_test_balanced": 0.7241405844688416, "id_test_balanced_conf": [0.7226341184810735, 0.7256470504566096], "ood_test_conf": [0.7513314968908127, 0.7574685867444682], "ood_test_balanced": 0.742680549621582, "ood_test_balanced_conf": [0.7405006351694464, 0.7448604640737176], "features": ["HINS1", "HINS2", "HINS4", "NWLK", "OCCP", "POBP", "RELP", "AGEP", "SEX", "MAR", "CIT", "RAC1P", "DIVISION"]}