{"validation": 0.7623137043951523, "id_test": 0.7627392162818954, "ood_test": 0.7456495106111104, "ood_validation": 0.7385892116182573, "train": 0.7629922088277802, "id_test_conf": [0.76063375920849, 0.7648350292416763], "id_test_balanced": 0.7040171027183533, "id_test_balanced_conf": [0.7025316492770799, 0.7055025561596266], "ood_test_conf": [0.7425355873345876, 0.7487446493803985], "ood_test_balanced": 0.7258565425872803, "ood_test_balanced_conf": [0.7236663285875693, 0.7280467565869913], "features": ["HINS1", "HINS2", "HINS4", "NWLK", "OCCP", "POBP", "RELP", "AGEP", "SEX", "MAR", "CIT", "RAC1P", "DIVISION"]}