{"validation": 0.8437709915775332, "id_test": 0.8441295770697158, "ood_test": 0.44333683105981114, "ood_validation": 0.5424528301886793, "train": 0.8443146813044655, "id_test_conf": [0.8427582256476622, 0.8454935631358705], "id_test_balanced": 0.7441097497940063, "id_test_balanced_conf": [0.7431681574834511, 0.7450513421045616], "ood_test_conf": [0.42087396343299993, 0.4659743243902479], "ood_test_balanced": 0.5060521364212036, "ood_test_balanced_conf": [0.503597485604696, 0.5085067872377113], "features": ["Average_confidence(BORED)", "Average_confidence(FRUSTRATED)", "hint_count", "skill_id", "overlap_time", "first_action", "school_id"]}