{"validation": 0.8477718478493552, "id_test": 0.8481230369487309, "ood_test": 0.44333683105981114, "ood_validation": 0.5424528301886793, "train": 0.8482371020775175, "id_test_conf": [0.8467660672296098, 0.8494725556983573], "id_test_balanced": 0.750659704208374, "id_test_balanced_conf": [0.7497178965015336, 0.7516015119152144], "ood_test_conf": [0.42087396343299993, 0.4659743243902479], "ood_test_balanced": 0.5060521364212036, "ood_test_balanced_conf": [0.503597485604696, 0.5085067872377113], "features": ["Average_confidence(BORED)", "Average_confidence(FRUSTRATED)", "hint_count", "skill_id", "overlap_time", "first_action", "school_id"]}