{"validation": 0.7921653007625858, "id_test": 0.7911540603483191, "ood_test": 0.7801899592944369, "ood_validation": 0.7727326615293421, "train": 0.7921705403667206, "id_test_conf": [0.7891413630160395, 0.7931560695785638], "id_test_balanced": 0.7580018043518066, "id_test_balanced_conf": [0.7565438082325272, 0.7594598004710861], "ood_test_conf": [0.7772267825180124, 0.7831317071944044], "ood_test_balanced": 0.7590591907501221, "ood_test_balanced_conf": [0.7569719973253086, 0.7611463841749355], "features": ["COW", "FER", "HINS2", "HINS3", "NWLA", "NWLK", "OCCP", "POBP", "RELP", "WKW", "WRK", "ST", "CIT", "RAC1P", "SCHL", "ACS_YEAR", "DIVISION"]}