{"validation": 0.8233939995167054, "id_test": 0.8196189652541079, "ood_test": 0.7968820328164, "ood_validation": 0.8007733382434175, "train": 0.8204184935884188, "id_test_conf": [0.8169132535935739, 0.8223010731222329], "id_test_balanced": 0.5537126660346985, "id_test_balanced_conf": [0.552480940176174, 0.554944391893223], "ood_test_conf": [0.7932875532460362, 0.8004412201095812], "ood_test_balanced": 0.5685753226280212, "ood_test_balanced_conf": [0.5668107322580181, 0.5703399129980243], "features": ["FER", "HUPAC", "WIF", "NWLA", "OCCP", "RELP", "WKHP", "ANC", "DEYE", "DREM", "SCHL", "DIVISION"]}