{"validation": 0.8766198392129025, "id_test": 0.8742509533321228, "ood_test": 0.8287665671641791, "ood_validation": 0.8304676753782668, "train": 0.8770806486392793, "id_test_conf": [0.872370842813815, 0.8761131303448775], "id_test_balanced": 0.5293594598770142, "id_test_balanced_conf": [0.5286130845395383, 0.5301058352144901], "ood_test_conf": [0.8271460303514073, 0.8303779967570118], "ood_test_balanced": 0.5239468812942505, "ood_test_balanced_conf": [0.5234170899447054, 0.5244766726437956], "features": ["PHYSHLTH", "CHOL_CHK_PAST_5_YEARS", "BMI5", "SMOKDAY2", "CVDSTRK3", "MICHD", "CHECKUP1", "EDUCA", "HEALTH_COV", "MENTHLTH", "IYEAR", "STATE", "PRACE1", "SEX", "PRACE1"]}