{"validation": 0.5989512168100742, "id_test": 0.5978064182576904, "ood_test": 0.41601838244499617, "ood_validation": 0.41256413812231313, "train": 0.5984858976134423, "id_test_conf": [0.5919374883034612, 0.6036543539000936], "id_test_balanced": 0.49996912479400635, "id_test_balanced_conf": [0.49992232797951147, 0.5000159216085013], "ood_test_conf": [0.4146771640824634, 0.41736053803278744], "ood_test_balanced": 0.5000062584877014, "ood_test_balanced_conf": [0.49999762743331305, 0.5000148895420898], "features": ["AGEG5YR", "VEG_ONCE_PER_DAY", "RFBING5", "TOTINDA", "SMOKE100", "SMOKDAY2", "POVERTY", "EMPLOY1", "STATE", "MEDCOST", "PRACE1", "STATE", "SEX", "BMI5CAT", "IYEAR"]}