{"validation": 0.781970066132962, "id_test": 0.7825283515593358, "ood_test": 0.7737482051349607, "ood_validation": 0.76443390634262, "train": 0.7824784455310124, "id_test_conf": [0.7804860229588921, 0.7845603090197601], "id_test_balanced": 0.73728346824646, "id_test_balanced_conf": [0.7358135187742301, 0.7387534177186899], "ood_test_conf": [0.7707547855614162, 0.7767206891292309], "ood_test_balanced": 0.7600823044776917, "ood_test_balanced_conf": [0.7579608037183061, 0.7622038052370772], "features": ["COW", "ENG", "FER", "HINS2", "HINS3", "HINS4", "POBP", "RELP", "WKHP", "WRK", "SEX", "ST", "SCHL", "DIVISION"]}