{"validation": 0.5971147207383989, "id_test": 0.594985465116279, "ood_test": 0.5160043938883615, "ood_validation": 0.5171457604932743, "train": 0.5933683086916036, "id_test_conf": [0.5891577265131976, 0.6007931424029205], "id_test_balanced": 0.5581784844398499, "id_test_balanced_conf": [0.554306987663731, 0.5620499812159687], "ood_test_conf": [0.5146483677539069, 0.5173602425645252], "ood_test_balanced": 0.549433171749115, "ood_test_balanced_conf": [0.5485603112180252, 0.5503060322802048], "features": ["FRUIT_ONCE_PER_DAY", "SMOKDAY2", "CHCSCNCR", "POVERTY", "STATE", "PRACE1", "BMI5CAT", "IYEAR"]}