{"validation": 0.6400457175512536, "id_test": 0.6441531537966998, "ood_test": 0.5610628214291776, "ood_validation": 0.5640986472495205, "train": 0.6437111579398529, "id_test_conf": [0.638512528861032, 0.6497638507210486], "id_test_balanced": 0.5781509876251221, "id_test_balanced_conf": [0.5751465108664706, 0.5811554643837735], "ood_test_conf": [0.5597258289268017, 0.5623991466995999], "ood_test_balanced": 0.6013333797454834, "ood_test_balanced_conf": [0.6005252652498894, 0.6021414942410774], "features": ["VEG_ONCE_PER_DAY", "RFBING5", "TOTINDA", "CHCOCNCR", "DIABETES", "IYEAR", "STATE", "SEX", "BMI5CAT"]}