{"validation": 0.6354739624258876, "id_test": 0.6428673476676906, "ood_test": 0.5624772512536563, "ood_validation": 0.563962863010676, "train": 0.6408538109864991, "id_test_conf": [0.6372223439111964, 0.6484826904624392], "id_test_balanced": 0.5806333422660828, "id_test_balanced_conf": [0.577494149049744, 0.5837725354824215], "ood_test_conf": [0.5611407249766749, 0.5638130948430087], "ood_test_balanced": 0.5999844074249268, "ood_test_balanced_conf": [0.5991582257673145, 0.600810589082539], "features": ["VEG_ONCE_PER_DAY", "RFBING5", "TOTINDA", "CHCOCNCR", "DIABETES", "IYEAR", "STATE", "SEX", "BMI5CAT"]}