{"id_test": 0.6500181884321572, "id_test_conf": [0.6443461010627801, 0.6556585528787059], "id_test_balanced": 0.5937542915344238, "id_test_balanced_conf": [0.5903785039810464, 0.5971300790878012], "ood_test": 0.5839598133204589, "ood_test_conf": [0.5826212214929294, 0.5852974731462459], "ood_test_balanced": 0.61546790599823, "ood_test_balanced_conf": [0.614607568741776, 0.6163282432546839], "validation": 0.6519825391051292, "validation_conf": [0.6463175995025088, 0.657615340223972], "validation_balanced": 0.5984613299369812, "validation_balanced_conf": [0.595088264499791, 0.6018343953741714], "features": ["FRUIT_ONCE_PER_DAY", "VEG_ONCE_PER_DAY", "RFBING5", "TOTINDA", "SMOKDAY2", "CHCSCNCR", "CHCOCNCR", "DIABETES", "POVERTY", "IYEAR", "MEDCOST", "PRACE1", "IYEAR", "STATE", "PRACE1", "SEX", "BMI5CAT"]}