{"validation": 0.9239437887802645, "id_test": 0.9252230216906883, "ood_test": 0.45120671563483733, "ood_validation": 0.5518867924528302, "train": 0.9241814636726586, "id_test_conf": [0.924218004673859, 0.926218781831506], "id_test_balanced": 0.878115177154541, "id_test_balanced_conf": [0.877298845256446, 0.8789315090526361], "ood_test_conf": [0.4286942998756706, 0.4738694997049344], "ood_test_balanced": 0.5130353569984436, "ood_test_balanced_conf": [0.5094584700884297, 0.5166122439084575], "features": ["Average_confidence(CONCENTRATING)", "Average_confidence(FRUSTRATED)", "attempt_count", "hint_count", "skill_id", "problem_type", "bottom_hint", "ms_first_response", "tutor_mode", "first_action", "school_id"]}