{"id_test": 0.9315516607519339, "id_test_conf": [0.9305864997586304, 0.932507426127051], "id_test_balanced": 0.888779878616333, "id_test_balanced_conf": [0.8879887572675943, 0.8895709999650717], "ood_test": 0.5849947534102833, "ood_test_conf": [0.5624954347421307, 0.6072321008434514], "ood_test_balanced": 0.6317504644393921, "ood_test_balanced_conf": [0.6218617049604654, 0.6416392239183187], "validation": 0.930790123271535, "validation_conf": [0.9298200470566561, 0.9317508205720869], "validation_balanced": 0.8882251977920532, "validation_balanced_conf": [0.8874327619327232, 0.8890176336513832], "features": ["Average_confidence(CONCENTRATING)", "Average_confidence(FRUSTRATED)", "attempt_count", "hint_count", "skill_id", "problem_type", "bottom_hint", "ms_first_response", "tutor_mode", "first_action", "school_id"]}