{"validation": 0.790986433662911, "id_test": 0.7809195402298851, "ood_test": 0.7534265931892045, "ood_validation": 0.7638830012717253, "train": 0.7779629842510634, "id_test_conf": [0.7683264907037243, 0.7931342753972987], "id_test_balanced": 0.7292673587799072, "id_test_balanced_conf": [0.7203194411471486, 0.7382152764126658], "ood_test_conf": [0.7475708738424232, 0.7592128490164671], "ood_test_balanced": 0.7308000922203064, "ood_test_balanced_conf": [0.7267379679065198, 0.734862216534093], "features": ["VCF0004", "VCF0901b", "VCF9008", "VCF9010", "VCF9203", "VCF9204", "VCF9205", "VCF9206", "VCF0429", "VCF0875", "VCF0809", "VCF0843", "VCF9045", "VCF0838", "VCF9239", "VCF0846", "VCF0601", "VCF0617", "VCF0310", "VCF0718", "VCF0720", "VCF0721", "VCF0725", "VCF0745", "VCF0105a", "VCF0140a", "VCF0112"]}