{"id_test": 0.8041379310344827, "id_test_conf": [0.7920268845039988, 0.8158391852986363], "id_test_balanced": 0.7226781845092773, "id_test_balanced_conf": [0.7142640188708902, 0.7310923501476645], "ood_test": 0.7491875088314257, "ood_test_conf": [0.7432992240169565, 0.7550074941204639], "ood_test_balanced": 0.7095727324485779, "ood_test_balanced_conf": [0.7057430695556104, 0.7134023953415454], "validation": 0.7981145090825477, "validation_conf": [0.7858711510780767, 0.8099561552396943], "validation_balanced": 0.7154338955879211, "validation_balanced_conf": [0.706995475962758, 0.7238723152130843], "features": ["VCF0004", "VCF0901b", "VCF9008", "VCF9010", "VCF9203", "VCF9204", "VCF9205", "VCF9206", "VCF0429", "VCF0875", "VCF0809", "VCF0843", "VCF9045", "VCF0838", "VCF9239", "VCF0846", "VCF0601", "VCF0617", "VCF0310", "VCF0718", "VCF0720", "VCF0721", "VCF0725", "VCF0745", "VCF0105a", "VCF0140a", "VCF0112"]}