{"id_test": 0.9662504260527376, "id_test_conf": [0.9653578144435031, 0.9671262341938734], "id_test_balanced": 0.5165695548057556, "id_test_balanced_conf": [0.5161183315044036, 0.5170207781071077], "ood_test": 0.9485670278893229, "ood_test_conf": [0.9474857189777294, 0.9496324064384691], "ood_test_balanced": 0.5159193277359009, "ood_test_balanced_conf": [0.515471350637963, 0.5163673048338387], "validation": 0.9667273989241715, "validation_conf": [0.9658408077915304, 0.9675971687577293], "validation_balanced": 0.5174415707588196, "validation_balanced_conf": [0.5169800210709218, 0.5179031204467174], "features": ["POBP", "WKW", "WRK", "ESP", "MIG", "DEAR", "FER", "SEX", "ST", "RAC1P", "DIVISION", "ACS_YEAR", "SCHL"]}