{"validation": 0.8084617153368591, "id_test": 0.799080459770115, "ood_test": 0.7366115585700156, "ood_validation": 0.7371767698177194, "train": 0.7974479825267272, "id_test_conf": [0.7868592480457612, 0.8108987421851745], "id_test_balanced": 0.6899377107620239, "id_test_balanced_conf": [0.6820199459418654, 0.6978554755821824], "ood_test_conf": [0.7306309805862862, 0.7425272894198107], "ood_test_balanced": 0.686113178730011, "ood_test_balanced_conf": [0.6825048423651606, 0.6897215150948613], "features": ["VCF0218", "VCF0301", "VCF9010", "VCF9201", "VCF9202", "VCF9203", "VCF9204", "VCF9206", "VCF0521", "VCF0523", "VCF0428", "VCF0429", "VCF9052", "VCF0822", "VCF0870", "VCF0843", "VCF0838", "VCF0846", "VCF0601", "VCF0612", "VCF0615", "VCF0617", "VCF0743", "VCF0718", "VCF0721", "VCF0725", "VCF0726", "VCF0101", "VCF0104", "VCF0105a", "VCF0115", "VCF0140a", "VCF0112"]}