{"id_test": 0.8020689655172414, "id_test_conf": [0.7899124894581272, 0.813818457351785], "id_test_balanced": 0.7221044301986694, "id_test_balanced_conf": [0.7136454365774989, 0.73056342381984], "ood_test": 0.7595497150393293, "ood_test_conf": [0.7537423702890227, 0.7652859146879731], "ood_test_balanced": 0.7221455574035645, "ood_test_balanced_conf": [0.7183236697688699, 0.725967445038259], "validation": 0.808921591170384, "validation_conf": [0.7969161210122684, 0.820510677692688], "validation_balanced": 0.7337172031402588, "validation_balanced_conf": [0.7253022890910507, 0.7421321171894669], "features": ["VCF0218", "VCF0301", "VCF9010", "VCF9201", "VCF9202", "VCF9203", "VCF9204", "VCF9206", "VCF0521", "VCF0523", "VCF0428", "VCF0429", "VCF9052", "VCF0822", "VCF0870", "VCF0843", "VCF0838", "VCF0846", "VCF0601", "VCF0612", "VCF0615", "VCF0617", "VCF0743", "VCF0718", "VCF0721", "VCF0725", "VCF0726", "VCF0101", "VCF0104", "VCF0105a", "VCF0115", "VCF0140a", "VCF0112"]}