{"validation": 0.7329114324589437, "id_test": 0.7337548096395302, "ood_test": 0.6968818748271002, "ood_validation": 0.6904564315352697, "train": 0.7327918248461581, "id_test_conf": [0.7315680853901152, 0.7359329543203494], "id_test_balanced": 0.6535837650299072, "id_test_balanced_conf": [0.6521195903001353, 0.6550479397596791], "ood_test_conf": [0.693598309394859, 0.7001503871688127], "ood_test_balanced": 0.6754522919654846, "ood_test_balanced_conf": [0.6731571076437831, 0.6777474762871861], "features": ["ENG", "FER", "HINS1", "HINS4", "NWLA", "NWLK", "POBP", "SEX", "CIT", "RAC1P", "SCHL", "DIVISION"]}