{"validation": 0.7477454672024808, "id_test": 0.7506012049412718, "ood_test": 0.722569851536668, "ood_validation": 0.7164196799051571, "train": 0.7487871037865778, "id_test_conf": [0.7484601676549689, 0.7527330439601553], "id_test_balanced": 0.6664073467254639, "id_test_balanced_conf": [0.6649820962036028, 0.6678325972473249], "ood_test_conf": [0.7193697776940176, 0.7257529070501167], "ood_test_balanced": 0.6995187401771545, "ood_test_balanced_conf": [0.6972836331650615, 0.7017538471892476], "features": ["ENG", "FER", "HINS1", "HINS4", "NWLA", "NWLK", "POBP", "SEX", "CIT", "RAC1P", "SCHL", "DIVISION"]}