{"validation": 0.7836284203265118, "id_test": 0.7797701149425287, "ood_test": 0.6969525693561301, "ood_validation": 0.6905468418821534, "train": 0.7750890907000805, "id_test_conf": [0.7671547292383947, 0.7920087427999202], "id_test_balanced": 0.6432550549507141, "id_test_balanced_conf": [0.6360699555743485, 0.6504401543270797], "ood_test_conf": [0.6907204879272728, 0.7031306845473074], "ood_test_balanced": 0.6316614151000977, "ood_test_balanced_conf": [0.6284608216211199, 0.6348620085790754], "features": ["VCF0901b", "VCF0218", "VCF0224", "VCF0302", "VCF9008", "VCF9010", "VCF9202", "VCF9203", "VCF9204", "VCF9205", "VCF9206", "VCF0428", "VCF0843", "VCF0838", "VCF9239", "VCF0803", "VCF0601", "VCF0606", "VCF0743", "VCF0717", "VCF0718", "VCF0721", "VCF0675", "VCF0726", "VCF0745", "VCF0104", "VCF0105a", "VCF0115", "VCF0112"]}