{"id_test": 0.7875862068965517, "id_test_conf": [0.7751254640108494, 0.7996596045272433], "id_test_balanced": 0.6911840438842773, "id_test_balanced_conf": [0.6828494443558156, 0.6995186434127391], "ood_test": 0.7283217936036928, "ood_test_conf": [0.72228379977577, 0.7342972154383979], "ood_test_balanced": 0.680820107460022, "ood_test_balanced_conf": [0.6770864462805912, 0.6845537686394527], "validation": 0.7886870544952863, "validation_conf": [0.7762471530550449, 0.8007380289748403], "validation_balanced": 0.6959320902824402, "validation_balanced_conf": [0.6875707131624221, 0.7042934674024582], "features": ["VCF0901b", "VCF0218", "VCF0224", "VCF0302", "VCF9008", "VCF9010", "VCF9202", "VCF9203", "VCF9204", "VCF9205", "VCF9206", "VCF0428", "VCF0843", "VCF0838", "VCF9239", "VCF0803", "VCF0601", "VCF0606", "VCF0743", "VCF0717", "VCF0718", "VCF0721", "VCF0675", "VCF0726", "VCF0745", "VCF0104", "VCF0105a", "VCF0115", "VCF0112"]}