{"validation": 0.7897224946998702, "id_test": 0.787711371000405, "ood_test": 0.7848533150663277, "ood_validation": 0.7741553052756373, "train": 0.7900639415626486, "id_test_conf": [0.785686686896212, 0.7897254935135197], "id_test_balanced": 0.7511844635009766, "id_test_balanced_conf": [0.7497196456626989, 0.7526492813392542], "ood_test_conf": [0.7819126784354474, 0.7877721656684249], "ood_test_balanced": 0.7676391005516052, "ood_test_balanced_conf": [0.7655574471922592, 0.7697207539109513], "features": ["ENG", "HINS1", "HINS2", "HINS3", "HINS4", "NWLA", "OCCP", "RELP", "WKW", "WRK", "SEX", "CIT", "SCHL", "ACS_YEAR", "DIVISION"]}