{"validation": 0.8031731432513222, "id_test": 0.8004597701149425, "ood_test": 0.7615750553436014, "ood_validation": 0.7545570156846121, "train": 0.7911541556500747, "id_test_conf": [0.7882683073618706, 0.8122464322248969], "id_test_balanced": 0.7357577085494995, "id_test_balanced_conf": [0.7271157814189791, 0.7443996356800199], "ood_test_conf": [0.7557840648305297, 0.7672943444693865], "ood_test_balanced": 0.7312866449356079, "ood_test_balanced_conf": [0.7273556380905211, 0.7352176517806948], "features": ["VCF0004", "VCF0901b", "VCF0218", "VCF0301", "VCF0302", "VCF9010", "VCF9203", "VCF9206", "VCF0523", "VCF0428", "VCF0875", "VCF0822", "VCF0870", "VCF0843", "VCF0838", "VCF9239", "VCF0846", "VCF0601", "VCF0612", "VCF0615", "VCF0717", "VCF0718", "VCF0721", "VCF0675", "VCF0726", "VCF0745", "VCF0101", "VCF0104", "VCF0115", "VCF0140a", "VCF0112"]}