{"validation": 0.13027597402597402, "id_test": 0.13262987012987013, "ood_test": 0.34763313609467456, "ood_validation": 0.3708609271523179, "33": 0.12659950145409224, "id_test_conf": [0.1266874257939557, 0.13874645139120187], "id_test_balanced": 0.5029348134994507, "id_test_balanced_conf": [0.5021906019363087, 0.5036790250625927], "ood_test_conf": [0.3222332896026602, 0.37369714592740055], "ood_test_balanced": 0.5026261806488037, "ood_test_balanced_conf": [0.4918009283207357, 0.5134514329768717], "features": ["AccredAgency", "HIGHDEG", "CONTROL", "region", "LOCALE", "locale2", "CCBASIC", "CCSIZSET", "HBCU", "DISTANCEONLY", "poverty_rate", "unemp_rate"]}