{"validation": 0.13230519480519481, "id_test": 0.13555194805194806, "ood_test": 0.3609467455621302, "ood_validation": 0.3708609271523179, "33": 0.12794972995429996, "id_test_conf": [0.12955340978615437, 0.14172322414360314], "id_test_balanced": 0.5040624737739563, "id_test_balanced_conf": [0.5031011754414066, 0.505023772106506], "ood_test_conf": [0.33530202630821293, 0.3871974990582303], "ood_test_balanced": 0.5011649131774902, "ood_test_balanced_conf": [0.4884998781234026, 0.5138299482315779], "features": ["AccredAgency", "HIGHDEG", "CONTROL", "region", "LOCALE", "locale2", "CCBASIC", "CCSIZSET", "HBCU", "DISTANCEONLY", "poverty_rate", "unemp_rate"]}