{"validation": 0.6007305194805195, "id_test": 0.5978084415584416, "ood_test": 0.6242603550295858, "ood_validation": 0.6291390728476821, "33": 0.5963543830494391, "id_test_conf": [0.5890871297263687, 0.6064835178364025], "id_test_balanced": 0.660988450050354, "id_test_balanced_conf": [0.6551731190830469, 0.6668037810176611], "ood_test_conf": [0.5978270351442443, 0.6501521958725804], "ood_test_balanced": 0.6293684840202332, "ood_test_balanced_conf": [0.6111711833998561, 0.6475657846406102], "features": ["AccredAgency", "HIGHDEG", "CONTROL", "region", "LOCALE", "locale2", "CCBASIC", "CCSIZSET", "HBCU", "DISTANCEONLY", "poverty_rate", "unemp_rate"]}