{"validation": 0.21501623376623377, "id_test": 0.21737012987012988, "ood_test": 0.3572485207100592, "ood_validation": 0.3708609271523179, "33": 0.21115496468633152, "id_test_conf": [0.21011379237971778, 0.22476022591813619], "id_test_balanced": 0.5400044322013855, "id_test_balanced_conf": [0.5369122877856717, 0.5430965766170993], "ood_test_conf": [0.3316696629829675, 0.3834495566783862], "ood_test_balanced": 0.5037145018577576, "ood_test_balanced_conf": [0.4917712378501892, 0.515657765865326], "features": ["AccredAgency", "HIGHDEG", "CONTROL", "region", "LOCALE", "locale2", "CCBASIC", "CCSIZSET", "HBCU", "DISTANCEONLY", "poverty_rate", "unemp_rate"]}