{"validation": 0.1299512987012987, "id_test": 0.13214285714285715, "ood_test": 0.3468934911242604, "ood_validation": 0.3708609271523179, "33": 0.1265371832156211, "id_test_conf": [0.1262098549957121, 0.1382502294699578], "id_test_balanced": 0.5026558637619019, "id_test_balanced_conf": [0.5019410887593403, 0.5033706387644634], "ood_test_conf": [0.3215078838998891, 0.37294649198331253], "ood_test_balanced": 0.5027437210083008, "ood_test_balanced_conf": [0.49204111952334645, 0.5134463224932552], "features": ["AccredAgency", "HIGHDEG", "CONTROL", "region", "LOCALE", "locale2", "CCBASIC", "CCSIZSET", "HBCU", "DISTANCEONLY", "poverty_rate", "unemp_rate"]}