{"id_test": 0.8053691275167785, "id_test_conf": [0.7557862046986504, 0.8487635463909062], "id_test_balanced": 0.7006282806396484, "id_test_balanced_conf": [0.668111104592681, 0.7331454566866159], "ood_test": 0.6836629770761508, "ood_test_conf": [0.6786193979554029, 0.6886742765977177], "ood_test_balanced": 0.6859863996505737, "ood_test_balanced_conf": [0.6824621864873915, 0.6895106128137559], "validation": 0.7785234899328859, "validation_conf": [0.7270452674730299, 0.8243690332968755], "validation_balanced": 0.6975411772727966, "validation_balanced_conf": [0.6638104512542486, 0.7312719032913446], "features": ["FAMILY_SIZE_AVG", "ORIGIN", "RECEIVED_WORK_COMP", "UNEMPLOYMENT_COMP", "CHILD_SUPPORT_AMT", "SAVINGS_INV_AMOUNT", "RETIREMENT_INCOME_AMOUNT", "DISABILITY_BENEFITS_AMOUNT", "FOOD_ASSISTANCE", "EDUCATION", "AGE", "LIVING_OWNERSHIP", "SNAP_ASSISTANCE", "MEDICAID_ASSISTANCE", "DAYS_SICK", "PRESCRIPTION_MEDS", "VISIT_DENTIST_NUM", "TRANSPORTATION_ASSISTANCE", "HEALTH_MEDICAL_CARE_PAY", "HEALTH_SEEING", "HEALTH_AMBULATORY", "HEALTH_SELF_CARE", "HEALTH_ERRANDS_DIFFICULTY", "HEALTH_INSURANCE_PREMIUMS", "SOCIAL_SEC_BENEFITS", "CITIZENSHIP_STATUS"]}