{"validation": 0.7293358225484923, "id_test": 0.7315778149048198, "ood_test": 0.7049044275533191, "ood_validation": 0.7023117960877296, "train": 0.7300294354267741, "id_test_conf": [0.7293854877224111, 0.7337616424636387], "id_test_balanced": 0.6516844630241394, "id_test_balanced_conf": [0.6502164497226477, 0.6531524763256311], "ood_test_conf": [0.701645595547461, 0.7081475927628162], "ood_test_balanced": 0.657677412033081, "ood_test_balanced_conf": [0.6555937813175842, 0.6597610427485779], "features": ["ENG", "FER", "HINS1", "HINS2", "HINS3", "HINS4", "NWLA", "NWLK", "WKHP", "WKW", "CIT", "RAC1P", "DIVISION"]}