{"validation": 0.6378322428006359, "id_test": 0.6385849475085021, "ood_test": 0.5541724030218541, "ood_validation": 0.5537180043383948, "train": 0.6396209065158426, "id_test_conf": [0.6328270142516872, 0.6443131009590617], "id_test_balanced": 0.5662853121757507, "id_test_balanced_conf": [0.5634953032620251, 0.5690753210894763], "ood_test_conf": [0.5528183551929646, 0.5555258456341441], "ood_test_balanced": 0.5992127060890198, "ood_test_balanced_conf": [0.5984220734320115, 0.6000033387460281], "features": ["AGEG5YR", "VEG_ONCE_PER_DAY", "DRNK_PER_WEEK", "TOTINDA", "CHCSCNCR", "CHCOCNCR", "DIABETES", "POVERTY", "EMPLOY1", "IYEAR", "STATE", "SEX", "IYEAR", "STATE", "MEDCOST", "PRACE1", "SEX", "BMI5CAT"]}