{"validation": 0.6389959985449254, "id_test": 0.6400873044743544, "ood_test": 0.5549558973415791, "ood_validation": 0.5574867232222912, "train": 0.6403097532250803, "id_test_conf": [0.6343806814250998, 0.6457643053799004], "id_test_balanced": 0.5661167502403259, "id_test_balanced_conf": [0.5633366924524307, 0.5688968080282212], "ood_test_conf": [0.5536064243090455, 0.5563047603371004], "ood_test_balanced": 0.5991061329841614, "ood_test_balanced_conf": [0.5983142145094462, 0.5998980514588765], "features": ["FRUIT_ONCE_PER_DAY", "VEG_ONCE_PER_DAY", "DRNK_PER_WEEK", "RFBING5", "CHCSCNCR", "DIABETES", "POVERTY", "EMPLOY1", "STATE", "MEDCOST", "PRACE1", "STATE", "SEX", "BMI5CAT", "IYEAR"]}