{"id_test": 0.8013793103448276, "id_test_conf": [0.789207802963408, 0.8131447693700564], "id_test_balanced": 0.7133188843727112, "id_test_balanced_conf": [0.7049752774462104, 0.721662491299212], "ood_test": 0.7554048325561679, "ood_test_conf": [0.7495645678509602, 0.7611750904954755], "ood_test_balanced": 0.7130857110023499, "ood_test_balanced_conf": [0.7093480195850134, 0.7168234024196863], "validation": 0.8054725224189468, "validation_conf": [0.7933896239458714, 0.8171437217264511], "validation_balanced": 0.7211238145828247, "validation_balanced_conf": [0.7127963158302009, 0.7294513133354485], "features": ["VCF0218", "VCF0301", "VCF0302", "VCF9008", "VCF9010", "VCF9011", "VCF9201", "VCF9203", "VCF9206", "VCF0523", "VCF0429", "VCF0875", "VCF9045", "VCF0838", "VCF9239", "VCF0803", "VCF0846", "VCF0601", "VCF0612", "VCF0617", "VCF0310", "VCF0717", "VCF0718", "VCF0720", "VCF0721", "VCF0724", "VCF0726", "VCF0112"]}