{"validation": 0.8314955422437585, "id_test": 0.8311161418324261, "ood_test": 0.8073775522730062, "ood_validation": 0.8062971828392561, "train": 0.8306948290827926, "id_test_conf": [0.8284788870953866, 0.8337289417046783], "id_test_balanced": 0.6150805950164795, "id_test_balanced_conf": [0.6134071459108964, 0.6167540441220626], "ood_test_conf": [0.8038530158445488, 0.8108655459662218], "ood_test_balanced": 0.6198068261146545, "ood_test_balanced_conf": [0.6176032983884215, 0.6220103538408875], "features": ["FER", "HUPAC", "NWLA", "NWLK", "RELP", "WKHP", "DIS", "DEAR", "PUBCOV", "MAR", "DIVISION"]}