{"validation": 0.923996308606499, "id_test": 0.9250692136281446, "ood_test": 0.45120671563483733, "ood_validation": 0.5518867924528302, "train": 0.9242349214030685, "id_test_conf": [0.9240632550091539, 0.9260659187411175], "id_test_balanced": 0.8792010545730591, "id_test_balanced_conf": [0.8783850174187683, 0.8800170917273499], "ood_test_conf": [0.4286942998756706, 0.4738694997049344], "ood_test_balanced": 0.5130353569984436, "ood_test_balanced_conf": [0.5094584700884297, 0.5166122439084575], "features": ["Average_confidence(BORED)", "attempt_count", "hint_count", "skill_id", "bottom_hint", "ms_first_response", "position", "first_action", "school_id"]}