{"validation": 0.7698762775685852, "id_test": 0.7688968205751316, "ood_test": 0.7511032656663724, "ood_validation": 0.7421458209839953, "train": 0.7701030675021339, "id_test_conf": [0.7668103077559315, 0.7709734630789523], "id_test_balanced": 0.7200198173522949, "id_test_balanced_conf": [0.7185283891740255, 0.7215112455305643], "ood_test_conf": [0.7480113392355359, 0.7541759901590522], "ood_test_balanced": 0.7211629152297974, "ood_test_balanced_conf": [0.7190313693368807, 0.723294461122714], "features": ["COW", "HINS1", "HINS2", "HINS4", "NWLA", "OCCP", "POBP", "RELP", "WRK", "ST", "CIT", "ACS_YEAR", "DIVISION"]}