{"id_test": 0.8224932593986874, "id_test_conf": [0.8198042687159033, 0.8251584335545116], "id_test_balanced": 0.578675389289856, "id_test_balanced_conf": [0.5772070212918333, 0.5801437572878786], "ood_test": 0.7935267400466468, "ood_test_conf": [0.7899107019926657, 0.7971078854885204], "ood_test_balanced": 0.5882093906402588, "ood_test_balanced_conf": [0.5861500490503385, 0.5902687322301791], "validation": 0.8263446398819744, "validation_conf": [0.8236784438004481, 0.8289867340438322], "validation_balanced": 0.5796101689338684, "validation_balanced_conf": [0.5781433303863741, 0.5810770074813627], "features": ["ENG", "WIF", "NWLA", "NWLK", "OCCP", "POBP", "RELP", "WRK", "DIS", "MIL", "ANC", "DEAR", "DEYE", "DREM", "ST", "MAR", "CIT", "ACS_YEAR", "DIVISION"]}