{"validation": 0.7773537734059399, "id_test": 0.7765394922341458, "ood_test": 0.3684172558954464, "ood_validation": 0.3646837448831375, "train": 0.7765233763552889, "id_test_conf": [0.7753831612655365, 0.7776926229819751], "id_test_balanced": 0.5042625665664673, "id_test_balanced_conf": [0.5040980741393287, 0.5044270589936058], "ood_test_conf": [0.3673716959047454, 0.36946374789802416], "ood_test_balanced": 0.5026751160621643, "ood_test_balanced_conf": [0.5025439748063217, 0.5028062573180069], "features": ["NATIVITY", "DREM", "FER", "AGEP", "SEX", "ST", "RAC1P", "DIS"]}