{"validation": 0.7860772711451445, "id_test": 0.7867178007290401, "ood_test": 0.766713651512956, "ood_validation": 0.7622999407231772, "train": 0.7859599105466794, "id_test_conf": [0.7846896971017384, 0.7887353792753915], "id_test_balanced": 0.7399929761886597, "id_test_balanced_conf": [0.7385327883437276, 0.7414531640335917], "ood_test_conf": [0.7636883560133697, 0.7697185500550823], "ood_test_balanced": 0.7330673336982727, "ood_test_balanced_conf": [0.7310025145625696, 0.7351321528339758], "features": ["ENG", "FER", "HINS1", "HINS2", "RELP", "WKHP", "WKW", "ST", "MAR", "CIT", "RAC1P", "SCHL", "DIVISION"]}