{"id_test": 0.6657548425255064, "id_test_conf": [0.6600974682413301, 0.6713765958167597], "id_test_balanced": 0.6321461796760559, "id_test_balanced_conf": [0.6283481820905581, 0.6359441772615537], "ood_test": 0.5977050722877163, "ood_test_conf": [0.5963690046332526, 0.5990400483625021], "ood_test_balanced": 0.6246179342269897, "ood_test_balanced_conf": [0.6237381548888515, 0.625497713565128], "validation": 0.6608258474732912, "validation_conf": [0.6551486041922466, 0.6664685282686262], "validation_balanced": 0.6268018484115601, "validation_balanced_conf": [0.6229990422865376, 0.6306046545365825], "features": ["AGEG5YR", "FRUIT_ONCE_PER_DAY", "VEG_ONCE_PER_DAY", "RFBING5", "SMOKE100", "SMOKDAY2", "DIABETES", "EMPLOY1", "SEX", "PRACE1", "SEX", "BMI5CAT", "IYEAR"]}