{"id_test": 0.6654960816205826, "id_test_conf": [0.6598376527221992, 0.6711189451638386], "id_test_balanced": 0.6323821544647217, "id_test_balanced_conf": [0.628576722056605, 0.6361875868728384], "ood_test": 0.5986171045578476, "ood_test_conf": [0.5972815287842288, 0.5999515785619889], "ood_test_balanced": 0.6250417232513428, "ood_test_balanced_conf": [0.6241602396243252, 0.6259232068783603], "validation": 0.6606779786329525, "validation_conf": [0.6550001530164737, 0.66632127355746], "validation_balanced": 0.6269488334655762, "validation_balanced_conf": [0.6231415031058714, 0.630756163825281], "features": ["AGEG5YR", "FRUIT_ONCE_PER_DAY", "VEG_ONCE_PER_DAY", "RFBING5", "SMOKE100", "SMOKDAY2", "DIABETES", "EMPLOY1", "SEX", "PRACE1", "SEX", "BMI5CAT", "IYEAR"]}