{"id_test": 0.6674183054857312, "id_test_conf": [0.6617677562794264, 0.6730328760238175], "id_test_balanced": 0.6342907547950745, "id_test_balanced_conf": [0.6304902924736961, 0.6380912171164528], "ood_test": 0.598260390033589, "ood_test_conf": [0.5969246213034031, 0.5995950609797351], "ood_test_balanced": 0.6248441934585571, "ood_test_balanced_conf": [0.6239632301253732, 0.625725156791741], "validation": 0.6611215851539685, "validation_conf": [0.6554455083853746, 0.6667630358492305], "validation_balanced": 0.6272146105766296, "validation_balanced_conf": [0.6234108436107636, 0.6310183775424957], "features": ["AGEG5YR", "FRUIT_ONCE_PER_DAY", "VEG_ONCE_PER_DAY", "RFBING5", "SMOKE100", "SMOKDAY2", "DIABETES", "EMPLOY1", "SEX", "PRACE1", "SEX", "BMI5CAT", "IYEAR"]}