{"id_test": 0.8217556086890166, "id_test_conf": [0.8190623022940364, 0.8244251531546685], "id_test_balanced": 0.5868476629257202, "id_test_balanced_conf": [0.5852998549980112, 0.5883954708534292], "ood_test": 0.7954498956585785, "ood_test_conf": [0.7918461678399857, 0.7990185017938948], "ood_test_balanced": 0.6055799722671509, "ood_test_balanced_conf": [0.6033725087670609, 0.6077874357672408], "validation": 0.8279217062841009, "validation_conf": [0.8252649880936085, 0.8305542058045363], "validation_balanced": 0.5923166275024414, "validation_balanced_conf": [0.590756690413691, 0.5938765645911918], "features": ["ENG", "FER", "WIF", "NWLA", "NWLK", "OCCP", "WKW", "DEYE", "DREM", "ST", "MAR", "CIT", "RAC1P", "ACS_YEAR", "DIVISION"]}