{"validation": 0.7811979875328292, "id_test": 0.7818891757796679, "ood_test": 0.7711925807853934, "ood_validation": 0.7688203912270303, "train": 0.782758481571809, "id_test_conf": [0.7798447041601158, 0.7839232997447942], "id_test_balanced": 0.7479962706565857, "id_test_balanced_conf": [0.746518909977749, 0.7494736313354224], "ood_test_conf": [0.7681874439082274, 0.7741769777706319], "ood_test_balanced": 0.7520467042922974, "ood_test_balanced_conf": [0.7499264114862307, 0.754166997098364], "features": ["COW", "HINS1", "HINS2", "HINS3", "HINS4", "OCCP", "WRK", "ST", "MAR", "CIT", "SCHL", "ACS_YEAR", "DIVISION"]}