{"id_test": 0.8744284368465798, "id_test_conf": [0.8726188845063918, 0.8762213419052807], "id_test_balanced": 0.5232889652252197, "id_test_balanced_conf": [0.522642505869735, 0.5239354245807044], "ood_test": 0.8291263745131138, "ood_test_conf": [0.8275792969565953, 0.8306651264810627], "ood_test_balanced": 0.5219262838363647, "ood_test_balanced_conf": [0.5214352858939674, 0.5224172817787621], "validation": 0.8743968382837273, "validation_conf": [0.8725870860230844, 0.876189944545145], "validation_balanced": 0.5240617990493774, "validation_balanced_conf": [0.5234077950625214, 0.5247158030362334], "features": ["CHOL_CHK_PAST_5_YEARS", "BMI5CAT", "CVDSTRK3", "MICHD", "FRUIT_ONCE_PER_DAY", "VEG_ONCE_PER_DAY", "DRNK_PER_WEEK", "RFBING5", "TOTINDA", "INCOME", "EDUCA", "HEALTH_COV", "MENTHLTH", "STATE", "STATE", "PRACE1", "IYEAR"]}