{"id_test": 0.878156096684925, "id_test_conf": [0.8763113100990865, 0.8799829614651243], "id_test_balanced": 0.5579073429107666, "id_test_balanced_conf": [0.5569147819979117, 0.5588999038236215], "ood_test": 0.830945072355113, "ood_test_conf": [0.8293430528065597, 0.8325380412454366], "ood_test_balanced": 0.5522046685218811, "ood_test_balanced_conf": [0.5514487609290518, 0.5529605761147104], "validation": 0.8783520134529514, "validation_conf": [0.8765084912723398, 0.8801776045063497], "validation_balanced": 0.5531919598579407, "validation_balanced_conf": [0.5522259407187812, 0.5541579789971002], "features": ["PHYSHLTH", "HIGH_BLOOD_PRESS", "TOLDHI", "BMI5", "BMI5CAT", "CVDSTRK3", "DRNK_PER_WEEK", "RFBING5", "TOTINDA", "MARITAL", "CHECKUP1", "EDUCA", "HEALTH_COV", "IYEAR", "MEDCOST", "PRACE1", "SEX", "IYEAR", "STATE", "SEX", "PRACE1"]}