{"id_test": 0.9879034557481752, "id_test_conf": [0.9873176559448364, 0.9884689578189207], "id_test_balanced": 0.5008699893951416, "id_test_balanced_conf": [0.5007591490038612, 0.500980829786422], "ood_test": 0.9242124373149209, "ood_test_conf": [0.9227846311967565, 0.9256219093923391], "ood_test_balanced": 0.5000780820846558, "ood_test_balanced_conf": [0.5000369643292651, 0.5001191998400464], "validation": 0.9886732198992066, "validation_conf": [0.988105681612717, 0.9892204228178827], "validation_balanced": 0.5003076195716858, "validation_balanced_conf": [0.5002412336280395, 0.5003740055153321], "features": ["MAP", "DBP", "Resp", "EtCO2", "pH", "PaCO2", "SaO2", "BUN", "Alkalinephos", "Calcium", "Creatinine", "Glucose", "Phosphate", "Potassium", "Bilirubin_total", "TroponinI", "Hct", "WBC", "Fibrinogen", "Age", "Unit1", "Unit2", "ICULOS"]}