{"id_test": 0.6496547139850068, "id_test_conf": [0.6439381668658339, 0.6553391337503389], "id_test_balanced": 0.6154988408088684, "id_test_balanced_conf": [0.611674441206269, 0.6193232404114678], "ood_test": 0.5452675412324174, "ood_test_conf": [0.5439118652332801, 0.54662271205585], "ood_test_balanced": 0.5835170149803162, "ood_test_balanced_conf": [0.5826760142180137, 0.5843580157426186], "validation": 0.6500240038406145, "validation_conf": [0.6443087985539273, 0.6557070024620832], "validation_balanced": 0.6151572465896606, "validation_balanced_conf": [0.6113376612309367, 0.6189768319483846], "features": ["AGEG5YR", "VEG_ONCE_PER_DAY", "DRNK_PER_WEEK", "RFBING5", "TOTINDA", "SMOKDAY2", "CHCSCNCR", "POVERTY", "STATE", "PRACE1", "IYEAR", "PRACE1", "SEX", "BMI5CAT"]}