{"validation": 0.9136949198322367, "id_test": 0.9146177682074983, "ood_test": 0.45015739769150054, "ood_validation": 0.5518867924528302, "train": 0.913992138900065, "id_test_conf": [0.9135505407840312, 0.9156759709418433], "id_test_balanced": 0.8608272671699524, "id_test_balanced_conf": [0.8599748590181115, 0.8616796753217932], "ood_test_conf": [0.42765126218488786, 0.4728171357220796], "ood_test_balanced": 0.5121042728424072, "ood_test_balanced_conf": [0.5086542048305273, 0.5155543408542872], "features": ["Average_confidence(CONCENTRATING)", "Average_confidence(CONFUSED)", "Average_confidence(FRUSTRATED)", "attempt_count", "skill_id", "problem_type", "bottom_hint", "tutor_mode", "overlap_time", "school_id"]}