{"validation": 0.913728682577673, "id_test": 0.9146552823690943, "ood_test": 0.45015739769150054, "ood_validation": 0.5518867924528302, "train": 0.9140287152419244, "id_test_conf": [0.9135882658558314, 0.9157132733724883], "id_test_balanced": 0.8606778979301453, "id_test_balanced_conf": [0.8598255922854878, 0.8615302035748027], "ood_test_conf": [0.42765126218488786, 0.4728171357220796], "ood_test_balanced": 0.5121042728424072, "ood_test_balanced_conf": [0.5086542048305273, 0.5155543408542872], "features": ["Average_confidence(CONCENTRATING)", "Average_confidence(CONFUSED)", "Average_confidence(FRUSTRATED)", "attempt_count", "skill_id", "problem_type", "bottom_hint", "tutor_mode", "overlap_time", "school_id"]}