{"id_test": 0.6673074079550495, "id_test_conf": [0.6616564012948054, 0.6729224597922991], "id_test_balanced": 0.6320272088050842, "id_test_balanced_conf": [0.6282570194732398, 0.6357973981369287], "ood_test": 0.5971941028340487, "ood_test_conf": [0.5958577616997505, 0.5985293580975282], "ood_test_balanced": 0.6243131756782532, "ood_test_balanced_conf": [0.6234340620378498, 0.6251922893186566], "validation": 0.6601974049018521, "validation_conf": [0.6545176909318832, 0.665842691509163], "validation_balanced": 0.6251334547996521, "validation_balanced_conf": [0.6213442827574909, 0.6289226268418133], "features": ["AGEG5YR", "FRUIT_ONCE_PER_DAY", "SMOKE100", "SMOKDAY2", "DIABETES", "POVERTY", "IYEAR", "STATE", "MEDCOST", "PRACE1", "SEX", "IYEAR", "STATE", "MEDCOST", "SEX", "BMI5CAT"]}