{"id_test": 0.7871544653705954, "id_test_conf": [0.7851278624051605, 0.7891705272092977], "id_test_balanced": 0.7428280115127563, "id_test_balanced_conf": [0.7413664438994602, 0.7442895791260525], "ood_test": 0.7791492669046647, "ood_test_conf": [0.7761811347491752, 0.7820960498823285], "ood_test_balanced": 0.751619815826416, "ood_test_balanced_conf": [0.7495550352521241, 0.753684596400708], "validation": 0.7876340853716419, "validation_conf": [0.7856091282060161, 0.7896484837192885], "validation_balanced": 0.7439342737197876, "validation_balanced_conf": [0.7424750570976175, 0.7453934903419577], "features": ["COW", "HINS1", "HINS2", "HINS3", "NWLA", "OCCP", "RELP", "WKHP", "CIT", "DIVISION"]}