{"validation": 0.920016317516592, "id_test": 0.9208552592777053, "ood_test": 0.9098458835742235, "ood_validation": 0.9281609195402298, "train": 0.9208685056623866, "id_test_conf": [0.9201751865697505, 0.921531334413211], "id_test_balanced": 0.8789794445037842, "id_test_balanced_conf": [0.8784398325439543, 0.8795190564636141], "ood_test_conf": [0.904694059348675, 0.9148062907946815], "ood_test_balanced": 0.8834487199783325, "ood_test_balanced_conf": [0.8797435520309955, 0.8871538879256695], "features": ["Average_confidence(BORED)", "Average_confidence(CONCENTRATING)", "attempt_count", "hint_count", "tutor_mode", "position", "school_id"]}