{"validation": 0.7802297250261051, "id_test": 0.7797754657756176, "ood_test": 0.7734188721002226, "ood_validation": 0.7668049792531121, "train": 0.78188910414572, "id_test_conf": [0.7777239581375053, 0.7818167034229416], "id_test_balanced": 0.7463048696517944, "id_test_balanced_conf": [0.7448231645394117, 0.7477865747641772], "ood_test_conf": [0.7704239337044585, 0.7763929001346964], "ood_test_balanced": 0.7584174871444702, "ood_test_balanced_conf": [0.7562963213445619, 0.7605386529443785], "features": ["COW", "HINS1", "HINS2", "OCCP", "POBP", "RELP", "WRK", "AGEP", "SEX", "MAR", "CIT", "ACS_YEAR", "DIVISION"]}