{"validation": 0.7839382337119893, "id_test": 0.7831042426083434, "ood_test": 0.7725099129243456, "ood_validation": 0.7685832839359811, "train": 0.7850383230112893, "id_test_conf": [0.7810638509892265, 0.7851342419269637], "id_test_balanced": 0.7318373322486877, "id_test_balanced_conf": [0.7303755544871092, 0.7332991100102663], "ood_test_conf": [0.7695107962091107, 0.7754881888790889], "ood_test_balanced": 0.7498756647109985, "ood_test_balanced_conf": [0.7477698018588126, 0.7519815275631845], "features": ["COW", "HINS1", "HINS2", "OCCP", "POBP", "RELP", "WRK", "AGEP", "SEX", "MAR", "CIT", "ACS_YEAR", "DIVISION"]}