{"id_test": 0.8132277744025922, "id_test_conf": [0.811297284202742, 0.815146765154875], "id_test_balanced": 0.7731801271438599, "id_test_balanced_conf": [0.7717730129207484, 0.7745872413669713], "ood_test": 0.8068132418226608, "ood_test_conf": [0.8039864741673906, 0.8096165410688876], "ood_test_balanced": 0.7852880954742432, "ood_test_balanced_conf": [0.7832918782299384, 0.7872843127185479], "validation": 0.8133341771350822, "validation_conf": [0.8114041006003454, 0.8152527502375414], "validation_balanced": 0.7743509411811829, "validation_balanced_conf": [0.7729453338193707, 0.775756548542995], "features": ["FER", "HINS2", "HINS4", "NWLA", "OCCP", "WKHP", "WKW", "WRK", "AGEP", "MAR", "CIT", "RAC1P", "SCHL", "DIVISION"]}