{"id_test": 0.8236781609195403, "id_test_conf": [0.8120221291743733, 0.8348978443154415], "id_test_balanced": 0.7545030117034912, "id_test_balanced_conf": [0.7461947160772979, 0.7628113073296845], "ood_test": 0.781263247138618, "ood_test_conf": [0.7756407725955766, 0.7868086106680492], "ood_test_balanced": 0.7458347082138062, "ood_test_balanced_conf": [0.7420972509030253, 0.749572165524587], "validation": 0.8178891699241205, "validation_conf": [0.8060918878135216, 0.829257879281012], "validation_balanced": 0.7480448484420776, "validation_balanced_conf": [0.7396848148107529, 0.7564048820734024], "features": ["VCF0004", "VCF0901b", "VCF0301", "VCF9008", "VCF9201", "VCF9202", "VCF9203", "VCF9204", "VCF9206", "VCF0428", "VCF0875", "VCF9052", "VCF0839", "VCF0870", "VCF0843", "VCF0838", "VCF9239", "VCF0803", "VCF0601", "VCF0606", "VCF0612", "VCF0616", "VCF0617", "VCF0310", "VCF0720", "VCF0721", "VCF0701", "VCF0726", "VCF0104", "VCF0105a", "VCF0115", "VCF0112"]}