{"id_test": 0.6544038859918566, "id_test_conf": [0.6487997566954635, 0.6599759581892058], "id_test_balanced": 0.6031659841537476, "id_test_balanced_conf": [0.5997341604810208, 0.6065978078264743], "ood_test": 0.5870845583867202, "ood_test_conf": [0.5857579193548117, 0.5884102458407435], "ood_test_balanced": 0.6170005798339844, "ood_test_balanced_conf": [0.6161419929005205, 0.6178591667674482], "validation": 0.6501892992356597, "validation_conf": [0.6445698218058354, 0.6557775949645512], "validation_balanced": 0.5989373922348022, "validation_balanced_conf": [0.5955242434656247, 0.6023505410039798], "features": ["TOTINDA", "CHCSCNCR", "CHCOCNCR", "DIABETES", "EMPLOY1", "IYEAR", "STATE", "SEX", "STATE", "MEDCOST", "SEX", "BMI5CAT"]}