{"validation": 0.6098292735195371, "id_test": 0.6129009214943925, "ood_test": 0.4543450341254769, "ood_validation": 0.4548432540692839, "train": 0.6137625901850132, "id_test_conf": [0.6071661237982204, 0.618612281215148], "id_test_balanced": 0.5275549292564392, "id_test_balanced_conf": [0.5255017866985873, 0.5296080718142911], "ood_test_conf": [0.4530041729819879, 0.4556863941381051], "ood_test_balanced": 0.5250670909881592, "ood_test_balanced_conf": [0.5245780951017514, 0.525556086874567], "features": ["TOTINDA", "CHCSCNCR", "CHCOCNCR", "DIABETES", "EMPLOY1", "IYEAR", "STATE", "SEX", "STATE", "MEDCOST", "SEX", "BMI5CAT"]}