{"validation": 0.7811099063263183, "id_test": 0.7803115926690656, "ood_test": 0.4867052136201409, "ood_validation": 0.4845173643206127, "train": 0.780047870214757, "id_test_conf": [0.7791622439532706, 0.7814576974891745], "id_test_balanced": 0.5363174080848694, "id_test_balanced_conf": [0.535863987695775, 0.5367708284739637], "ood_test_conf": [0.48562142136807973, 0.48778910003776793], "ood_test_balanced": 0.5765920281410217, "ood_test_balanced_conf": [0.5760282082855701, 0.5771558479964733], "features": ["DEAR", "DEYE", "DREM", "ESR", "AGEP", "MAR", "CIT", "RAC1P", "SCHL", "ACS_YEAR", "DIS"]}