{"validation": 0.7423282599753188, "id_test": 0.7436335560955852, "ood_test": 0.7136778595987406, "ood_validation": 0.7093064611736811, "train": 0.74299969227678, "id_test_conf": [0.741473114875816, 0.7457850549532523], "id_test_balanced": 0.6668305397033691, "id_test_balanced_conf": [0.6653668945655227, 0.6682941848412156], "ood_test_conf": [0.7104474583013601, 0.7168919228996797], "ood_test_balanced": 0.6799653768539429, "ood_test_balanced_conf": [0.6777708962280303, 0.6821598574798554], "features": ["FER", "HINS4", "CIT", "RAC1P", "SCHL", "DIVISION"]}