{"validation": 0.7436002911116033, "id_test": 0.7446397833130822, "ood_test": 0.7212656927191052, "ood_validation": 0.7209247184350919, "train": 0.7443508266205108, "id_test_conf": [0.7424820994221644, 0.7467884878866504], "id_test_balanced": 0.6799827814102173, "id_test_balanced_conf": [0.6784829656686634, 0.6814825971517712], "ood_test_conf": [0.7180610739006681, 0.7244533929946265], "ood_test_balanced": 0.6963486671447754, "ood_test_balanced_conf": [0.694118628562428, 0.6985787057271228], "features": ["FER", "HINS4", "CIT", "RAC1P", "SCHL", "DIVISION"]}