{"validation": 0.7913679081099896, "id_test": 0.7909325637910085, "ood_test": 0.7871586463094941, "ood_validation": 0.7758150563129816, "train": 0.792172913553507, "id_test_conf": [0.7889190887457849, 0.7929353588739044], "id_test_balanced": 0.7546590566635132, "id_test_balanced_conf": [0.753200950906612, 0.7561171624204144], "ood_test_conf": [0.7842293574634422, 0.7900659725548462], "ood_test_balanced": 0.763550877571106, "ood_test_balanced_conf": [0.7614942674525083, 0.7656074876897037], "features": ["COW", "FER", "HINS1", "HINS2", "HINS4", "NWLA", "OCCP", "RELP", "WKHP", "WKW", "AGEP", "SEX", "MAR", "ACS_YEAR", "DIVISION"]}