{"validation": 0.7908489700344904, "id_test": 0.7910464763061968, "ood_test": 0.7638418674500401, "ood_validation": 0.7581505631298162, "train": 0.7918058606638753, "id_test_conf": [0.7890334011152385, 0.7930488673486928], "id_test_balanced": 0.7232692241668701, "id_test_balanced_conf": [0.7218556648259983, 0.724682783507742], "ood_test_conf": [0.7608038954524826, 0.7668596623569773], "ood_test_balanced": 0.7255377769470215, "ood_test_balanced_conf": [0.7235013034148142, 0.7275742504792287], "features": ["ENG", "FER", "HINS2", "HINS3", "HINS4", "NWLA", "OCCP", "AGEP", "SEX", "ST", "MAR", "CIT", "SCHL", "ACS_YEAR", "DIVISION"]}