{"validation": 0.7887605607062621, "id_test": 0.7883442183070068, "ood_test": 0.7564121141863498, "ood_validation": 0.7493775933609959, "train": 0.7891423540272584, "id_test_conf": [0.7863217215137274, 0.7903561302540485], "id_test_balanced": 0.7139370441436768, "id_test_balanced_conf": [0.7125375740928576, 0.715336514194496], "ood_test_conf": [0.7533422286018575, 0.7594623914596509], "ood_test_balanced": 0.7141666412353516, "ood_test_balanced_conf": [0.712146533257328, 0.7161867492133751], "features": ["ENG", "FER", "HINS2", "HINS3", "HINS4", "NWLA", "OCCP", "AGEP", "SEX", "ST", "MAR", "CIT", "SCHL", "ACS_YEAR", "DIVISION"]}