{"validation": 0.8240426316659671, "id_test": 0.8192247036679046, "ood_test": 0.7957158639878882, "ood_validation": 0.7934082121156325, "train": 0.8216187772051038, "id_test_conf": [0.8165167183338133, 0.8219091143883407], "id_test_balanced": 0.6144258975982666, "id_test_balanced_conf": [0.6126634074561298, 0.6161883877404034], "ood_test_conf": [0.7921138484486673, 0.7992827261626942], "ood_test_balanced": 0.6446753144264221, "ood_test_balanced_conf": [0.6421962585719302, 0.647154370280914], "features": ["ENG", "FER", "HUPAC", "WIF", "NWLA", "NWLK", "RELP", "WRK", "MIL", "ANC", "DEYE", "DREM", "AGEP", "ST", "RAC1P", "DIVISION"]}