{"id_test": 0.6468534012368133, "id_test_conf": [0.641170018875616, 0.6525057301742604], "id_test_balanced": 0.5865252017974854, "id_test_balanced_conf": [0.5832587082358077, 0.589791695359163], "ood_test": 0.5769095186641224, "ood_test_conf": [0.5755678484350326, 0.5782503351556445], "ood_test_balanced": 0.6112163066864014, "ood_test_balanced_conf": [0.6103680915175937, 0.612064521855209], "validation": 0.650491087668243, "validation_conf": [0.6448207114384252, 0.6561296409334758], "validation_balanced": 0.5922567844390869, "validation_balanced_conf": [0.5890218354808167, 0.5954917333973572], "features": ["VEG_ONCE_PER_DAY", "DRNK_PER_WEEK", "TOTINDA", "SMOKE100", "CHCOCNCR", "DIABETES", "IYEAR", "STATE", "IYEAR", "MEDCOST", "PRACE1", "SEX", "BMI5CAT"]}