{"id_test": 0.6479810840305565, "id_test_conf": [0.6423016951485955, 0.653629180933827], "id_test_balanced": 0.5879828929901123, "id_test_balanced_conf": [0.5847086492693052, 0.5912571367109194], "ood_test": 0.5774421224452261, "ood_test_conf": [0.5761006749837487, 0.5787827102568062], "ood_test_balanced": 0.6115065813064575, "ood_test_balanced_conf": [0.6106572209892329, 0.6123559416236821], "validation": 0.6500181884321572, "validation_conf": [0.6443461010627801, 0.6556585528787059], "validation_balanced": 0.5922814011573792, "validation_balanced_conf": [0.5890296912193298, 0.5955331110954285], "features": ["VEG_ONCE_PER_DAY", "DRNK_PER_WEEK", "TOTINDA", "SMOKE100", "CHCOCNCR", "DIABETES", "IYEAR", "STATE", "IYEAR", "MEDCOST", "PRACE1", "SEX", "BMI5CAT"]}