{"validation": 0.7847781099103243, "id_test": 0.7731034482758621, "ood_test": 0.7002496349677358, "ood_validation": 0.7032640949554896, "train": 0.7727037590527647, "id_test_conf": [0.7603612050734816, 0.7854779584464586], "id_test_balanced": 0.648157000541687, "id_test_balanced_conf": [0.6404718244634569, 0.6558421766199172], "ood_test_conf": [0.6940362941069759, 0.7064081053180699], "ood_test_balanced": 0.6411523818969727, "ood_test_balanced_conf": [0.6376936982618645, 0.6446110655320808], "features": ["VCF0004", "VCF0901b", "VCF0224", "VCF0302", "VCF9010", "VCF9202", "VCF0875", "VCF9052", "VCF0809", "VCF0822", "VCF0870", "VCF0803", "VCF0615", "VCF0616", "VCF0617", "VCF0718", "VCF0720", "VCF0721", "VCF0675", "VCF0724", "VCF0104", "VCF0115", "VCF0112"]}