{"validation": 0.913747439658471, "id_test": 0.9144864686419123, "ood_test": 0.45015739769150054, "ood_validation": 0.5518867924528302, "train": 0.9139400879520343, "id_test_conf": [0.913418503514427, 0.9155454119528588], "id_test_balanced": 0.8612757325172424, "id_test_balanced_conf": [0.860422974289395, 0.8621284907450899], "ood_test_conf": [0.42765126218488786, 0.4728171357220796], "ood_test_balanced": 0.5121042728424072, "ood_test_balanced_conf": [0.5086542048305273, 0.5155543408542872], "features": ["Average_confidence(CONFUSED)", "attempt_count", "skill_id", "bottom_hint", "ms_first_response", "tutor_mode", "school_id"]}