{"id_test": 0.6663093301789147, "id_test_conf": [0.6606542221817132, 0.6719286979588188], "id_test_balanced": 0.6289465427398682, "id_test_balanced_conf": [0.6252059564786032, 0.6326871290011331], "ood_test": 0.5944946415693897, "ood_test_conf": [0.593156880603341, 0.5958313468245896], "ood_test_balanced": 0.6229104995727539, "ood_test_balanced_conf": [0.6220360053156037, 0.6237849938299042], "validation": 0.6624154375069313, "validation_conf": [0.6567444931371094, 0.6680514776052726], "validation_balanced": 0.625018835067749, "validation_balanced_conf": [0.6212710161460564, 0.6287666539894416], "features": ["AGEG5YR", "TOTINDA", "SMOKE100", "CHCSCNCR", "DIABETES", "POVERTY", "PRACE1", "IYEAR", "MEDCOST", "SEX", "BMI5CAT"]}