{"validation": 0.6437091473097234, "id_test": 0.6367664980242993, "ood_test": 0.5271836376208371, "ood_validation": 0.526868672860907, "train": 0.6377002261921249, "id_test_conf": [0.6310054447236877, 0.6424981917750292], "id_test_balanced": 0.6053060293197632, "id_test_balanced_conf": [0.6014184476435185, 0.6091936109960079], "ood_test_conf": [0.5258244886918012, 0.5285424831872667], "ood_test_balanced": 0.5688191056251526, "ood_test_balanced_conf": [0.5679944220441393, 0.5696437892061659], "features": ["AGEG5YR", "FRUIT_ONCE_PER_DAY", "VEG_ONCE_PER_DAY", "CHCSCNCR", "POVERTY", "IYEAR", "MEDCOST", "PRACE1", "IYEAR", "BMI5CAT"]}