{"validation": 0.6433767864396766, "id_test": 0.6355847704863548, "ood_test": 0.5257333043138267, "ood_validation": 0.525031202329774, "train": 0.6389558232931727, "id_test_conf": [0.6298198604899844, 0.6413205746991751], "id_test_balanced": 0.6022738218307495, "id_test_balanced_conf": [0.5984091200772673, 0.6061385235842317], "ood_test_conf": [0.5243739544254793, 0.527092367024963], "ood_test_balanced": 0.5683644413948059, "ood_test_balanced_conf": [0.5675463133107406, 0.5691825694788712], "features": ["AGEG5YR", "FRUIT_ONCE_PER_DAY", "VEG_ONCE_PER_DAY", "CHCSCNCR", "POVERTY", "IYEAR", "MEDCOST", "PRACE1", "IYEAR", "BMI5CAT"]}