{"id_test": 0.8735706134203411, "id_test_conf": [0.8717558363101382, 0.875368781524257], "id_test_balanced": 0.5056972503662109, "id_test_balanced_conf": [0.5053685110271908, 0.506025989705231], "ood_test": 0.8271461160326786, "ood_test_conf": [0.8255920132010358, 0.8286919434389987], "ood_test_balanced": 0.5071985721588135, "ood_test_balanced_conf": [0.5069019214471336, 0.5074952228704933], "validation": 0.8733858243593082, "validation_conf": [0.8715699183152291, 0.8751851295145953], "validation_balanced": 0.5055209398269653, "validation_balanced_conf": [0.505199596635066, 0.5058422830188647], "features": ["HIGH_BLOOD_PRESS", "SMOKDAY2", "CVDSTRK3", "DRNK_PER_WEEK", "RFBING5", "TOTINDA", "CHECKUP1", "EDUCA", "MENTHLTH", "IYEAR", "STATE", "MEDCOST", "SEX", "PRACE1"]}