{"id_test": 0.7340902187120292, "id_test_conf": [0.7319043637066569, 0.73626748183156], "id_test_balanced": 0.6625317335128784, "id_test_balanced_conf": [0.6610373707883991, 0.6640260962373578], "ood_test": 0.7049966408030457, "ood_test_conf": [0.7017381000488326, 0.7082395077065424], "ood_test_balanced": 0.6576137542724609, "ood_test_balanced_conf": [0.6555321529367939, 0.659695355608128], "validation": 0.7348542859855077, "validation_conf": [0.732670410204519, 0.7370295417670365], "validation_balanced": 0.665209174156189, "validation_balanced_conf": [0.6637145407032221, 0.6667038076091558], "features": ["COW", "HINS3", "RELP", "WKW", "WRK", "SEX", "MAR", "CIT", "RAC1P", "DIVISION"]}