{"validation": 0.8146819794727003, "id_test": 0.8111359820928932, "ood_test": 0.7810057694668358, "ood_validation": 0.7871478549070153, "train": 0.8119863024587531, "id_test_conf": [0.8083823846424795, 0.8138666034814632], "id_test_balanced": 0.5087148547172546, "id_test_balanced_conf": [0.5082056799752173, 0.509224029459292], "ood_test_conf": [0.7773125503555843, 0.784665587048135], "ood_test_balanced": 0.5046401023864746, "ood_test_balanced_conf": [0.5041290770960041, 0.5051511276769451], "features": ["ENG", "FER", "NWLA", "POBP", "RELP", "WKHP", "DIS", "NATIVITY", "DEYE", "ST", "ACS_YEAR", "DIVISION"]}