{"validation": 0.7919061853299609, "id_test": 0.7937931034482759, "ood_test": 0.7158400452168998, "ood_validation": 0.7134378974141585, "train": 0.7846016783538338, "id_test_conf": [0.7814598718805692, 0.8057305766137102], "id_test_balanced": 0.6668984889984131, "id_test_balanced_conf": [0.6594724446907639, 0.6743245333060622], "ood_test_conf": [0.7097205308490528, 0.7219004124362927], "ood_test_balanced": 0.6539332270622253, "ood_test_balanced_conf": [0.6506530549237505, 0.6572133992007002], "features": ["VCF0004", "VCF0218", "VCF0224", "VCF9008", "VCF9010", "VCF9202", "VCF9203", "VCF9204", "VCF0429", "VCF9052", "VCF0809", "VCF0839", "VCF0870", "VCF9045", "VCF0838", "VCF0846", "VCF0617", "VCF0717", "VCF0721", "VCF0701", "VCF0675", "VCF0725", "VCF0726", "VCF0745", "VCF0115", "VCF0140a", "VCF0112"]}