{"validation": 0.7969648194987353, "id_test": 0.8002298850574713, "ood_test": 0.7397202204323866, "ood_validation": 0.748198389147944, "train": 0.7933095758133119, "id_test_conf": [0.7880334488350861, 0.8120218325452625], "id_test_balanced": 0.6941176652908325, "id_test_balanced_conf": [0.6861350625380873, 0.7021002680435777], "ood_test_conf": [0.7337618661093106, 0.7456128743262688], "ood_test_balanced": 0.6900750994682312, "ood_test_balanced_conf": [0.686455451832153, 0.6936947471043095], "features": ["VCF0004", "VCF0218", "VCF0224", "VCF9008", "VCF9010", "VCF9202", "VCF9203", "VCF9204", "VCF0429", "VCF9052", "VCF0809", "VCF0839", "VCF0870", "VCF9045", "VCF0838", "VCF0846", "VCF0617", "VCF0717", "VCF0721", "VCF0701", "VCF0675", "VCF0725", "VCF0726", "VCF0745", "VCF0115", "VCF0140a", "VCF0112"]}