{"validation": 0.620158656089594, "id_test": 0.629577793328668, "ood_test": 0.6110500706325538, "ood_validation": 0.6045197740112994, "train": 0.6208002799813346, "id_test_conf": [0.6149208972131625, 0.6440579183250575], "id_test_balanced": 0.607666015625, "id_test_balanced_conf": [0.5977075270749629, 0.6176245041750371], "ood_test_conf": [0.6068016545340069, 0.6152858359950373], "ood_test_balanced": 0.6100591421127319, "ood_test_balanced_conf": [0.6071059463266283, 0.6130123378988356], "features": ["race", "age", "weight", "time_in_hospital", "medical_specialty", "num_lab_procedures", "num_procedures", "number_outpatient", "number_inpatient", "diag_1", "max_glu_serum", "A1Cresult", "nateglinide", "glimepiride", "glipizide", "glyburide", "rosiglitazone", "miglitol", "tolazamide", "examide", "citoglipton", "glipizide-metformin", "glimepiride-pioglitazone", "metformin-rosiglitazone", "metformin-pioglitazone", "change", "diabetesMed", "admission_source_id"]}