{"id_test": 0.6393748542104035, "id_test_conf": [0.6247931186295752, 0.6537664420686131], "id_test_balanced": 0.608085572719574, "id_test_balanced_conf": [0.5985365269519388, 0.6176346184872091], "ood_test": 0.6022798618741171, "ood_test_conf": [0.5980153199988358, 0.6065327522480379], "ood_test_balanced": 0.6008840799331665, "ood_test_balanced_conf": [0.597959283143282, 0.6038088767230511], "validation": 0.6245916938870741, "validation_conf": [0.6098972629083981, 0.6391161208033023], "validation_balanced": 0.5957844853401184, "validation_balanced_conf": [0.5861559601686895, 0.6054130105115473], "features": ["race", "age", "weight", "time_in_hospital", "medical_specialty", "num_lab_procedures", "num_procedures", "number_outpatient", "number_inpatient", "diag_1", "max_glu_serum", "A1Cresult", "nateglinide", "glimepiride", "glipizide", "glyburide", "rosiglitazone", "miglitol", "tolazamide", "examide", "citoglipton", "glipizide-metformin", "glimepiride-pioglitazone", "metformin-rosiglitazone", "metformin-pioglitazone", "change", "diabetesMed", "admission_source_id"]}