{"validation": 0.7824826756953454, "id_test": 0.7824840522478737, "ood_test": 0.7662921052284912, "ood_validation": 0.7586247777119146, "train": 0.7831223702123923, "id_test_conf": [0.7804415748902712, 0.7845161600931816], "id_test_balanced": 0.727503776550293, "id_test_balanced_conf": [0.726046503172256, 0.7289610499283299], "ood_test_conf": [0.7632649368769879, 0.769298908897272], "ood_test_balanced": 0.7495083808898926, "ood_test_balanced_conf": [0.747368421764113, 0.7516483400156722], "features": ["ENG", "FER", "HINS3", "HINS4", "NWLA", "OCCP", "POBP", "RELP", "WRK", "SEX", "ST", "CIT", "RAC1P", "SCHL", "ACS_YEAR", "DIVISION"]}