{"id_test": 0.8767337323622029, "id_test_conf": [0.874897108945023, 0.8785528314370907], "id_test_balanced": 0.5470995903015137, "id_test_balanced_conf": [0.5461937788734212, 0.5480054017296061], "ood_test": 0.8277604672462754, "ood_test_conf": [0.8261661131729172, 0.8293460723604353], "ood_test_balanced": 0.5473194122314453, "ood_test_balanced_conf": [0.5465980799635872, 0.5480407444993034], "validation": 0.8754036361305417, "validation_conf": [0.8735586217396323, 0.8772311882833784], "validation_balanced": 0.5465773344039917, "validation_balanced_conf": [0.5456724352727178, 0.5474822335352656], "features": ["HIGH_BLOOD_PRESS", "CHOL_CHK_PAST_5_YEARS", "TOLDHI", "BMI5", "SMOKE100", "SMOKDAY2", "CVDSTRK3", "FRUIT_ONCE_PER_DAY", "VEG_ONCE_PER_DAY", "DRNK_PER_WEEK", "TOTINDA", "INCOME", "HEALTH_COV", "IYEAR", "SEX", "STATE", "SEX", "PRACE1"]}