{"id_test": 0.9717039010937936, "id_test_conf": [0.970883231954871, 0.9725075632191531], "id_test_balanced": 0.581714928150177, "id_test_balanced_conf": [0.5808128623128869, 0.5826169939874671], "ood_test": 0.9603938610484625, "ood_test_conf": [0.9594375771485282, 0.9613337864157454], "ood_test_balanced": 0.615567147731781, "ood_test_balanced_conf": [0.6145457913703285, 0.6165885040932335], "validation": 0.9722552737909324, "validation_conf": [0.9714422853626725, 0.9730512343971643], "validation_balanced": 0.5848604440689087, "validation_balanced_conf": [0.5839446055330336, 0.5857762826047838], "features": ["POBP", "OCCP", "ESP", "DEYE", "DREM", "FER", "AGEP", "SEX", "ST", "DIVISION", "SCHL"]}