{"validation": 0.7024442082890542, "id_test": 0.7377919320594479, "ood_test": 0.5991235528811564, "ood_validation": 0.6027074749852854, "train": 0.7308458372062143, "id_test_conf": [0.7084581269580248, 0.7656305440002691], "id_test_balanced": 0.7501537799835205, "id_test_balanced_conf": [0.7308509195968509, 0.7694566403701901], "ood_test_conf": [0.5913043607526085, 0.6069050098824993], "ood_test_balanced": 0.6318301558494568, "ood_test_balanced_conf": [0.6276466292608529, 0.6360136824380607], "features": ["JOBORG31", "OFREMP31", "CMJHLD31", "MCRPD31", "MCRPB31", "MCDHMO31", "MCDMC31", "PRVHMO31", "HASFSA31", "MCAID31", "GOVAAT31", "GOVBAT31", "GOVCAT31", "VAPROG31", "VAPRAT31", "IHS31", "IHSAT31", "VAPROX31", "HRWGIM31", "HRHOW31", "DIFFWG31", "SELFCM31", "CHOIC31", "MORE31", "UNION31", "STJBMM31", "STJBYY31", "OCCCAT31", "PAYDR31", "PRIDK31", "PRING31", "MCAID31X", "MCDAT31X", "SEX", "RACEV1X", "RACEV2X", "RACEBX", "RACEWX", "RACETHX", "HISPANX", "EDUCYR", "HIDEG", "TRICR31X", "MCRPD31X", "TRILI31X", "PRINEO31", "VERFLG31", "DENTIN31", "DNTINS31", "PMEDIN31", "PMEDPY31", "DISVW31X", "OFFER31X", "TRICH31X", "VACMPM31", "ASMRCN31", "ASPREV31", "ASDALY31", "ASPKFL31", "IADLHP31", "ADLHLP31", "MILDIF31", "STNDIF31", "BENDIF31", "RCHDIF31", "WRKLIM31", "HSELIM31", "SCHLIM31", "VASPOU31", "ASACUT31", "SOCLIM31", "ASSTIL31", "FCRP1231", "RUSIZE31", "FMRS1231", "REGION31", "PROXY31", "BEGRFM31", "BEGRFY31", "ENDRFY31", "INSCOP31", "INSC1231", "ELGRND31", "SPOUIN31", "ACTDTY31", "RTHLTH31", "ASATAK31", "COGLIM31", "VAPRHT31", "VAWAIT31", "VALOCT31", "VANEED31", "VAOUT31", "VAPAST31", "VACOMP31", "VAPCOT31", "VAPCRC31", "VAPCSO31", "VAPCOU31", "VAPCUN31", "VASPCL31", "VADERM31", "VAGERD31", "VAHRLS31", "VABACK31", "VAJTPN31", "VATMD31", "VACOST31", "VADEPR31", "VAPROS31", "VARXMD31", "REFPRS31", "AGE31X", "INSCOV19"]}