{"validation": 0.8341790987828609, "id_test": 0.8338378185887979, "ood_test": 0.8080527026474078, "ood_validation": 0.8074019517584239, "train": 0.8326359500046103, "id_test_conf": [0.831217399551506, 0.8364335812352877], "id_test_balanced": 0.6496207118034363, "id_test_balanced_conf": [0.6477792062493972, 0.6514622173574753], "ood_test_conf": [0.8045327991825392, 0.8115359829224191], "ood_test_balanced": 0.6530500650405884, "ood_test_balanced_conf": [0.6506219136714936, 0.6554782164096832], "features": ["ENG", "HUPAC", "WIF", "RELP", "WKW", "WRK", "MIL", "ANC", "PUBCOV", "AGEP", "SEX", "MAR", "SCHL", "ACS_YEAR", "DIVISION"]}