{"id_test": 0.7685774946921444, "id_test_conf": [0.740298119298134, 0.7951663726011162], "id_test_balanced": 0.759994626045227, "id_test_balanced_conf": [0.7408290534093976, 0.7791601986810565], "ood_test": 0.7154817188828569, "ood_test_conf": [0.7082567239166133, 0.7226246434923029], "ood_test_balanced": 0.7119837999343872, "ood_test_balanced_conf": [0.7069213364832103, 0.7170462633855641], "validation": 0.7523910733262487, "validation_conf": [0.7235178909672417, 0.7796748392392109], "validation_balanced": 0.7476491928100586, "validation_balanced_conf": [0.7280619052797556, 0.7672364803403616], "features": ["FCSZ1231", "JOBORG31", "OFREMP31", "MCRPD31", "MCRPHO31", "MCDHMO31", "MCDMC31", "PRVHMO31", "FSAGT31", "HASFSA31", "MCAID31", "GOVAAT31", "GOVTB31", "VAPROG31", "VAPRAT31", "IHS31", "IHSAT31", "VACMPY31", "EMPST31", "MORJOB31", "SSNLJB31", "NUMEMP31", "STJBYY31", "OCCCAT31", "PAYVAC31", "YRSINUS", "PRIDK31", "PRING31", "MCAID31X", "MCARE31X", "MCDAT31X", "RACEAX", "RACEBX", "RACEWX", "RACETHX", "EDUCYR", "MCRPD31X", "TRILI31X", "PRIOG31", "PRIV31", "PRIVAT31", "DENTIN31", "PMEDIN31", "PMEDUP31", "PMEDPY31", "MARRY31X", "REFRL31X", "HRWG31X", "HELD31X", "TRIPR31X", "TRICH31X", "VASPMH31", "ASMRCN31", "ASPREV31", "ASEVFL31", "ASWNFL31", "ADLHLP31", "AIDHLP31", "STNDIF31", "ACTLIM31", "WRKLIM31", "SCHLIM31", "VASPOU31", "ASACUT31", "SOCLIM31", "RUSIZE31", "FAMSZE31", "RESP31", "PROXY31", "INSCOP31", "PSTATS31", "SPOUID31", "RTHLTH31", "MNHLTH31", "ASATAK31", "VAWAIT31", "VAOUT31", "VAPAST31", "VACOMP31", "VAGTRC31", "VAPROB31", "VAPCRC31", "VAPCSO31", "VAPCOU31", "VACTDY31", "VADERM31", "VANECK31", "VATMD31", "VAPTSD31", "VABIPL31", "VADEPR31", "VARHAB31", "VAGCNS31", "VACRGV31", "VALCOH31", "REFPRS31", "AGE31X", "INSCOV19"]}