{"validation": 0.6425609312477264, "id_test": 0.6419061476900692, "ood_test": 0.557770267681296, "ood_validation": 0.5582971239395821, "train": 0.6436837534160615, "id_test_conf": [0.6362056512668373, 0.6475766372250795], "id_test_balanced": 0.5824985504150391, "id_test_balanced_conf": [0.57919588602148, 0.5858012148085981], "ood_test_conf": [0.5564216452127693, 0.5591182488715518], "ood_test_balanced": 0.5987875461578369, "ood_test_balanced_conf": [0.5979736007889733, 0.5996014915267005], "features": ["FRUIT_ONCE_PER_DAY", "VEG_ONCE_PER_DAY", "CHCSCNCR", "CHCOCNCR", "DIABETES", "POVERTY", "EMPLOY1", "STATE", "PRACE1", "IYEAR", "PRACE1", "SEX", "BMI5CAT"]}