{"validation": 0.7057937537575547, "id_test": 0.7043084244633455, "ood_test": 0.6909670535232048, "ood_validation": 0.6828689982216953, "train": 0.7046711435516956, "id_test_conf": [0.702051443821055, 0.7065579067691146], "id_test_balanced": 0.654100775718689, "id_test_balanced_conf": [0.6525159543124027, 0.6556855971249752], "ood_test_conf": [0.6876660093467724, 0.6942534970506459], "ood_test_balanced": 0.6636618971824646, "ood_test_balanced_conf": [0.6613826311938464, 0.6659411631710828], "features": ["COW", "FER", "HINS1", "HINS3", "HINS4", "NWLA", "WKW", "WRK", "RAC1P", "ACS_YEAR", "DIVISION"]}