{"validation": 0.7464481220137329, "id_test": 0.7459371202916161, "ood_test": 0.7237159304975563, "ood_validation": 0.7142857142857143, "train": 0.7460444909237471, "id_test_conf": [0.7437830136682623, 0.7480821999503734], "id_test_balanced": 0.6817913055419922, "id_test_balanced_conf": [0.6802920633158647, 0.6832905477681197], "ood_test_conf": [0.720519878539424, 0.7268948764342905], "ood_test_balanced": 0.703359842300415, "ood_test_balanced_conf": [0.7011176053062081, 0.7056020792946219], "features": ["COW", "HINS1", "HINS3", "HINS4", "NWLA", "POBP", "RELP", "WRK", "AGEP", "SEX", "CIT", "RAC1P", "ACS_YEAR", "DIVISION"]}