{"validation": 0.8734405422946564, "id_test": 0.8746905122473018, "ood_test": 0.8246491740805346, "ood_validation": 0.8271891309750642, "train": 0.8738899984175028, "id_test_conf": [0.8728410271906735, 0.8765225683603739], "id_test_balanced": 0.5217697620391846, "id_test_balanced_conf": [0.5211298179649748, 0.5224097061133943], "ood_test_conf": [0.8230435996253151, 0.826246082743781], "ood_test_balanced": 0.5203748941421509, "ood_test_balanced_conf": [0.5198844527162145, 0.5208653355680872], "features": ["CHOL_CHK_PAST_5_YEARS", "TOLDHI", "BMI5", "SMOKE100", "FRUIT_ONCE_PER_DAY", "VEG_ONCE_PER_DAY", "TOTINDA", "MARITAL", "EDUCA", "HEALTH_COV", "PRACE1", "PRACE1", "IYEAR"]}