{"validation": 0.6047596826878208, "id_test": 0.6188476790296245, "ood_test": 0.5773034060587034, "ood_validation": 0.5715042372881356, "train": 0.6072678488100793, "id_test_conf": [0.6041157736940772, 0.6334174610019514], "id_test_balanced": 0.5891380310058594, "id_test_balanced_conf": [0.5794224045053125, 0.5988536575064063], "ood_test_conf": [0.5730006921943538, 0.5815973139334527], "ood_test_balanced": 0.5735969543457031, "ood_test_balanced_conf": [0.571187118277885, 0.5760067904135212], "features": ["race", "gender", "weight", "admission_type_id", "discharge_disposition_id", "time_in_hospital", "payer_code", "num_lab_procedures", "num_procedures", "num_medications", "number_outpatient", "number_emergency", "number_inpatient", "diag_1", "diag_3", "A1Cresult", "metformin", "glimepiride", "acetohexamide", "glyburide", "tolbutamide", "rosiglitazone", "tolazamide", "citoglipton", "glyburide-metformin", "metformin-rosiglitazone", "metformin-pioglitazone", "change", "diabetesMed", "admission_source_id"]}