{"validation": 0.6021294378429449, "id_test": 0.6026889534883721, "ood_test": 0.4175801463608806, "ood_validation": 0.4171647060849796, "train": 0.5983011968840135, "id_test_conf": [0.5968787535613824, 0.6084774648067637], "id_test_balanced": 0.5003728270530701, "id_test_balanced_conf": [0.49986240311525765, 0.5008832509908825], "ood_test_conf": [0.41624251632767856, 0.418918690284942], "ood_test_balanced": 0.5001976490020752, "ood_test_balanced_conf": [0.5000777464866405, 0.5003175515175099], "features": ["DRNK_PER_WEEK", "RFBING5", "SMOKDAY2", "CHCSCNCR", "POVERTY", "IYEAR", "PRACE1", "SEX", "STATE", "PRACE1", "SEX", "BMI5CAT"]}