{"id_test": 0.7937126334412978, "id_test_conf": [0.792589231414085, 0.7948326363987509], "id_test_balanced": 0.5785723328590393, "id_test_balanced_conf": [0.5779777937056497, 0.5791668720124289], "ood_test": 0.583196495316533, "ood_test_conf": [0.5821270842535311, 0.5842653171014903], "ood_test_balanced": 0.6567538976669312, "ood_test_balanced_conf": [0.6561552751681302, 0.6573525201657321], "validation": 0.7948224872748766, "validation_conf": [0.793701315365468, 0.7959402472555639], "validation_balanced": 0.57891446352005, "validation_balanced_conf": [0.5783204843627755, 0.5795084426773246], "features": ["NATIVITY", "PINCP", "ESR", "FER", "SEX", "ST", "CIT", "RAC1P", "SCHL", "DIVISION", "DIS"]}