{"validation": 0.8183490457576454, "id_test": 0.8193103448275862, "ood_test": 0.7879044792991381, "ood_validation": 0.7918609580330649, "train": 0.815610989768939, "id_test_conf": [0.8075483839506896, 0.8306418994675364], "id_test_balanced": 0.7536404132843018, "id_test_balanced_conf": [0.7452450619637966, 0.7620357646048069], "ood_test_conf": [0.7823429257568395, 0.7933870961320509], "ood_test_balanced": 0.7578615546226501, "ood_test_balanced_conf": [0.754078128230758, 0.7616449810145423], "features": ["VCF0901b", "VCF0301", "VCF0302", "VCF9008", "VCF9201", "VCF9205", "VCF9206", "VCF0521", "VCF0429", "VCF0875", "VCF0809", "VCF0822", "VCF0870", "VCF9045", "VCF9239", "VCF0803", "VCF0846", "VCF0606", "VCF0615", "VCF0616", "VCF0617", "VCF0743", "VCF0717", "VCF0718", "VCF0721", "VCF0701", "VCF0675", "VCF0726", "VCF0745", "VCF0101", "VCF0105a", "VCF0140a", "VCF0112"]}