{"validation": 0.7818371673575294, "id_test": 0.7823638112596193, "ood_test": 0.7626957884891518, "ood_validation": 0.7601659751037344, "train": 0.782896126405421, "id_test_conf": [0.7803209303062029, 0.7843963271188322], "id_test_balanced": 0.7297102212905884, "id_test_balanced_conf": [0.7282490273122676, 0.7311714152689092], "ood_test_conf": [0.7596528110994863, 0.7657186765301174], "ood_test_balanced": 0.7351722717285156, "ood_test_balanced_conf": [0.7330589546589181, 0.7372855887981131], "features": ["COW", "ENG", "HINS2", "HINS4", "NWLA", "OCCP", "RELP", "WRK", "SEX", "ST", "MAR", "RAC1P", "SCHL", "ACS_YEAR", "DIVISION"]}