{"id_test": 0.6353496821071752, "id_test_conf": [0.6296311746882997, 0.6410396059834548], "id_test_balanced": 0.5999058485031128, "id_test_balanced_conf": [0.5960872821696103, 0.6037244148366153], "ood_test": 0.527377209973838, "ood_test_conf": [0.526028330919975, 0.5287257880906983], "ood_test_balanced": 0.568207859992981, "ood_test_balanced_conf": [0.5673820585873909, 0.569033661398571], "validation": 0.6358087487283826, "validation_conf": [0.6300916160419195, 0.6414971998486276], "validation_balanced": 0.5992944836616516, "validation_balanced_conf": [0.5954729474149645, 0.6031160199083387], "features": ["AGEG5YR", "VEG_ONCE_PER_DAY", "DRNK_PER_WEEK", "RFBING5", "TOTINDA", "SMOKE100", "SEX", "SEX", "BMI5CAT", "IYEAR"]}