{"validation": 0.5301191687254759, "id_test": 0.5372207084468665, "ood_test": 0.5905361231950734, "ood_validation": 0.5886591425205321, "train": 0.5353936283748496, "id_test_conf": [0.5313084333837998, 0.5431251242777868], "id_test_balanced": 0.582068681716919, "id_test_balanced_conf": [0.5783937801420689, 0.585743583291769], "ood_test_conf": [0.5892071845959159, 0.5918640665848081], "ood_test_balanced": 0.5483259558677673, "ood_test_balanced_conf": [0.5475038764940109, 0.5491480352415238], "features": ["AGEG5YR", "VEG_ONCE_PER_DAY", "DRNK_PER_WEEK", "RFBING5", "TOTINDA", "SMOKE100", "SEX", "SEX", "BMI5CAT", "IYEAR"]}