{"validation": 0.6347187908734195, "id_test": 0.634913714804723, "ood_test": 0.5280545020954318, "ood_validation": 0.5346867689996073, "train": 0.6362996434978088, "id_test_conf": [0.6291938078117343, 0.6406051303544389], "id_test_balanced": 0.6007153391838074, "id_test_balanced_conf": [0.5968786996416747, 0.60455197872594], "ood_test_conf": [0.5267057208276161, 0.5294029749812666], "ood_test_balanced": 0.567204475402832, "ood_test_balanced_conf": [0.5663680866651702, 0.5680408641404938], "features": ["AGEG5YR", "VEG_ONCE_PER_DAY", "DRNK_PER_WEEK", "RFBING5", "TOTINDA", "SMOKE100", "SEX", "SEX", "BMI5CAT", "IYEAR"]}