{"validation": 0.6189507339049557, "id_test": 0.6225249772933696, "ood_test": 0.5544859694288928, "ood_validation": 0.557156760633121, "train": 0.6241694861372874, "id_test_conf": [0.6167673869812225, 0.6282566931904192], "id_test_balanced": 0.6082622408866882, "id_test_balanced_conf": [0.6042277667019517, 0.6122967150714248], "ood_test_conf": [0.5531429547808555, 0.5558283851513044], "ood_test_balanced": 0.5792755484580994, "ood_test_balanced_conf": [0.5783755862142425, 0.5801755107019563], "features": ["AGEG5YR", "VEG_ONCE_PER_DAY", "DRNK_PER_WEEK", "RFBING5", "TOTINDA", "SMOKE100", "SEX", "SEX", "BMI5CAT", "IYEAR"]}