{"validation": 0.9151751266000095, "id_test": 0.9157568628478935, "ood_test": 0.8807793659666214, "ood_validation": 0.8943965517241379, "train": 0.9159816510003891, "id_test_conf": [0.915057278064383, 0.916452498664262], "id_test_balanced": 0.8695054054260254, "id_test_balanced_conf": [0.8689541194553021, 0.8700566913967487], "ood_test_conf": [0.8749752897615086, 0.8864058147053047], "ood_test_balanced": 0.8457837700843811, "ood_test_balanced_conf": [0.8417369503155351, 0.8498305898532271], "features": ["Average_confidence(BORED)", "Average_confidence(CONFUSED)", "Average_confidence(FRUSTRATED)", "attempt_count", "hint_count", "overlap_time", "first_action", "school_id"]}