{"validation": 0.8043228328351345, "id_test": 0.8025287356321839, "ood_test": 0.7336913004568791, "ood_validation": 0.744807121661721, "train": 0.7962984251063341, "id_test_conf": [0.7903823114298096, 0.8142675516575838], "id_test_balanced": 0.6935096383094788, "id_test_balanced_conf": [0.6856255921348929, 0.7013936844840646], "ood_test_conf": [0.7276901921130333, 0.7396283631877392], "ood_test_balanced": 0.6815530061721802, "ood_test_balanced_conf": [0.677982973381877, 0.6851230389624834], "features": ["VCF0901b", "VCF0218", "VCF0224", "VCF0301", "VCF0302", "VCF9008", "VCF9201", "VCF9202", "VCF9204", "VCF9206", "VCF0523", "VCF0875", "VCF0839", "VCF0843", "VCF9045", "VCF0838", "VCF9239", "VCF0601", "VCF0606", "VCF0612", "VCF0616", "VCF0743", "VCF0717", "VCF0725", "VCF0726", "VCF0101", "VCF0104", "VCF0115", "VCF0140a", "VCF0112"]}