{"validation": 0.8034030811680846, "id_test": 0.7967816091954023, "ood_test": 0.7435824972916961, "ood_validation": 0.744807121661721, "train": 0.7954362570410392, "id_test_conf": [0.7845113025599503, 0.8086521047945532], "id_test_balanced": 0.7051185369491577, "id_test_balanced_conf": [0.6967876238003373, 0.7134494500979781], "ood_test_conf": [0.737652290435932, 0.7494459434694798], "ood_test_balanced": 0.699967622756958, "ood_test_balanced_conf": [0.6962022143555805, 0.7037330311583355], "features": ["VCF0901b", "VCF0218", "VCF0224", "VCF0301", "VCF0302", "VCF9008", "VCF9201", "VCF9202", "VCF9204", "VCF9206", "VCF0523", "VCF0875", "VCF0839", "VCF0843", "VCF9045", "VCF0838", "VCF9239", "VCF0601", "VCF0606", "VCF0612", "VCF0616", "VCF0743", "VCF0717", "VCF0725", "VCF0726", "VCF0101", "VCF0104", "VCF0115", "VCF0140a", "VCF0112"]}