{"id_test": 0.6482357220807566, "id_test_conf": [0.6425572397231478, 0.6538828585920963], "id_test_balanced": 0.589202344417572, "id_test_balanced_conf": [0.5859002876514569, 0.5925044011836872], "ood_test": 0.5787870427845598, "ood_test_conf": [0.5774461649575806, 0.5801270460319299], "ood_test_balanced": 0.6138265132904053, "ood_test_balanced_conf": [0.6129835327190812, 0.6146694938617293], "validation": 0.6489996362313568, "validation_conf": [0.6433238840078681, 0.6546438810050883], "validation_balanced": 0.5927780866622925, "validation_balanced_conf": [0.589477554783225, 0.5960786185413599], "features": ["FRUIT_ONCE_PER_DAY", "DRNK_PER_WEEK", "CHCSCNCR", "CHCOCNCR", "DIABETES", "EMPLOY1", "IYEAR", "MEDCOST", "PRACE1", "SEX", "MEDCOST", "BMI5CAT"]}