{"id_test": 0.6467442706438705, "id_test_conf": [0.6410605036446498, 0.6523970073051744], "id_test_balanced": 0.5875028967857361, "id_test_balanced_conf": [0.584204087164253, 0.5908017064072192], "ood_test": 0.5746699006061721, "ood_test_conf": [0.5733273110812085, 0.5760116612550938], "ood_test_balanced": 0.6107885837554932, "ood_test_balanced_conf": [0.6099501247948501, 0.6116270427161362], "validation": 0.6486722444525282, "validation_conf": [0.6429953202309002, 0.654317730483176], "validation_balanced": 0.592430830001831, "validation_balanced_conf": [0.5891302559105679, 0.5957314040930942], "features": ["FRUIT_ONCE_PER_DAY", "DRNK_PER_WEEK", "CHCSCNCR", "CHCOCNCR", "DIABETES", "EMPLOY1", "IYEAR", "MEDCOST", "PRACE1", "SEX", "MEDCOST", "BMI5CAT"]}