{"id_test": 0.8737850692769008, "id_test_conf": [0.8719715958013705, 0.8755819241775421], "id_test_balanced": 0.512753427028656, "id_test_balanced_conf": [0.5122658969322219, 0.5132409571250901], "ood_test": 0.8273511207652346, "ood_test_conf": [0.8257977417580713, 0.8288962191540671], "ood_test_balanced": 0.5156619548797607, "ood_test_balanced_conf": [0.5152276677102782, 0.5160962420492433], "validation": 0.8727501110583478, "validation_conf": [0.8709303549149578, 0.874553294676343], "validation_balanced": 0.5111958384513855, "validation_balanced_conf": [0.5107231404085177, 0.5116685364942533], "features": ["HIGH_BLOOD_PRESS", "BMI5CAT", "VEG_ONCE_PER_DAY", "DRNK_PER_WEEK", "INCOME", "MARITAL", "CHECKUP1", "MENTHLTH", "MEDCOST", "IYEAR", "STATE", "PRACE1"]}