{"validation": 0.8207268503424876, "id_test": 0.8219788069228098, "ood_test": 0.7637946179030584, "ood_validation": 0.7823275862068966, "train": 0.8220048739530217, "id_test_conf": [0.8210168140374337, 0.8229377428730458], "id_test_balanced": 0.7239909172058105, "id_test_balanced_conf": [0.7233661789342295, 0.7246156554773916], "ood_test_conf": [0.7562546622004354, 0.771211785633275], "ood_test_balanced": 0.6943085789680481, "ood_test_balanced_conf": [0.6900370830763132, 0.698580074859783], "features": ["Average_confidence(CONCENTRATING)", "Average_confidence(FRUSTRATED)", "hint_count", "ms_first_response", "position", "type", "school_id"]}