{"validation": 0.8240807864982767, "id_test": 0.8205219514676706, "ood_test": 0.7883301280739801, "ood_validation": 0.791198674277297, "train": 0.8219256046726803, "id_test_conf": [0.8178214652752904, 0.8231987670373949], "id_test_balanced": 0.6101372241973877, "id_test_balanced_conf": [0.6084104776312597, 0.6118639707635157], "ood_test_conf": [0.7846814407880383, 0.791944541660514], "ood_test_balanced": 0.6368008852005005, "ood_test_balanced_conf": [0.6343080334877595, 0.6392937369132414], "features": ["ENG", "NWLK", "OCCP", "POBP", "RELP", "WKHP", "WKW", "NATIVITY", "DREM", "PUBCOV", "ACS_YEAR", "DIVISION"]}