{"validation": 0.42885630931718305, "id_test": 0.4304811846818568, "ood_test": 0.42559674570630074, "ood_validation": 0.42572112051033145, "train": 0.43101140192955734, "id_test_conf": [0.42457301233177674, 0.43640427875958204], "id_test_balanced": 0.40603071451187134, "id_test_balanced_conf": [0.40203077081590893, 0.41003065820783374], "ood_test_conf": [0.42425129438784154, 0.4269430273541229], "ood_test_balanced": 0.42907214164733887, "ood_test_balanced_conf": [0.42812098177149893, 0.4300233015231788], "features": ["AGEG5YR", "FRUIT_ONCE_PER_DAY", "VEG_ONCE_PER_DAY", "DRNK_PER_WEEK", "SMOKE100", "SMOKDAY2", "CHCOCNCR", "PRACE1", "SEX", "STATE", "PRACE1", "BMI5CAT", "IYEAR"]}