{"validation": 0.5985449979689058, "id_test": 0.5988035008678312, "ood_test": 0.4213728666328962, "ood_validation": 0.41840590764110386, "train": 0.5987536352305775, "id_test_conf": [0.5929368450418779, 0.6046489483204766], "id_test_balanced": 0.5047705173492432, "id_test_balanced_conf": [0.5036074632033706, 0.5059335714951158], "ood_test_conf": [0.42002921806982096, 0.4227173926643057], "ood_test_balanced": 0.5023426413536072, "ood_test_balanced_conf": [0.5020870489615481, 0.5025982337456663], "features": ["AGEG5YR", "FRUIT_ONCE_PER_DAY", "VEG_ONCE_PER_DAY", "DRNK_PER_WEEK", "SMOKE100", "SMOKDAY2", "CHCOCNCR", "PRACE1", "SEX", "STATE", "PRACE1", "BMI5CAT", "IYEAR"]}