{"validation": 0.7901278203446217, "id_test": 0.7888083038128367, "ood_test": 0.6194012058047849, "ood_validation": 0.620020687530261, "train": 0.7892469988760059, "id_test_conf": [0.7876751952618394, 0.7899380700847344], "id_test_balanced": 0.5723363757133484, "id_test_balanced_conf": [0.5717448839382269, 0.5729278674884699], "ood_test_conf": [0.6183479112736316, 0.6204536546112143], "ood_test_balanced": 0.6770405173301697, "ood_test_balanced_conf": [0.6764013959374279, 0.6776796387229115], "features": ["NATIVITY", "DEYE", "DREM", "PINCP", "ESR", "FER", "SEX", "MAR", "CIT", "SCHL", "ACS_YEAR", "DIS"]}