{"validation": 0.7416659951110753, "id_test": 0.7439895774572219, "ood_test": 0.48592870544090055, "ood_validation": 0.4166666666666667, "train": 0.743526160623745, "id_test_conf": [0.7408385462343733, 0.7471215855955229], "id_test_balanced": 0.5784084796905518, "id_test_balanced_conf": [0.5771020086971111, 0.5797149506839924], "ood_test_conf": [0.44273936223088967, 0.5292748697421494], "ood_test_balanced": 0.5036231875419617, "ood_test_balanced_conf": [0.5000228461669758, 0.5072235289169476], "features": ["Average_confidence(BORED)", "hint_count", "skill_id", "bottom_hint", "position", "type", "first_action", "school_id"]}