{"validation": 0.8560990678808392, "id_test": 0.8568780723668306, "ood_test": 0.4878048780487805, "ood_validation": 0.43333333333333335, "train": 0.8568049185061817, "id_test_conf": [0.8543419974669604, 0.8593863032551585], "id_test_balanced": 0.7648259997367859, "id_test_balanced_conf": [0.7630305849947036, 0.7666214144788682], "ood_test_conf": [0.44460091442515515, 0.5311447529134585], "ood_test_balanced": 0.5054348111152649, "ood_test_balanced_conf": [0.5010333655495196, 0.5098362566810102], "features": ["Average_confidence(BORED)", "hint_count", "skill_id", "bottom_hint", "position", "type", "first_action", "school_id"]}