{"validation": 0.8570795390442421, "id_test": 0.8576839390764768, "ood_test": 0.4878048780487805, "ood_validation": 0.43333333333333335, "train": 0.8578089008575822, "id_test_conf": [0.85515374492729, 0.8601862261080693], "id_test_balanced": 0.766390323638916, "id_test_balanced_conf": [0.7645944047463127, 0.7681862425315193], "ood_test_conf": [0.44460091442515515, 0.5311447529134585], "ood_test_balanced": 0.5054348111152649, "ood_test_balanced_conf": [0.5010333655495196, 0.5098362566810102], "features": ["Average_confidence(BORED)", "hint_count", "skill_id", "bottom_hint", "position", "type", "first_action", "school_id"]}