{"validation": 0.859228516936632, "id_test": 0.8599672280871411, "ood_test": 0.4878048780487805, "ood_validation": 0.43333333333333335, "train": 0.8599965078874734, "id_test_conf": [0.8574538452032427, 0.8624525250353363], "id_test_balanced": 0.7739810347557068, "id_test_balanced_conf": [0.7721708346786909, 0.7757912348327227], "ood_test_conf": [0.44460091442515515, 0.5311447529134585], "ood_test_balanced": 0.5054348111152649, "ood_test_balanced_conf": [0.5010333655495196, 0.5098362566810102], "features": ["Average_confidence(BORED)", "hint_count", "skill_id", "bottom_hint", "position", "type", "first_action", "school_id"]}