{"id_test": 0.7770700636942676, "id_test_conf": [0.7491157774098198, 0.8032798219561283], "id_test_balanced": 0.769565224647522, "id_test_balanced_conf": [0.7506424711644649, 0.788487978130579], "ood_test": 0.7092681012492642, "ood_test_conf": [0.701998087512159, 0.7164584142763925], "ood_test_balanced": 0.7142347097396851, "ood_test_balanced_conf": [0.7091976698953658, 0.7192717495840043], "validation": 0.7438894792773645, "validation_conf": [0.7147336372717419, 0.7715098593673623], "validation_balanced": 0.7423763275146484, "validation_balanced_conf": [0.7226217081025242, 0.7621309469267726], "features": ["FCSZ1231", "CMJHLD31", "MCRPD31", "MCRPB31", "MCRPHO31", "MCDMC31", "PRVHMO31", "FSAGT31", "MCARE31", "GOVBAT31", "GOVTC31", "IHS31", "IHSAT31", "VACMPY31", "VAPROX31", "EMPST31", "RNDFLG31", "MORJOB31", "HRHOW31", "HOUR31", "SSNLJB31", "NWK31", "STJBMM31", "OCCCAT31", "PAYVAC31", "YRSINUS", "TRIAT31X", "MCDAT31X", "PUB31X", "PUBAT31X", "INS31X", "RACEV1X", "RACEV2X", "RACETHX", "HISPANX", "HIDEG", "OTHLGSPK", "BORNUSA", "WHTLGSPK", "PRIEU31", "MCRPD31X", "PRIOG31", "PRIEUO31", "PRSTX31", "PRIVAT31", "DNTINS31", "PMEDUP31", "MARRY31X", "FTSTU31X", "REFRL31X", "TRIST31X", "ASPKFL31", "IADLHP31", "ADLHLP31", "AIDHLP31", "WLKLIM31", "LFTDIF31", "STPDIF31", "WLKDIF31", "STNDIF31", "BENDIF31", "FNGRDF31", "ACTLIM31", "SCHLIM31", "ASACUT31", "ASSTIL31", "RUSIZE31", "REGION31", "PROXY31", "BEGRFM31", "ENDRFY31", "INSC1231", "PSTATS31", "SPOUID31", "MNHLTH31", "ASATAK31", "COGLIM31", "VAWAIT31", "VANTWK31", "VANEED31", "VAOUT31", "VAMREC31", "VACARC31", "VAREP31", "VACARE31", "VAPCPR31", "VAPROV31", "VAPCRC31", "VAPCSN31", "VAPCRF31", "VAPCSO31", "VAPCOU31", "VASPCL31", "VAPACT31", "VACTDY31", "VARECM31", "VADERM31", "VAGERD31", "VAHRLS31", "VABACK31", "VARTHR31", "VAGOUT31", "VANECK31", "VAFIBR31", "VATMD31", "VACOST31", "VABIPL31", "VADEPR31", "VAMOOD31", "VARHAB31", "VAMNHC31", "VAGCNS31", "VARXMD31", "REFPRS31", "DAPID31X", "INSCOV19"]}