{"id_test": 0.828735632183908, "id_test_conf": [0.8172054546329476, 0.8398225761782481], "id_test_balanced": 0.7605639100074768, "id_test_balanced_conf": [0.7523166755773127, 0.7688111444376409], "ood_test": 0.7909660402242005, "ood_test_conf": [0.7854332973875853, 0.7964190045440621], "ood_test_balanced": 0.7580927610397339, "ood_test_balanced_conf": [0.7543709149397909, 0.7618146071396769], "validation": 0.831685444929869, "validation_conf": [0.8202289475043163, 0.8426945868911706], "validation_balanced": 0.7644957304000854, "validation_balanced_conf": [0.7563004977442325, 0.7726909630559384], "features": ["VCF0224", "VCF0302", "VCF9008", "VCF9011", "VCF9201", "VCF9203", "VCF9205", "VCF9206", "VCF0429", "VCF9045", "VCF9239", "VCF0803", "VCF0601", "VCF0606", "VCF0612", "VCF0615", "VCF0616", "VCF0617", "VCF0310", "VCF0743", "VCF0717", "VCF0718", "VCF0721", "VCF0701", "VCF0726", "VCF0745", "VCF0101", "VCF0105a", "VCF0115", "VCF0112"]}