{"validation": 0.7631427396133279, "id_test": 0.7617393175374646, "ood_test": 0.7515906785577847, "ood_validation": 0.7434499110847659, "train": 0.7639304086706753, "id_test_conf": [0.7596308419435467, 0.7638381857477838], "id_test_balanced": 0.7168477773666382, "id_test_balanced_conf": [0.7153389443014748, 0.7183566104318015], "ood_test_conf": [0.7485007496734212, 0.7546613681957043], "ood_test_balanced": 0.7276042699813843, "ood_test_balanced_conf": [0.7254443084355444, 0.7297642315272241], "features": ["COW", "HINS1", "HINS2", "OCCP", "RELP", "AGEP", "RAC1P", "ACS_YEAR", "DIVISION"]}