{"validation": 0.9088768250663097, "id_test": 0.9070554333343662, "ood_test": 0.9022498487265526, "ood_validation": 0.9000550055005501, "15": 0.9039125229467635, "16": 0.8917088532583851, "17": 0.8790509692388294, "18": 0.8844259908045571, "19": 0.9143770817370092, "20": 0.9259611796085091, "21": 0.9341128511394996, "22": 0.945859758500842, "23": 0.954593394393561, "id_test_conf": [0.9056283301654634, 0.9084678920828755], "id_test_balanced": 0.9087607860565186, "id_test_balanced_conf": [0.9077673426805996, 0.9097542294324376], "ood_test_conf": [0.9008006465633658, 0.9036847792127591], "ood_test_balanced": 0.8978085517883301, "ood_test_balanced_conf": [0.8967708419659175, 0.8988462616107427], "features": ["SCHL", "WRK", "OCCP"]}