{"validation": 0.8963027688951687, "id_test": 0.8950020140674868, "ood_test": 0.8793724138352556, "ood_validation": 0.8776127612761276, "15": 0.8876111421502115, "16": 0.8724751536494929, "17": 0.8612940648155079, "18": 0.8671514424137596, "19": 0.9040641761403618, "20": 0.9192160595487959, "21": 0.9293065702614516, "22": 0.9421333619979219, "23": 0.9508742714404663, "id_test_conf": [0.8934961076023692, 0.896493711919891], "id_test_balanced": 0.9154297709465027, "id_test_balanced_conf": [0.9144727817375679, 0.9163867601554375], "ood_test_conf": [0.8777844707188668, 0.8809469002860086], "ood_test_balanced": 0.8994940519332886, "ood_test_balanced_conf": [0.8984667037217878, 0.9005214001447893], "features": ["SCHL", "WRK", "OCCP"]}