{"validation": 0.6347639643636095, "id_test": 0.6368475528611562, "ood_test": 0.5021479998920215, "ood_validation": 0.5037570498915401, "train": 0.6314697496892487, "id_test_conf": [0.6310838749890713, 0.6425818243961905], "id_test_balanced": 0.5960532426834106, "id_test_balanced_conf": [0.5923086323449388, 0.5997978530218825], "ood_test_conf": [0.500786244780676, 0.5035097310059456], "ood_test_balanced": 0.5527142286300659, "ood_test_balanced_conf": [0.5519510661868844, 0.5534773910732474], "features": ["AGEG5YR", "FRUIT_ONCE_PER_DAY", "RFBING5", "SMOKDAY2", "CHCSCNCR", "DIABETES", "POVERTY", "STATE", "PRACE1", "SEX", "IYEAR", "STATE", "MEDCOST", "PRACE1", "BMI5CAT"]}