{"id_test": 0.9664735227589626, "id_test_conf": [0.9655837225127485, 0.9673465112473596], "id_test_balanced": 0.5316249132156372, "id_test_balanced_conf": [0.5310128533770331, 0.5322369730542413], "ood_test": 0.9488542946378911, "ood_test_conf": [0.9477758119366652, 0.9499168366155755], "ood_test_balanced": 0.5238692164421082, "ood_test_balanced_conf": [0.5233280479360838, 0.5244103849481325], "validation": 0.966888525321633, "validation_conf": [0.9660039797331018, 0.9677562436199526], "validation_balanced": 0.5320306420326233, "validation_balanced_conf": [0.5314151698513888, 0.5326461142138578], "features": ["ENG", "RELP", "WKW", "WRK", "DIS", "ESP", "ANC", "NATIVITY", "DEAR", "DEYE", "FER", "SEX", "ST", "MAR", "DIVISION", "SCHL"]}