{"id_test": 0.8757845273324445, "id_test_conf": [0.8739283894225922, 0.8776229291950992], "id_test_balanced": 0.5370293259620667, "id_test_balanced_conf": [0.5362075460667256, 0.5378511058574077], "ood_test": 0.8288274348731222, "ood_test_conf": [0.8272220747782535, 0.8304238528288483], "ood_test_balanced": 0.5398139953613281, "ood_test_balanced_conf": [0.5391422119399067, 0.5404857787827495], "validation": 0.875979642938441, "validation_conf": [0.8741247434328183, 0.8778167971530556], "validation_balanced": 0.5369811058044434, "validation_balanced_conf": [0.5361598880728706, 0.5378023235360161], "features": ["HIGH_BLOOD_PRESS", "TOLDHI", "BMI5", "BMI5CAT", "SMOKDAY2", "CVDSTRK3", "INCOME", "CHECKUP1", "HEALTH_COV", "MENTHLTH", "IYEAR", "IYEAR", "SEX", "PRACE1"]}