{"validation": 0.8294987726862274, "id_test": 0.8272116803174442, "ood_test": 0.800503293915463, "ood_validation": 0.812189283741484, "train": 0.8290923312210461, "id_test_conf": [0.8245507020854029, 0.8298484927514194], "id_test_balanced": 0.641657292842865, "id_test_balanced_conf": [0.6398089964874089, 0.6435055891983211], "ood_test_conf": [0.7969325118383008, 0.80403835232131], "ood_test_balanced": 0.6782153844833374, "ood_test_balanced_conf": [0.6756261643813923, 0.6808046045852825], "features": ["FER", "HUPAC", "WIF", "NWLA", "OCCP", "RELP", "WKHP", "WRK", "DIS", "MIL", "ST", "MAR", "CIT", "RAC1P", "SCHL", "ACS_YEAR", "DIVISION"]}