{"validation": 0.7935157507472982, "id_test": 0.7885057471264367, "ood_test": 0.7067966652536386, "ood_validation": 0.7100466299279355, "train": 0.7833084262558915, "id_test_conf": [0.7760636279457727, 0.8005592749779127], "id_test_balanced": 0.6561901569366455, "id_test_balanced_conf": [0.6489151150081307, 0.6634651988651603], "ood_test_conf": [0.7006216680267435, 0.7129149961899427], "ood_test_balanced": 0.6432448029518127, "ood_test_balanced_conf": [0.6400007706135511, 0.6464888352900744], "features": ["VCF0901b", "VCF0224", "VCF0301", "VCF9008", "VCF9202", "VCF9203", "VCF9205", "VCF0521", "VCF0429", "VCF0875", "VCF0809", "VCF0822", "VCF0843", "VCF9045", "VCF0846", "VCF0601", "VCF0606", "VCF0612", "VCF0615", "VCF0616", "VCF0617", "VCF0743", "VCF0717", "VCF0720", "VCF0724", "VCF0745", "VCF0115", "VCF0140a", "VCF0112"]}