{"validation": 0.7985887415751669, "id_test": 0.7977989570676387, "ood_test": 0.7874879793442321, "ood_validation": 0.7826911677534084, "train": 0.7995131802838806, "id_test_conf": [0.795810014635977, 0.7997769671916903], "id_test_balanced": 0.7643560171127319, "id_test_balanced_conf": [0.7629125583032146, 0.7657994759222493], "ood_test_conf": [0.7845603228225186, 0.7903936480399327], "ood_test_balanced": 0.7635382413864136, "ood_test_balanced_conf": [0.7614839942380786, 0.7655924885347486], "features": ["COW", "HINS1", "HINS2", "NWLK", "OCCP", "RELP", "WKHP", "WKW", "AGEP", "ST", "MAR", "RAC1P", "ACS_YEAR", "DIVISION"]}