{"validation": 0.8349294771516146, "id_test": 0.8327567787556596, "ood_test": 0.8015262490281927, "ood_validation": 0.8007733382434175, "train": 0.8328378520169534, "id_test_conf": [0.8301296428693283, 0.8353593382992691], "id_test_balanced": 0.6387210488319397, "id_test_balanced_conf": [0.6369236835441552, 0.6405184141197242], "ood_test_conf": [0.7979622432431369, 0.8050544092697931], "ood_test_balanced": 0.6492345929145813, "ood_test_balanced_conf": [0.6467758237849921, 0.6516933620441705], "features": ["FER", "POBP", "RELP", "WKHP", "WRK", "DIS", "MIL", "ANC", "DEAR", "PUBCOV", "AGEP", "ST", "MAR", "SCHL", "ACS_YEAR", "DIVISION"]}