{"validation": 0.8374731326389154, "id_test": 0.8342447982906852, "ood_test": 0.8098735627480667, "ood_validation": 0.8123734118946787, "train": 0.8352686250631938, "id_test_conf": [0.8316269181915181, 0.8368379918623647], "id_test_balanced": 0.6522901058197021, "id_test_balanced_conf": [0.6504395896731876, 0.6541406219662167], "ood_test_conf": [0.8063662368735285, 0.8133440484390211], "ood_test_balanced": 0.6648086309432983, "ood_test_balanced_conf": [0.6623342855134979, 0.6672829763730987], "features": ["HUPAC", "NWLA", "OCCP", "POBP", "WRK", "MIL", "DEYE", "PUBCOV", "SEX", "MAR", "CIT", "RAC1P", "SCHL", "ACS_YEAR", "DIVISION"]}