{"validation": 0.8020314527101857, "id_test": 0.80302627582017, "ood_test": 0.7828246235723413, "ood_validation": 0.7819798458802608, "train": 0.8036670482223645, "id_test_conf": [0.8010566094745618, 0.8049848177292463], "id_test_balanced": 0.7504066228866577, "id_test_balanced_conf": [0.7489872433966958, 0.7518260023766197], "ood_test_conf": [0.779874113612397, 0.7857535028792871], "ood_test_balanced": 0.7515754699707031, "ood_test_balanced_conf": [0.7495429751090705, 0.7536079648323357], "features": ["ENG", "HINS3", "NWLA", "OCCP", "POBP", "WKHP", "AGEP", "ST", "SCHL", "DIVISION"]}