{"id_test": 0.7629670413122722, "id_test_conf": [0.7608622742397292, 0.7650621559022646], "id_test_balanced": 0.7103672027587891, "id_test_balanced_conf": [0.7088708412298002, 0.711863564287778], "ood_test": 0.7468351095361674, "ood_test_conf": [0.7437259132312531, 0.749925430590844], "ood_test_balanced": 0.7116602063179016, "ood_test_balanced_conf": [0.7095529678044841, 0.7137674448313192], "validation": 0.7638452045691865, "validation_conf": [0.7617430982538346, 0.7659376260819595], "validation_balanced": 0.7123121023178101, "validation_balanced_conf": [0.7108181452867575, 0.7138060593488627], "features": ["COW", "ENG", "FER", "HINS1", "NWLA", "RELP", "WKHP", "WKW", "SEX", "MAR", "RAC1P", "DIVISION"]}