{"id_test": 0.9878891993613139, "id_test_conf": [0.9873030670799577, 0.9884550345992967], "id_test_balanced": 0.5002803802490234, "id_test_balanced_conf": [0.5002153293658921, 0.5003454311321548], "ood_test": 0.9241901162185087, "ood_test_conf": [0.9227621193354206, 0.9255997800341377], "ood_test_balanced": 0.5000660419464111, "ood_test_balanced_conf": [0.5000228777373559, 0.5001092061554664], "validation": 0.9886518351664801, "validation_conf": [0.9880837809649617, 0.989199555049405], "validation_balanced": 0.49998557567596436, "validation_balanced_conf": [0.4999715225211912, 0.4999996288307375], "features": ["HR", "SBP", "MAP", "DBP", "Resp", "EtCO2", "BaseExcess", "FiO2", "pH", "PaCO2", "SaO2", "AST", "Calcium", "Glucose", "Bilirubin_total", "PTT", "Fibrinogen", "Unit1", "ICULOS"]}