{"id_test": 0.9878820711678832, "id_test_conf": [0.9872957727236766, 0.9884480729132605], "id_test_balanced": 0.5008592009544373, "id_test_balanced_conf": [0.5007476944447262, 0.5009707074641483], "ood_test": 0.9241901162185087, "ood_test_conf": [0.9227621193354206, 0.9255997800341377], "ood_test_balanced": 0.49997586011886597, "ood_test_balanced_conf": [0.4999572865531081, 0.4999944336846238], "validation": 0.9886732198992066, "validation_conf": [0.988105681612717, 0.9892204228178827], "validation_balanced": 0.5015526413917542, "validation_balanced_conf": [0.501405048474553, 0.5017002343089553], "features": ["HR", "Temp", "SBP", "MAP", "DBP", "Resp", "BaseExcess", "FiO2", "pH", "PaCO2", "AST", "Calcium", "Chloride", "Bilirubin_direct", "Glucose", "Lactate", "Magnesium", "Phosphate", "Hct", "Hgb", "Fibrinogen", "Platelets", "Age", "Unit2", "HospAdmTime", "set", "ICULOS"]}