{"validation": 0.8263319216045378, "id_test": 0.8231164470672026, "ood_test": 0.801055689676337, "ood_validation": 0.8066654391456454, "train": 0.8243118638894277, "id_test_conf": [0.8204311156949365, 0.8257779157858064], "id_test_balanced": 0.5945860743522644, "id_test_balanced_conf": [0.5929890972026624, 0.5961830515018665], "ood_test_conf": [0.7974885622705318, 0.8045870276003955], "ood_test_balanced": 0.6143182516098022, "ood_test_balanced_conf": [0.6120944969402626, 0.6165420062793419], "features": ["ENG", "HUPAC", "NWLA", "OCCP", "RELP", "WKW", "DEAR", "DREM", "AGEP", "MAR", "RAC1P", "SCHL", "DIVISION"]}