{"validation": 0.8737930979223256, "id_test": 0.8746905122473018, "ood_test": 0.823549175461286, "ood_validation": 0.8265263855521497, "train": 0.8738749747100926, "id_test_conf": [0.8728410271906735, 0.8765225683603739], "id_test_balanced": 0.513598620891571, "id_test_balanced_conf": [0.5130953625310213, 0.5141018792521208], "ood_test_conf": [0.8219396785168057, 0.8251500360162055], "ood_test_balanced": 0.5098761916160583, "ood_test_balanced_conf": [0.5095297597767785, 0.5102226234553382], "features": ["HIGH_BLOOD_PRESS", "CHOL_CHK_PAST_5_YEARS", "BMI5", "BMI5CAT", "SMOKE100", "FRUIT_ONCE_PER_DAY", "DRNK_PER_WEEK", "RFBING5", "TOTINDA", "HEALTH_COV", "STATE", "SEX", "IYEAR", "MEDCOST", "PRACE1"]}