{"validation": 0.873672908503802, "id_test": 0.8748026890379238, "ood_test": 0.8241751160981806, "ood_validation": 0.8257393753624389, "train": 0.8741103461261871, "id_test_conf": [0.8729539059402093, 0.8766340379548485], "id_test_balanced": 0.528104841709137, "id_test_balanced_conf": [0.5273805570404511, 0.5288291263778229], "ood_test_conf": [0.8225678483715565, 0.8257737307042492], "ood_test_balanced": 0.5211246609687805, "ood_test_balanced_conf": [0.5206186561344657, 0.5216306658030954], "features": ["HIGH_BLOOD_PRESS", "CHOL_CHK_PAST_5_YEARS", "BMI5", "BMI5CAT", "SMOKE100", "FRUIT_ONCE_PER_DAY", "DRNK_PER_WEEK", "RFBING5", "TOTINDA", "HEALTH_COV", "STATE", "SEX", "IYEAR", "MEDCOST", "PRACE1"]}