{"id_test": 0.6456165878501273, "id_test_conf": [0.6399288651156849, 0.6512735187989537], "id_test_balanced": 0.5845645070075989, "id_test_balanced_conf": [0.5813176740612834, 0.5878113399539143], "ood_test": 0.5761221080381023, "ood_test_conf": [0.5747801113881263, 0.5774632596913949], "ood_test_balanced": 0.610295295715332, "ood_test_balanced_conf": [0.6094459282106254, 0.6111446632200387], "validation": 0.647180793015642, "validation_conf": [0.6414985665027346, 0.6528318968471618], "validation_balanced": 0.5885941982269287, "validation_balanced_conf": [0.5853641189588233, 0.5918242774950341], "features": ["FRUIT_ONCE_PER_DAY", "VEG_ONCE_PER_DAY", "DRNK_PER_WEEK", "TOTINDA", "CHCSCNCR", "DIABETES", "IYEAR", "STATE", "IYEAR", "STATE", "MEDCOST", "PRACE1", "SEX", "BMI5CAT"]}