{"validation": 0.6481265914878137, "id_test": 0.6447071662422699, "ood_test": 0.5726985002797128, "ood_validation": 0.574349955169322, "train": 0.6472942064506154, "id_test_conf": [0.6390162784126403, 0.6503674546654377], "id_test_balanced": 0.5818383693695068, "id_test_balanced_conf": [0.5786469033081084, 0.5850298354309053], "ood_test_conf": [0.5713551248521684, 0.5740410687152724], "ood_test_balanced": 0.6085315942764282, "ood_test_balanced_conf": [0.6076904392114375, 0.6093727493414189], "features": ["FRUIT_ONCE_PER_DAY", "VEG_ONCE_PER_DAY", "DRNK_PER_WEEK", "TOTINDA", "CHCSCNCR", "DIABETES", "IYEAR", "STATE", "IYEAR", "STATE", "MEDCOST", "PRACE1", "SEX", "BMI5CAT"]}