{"validation": 0.8112209703380088, "id_test": 0.8025287356321839, "ood_test": 0.7465027554048326, "ood_validation": 0.75498092412039, "train": 0.7991148407862972, "id_test_conf": [0.7903823114298096, 0.8142675516575838], "id_test_balanced": 0.7018049955368042, "id_test_balanced_conf": [0.6937210324034094, 0.709888958670199], "ood_test_conf": [0.7405942302309806, 0.7523437181775581], "ood_test_balanced": 0.700467586517334, "ood_test_balanced_conf": [0.6967783884704113, 0.7041567845642567], "features": ["VCF0218", "VCF0224", "VCF0301", "VCF9010", "VCF9011", "VCF9204", "VCF0428", "VCF0429", "VCF0839", "VCF0843", "VCF0838", "VCF0803", "VCF0606", "VCF0615", "VCF0616", "VCF0743", "VCF0718", "VCF0724", "VCF0725", "VCF0726", "VCF0745", "VCF0101", "VCF0104", "VCF0105a", "VCF0115", "VCF0140a", "VCF0112"]}