{"validation": 0.7835441041093811, "id_test": 0.7819350535762069, "ood_test": 0.4342315531553033, "ood_validation": 0.43211629032968, "train": 0.782047496298907, "id_test_conf": [0.7807887525056784, 0.7830780919535537], "id_test_balanced": 0.5396683812141418, "id_test_balanced_conf": [0.5392045155027881, 0.5401322469254956], "ood_test_conf": [0.43315697879397996, 0.43530659335050303], "ood_test_balanced": 0.5455797910690308, "ood_test_balanced_conf": [0.5451436250290135, 0.546015957109048], "features": ["MIG", "ANC", "NATIVITY", "DEAR", "DREM", "PINCP", "ESR", "ST", "MAR", "SCHL", "DIVISION", "ACS_YEAR", "DIS"]}