{"id_test": 0.7939362836523677, "id_test_conf": [0.7928133302113095, 0.7950558354338046], "id_test_balanced": 0.5769255757331848, "id_test_balanced_conf": [0.5763388051639776, 0.577512346302392], "ood_test": 0.6179877903401123, "ood_test_conf": [0.6169337522507329, 0.6190409927165115], "ood_test_balanced": 0.6814833879470825, "ood_test_balanced_conf": [0.6808650793344714, 0.6821016965596937], "validation": 0.7952258572110363, "validation_conf": [0.7941054994383141, 0.7963427983839677], "validation_balanced": 0.5779922008514404, "validation_balanced_conf": [0.5774038177193143, 0.5785805839835666], "features": ["MIG", "ANC", "NATIVITY", "DEAR", "DREM", "PINCP", "ESR", "ST", "MAR", "SCHL", "DIVISION", "ACS_YEAR", "DIS"]}