{"id_test": 0.6206031976744186, "id_test_conf": [0.6148395940199599, 0.6263413282177127], "id_test_balanced": 0.5523914098739624, "id_test_balanced_conf": [0.5492901300545782, 0.5554926896933466], "ood_test": 0.49401964236504486, "ood_test_conf": [0.4926631404256842, 0.49537621061517234], "ood_test_balanced": 0.5475105047225952, "ood_test_balanced_conf": [0.5467814849293791, 0.5482395245158114], "validation": 0.6241869253969984, "validation_conf": [0.6184335269996912, 0.6299140925892248], "validation_balanced": 0.5562154650688171, "validation_balanced_conf": [0.5531104822130873, 0.5593204479245469], "features": ["TOTINDA", "CHCOCNCR", "POVERTY", "IYEAR", "MEDCOST", "PRACE1", "MEDCOST", "SEX", "BMI5CAT"]}