{"validation": 0.7727304369838307, "id_test": 0.7729533718104495, "ood_test": 0.7644346669125687, "ood_validation": 0.7548310610551274, "train": 0.7728187842480518, "id_test_conf": [0.77087967909371, 0.775017045183273], "id_test_balanced": 0.7092000246047974, "id_test_balanced_conf": [0.7077432437404059, 0.7106568054691889], "ood_test_conf": [0.7613992958643501, 0.7674498154857261], "ood_test_balanced": 0.7435000538825989, "ood_test_balanced_conf": [0.741364814536646, 0.7456352932285517], "features": ["ENG", "FER", "HINS1", "HINS2", "HINS4", "NWLA", "OCCP", "POBP", "RELP", "WRK", "SEX", "CIT", "ACS_YEAR", "DIVISION"]}