{"validation": 0.7916210486346233, "id_test": 0.7921856014580801, "ood_test": 0.7843263822107468, "ood_validation": 0.7800829875518672, "train": 0.7922267057873325, "id_test_conf": [0.7901765379237774, 0.7941839389821681], "id_test_balanced": 0.7482023239135742, "id_test_balanced_conf": [0.7467507832939737, 0.7496538645331747], "ood_test_conf": [0.7813831709821439, 0.7872478477685797], "ood_test_balanced": 0.7585282325744629, "ood_test_balanced_conf": [0.7564714777935296, 0.7605849873553961], "features": ["COW", "ENG", "FER", "NWLK", "OCCP", "RELP", "WKHP", "MAR", "RAC1P", "SCHL", "DIVISION"]}