{"validation": 0.9198463139712558, "id_test": 0.9198170832979631, "ood_test": 0.45120671563483733, "ood_validation": 0.5518867924528302, "train": 0.9194067557723298, "id_test_conf": [0.9187881530717787, 0.9208370228500168], "id_test_balanced": 0.8697503805160522, "id_test_balanced_conf": [0.8689215098845307, 0.8705792511475738], "ood_test_conf": [0.4286942998756706, 0.4738694997049344], "ood_test_balanced": 0.5130353569984436, "ood_test_balanced_conf": [0.5094584700884297, 0.5166122439084575], "features": ["Average_confidence(BORED)", "attempt_count", "hint_count", "skill_id", "ms_first_response", "tutor_mode", "type", "overlap_time", "school_id"]}