{"validation": 0.925249684434307, "id_test": 0.9254455734231923, "ood_test": 0.45120671563483733, "ood_validation": 0.5518867924528302, "train": 0.925046792699001, "id_test_conf": [0.924450113354027, 0.9264319215436088], "id_test_balanced": 0.8786691427230835, "id_test_balanced_conf": [0.8778601547202561, 0.8794781307259109], "ood_test_conf": [0.4286942998756706, 0.4738694997049344], "ood_test_balanced": 0.5130353569984436, "ood_test_balanced_conf": [0.5094584700884297, 0.5166122439084575], "features": ["Average_confidence(BORED)", "attempt_count", "hint_count", "skill_id", "ms_first_response", "tutor_mode", "type", "overlap_time", "school_id"]}