{"validation": 0.925249684434307, "id_test": 0.9255784426982797, "ood_test": 0.45173137460650575, "ood_validation": 0.5518867924528302, "train": 0.9251155342533629, "id_test_conf": [0.9245837919800582, 0.9265639786036002], "id_test_balanced": 0.8795149326324463, "id_test_balanced_conf": [0.8787068604060915, 0.8803230048588011], "ood_test_conf": [0.4292158562902504, 0.4743956441387083], "ood_test_balanced": 0.5135009288787842, "ood_test_balanced_conf": [0.5098624698910862, 0.5171393878664822], "features": ["Average_confidence(BORED)", "attempt_count", "hint_count", "skill_id", "ms_first_response", "tutor_mode", "type", "overlap_time", "school_id"]}