{"id_test": 0.8004680679417391, "id_test_conf": [0.7993584491415311, 0.8015742094418405], "id_test_balanced": 0.5986857414245605, "id_test_balanced_conf": [0.5980455853196327, 0.5993258975294884], "ood_test": 0.6112422772617399, "ood_test_conf": [0.6101848201869857, 0.6122989464042708], "ood_test_balanced": 0.676018476486206, "ood_test_balanced_conf": [0.675400657420978, 0.6766362955514341], "validation": 0.8015919134312204, "validation_conf": [0.8004846340530158, 0.8026957024872838], "validation_balanced": 0.5994425415992737, "validation_balanced_conf": [0.598801756988978, 0.6000833262095694], "features": ["ESP", "ANC", "NATIVITY", "DEAR", "DEYE", "DREM", "PINCP", "ESR", "SEX", "ST", "MAR", "CIT", "RAC1P", "SCHL", "ACS_YEAR", "DIS"]}