{"validation": 0.812830535755346, "id_test": 0.8163218390804597, "ood_test": 0.7643540106448118, "ood_validation": 0.7685459940652819, "train": 0.8085986895045407, "id_test_conf": [0.804488836163263, 0.8277284992992266], "id_test_balanced": 0.7248365879058838, "id_test_balanced_conf": [0.7167281079292297, 0.7329450678825379], "ood_test_conf": [0.7585857500414566, 0.7700498065263326], "ood_test_balanced": 0.7191733121871948, "ood_test_balanced_conf": [0.715554254152812, 0.7227923702215776], "features": ["VCF0004", "VCF0901b", "VCF0218", "VCF0224", "VCF0302", "VCF9008", "VCF9201", "VCF0875", "VCF0839", "VCF0822", "VCF0870", "VCF0843", "VCF0838", "VCF0803", "VCF0846", "VCF0615", "VCF0616", "VCF0617", "VCF0310", "VCF0743", "VCF0717", "VCF0720", "VCF0721", "VCF0701", "VCF0675", "VCF0725", "VCF0726", "VCF0104", "VCF0140a", "VCF0112"]}