{"id_test": 0.6509472284796337, "id_test_conf": [0.6452353941511143, 0.6566266578632967], "id_test_balanced": 0.6207276582717896, "id_test_balanced_conf": [0.61685366618447, 0.6246016503591091], "ood_test": 0.5580335560516265, "ood_test_conf": [0.5566814155061283, 0.5593850489538905], "ood_test_balanced": 0.59254390001297, "ood_test_balanced_conf": [0.5916853713209275, 0.5934024287050125], "validation": 0.652313600945382, "validation_conf": [0.6466067986464152, 0.6579877048424707], "validation_balanced": 0.6216610074043274, "validation_balanced_conf": [0.617790552470833, 0.6255314623378218], "features": ["AGEG5YR", "VEG_ONCE_PER_DAY", "DRNK_PER_WEEK", "RFBING5", "TOTINDA", "SMOKE100", "SMOKDAY2", "CHCOCNCR", "POVERTY", "EMPLOY1", "IYEAR", "STATE", "PRACE1", "SEX", "IYEAR", "BMI5CAT"]}