{"id_test": 0.6507625835518298, "id_test_conf": [0.6450500731586531, 0.6564427286562136], "id_test_balanced": 0.6198368668556213, "id_test_balanced_conf": [0.615971245104447, 0.6237024886067957], "ood_test": 0.5572188269827482, "ood_test_conf": [0.5558664338554037, 0.5585705815591959], "ood_test_balanced": 0.5921226739883423, "ood_test_balanced_conf": [0.5912660656089429, 0.5929792823677417], "validation": 0.6526090328298682, "validation_conf": [0.6469033252987753, 0.6582819785084161], "validation_balanced": 0.6212081909179688, "validation_balanced_conf": [0.6173476127255708, 0.6250687691103667], "features": ["AGEG5YR", "VEG_ONCE_PER_DAY", "DRNK_PER_WEEK", "RFBING5", "TOTINDA", "SMOKE100", "SMOKDAY2", "CHCOCNCR", "POVERTY", "EMPLOY1", "IYEAR", "STATE", "PRACE1", "SEX", "IYEAR", "BMI5CAT"]}