{"validation": 0.8188029181620675, "id_test": 0.818412417908077, "ood_test": 0.730495887566877, "ood_validation": 0.7485632183908046, "train": 0.8190195665982256, "id_test_conf": [0.8174381420355011, 0.8193836405271204], "id_test_balanced": 0.7204021215438843, "id_test_balanced_conf": [0.7197755342070014, 0.7210287088807672], "ood_test_conf": [0.7226318310206754, 0.7382526878576418], "ood_test_balanced": 0.6512033343315125, "ood_test_balanced_conf": [0.6471776288747787, 0.6552290397882462], "features": ["Average_confidence(CONFUSED)", "bottom_hint", "type", "first_action", "school_id"]}