{"id_test": 0.9661822576147244, "id_test_conf": [0.9652887890383144, 0.9670589252554596], "id_test_balanced": 0.5002683997154236, "id_test_balanced_conf": [0.5002105564042723, 0.5003262430265749], "ood_test": 0.9484875711290806, "ood_test_conf": [0.9474054821404088, 0.9495537326208638], "ood_test_balanced": 0.5, "ood_test_balanced_conf": [0.5, 0.5], "validation": 0.9665910612032423, "validation_conf": [0.9657027435138096, 0.9674625626618566], "validation_balanced": 0.5000895261764526, "validation_balanced_conf": [0.5000557308180578, 0.5001233215348475], "features": ["DIS", "ESP", "MIG", "NATIVITY", "DEAR", "DEYE", "FER", "AGEP", "ST", "CIT", "RAC1P", "SCHL"]}