{"validation": 0.7988861816916115, "id_test": 0.7994760024301336, "ood_test": 0.7893585909815442, "ood_validation": 0.7855364552459988, "train": 0.7993518035824045, "id_test_conf": [0.7974931868455258, 0.8014478240697498], "id_test_balanced": 0.7517427802085876, "id_test_balanced_conf": [0.750309986139182, 0.7531755742779933], "ood_test_conf": [0.7864402596516614, 0.7922547912019946], "ood_test_balanced": 0.7646486759185791, "ood_test_balanced_conf": [0.7626035320013762, 0.766693819835782], "features": ["ENG", "FER", "HINS1", "HINS2", "NWLA", "OCCP", "WKHP", "AGEP", "SEX", "MAR", "SCHL", "ACS_YEAR", "DIVISION"]}