{"id_test": 0.8134113001215066, "id_test_conf": [0.8114815341500805, 0.8153295598981471], "id_test_balanced": 0.7738876342773438, "id_test_balanced_conf": [0.7724807894136757, 0.7752944791410118], "ood_test": 0.8055749496120457, "ood_test_conf": [0.8027414060691155, 0.8083851196393121], "ood_test_balanced": 0.7850507497787476, "ood_test_balanced_conf": [0.7830472823046147, 0.7870542172528804], "validation": 0.8126253836661077, "validation_conf": [0.8106925150949655, 0.8145467748633312], "validation_balanced": 0.7737863063812256, "validation_balanced_conf": [0.7723789725406095, 0.7751936402218417], "features": ["ENG", "FER", "HINS1", "HINS2", "NWLA", "OCCP", "WKHP", "AGEP", "SEX", "MAR", "SCHL", "ACS_YEAR", "DIVISION"]}