{"id_test": 0.8778295687382144, "id_test_conf": [0.8759826782202897, 0.8796585529861662], "id_test_balanced": 0.5481200814247131, "id_test_balanced_conf": [0.5472097844944801, 0.5490303783549462], "ood_test": 0.8296012335026098, "ood_test_conf": [0.8279942004918767, 0.83119925266171], "ood_test_balanced": 0.5420249700546265, "ood_test_balanced_conf": [0.5413374754250981, 0.5427124646841548], "validation": 0.8775601831821781, "validation_conf": [0.8757115601201552, 0.8793909127908758], "validation_balanced": 0.5414554476737976, "validation_balanced_conf": [0.5405898856883868, 0.5423210096592084], "features": ["PHYSHLTH", "HIGH_BLOOD_PRESS", "CHOL_CHK_PAST_5_YEARS", "BMI5", "SMOKDAY2", "MICHD", "VEG_ONCE_PER_DAY", "DRNK_PER_WEEK", "RFBING5", "TOTINDA", "INCOME", "MARITAL", "EDUCA", "HEALTH_COV", "MEDCOST", "IYEAR", "STATE", "PRACE1", "PRACE1"]}