{"validation": 0.7003188097768331, "id_test": 0.7462845010615711, "ood_test": 0.6367976976911505, "ood_validation": 0.6450853443201884, "train": 0.7184968795644668, "id_test_conf": [0.7172229774354522, 0.7737970322767056], "id_test_balanced": 0.7462584376335144, "id_test_balanced_conf": [0.7266087326407432, 0.7659081426262856], "ood_test_conf": [0.6291164019403708, 0.6444269107461411], "ood_test_balanced": 0.6387135982513428, "ood_test_balanced_conf": [0.6333330204989761, 0.6440941760037094], "features": ["OFREMP31", "CMJHLD31", "MCRPB31", "MCDHMO31", "PFSAMT31", "MCARE31", "GOVTA31", "GOVBAT31", "GOVTC31", "BSNTY31", "RETPLN31", "VAPROX31", "MORJOB31", "HRHOW31", "DIFFWG31", "TEMPJB31", "SSNLJB31", "MORE31", "STJBMM31", "STJBYY31", "OCCCAT31", "PAYVAC31", "PRING31", "MCAID31X", "PUB31X", "INS31X", "INSAT31X", "SEX", "RACEAX", "RACEWX", "RACETHX", "HISPNCAT", "EDUCYR", "HWELLSPK", "BORNUSA", "WHTLGSPK", "TRICR31X", "PRIEU31", "PRIEUO31", "PRSTX31", "PRIV31", "PRIVAT31", "PMEDIN31", "PMDINS31", "PMEDUP31", "REFRL31X", "OFFER31X", "TRIPR31X", "TRICH31X", "VASPUN31", "VASPMH31", "ASPREV31", "ASDALY31", "ASEVFL31", "ASWNFL31", "AIDHLP31", "WLKLIM31", "STPDIF31", "BENDIF31", "RCHDIF31", "WRKLIM31", "HSELIM31", "SCHLIM31", "ASACUT31", "RUCLAS31", "FAMSZE31", "FAMS1231", "BEGRFY31", "ENDRFM31", "ENDRFY31", "INSCOP31", "ELGRND31", "PSTATS31", "SPOUID31", "MNHLTH31", "ASATAK31", "COGLIM31", "VALOCT31", "VANTWK31", "VAOUT31", "VAMREC31", "VAGTRC31", "VAPROB31", "VAPCOT31", "VAPCCO31", "VAPCRC31", "VAPCSN31", "VAPCRF31", "VASPCL31", "VAPACT31", "VARECM31", "VAMOBL31", "VADERM31", "VABACK31", "VAGOUT31", "VANECK31", "VAFIBR31", "VATMD31", "VAPTSD31", "VABIPL31", "VADEPR31", "VAMOOD31", "VAPROS31", "VAGCNS31", "VARXMD31", "VACRGV31", "MOPID31X", "DAPID31X", "AGE31X", "INSCOV19"]}