{"validation": 0.8267261882050695, "id_test": 0.8241338963219209, "ood_test": 0.7882892098694709, "ood_validation": 0.7842018044559013, "train": 0.824467662292653, "id_test_conf": [0.8214545656074521, 0.8267892890716091], "id_test_balanced": 0.6617456078529358, "id_test_balanced_conf": [0.6598007320472971, 0.6636904836585745], "ood_test_conf": [0.7846402690181833, 0.7919038818943036], "ood_test_balanced": 0.6654421091079712, "ood_test_balanced_conf": [0.6628230630094185, 0.6680611552065239], "features": ["ENG", "FER", "NWLA", "NWLK", "POBP", "RELP", "WRK", "DIS", "ANC", "DEAR", "DREM", "PUBCOV", "CIT", "SCHL", "ACS_YEAR", "DIVISION"]}