{"validation": 0.7842103597759706, "id_test": 0.7845787768327258, "ood_test": 0.755911527973548, "ood_validation": 0.754949614700652, "train": 0.7847614512195411, "id_test_conf": [0.7825433713958483, 0.7866037357881338], "id_test_balanced": 0.7113107442855835, "id_test_balanced_conf": [0.7099007743503898, 0.7127207142207772], "ood_test_conf": [0.7528395372518741, 0.758963948703535], "ood_test_balanced": 0.7113217115402222, "ood_test_balanced_conf": [0.7093247709842398, 0.7133186520962045], "features": ["ENG", "HINS3", "HINS4", "NWLA", "RELP", "WKHP", "WKW", "WRK", "AGEP", "ST", "SCHL", "DIVISION"]}