{"validation": 0.7577761604910926, "id_test": 0.7567145099230458, "ood_test": 0.745741723860837, "ood_validation": 0.7445168938944873, "train": 0.7571771101388077, "id_test_conf": [0.7545911052292509, 0.7588284918067397], "id_test_balanced": 0.7199033498764038, "id_test_balanced_conf": [0.7183792609814554, 0.7214274387713522], "ood_test_conf": [0.742628167150454, 0.748836489006252], "ood_test_balanced": 0.7273805737495422, "ood_test_balanced_conf": [0.7251867751358076, 0.7295743723632768], "features": ["COW", "ENG", "HINS1", "HINS4", "NWLK", "POBP", "RELP", "WKHP", "WKW", "SEX", "ST", "CIT", "DIVISION"]}