{"validation": 0.757959687371452, "id_test": 0.758151073309032, "ood_test": 0.7300918180500849, "ood_validation": 0.7293420272673384, "train": 0.757575805518925, "id_test_conf": [0.756031896172062, 0.7602607748684943], "id_test_balanced": 0.6689003109931946, "id_test_balanced_conf": [0.6675081346393563, 0.6702924873470328], "ood_test_conf": [0.7269186204931797, 0.733247421713336], "ood_test_balanced": 0.6869494915008545, "ood_test_balanced_conf": [0.6848733056476339, 0.689025677354075], "features": ["COW", "ENG", "HINS1", "HINS4", "NWLK", "POBP", "RELP", "WKHP", "WKW", "SEX", "ST", "CIT", "DIVISION"]}