{"validation": 0.7621744771066038, "id_test": 0.7629860267314702, "ood_test": 0.7300522980859164, "ood_validation": 0.7251926496739775, "train": 0.7623625232671187, "id_test_conf": [0.7608813171965336, 0.7650810830864412], "id_test_balanced": 0.6907309293746948, "id_test_balanced_conf": [0.6892809142125771, 0.6921809445368126], "ood_test_conf": [0.7268789563429259, 0.7332080489593689], "ood_test_balanced": 0.6859573125839233, "ood_test_balanced_conf": [0.6838910566363484, 0.6880235685314983], "features": ["COW", "ENG", "HINS1", "HINS4", "NWLK", "POBP", "RELP", "WKHP", "WKW", "SEX", "ST", "CIT", "DIVISION"]}