{"validation": 0.7624212891181217, "id_test": 0.7628151579586877, "ood_test": 0.7479811884970557, "ood_validation": 0.7434499110847659, "train": 0.7624020763802256, "id_test_conf": [0.7607099307931916, 0.7649107382209209], "id_test_balanced": 0.7221256494522095, "id_test_balanced_conf": [0.7206148700625635, 0.7236364288418554], "ood_test_conf": [0.7448765904979737, 0.7510668235261733], "ood_test_balanced": 0.7256612181663513, "ood_test_balanced_conf": [0.7234853031486272, 0.7278371331840754], "features": ["COW", "ENG", "HINS1", "HINS4", "NWLK", "POBP", "RELP", "WKHP", "WKW", "SEX", "ST", "CIT", "DIVISION"]}