{"id_test": 0.7899924518053764, "id_test_conf": [0.788861664219469, 0.7911198834003428], "id_test_balanced": 0.5690062642097473, "id_test_balanced_conf": [0.5684345584886614, 0.5695779699308332], "ood_test": 0.4758649527985259, "ood_test_conf": [0.47478207895241464, 0.4769479975907282], "ood_test_balanced": 0.573241114616394, "ood_test_balanced_conf": [0.572716968919849, 0.5737652603129391], "validation": 0.7909864791196152, "validation_conf": [0.7898576498158736, 0.7921119409152425], "validation_balanced": 0.5695978403091431, "validation_balanced_conf": [0.5690249653102364, 0.5701707153080497], "features": ["ESP", "ANC", "DEAR", "DEYE", "ESR", "FER", "MAR", "CIT", "RAC1P", "DIVISION", "DIS"]}