{"validation": 0.7894009557071854, "id_test": 0.7887284287374546, "ood_test": 0.47067590848012597, "ood_validation": 0.46899071261939346, "train": 0.7887425369716161, "id_test_conf": [0.7875951641440047, 0.7898583519767091], "id_test_balanced": 0.5646230578422546, "id_test_balanced_conf": [0.5640648063458502, 0.5651813093386591], "ood_test_conf": [0.46959365507033524, 0.4717583695895547], "ood_test_balanced": 0.5700064897537231, "ood_test_balanced_conf": [0.5694930095958989, 0.5705199699115474], "features": ["ESP", "ANC", "DEAR", "DEYE", "ESR", "FER", "MAR", "CIT", "RAC1P", "DIVISION", "DIS"]}