{"id_test": 0.6670856128936863, "id_test_conf": [0.661433692376076, 0.672701626278658], "id_test_balanced": 0.6328065991401672, "id_test_balanced_conf": [0.6290213249949739, 0.6365918732853606], "ood_test": 0.5983008819525589, "ood_test_conf": [0.5969651350885758, 0.5996355305801055], "ood_test_balanced": 0.625682532787323, "ood_test_balanced_conf": [0.6248052027262747, 0.6265598628483713], "validation": 0.6618609293556615, "validation_conf": [0.6561877796199107, 0.6674992940481697], "validation_balanced": 0.6270811557769775, "validation_balanced_conf": [0.6232917247572913, 0.6308705867966637], "features": ["AGEG5YR", "FRUIT_ONCE_PER_DAY", "DRNK_PER_WEEK", "RFBING5", "SMOKE100", "CHCSCNCR", "CHCOCNCR", "DIABETES", "EMPLOY1", "IYEAR", "MEDCOST", "PRACE1", "SEX", "MEDCOST", "BMI5CAT"]}