{"id_test": 0.6669377495194441, "id_test_conf": [0.6612852205414657, 0.6725544031582914], "id_test_balanced": 0.6329241394996643, "id_test_balanced_conf": [0.6291347381426021, 0.6367135408567265], "ood_test": 0.5992148424093078, "ood_test_conf": [0.5978795916163868, 0.6005489847544464], "ood_test_balanced": 0.626165509223938, "ood_test_balanced_conf": [0.6252866980852559, 0.62704432036262], "validation": 0.6616021588850689, "validation_conf": [0.6559279829396931, 0.6672416054268113], "validation_balanced": 0.6272256374359131, "validation_balanced_conf": [0.6234297274146229, 0.6310215474572033], "features": ["AGEG5YR", "FRUIT_ONCE_PER_DAY", "DRNK_PER_WEEK", "RFBING5", "SMOKE100", "CHCSCNCR", "CHCOCNCR", "DIABETES", "EMPLOY1", "IYEAR", "MEDCOST", "PRACE1", "SEX", "MEDCOST", "BMI5CAT"]}