{"validation": 0.5977228198587853, "id_test": 0.5983291438710632, "ood_test": 0.4187712823597919, "ood_validation": 0.4200954446854664, "train": 0.5990869225686309, "id_test_conf": [0.5924584612585714, 0.6041786988403027], "id_test_balanced": 0.5034281015396118, "id_test_balanced_conf": [0.5023719753348268, 0.5044842277443968], "ood_test_conf": [0.4174280577573785, 0.42011541445963774], "ood_test_balanced": 0.5010594129562378, "ood_test_balanced_conf": [0.5008508259832161, 0.5012679999292595], "features": ["AGEG5YR", "FRUIT_ONCE_PER_DAY", "DRNK_PER_WEEK", "RFBING5", "SMOKE100", "CHCSCNCR", "CHCOCNCR", "DIABETES", "EMPLOY1", "IYEAR", "MEDCOST", "PRACE1", "SEX", "MEDCOST", "BMI5CAT"]}