{"validation": 0.8741136030383885, "id_test": 0.8745462849450735, "ood_test": 0.824488086416628, "ood_validation": 0.8276033468643857, "train": 0.8742215215610233, "id_test_conf": [0.8726958980764485, 0.8763792496036704], "id_test_balanced": 0.5183753371238708, "id_test_balanced_conf": [0.5177853008708917, 0.51896537337685], "ood_test_conf": [0.8228819360967259, 0.826085575250394], "ood_test_balanced": 0.5172852277755737, "ood_test_balanced_conf": [0.5168340781459119, 0.5177363774052356], "features": ["BMI5", "MICHD", "FRUIT_ONCE_PER_DAY", "VEG_ONCE_PER_DAY", "RFBING5", "CHECKUP1", "EDUCA", "IYEAR", "STATE", "MEDCOST", "MEDCOST", "PRACE1", "PRACE1"]}