{"id_test": 0.6267441860465116, "id_test_conf": [0.6209984539573705, 0.6324631475982183], "id_test_balanced": 0.5714885592460632, "id_test_balanced_conf": [0.5680130242742598, 0.5749640942178667], "ood_test": 0.5247692060381518, "ood_test_conf": [0.5234141011157565, 0.5261240363169677], "ood_test_balanced": 0.5685956478118896, "ood_test_balanced_conf": [0.5677912129077595, 0.5694000827160198], "validation": 0.6333805734219994, "validation_conf": [0.6276551570162349, 0.6390778161084174], "validation_balanced": 0.579078197479248, "validation_balanced_conf": [0.5755896244151518, 0.5825667705433443], "features": ["FRUIT_ONCE_PER_DAY", "VEG_ONCE_PER_DAY", "RFBING5", "SMOKDAY2", "CHCSCNCR", "CHCOCNCR", "EMPLOY1", "IYEAR", "STATE", "PRACE1", "IYEAR", "MEDCOST", "PRACE1", "BMI5CAT"]}