{"id_test": 0.6488541287740996, "id_test_conf": [0.6431778553030221, 0.6544989255771243], "id_test_balanced": 0.5950444936752319, "id_test_balanced_conf": [0.5916028813365847, 0.5984861060138792], "ood_test": 0.5841399023687457, "ood_test_conf": [0.5828013928530424, 0.585477477883569], "ood_test_balanced": 0.6165341734886169, "ood_test_balanced_conf": [0.6156787131668534, 0.6173896338103805], "validation": 0.654674427064387, "validation_conf": [0.6490194539707821, 0.6602966921892955], "validation_balanced": 0.6027673482894897, "validation_balanced_conf": [0.5993558065500111, 0.6061788900289684], "features": ["FRUIT_ONCE_PER_DAY", "VEG_ONCE_PER_DAY", "DRNK_PER_WEEK", "SMOKDAY2", "CHCOCNCR", "DIABETES", "POVERTY", "EMPLOY1", "MEDCOST", "PRACE1", "IYEAR", "MEDCOST", "PRACE1", "SEX", "BMI5CAT"]}