{"validation": 0.6526373226627865, "id_test": 0.6477991997089851, "ood_test": 0.5838755163191331, "ood_validation": 0.5839195806607352, "train": 0.6512729802607348, "id_test_conf": [0.6421191643864483, 0.653447981529599], "id_test_balanced": 0.5953874588012695, "id_test_balanced_conf": [0.5919095056410879, 0.5988654119614512], "ood_test_conf": [0.5825368860257836, 0.5852132155465151], "ood_test_balanced": 0.6155564785003662, "ood_test_balanced_conf": [0.6146970213681925, 0.6164159356325399], "features": ["FRUIT_ONCE_PER_DAY", "VEG_ONCE_PER_DAY", "DRNK_PER_WEEK", "SMOKDAY2", "CHCOCNCR", "DIABETES", "POVERTY", "EMPLOY1", "MEDCOST", "PRACE1", "IYEAR", "MEDCOST", "PRACE1", "SEX", "BMI5CAT"]}