{"validation": 0.6389959985449254, "id_test": 0.6404874499818116, "ood_test": 0.5546167934953369, "ood_validation": 0.5571246292847782, "train": 0.6403052060550116, "id_test_conf": [0.6347821671947937, 0.6461630259818318], "id_test_balanced": 0.5662208795547485, "id_test_balanced_conf": [0.563454636791721, 0.568987122317776], "ood_test_conf": [0.553267220934262, 0.5559657597836632], "ood_test_balanced": 0.5989711284637451, "ood_test_balanced_conf": [0.5981806509080343, 0.5997616060194559], "features": ["FRUIT_ONCE_PER_DAY", "VEG_ONCE_PER_DAY", "DRNK_PER_WEEK", "SMOKDAY2", "CHCOCNCR", "DIABETES", "POVERTY", "EMPLOY1", "MEDCOST", "PRACE1", "IYEAR", "MEDCOST", "PRACE1", "SEX", "BMI5CAT"]}