{"validation": 0.7232920925228618, "id_test": 0.7222876164439044, "ood_test": 0.6864090843224302, "ood_validation": 0.6848844101956135, "train": 0.7232895849533629, "id_test_conf": [0.7200721273971883, 0.7244949470112281], "id_test_balanced": 0.6493622660636902, "id_test_balanced_conf": [0.647857488791924, 0.6508670433354564], "ood_test_conf": [0.6830950017038515, 0.689708914928836], "ood_test_balanced": 0.6484317779541016, "ood_test_balanced_conf": [0.6462199916969985, 0.6506435642112046], "features": ["COW", "ENG", "HINS2", "HINS4", "NWLK", "POBP", "RELP", "AGEP", "SEX", "ST", "CIT", "RAC1P", "ACS_YEAR", "DIVISION"]}