{"id_test": 0.6567969140652904, "id_test_conf": [0.6512017143563932, 0.662359559611469], "id_test_balanced": 0.6098048686981201, "id_test_balanced_conf": [0.6062809327663854, 0.6133288046298548], "ood_test": 0.5941265330061914, "ood_test_conf": [0.5928033480848984, 0.5954486893989828], "ood_test_balanced": 0.6209380626678467, "ood_test_balanced_conf": [0.6200679101061541, 0.6218082152295392], "validation": 0.6521894421030073, "validation_conf": [0.6465771885051527, 0.6577700985610619], "validation_balanced": 0.6055441498756409, "validation_balanced_conf": [0.6020247525535524, 0.6090635471977294], "features": ["RFBING5", "TOTINDA", "SMOKDAY2", "CHCSCNCR", "DIABETES", "POVERTY", "EMPLOY1", "IYEAR", "IYEAR", "STATE", "SEX", "BMI5CAT"]}