{"validation": 0.8758820851354427, "id_test": 0.8758820851354427, "ood_test": 0.8300465125002344, "ood_validation": 0.8277069794919403, "train": 0.8760719936668662, "id_test_conf": [0.874026566242238, 0.8777198633595599], "id_test_balanced": 0.5731946229934692, "id_test_balanced_conf": [0.5720722740679048, 0.5743169719190336], "ood_test_conf": [0.8284456673001982, 0.8316383823600191], "ood_test_balanced": 0.5652430653572083, "ood_test_balanced_conf": [0.5643981307034847, 0.5660880000109318], "features": ["HIGH_BLOOD_PRESS", "TOLDHI", "BMI5", "BMI5CAT", "SMOKDAY2", "CVDSTRK3", "MICHD", "FRUIT_ONCE_PER_DAY", "VEG_ONCE_PER_DAY", "DRNK_PER_WEEK", "TOTINDA", "INCOME", "MARITAL", "HEALTH_COV", "MENTHLTH", "IYEAR", "STATE", "PRACE1", "STATE", "PRACE1", "SEX", "PRACE1"]}