{"validation": 0.8209902450812062, "id_test": 0.8190339319326448, "ood_test": 0.7913785343099144, "ood_validation": 0.8031670042349475, "train": 0.8195488841336814, "id_test_conf": [0.8163248481455313, 0.8217194552247152], "id_test_balanced": 0.5730507373809814, "id_test_balanced_conf": [0.5715984428743832, 0.5745030318875797], "ood_test_conf": [0.7877488915302653, 0.7949735403388295], "ood_test_balanced": 0.5886034369468689, "ood_test_balanced_conf": [0.5865134515846148, 0.590693422309123], "features": ["ENG", "OCCP", "RELP", "WKW", "WRK", "DIS", "NATIVITY", "DEYE", "DREM", "MAR", "SCHL", "ACS_YEAR", "DIVISION"]}