{"validation": 0.8208884988617142, "id_test": 0.8182454087602381, "ood_test": 0.792053684684316, "ood_validation": 0.7989320567114712, "train": 0.8191895939384882, "id_test_conf": [0.8155317965079815, 0.8209355188734158], "id_test_balanced": 0.5483080148696899, "id_test_balanced_conf": [0.547127953087911, 0.5494880766514689], "ood_test_conf": [0.7884283011664223, 0.795644351039696], "ood_test_balanced": 0.5611371994018555, "ood_test_balanced_conf": [0.5594046734157019, 0.5628697253880091], "features": ["ENG", "OCCP", "RELP", "WKW", "WRK", "DIS", "NATIVITY", "DEYE", "DREM", "MAR", "SCHL", "ACS_YEAR", "DIVISION"]}