{"validation": 0.820354331209381, "id_test": 0.8185252073052857, "ood_test": 0.7909693522648226, "ood_validation": 0.7989320567114712, "train": 0.8190814889240053, "id_test_conf": [0.8158131997545557, 0.8212136920101589], "id_test_balanced": 0.5514587759971619, "id_test_balanced_conf": [0.5502408208977431, 0.5526767310965807], "ood_test_conf": [0.7873371354462968, 0.794566981066236], "ood_test_balanced": 0.5648191571235657, "ood_test_balanced_conf": [0.5630146706383675, 0.5666236436087638], "features": ["ENG", "OCCP", "RELP", "WKW", "WRK", "DIS", "NATIVITY", "DEYE", "DREM", "MAR", "SCHL", "ACS_YEAR", "DIVISION"]}