{"validation": 0.8211810192427538, "id_test": 0.8185760797680216, "ood_test": 0.7910102704693318, "ood_validation": 0.8013257227030013, "train": 0.8189797430280215, "id_test_conf": [0.8158643642377863, 0.8212642686875107], "id_test_balanced": 0.5511084198951721, "id_test_balanced_conf": [0.5498957433737814, 0.5523210964165628], "ood_test_conf": [0.7873783108061446, 0.7946076372420713], "ood_test_balanced": 0.5657474994659424, "ood_test_balanced_conf": [0.5639304794953205, 0.5675645194365643], "features": ["ENG", "OCCP", "RELP", "WKW", "WRK", "DIS", "NATIVITY", "DEYE", "DREM", "MAR", "SCHL", "ACS_YEAR", "DIVISION"]}