{"validation": 0.820506950538619, "id_test": 0.8183725899170778, "ood_test": 0.7907647612422767, "ood_validation": 0.7991161848646658, "train": 0.8188064570489239, "id_test_conf": [0.8156597067786806, 0.8210619615042498], "id_test_balanced": 0.5482084155082703, "id_test_balanced_conf": [0.5470315754297189, 0.5493852555868216], "ood_test_conf": [0.7871312594746597, 0.7943636993593678], "ood_test_balanced": 0.5597096681594849, "ood_test_balanced_conf": [0.5579774992656894, 0.5614418370532803], "features": ["ENG", "OCCP", "RELP", "WKW", "WRK", "DIS", "NATIVITY", "DEYE", "DREM", "MAR", "SCHL", "ACS_YEAR", "DIVISION"]}