{"validation": 0.7873050026896181, "id_test": 0.7875278452814904, "ood_test": 0.7819024910750748, "ood_validation": 0.7727326615293421, "train": 0.7885451020193447, "id_test_conf": [0.7855025282084958, 0.7895426075073607], "id_test_balanced": 0.7443830370903015, "id_test_balanced_conf": [0.7429212730191648, 0.7458448011614383], "ood_test_conf": [0.7789475278163961, 0.7848358943038394], "ood_test_balanced": 0.7546806335449219, "ood_test_balanced_conf": [0.7526228825561703, 0.7567383845336735], "features": ["COW", "HINS1", "HINS3", "HINS4", "NWLA", "OCCP", "RELP", "WKHP", "WRK", "SEX", "MAR", "DIVISION"]}