{"validation": 0.7855899756352245, "id_test": 0.785673602673147, "ood_test": 0.7890029113040271, "ood_validation": 0.7793716656787196, "train": 0.7870041127327009, "id_test_conf": [0.7836419243575281, 0.7876947942777132], "id_test_balanced": 0.7601234912872314, "id_test_balanced_conf": [0.7586556248157286, 0.7615913577587343], "ood_test_conf": [0.7860827998351414, 0.7919009189079902], "ood_test_balanced": 0.7707263231277466, "ood_test_balanced_conf": [0.7686603327747434, 0.7727923134807497], "features": ["COW", "HINS1", "HINS3", "HINS4", "NWLA", "OCCP", "RELP", "WKHP", "WRK", "SEX", "MAR", "DIVISION"]}