{"id_test": 0.5776255707762558, "id_test_conf": [0.5441302506286606, 0.6105970427012902], "id_test_balanced": 0.568467378616333, "id_test_balanced_conf": [0.5459841227158904, 0.5909506345167757], "ood_test": 0.5638088199063809, "ood_test_conf": [0.5529382496466382, 0.5746335551162127], "ood_test_balanced": 0.5653592944145203, "ood_test_balanced_conf": [0.5579327609017491, 0.5727858279272914], "validation": 0.6011428571428571, "validation_conf": [0.56783085709209, 0.6337713853740284], "validation_balanced": 0.5935513377189636, "validation_balanced_conf": [0.5710421758517623, 0.6160604995861649], "features": ["age", "discharge_disposition_id", "time_in_hospital", "num_lab_procedures", "number_outpatient", "number_emergency", "diag_2", "diag_3", "max_glu_serum", "metformin", "glimepiride", "acetohexamide", "glipizide", "glyburide", "rosiglitazone", "acarbose", "tolazamide", "insulin", "glyburide-metformin", "metformin-rosiglitazone", "metformin-pioglitazone", "admission_source_id"]}