{"id_test": 0.905881023670979, "id_test_conf": [0.9048618784128998, 0.9068927798312383], "id_test_balanced": 0.8567721843719482, "id_test_balanced_conf": [0.8559821683552582, 0.8575622003886383], "ood_test": 0.8648482046540299, "ood_test_conf": [0.8562886968978142, 0.8730783363723267], "ood_test_balanced": 0.8251770734786987, "ood_test_balanced_conf": [0.8193668385501951, 0.8309873084072024], "validation": 0.9063295429936256, "validation_conf": [0.9053125603259518, 0.9073391283424613], "validation_balanced": 0.8570259809494019, "validation_balanced_conf": [0.8562368216121103, 0.8578151402866934], "features": ["Average_confidence(BORED)", "Average_confidence(CONFUSED)", "attempt_count", "ms_first_response", "tutor_mode", "type", "overlap_time", "school_id"]}