{"id_test": 0.7963218390804597, "id_test_conf": [0.7840417859124145, 0.8082027047758875], "id_test_balanced": 0.7005320191383362, "id_test_balanced_conf": [0.6922759598493576, 0.7087880784273147], "ood_test": 0.7396260185577693, "ood_test_conf": [0.7336669851623823, 0.7455193773823737], "ood_test_balanced": 0.6931517124176025, "ood_test_balanced_conf": [0.6894412211701274, 0.6968622036650777], "validation": 0.8043228328351345, "validation_conf": [0.79221444257313, 0.8160210849971472], "validation_balanced": 0.7099505662918091, "validation_balanced_conf": [0.7017914453707635, 0.7181096872128546], "features": ["VCF0901b", "VCF0218", "VCF0302", "VCF9008", "VCF9010", "VCF9202", "VCF9206", "VCF0429", "VCF9052", "VCF0839", "VCF0822", "VCF0870", "VCF0843", "VCF9045", "VCF0838", "VCF9239", "VCF0846", "VCF0601", "VCF0612", "VCF0615", "VCF0616", "VCF0743", "VCF0717", "VCF0718", "VCF0720", "VCF0721", "VCF0675", "VCF0724", "VCF0140a", "VCF0112"]}