{"validation": 0.8024833295010347, "id_test": 0.7914942528735632, "ood_test": 0.7381658895012011, "ood_validation": 0.73505722763883, "train": 0.7927347971031153, "id_test_conf": [0.7791132991954639, 0.803482564724643], "id_test_balanced": 0.7013604044914246, "id_test_balanced_conf": [0.6929449373483658, 0.7097758716344833], "ood_test_conf": [0.7321963755517187, 0.7440701296774037], "ood_test_balanced": 0.6937322616577148, "ood_test_balanced_conf": [0.6899616296682507, 0.697502893647179], "features": ["VCF0901b", "VCF0218", "VCF0302", "VCF9008", "VCF9010", "VCF9202", "VCF9206", "VCF0429", "VCF9052", "VCF0839", "VCF0822", "VCF0870", "VCF0843", "VCF9045", "VCF0838", "VCF9239", "VCF0846", "VCF0601", "VCF0612", "VCF0615", "VCF0616", "VCF0743", "VCF0717", "VCF0718", "VCF0720", "VCF0721", "VCF0675", "VCF0724", "VCF0140a", "VCF0112"]}