{"id_test": 0.9368561632016086, "id_test_conf": [0.9359262181823992, 0.9377765961753534], "id_test_balanced": 0.898739218711853, "id_test_balanced_conf": [0.8979729664500337, 0.8995054709736724], "ood_test": 0.5849947534102833, "ood_test_conf": [0.5624954347421307, 0.6072321008434514], "ood_test_balanced": 0.631344199180603, "ood_test_balanced_conf": [0.6213312217593193, 0.6413571766018867], "validation": 0.9356744671113345, "validation_conf": [0.9347365235881305, 0.9366029245381119], "validation_balanced": 0.8974906206130981, "validation_balanced_conf": [0.8967208348482382, 0.8982604063779581], "features": ["Average_confidence(BORED)", "Average_confidence(CONCENTRATING)", "Average_confidence(FRUSTRATED)", "attempt_count", "skill_id", "bottom_hint", "ms_first_response", "type", "first_action", "school_id"]}