{"validation": 0.9309701196168448, "id_test": 0.9311530747999444, "ood_test": 0.593576965669989, "ood_validation": 0.6119402985074627, "train": 0.9308371139670567, "id_test_conf": [0.9301571803417009, 0.9321390313803334], "id_test_balanced": 0.8894435167312622, "id_test_balanced_conf": [0.888630011852365, 0.8902570216101594], "ood_test_conf": [0.5705106329742762, 0.6163387752638598], "ood_test_balanced": 0.6330000162124634, "ood_test_balanced_conf": [0.6228104412183165, 0.6431895912066102], "features": ["Average_confidence(BORED)", "Average_confidence(CONCENTRATING)", "Average_confidence(FRUSTRATED)", "attempt_count", "skill_id", "bottom_hint", "ms_first_response", "type", "first_action", "school_id"]}