{"validation": 0.7806727209442141, "id_test": 0.7806677804779263, "ood_test": 0.7698357286822727, "ood_validation": 0.7606401896858328, "train": 0.7810980418835826, "id_test_conf": [0.7786192336498095, 0.7827060245294026], "id_test_balanced": 0.7207285165786743, "id_test_balanced_conf": [0.7192770972335711, 0.7221799359237775], "ood_test_conf": [0.7668244345619388, 0.7728263868026598], "ood_test_balanced": 0.7481820583343506, "ood_test_balanced_conf": [0.7460648926533758, 0.7502992240153253], "features": ["ENG", "HINS1", "HINS4", "NWLA", "NWLK", "OCCP", "POBP", "RELP", "WKHP", "WRK", "AGEP", "ST", "CIT", "DIVISION"]}