{"id_test": 0.6580957230142567, "id_test_conf": [0.6524543240029269, 0.6637036975503933], "id_test_balanced": 0.6227433681488037, "id_test_balanced_conf": [0.6189696537563577, 0.6265170825412497], "ood_test": 0.5958124093081206, "ood_test_conf": [0.5944853984209397, 0.597138365802013], "ood_test_balanced": 0.6224576830863953, "ood_test_balanced_conf": [0.6215828518732451, 0.6233325142995454], "validation": 0.6624840880160029, "validation_conf": [0.6568596755235208, 0.6680741465357365], "validation_balanced": 0.6271601319313049, "validation_balanced_conf": [0.623392682056874, 0.6309275818057358], "features": ["AGEG5YR", "FRUIT_ONCE_PER_DAY", "VEG_ONCE_PER_DAY", "RFBING5", "TOTINDA", "SMOKE100", "SMOKDAY2", "DIABETES", "EMPLOY1", "IYEAR", "SEX", "IYEAR", "MEDCOST", "SEX", "BMI5CAT"]}