{"validation": 0.6011638479723586, "id_test": 0.6003782368344487, "ood_test": 0.4164799015399576, "ood_validation": 0.41821507324661117, "train": 0.598416999299879, "id_test_conf": [0.5945600697785735, 0.6061751848644681], "id_test_balanced": 0.5001668930053711, "id_test_balanced_conf": [0.5000250674862764, 0.5003087185244658], "ood_test_conf": [0.41514782442548165, 0.417812897769737], "ood_test_balanced": 0.5002883076667786, "ood_test_balanced_conf": [0.5002460794454237, 0.5003305358881335], "features": ["AGEG5YR", "FRUIT_ONCE_PER_DAY", "VEG_ONCE_PER_DAY", "RFBING5", "TOTINDA", "SMOKE100", "SMOKDAY2", "DIABETES", "EMPLOY1", "IYEAR", "SEX", "IYEAR", "MEDCOST", "SEX", "BMI5CAT"]}