{"validation": 0.6381160210947445, "id_test": 0.6335466977014839, "ood_test": 0.5548595652867573, "ood_validation": 0.5571528691817234, "train": 0.6379101844864112, "id_test_conf": [0.6278194001159952, 0.6392457628215376], "id_test_balanced": 0.5600144863128662, "id_test_balanced_conf": [0.5572179872170091, 0.5628109854087233], "ood_test_conf": [0.553515905345897, 0.5562026215180573], "ood_test_balanced": 0.5984756350517273, "ood_test_balanced_conf": [0.5976818275812548, 0.5992694425221998], "features": ["AGEG5YR", "FRUIT_ONCE_PER_DAY", "VEG_ONCE_PER_DAY", "RFBING5", "TOTINDA", "SMOKE100", "SMOKDAY2", "DIABETES", "EMPLOY1", "IYEAR", "SEX", "IYEAR", "MEDCOST", "SEX", "BMI5CAT"]}