{"validation": 0.63978905255501, "id_test": 0.6356560954320628, "ood_test": 0.5549298396225698, "ood_validation": 0.55737508760534, "train": 0.639715041689019, "id_test_conf": [0.6299355434453442, 0.6413479688679656], "id_test_balanced": 0.5612395405769348, "id_test_balanced_conf": [0.5584858569689095, 0.5639932241849601], "ood_test_conf": [0.553586200261929, 0.5562728745003024], "ood_test_balanced": 0.5992034077644348, "ood_test_balanced_conf": [0.5984146641602274, 0.5999921513686423], "features": ["AGEG5YR", "FRUIT_ONCE_PER_DAY", "VEG_ONCE_PER_DAY", "RFBING5", "TOTINDA", "SMOKE100", "SMOKDAY2", "DIABETES", "EMPLOY1", "IYEAR", "SEX", "IYEAR", "MEDCOST", "SEX", "BMI5CAT"]}