{"validation": 0.7218519092647134, "id_test": 0.7210151212616676, "ood_test": 0.4391395592864638, "ood_validation": 0.5424528301886793, "train": 0.7215030502334675, "id_test_conf": [0.7193221436469137, 0.7227033701386529], "id_test_balanced": 0.5424892902374268, "id_test_balanced_conf": [0.5419567845296115, 0.543021795945242], "ood_test_conf": [0.41670543117020614, 0.4617612511890177], "ood_test_balanced": 0.5021923184394836, "ood_test_balanced_conf": [0.5003472812077961, 0.5040373556711711], "features": ["Average_confidence(CONCENTRATING)", "Average_confidence(CONFUSED)", "skill_id", "ms_first_response", "tutor_mode", "school_id"]}