{"validation": 0.7218445276110754, "id_test": 0.7208527254810052, "ood_test": 0.43809024134312696, "ood_validation": 0.5424528301886793, "train": 0.7214993594117568, "id_test_conf": [0.7191594484139929, 0.7225412772860105], "id_test_balanced": 0.5414756536483765, "id_test_balanced_conf": [0.5409559831861407, 0.5419953241106122], "ood_test_conf": [0.4156635503756401, 0.46070773071262866], "ood_test_balanced": 0.501396656036377, "ood_test_balanced_conf": [0.5002119360817596, 0.5025813759909943], "features": ["Average_confidence(CONCENTRATING)", "Average_confidence(CONFUSED)", "skill_id", "ms_first_response", "tutor_mode", "school_id"]}