{"validation": 0.8187772648072545, "id_test": 0.8150404436078751, "ood_test": 0.7816195425344736, "ood_validation": 0.7851224452218745, "train": 0.8167349741978767, "id_test_conf": [0.8123086193031911, 0.8177490029465388], "id_test_balanced": 0.6259912848472595, "id_test_balanced_conf": [0.6241379237128422, 0.6278446459816769], "ood_test_conf": [0.7779299897614472, 0.7852756206974126], "ood_test_balanced": 0.6492059230804443, "ood_test_balanced_conf": [0.6466069941734895, 0.6518048519873991], "features": ["ENG", "HUPAC", "NWLA", "NWLK", "OCCP", "POBP", "RELP", "WKHP", "WRK", "DIS", "ANC", "SEX", "ST", "CIT", "RAC1P", "ACS_YEAR", "DIVISION"]}