{"id_test": 0.825405707890319, "id_test_conf": [0.8227339241223334, 0.8280534595506974], "id_test_balanced": 0.5949317812919617, "id_test_balanced_conf": [0.5933532658172771, 0.5965102967666462], "ood_test": 0.7970661647366913, "ood_test_conf": [0.7934728792790531, 0.8006241359830797], "ood_test_balanced": 0.5972939729690552, "ood_test_balanced_conf": [0.5951830743160099, 0.5994048716221004], "validation": 0.8277182138451168, "validation_conf": [0.8250602681783709, 0.8303519559067682], "validation_balanced": 0.5933415293693542, "validation_balanced_conf": [0.5917715610656887, 0.5949114976730198], "features": ["ENG", "HUPAC", "NWLA", "NWLK", "OCCP", "POBP", "RELP", "WKHP", "WRK", "DIS", "ANC", "SEX", "ST", "CIT", "RAC1P", "ACS_YEAR", "DIVISION"]}