{"id_test": 0.9726768506181638, "id_test_conf": [0.9718697956588903, 0.973466862013831], "id_test_balanced": 0.6427735090255737, "id_test_balanced_conf": [0.6416586656565778, 0.6438883523945697], "ood_test": 0.9611517563000043, "ood_test_conf": [0.9602041747273756, 0.9620829517612106], "ood_test_balanced": 0.6744832396507263, "ood_test_balanced_conf": [0.6733091635582968, 0.6756573157431558], "validation": 0.9736868198606876, "validation_conf": [0.9728941767273311, 0.974462381290693], "validation_balanced": 0.6485486626625061, "validation_balanced_conf": [0.6474225306115113, 0.6496747947135009], "features": ["ENG", "POBP", "RELP", "WKHP", "WRK", "OCCP", "DIS", "ESP", "MIL", "ANC", "DEAR", "DPHY", "AGEP", "MAR", "RAC1P", "SCHL"]}