{"validation": 0.8732883023645265, "id_test": 0.8746824996194001, "ood_test": 0.8249529393896158, "ood_validation": 0.8267749150857426, "train": 0.873895006319973, "id_test_conf": [0.8728329644412592, 0.8765146062280715], "id_test_balanced": 0.5264616012573242, "id_test_balanced_conf": [0.5257567511405796, 0.5271664513740688], "ood_test_conf": [0.8233484522007619, 0.8265487526668736], "ood_test_balanced": 0.5217908024787903, "ood_test_balanced_conf": [0.5212864709587302, 0.5222951339988504], "features": ["TOLDHI", "BMI5", "SMOKDAY2", "RFBING5", "MARITAL", "EDUCA", "HEALTH_COV", "IYEAR", "MEDCOST", "IYEAR", "MEDCOST", "SEX", "PRACE1"]}