{"validation": 0.6283970353146345, "id_test": 0.6276839237057221, "ood_test": 0.4947988897721301, "ood_validation": 0.5019208769443543, "train": 0.63015963123595, "id_test_conf": [0.6219415375172432, 0.6333993457193876], "id_test_balanced": 0.583869457244873, "id_test_balanced_conf": [0.5801759243477136, 0.5875629901420325], "ood_test_conf": [0.49344823790030706, 0.4961495988157537], "ood_test_balanced": 0.5470414757728577, "ood_test_balanced_conf": [0.5462960280198604, 0.5477869235258549], "features": ["AGEG5YR", "VEG_ONCE_PER_DAY", "SMOKE100", "CHCSCNCR", "CHCOCNCR", "POVERTY", "EMPLOY1", "IYEAR", "MEDCOST", "SEX", "IYEAR", "BMI5CAT"]}