{"validation": 0.7916762474131984, "id_test": 0.7845977011494253, "ood_test": 0.7071263718147991, "ood_validation": 0.7091988130563798, "train": 0.7800034486722612, "id_test_conf": [0.7720770621438667, 0.7967350439049921], "id_test_balanced": 0.6493768095970154, "id_test_balanced_conf": [0.6421814957819879, 0.6565721234120429], "ood_test_conf": [0.7009533457171828, 0.7132426411812964], "ood_test_balanced": 0.6431714296340942, "ood_test_balanced_conf": [0.6399472427321597, 0.6463956165360287], "features": ["VCF0218", "VCF9011", "VCF9201", "VCF9204", "VCF9205", "VCF9206", "VCF0428", "VCF9052", "VCF0822", "VCF0870", "VCF9239", "VCF0615", "VCF0617", "VCF0718", "VCF0675", "VCF0724", "VCF0726", "VCF0101", "VCF0104", "VCF0105a", "VCF0115", "VCF0140a", "VCF0112"]}