{"validation": 0.45121552381990626, "id_test": 0.4458212209302326, "ood_test": 0.5309409351174256, "ood_validation": 0.531751089371523, "train": 0.44809793100315687, "id_test_conf": [0.4399364486006927, 0.4517174354529607], "id_test_balanced": 0.4919748306274414, "id_test_balanced_conf": [0.4882402510475367, 0.4957094102073461], "ood_test_conf": [0.5295867296820498, 0.5322947974762102], "ood_test_balanced": 0.4911311864852905, "ood_test_balanced_conf": [0.4902893763326574, 0.49197299663792365], "features": ["FRUIT_ONCE_PER_DAY", "VEG_ONCE_PER_DAY", "DRNK_PER_WEEK", "TOTINDA", "SMOKDAY2", "POVERTY", "EMPLOY1", "IYEAR", "IYEAR", "STATE", "MEDCOST", "PRACE1", "BMI5CAT"]}