{"validation": 0.38965805443511753, "id_test": 0.3881177325581395, "ood_test": 0.5510693836308521, "ood_validation": 0.5512478255627702, "train": 0.3931775340101292, "id_test_conf": [0.38235405295749025, 0.3939050428634765], "id_test_balanced": 0.4749321937561035, "id_test_balanced_conf": [0.47268931080121546, 0.4771750767109916], "ood_test_conf": [0.5497195583760022, 0.5524186426208311], "ood_test_balanced": 0.4803059697151184, "ood_test_balanced_conf": [0.4798020729236305, 0.48080986650660634], "features": ["FRUIT_ONCE_PER_DAY", "VEG_ONCE_PER_DAY", "DRNK_PER_WEEK", "TOTINDA", "SMOKDAY2", "POVERTY", "EMPLOY1", "IYEAR", "IYEAR", "STATE", "MEDCOST", "PRACE1", "BMI5CAT"]}