{"validation": 0.603037901086522, "id_test": 0.6030523255813953, "ood_test": 0.41838390642701856, "ood_validation": 0.4181808787309898, "train": 0.5986918307556041, "id_test_conf": [0.597242989777373, 0.6088398960160853], "id_test_balanced": 0.5013626217842102, "id_test_balanced_conf": [0.5006768761086278, 0.5020483674597926], "ood_test_conf": [0.4170459095501001, 0.41972280828229025], "ood_test_balanced": 0.5006519556045532, "ood_test_balanced_conf": [0.500503592286259, 0.5008003189228475], "features": ["FRUIT_ONCE_PER_DAY", "VEG_ONCE_PER_DAY", "DRNK_PER_WEEK", "TOTINDA", "SMOKDAY2", "POVERTY", "EMPLOY1", "IYEAR", "IYEAR", "STATE", "MEDCOST", "PRACE1", "BMI5CAT"]}