{"validation": 0.6024201460808896, "id_test": 0.6019622093023256, "ood_test": 0.42051387060228423, "ood_validation": 0.41990320524965125, "train": 0.5983784152074675, "id_test_conf": [0.5961502911117842, 0.6077525924052765], "id_test_balanced": 0.5018829107284546, "id_test_balanced_conf": [0.500881093936041, 0.5028847275208682], "ood_test_conf": [0.41917491922460515, 0.42185370334018246], "ood_test_balanced": 0.5013895034790039, "ood_test_balanced_conf": [0.501161224131647, 0.5016177828263608], "features": ["FRUIT_ONCE_PER_DAY", "VEG_ONCE_PER_DAY", "DRNK_PER_WEEK", "TOTINDA", "SMOKDAY2", "POVERTY", "EMPLOY1", "IYEAR", "IYEAR", "STATE", "MEDCOST", "PRACE1", "BMI5CAT"]}