{"validation": 0.8202907398221985, "id_test": 0.8145953095589358, "ood_test": 0.7824379066246573, "ood_validation": 0.7900939053581293, "train": 0.8166062020482721, "id_test_conf": [0.8118609801957068, 0.8173064068948946], "id_test_balanced": 0.5799031257629395, "id_test_balanced_conf": [0.5783441280666739, 0.581462123459205], "ood_test_conf": [0.7787532607236411, 0.7860889804735491], "ood_test_balanced": 0.6088342070579529, "ood_test_balanced_conf": [0.606470798929222, 0.6111976151866838], "features": ["ENG", "FER", "WIF", "RELP", "WKW", "NATIVITY", "DEYE", "DREM", "ST", "SCHL", "DIVISION"]}