{"validation": 0.8195149248985717, "id_test": 0.8133362161062218, "ood_test": 0.7865092679733213, "ood_validation": 0.7934082121156325, "train": 0.8150227815420227, "id_test_conf": [0.8105948328912166, 0.8160544604610446], "id_test_balanced": 0.5900947451591492, "id_test_balanced_conf": [0.5884444935945794, 0.5917449967237189], "ood_test_conf": [0.7828493495450124, 0.7901351295430749], "ood_test_balanced": 0.6061645746231079, "ood_test_balanced_conf": [0.6038603329332546, 0.6084688163129612], "features": ["ENG", "FER", "WIF", "RELP", "WKW", "NATIVITY", "DEYE", "DREM", "ST", "SCHL", "DIVISION"]}