{"id_test": 0.8235870173475098, "id_test_conf": [0.8209044572191583, 0.8262456799911515], "id_test_balanced": 0.5845180153846741, "id_test_balanced_conf": [0.5830082495440729, 0.5860277812252752], "ood_test": 0.7968001964073816, "ood_test_conf": [0.793205186490667, 0.8003599237953466], "ood_test_balanced": 0.600130558013916, "ood_test_balanced_conf": [0.5979886244982481, 0.602272491529584], "validation": 0.8277690869548628, "validation_conf": [0.8251114480311426, 0.8304025185072583], "validation_balanced": 0.5864460468292236, "validation_balanced_conf": [0.5849331753118895, 0.5879589183465578], "features": ["ENG", "FER", "WIF", "RELP", "WKW", "NATIVITY", "DEYE", "DREM", "ST", "SCHL", "DIVISION"]}