{"validation": 0.7569661108122646, "id_test": 0.7574169704333739, "ood_test": 0.743620819117124, "ood_validation": 0.7356253704801423, "train": 0.7583637035320139, "id_test_conf": [0.7552956289234825, 0.759528863330706], "id_test_balanced": 0.6977832317352295, "id_test_balanced_conf": [0.6962909833854064, 0.6992754800850526], "ood_test_conf": [0.7404988775894092, 0.7467241314053974], "ood_test_balanced": 0.7246990203857422, "ood_test_balanced_conf": [0.7225011287862435, 0.7268969119852409], "features": ["HINS1", "HINS2", "OCCP", "POBP", "RELP", "WRK", "AGEP", "CIT", "ACS_YEAR", "DIVISION"]}