{"id_test": 0.9724103739968395, "id_test_conf": [0.9715995643904041, 0.9732041500585857], "id_test_balanced": 0.641486406326294, "id_test_balanced_conf": [0.6403737539984286, 0.6425990586541593], "ood_test": 0.9609439463116783, "ood_test_conf": [0.9599939691356061, 0.9618775449403685], "ood_test_balanced": 0.6699975728988647, "ood_test_balanced_conf": [0.6688311511324718, 0.6711639946652577], "validation": 0.9732468208522347, "validation_conf": [0.9724478617046832, 0.9740287148782905], "validation_balanced": 0.6462615728378296, "validation_balanced_conf": [0.6451391939073801, 0.6473839517682791], "features": ["WKHP", "WKW", "WRK", "OCCP", "MIG", "NATIVITY", "AGEP", "SEX", "ST", "MAR", "RAC1P", "DIVISION", "SCHL"]}