{"id_test": 0.6438704983630411, "id_test_conf": [0.6381767183351266, 0.6495338559719642], "id_test_balanced": 0.5759977102279663, "id_test_balanced_conf": [0.5729774661874398, 0.5790179542684928], "ood_test": 0.5661539876313308, "ood_test_conf": [0.5648081591329894, 0.5674990817865416], "ood_test_balanced": 0.605815052986145, "ood_test_balanced_conf": [0.6049955252255313, 0.6066345807467587], "validation": 0.6448890505638414, "validation_conf": [0.6391987939686503, 0.6505486692768626], "validation_balanced": 0.5798444151878357, "validation_balanced_conf": [0.57683981818147, 0.5828490121942014], "features": ["FRUIT_ONCE_PER_DAY", "DRNK_PER_WEEK", "SMOKE100", "DIABETES", "POVERTY", "IYEAR", "MEDCOST", "PRACE1", "BMI5CAT"]}