{"id_test": 0.6438704983630411, "id_test_conf": [0.6381767183351266, 0.6495338559719642], "id_test_balanced": 0.5758145451545715, "id_test_balanced_conf": [0.5728010943112894, 0.5788279959978536], "ood_test": 0.5659681510602264, "ood_test_conf": [0.56462225639531, 0.567313313444932], "ood_test_balanced": 0.6057685017585754, "ood_test_balanced_conf": [0.6049498416297138, 0.6065871618874371], "validation": 0.6450345580210985, "validation_conf": [0.6393448070556775, 0.6506936403237391], "validation_balanced": 0.5798212289810181, "validation_balanced_conf": [0.5768235089117661, 0.58281894905027], "features": ["FRUIT_ONCE_PER_DAY", "DRNK_PER_WEEK", "SMOKE100", "DIABETES", "POVERTY", "IYEAR", "MEDCOST", "PRACE1", "BMI5CAT"]}