{"validation": 0.6365951255001819, "id_test": 0.6369588941433248, "ood_test": 0.5442425148094504, "ood_validation": 0.5472273949927581, "train": 0.6385499984084905, "id_test_conf": [0.631241939933554, 0.6426468879563406], "id_test_balanced": 0.5594521760940552, "id_test_balanced_conf": [0.5568323183804751, 0.5620720338076353], "ood_test_conf": [0.542890203696466, 0.5455943348101364], "ood_test_balanced": 0.5929884910583496, "ood_test_balanced_conf": [0.5922300483379513, 0.5937469337787479], "features": ["FRUIT_ONCE_PER_DAY", "DRNK_PER_WEEK", "SMOKE100", "DIABETES", "POVERTY", "IYEAR", "MEDCOST", "PRACE1", "BMI5CAT"]}