{"id_test": 0.7928735632183908, "id_test_conf": [0.7805211721716971, 0.8048314425787028], "id_test_balanced": 0.705255389213562, "id_test_balanced_conf": [0.6968106674216688, 0.7137001110054553], "ood_test": 0.7348688238895954, "ood_test_conf": [0.7288759537776934, 0.7407973252013945], "ood_test_balanced": 0.6928415894508362, "ood_test_balanced_conf": [0.688997606812045, 0.6966855720896273], "validation": 0.7992641986663601, "validation_conf": [0.7870454964871236, 0.811079629015241], "validation_balanced": 0.7142716646194458, "validation_balanced_conf": [0.7058831922896206, 0.722660136949271], "features": ["VCF0901b", "VCF0218", "VCF0224", "VCF9008", "VCF9010", "VCF9203", "VCF9204", "VCF9206", "VCF0521", "VCF0523", "VCF0875", "VCF0809", "VCF0822", "VCF0870", "VCF0843", "VCF0838", "VCF9239", "VCF0803", "VCF0846", "VCF0601", "VCF0721", "VCF0726", "VCF0101", "VCF0104", "VCF0115", "VCF0140a", "VCF0112"]}