{"validation": 0.754244438364513, "id_test": 0.754616735584579, "ood_test": 0.6845803721153079, "ood_validation": 0.694683908045977, "train": 0.7546316888861584, "id_test_conf": [0.7535351894092885, 0.7556958646780388], "id_test_balanced": 0.6451699733734131, "id_test_balanced_conf": [0.6445197326038032, 0.6458202141430229], "ood_test_conf": [0.6763596281120681, 0.6927152517672787], "ood_test_balanced": 0.6081651449203491, "ood_test_balanced_conf": [0.6037780985049903, 0.6125521913357079], "features": ["Average_confidence(BORED)", "problem_type", "ms_first_response", "tutor_mode", "type", "first_action", "school_id"]}