{"id_test": 0.6312522297538352, "id_test_conf": [0.6255729147090869, 0.6369043272283821], "id_test_balanced": 0.5865919589996338, "id_test_balanced_conf": [0.5829875463154167, 0.5901963716838509], "ood_test": 0.5431476192987876, "ood_test_conf": [0.5418064343519968, 0.5444883333100584], "ood_test_balanced": 0.5793942213058472, "ood_test_balanced_conf": [0.578552740465384, 0.5802357021463104], "validation": 0.6316446664288262, "validation_conf": [0.6259665623926488, 0.6372954714906471], "validation_balanced": 0.585618793964386, "validation_balanced_conf": [0.5820117862569169, 0.5892258016718551], "features": ["FRUIT_ONCE_PER_DAY", "DRNK_PER_WEEK", "RFBING5", "TOTINDA", "SMOKE100", "SMOKDAY2", "CHCSCNCR", "EMPLOY1", "STATE", "SEX", "IYEAR", "STATE", "BMI5CAT"]}