{"validation": 0.8335304666335992, "id_test": 0.831179732410846, "ood_test": 0.8086050984082819, "ood_validation": 0.8094273614435648, "train": 0.831804495260867, "id_test_conf": [0.8285428682045255, 0.833792137044083], "id_test_balanced": 0.5815491080284119, "id_test_balanced_conf": [0.5801485682977363, 0.5829496477590874], "ood_test_conf": [0.8050889978468113, 0.812084509951899], "ood_test_balanced": 0.5949666500091553, "ood_test_balanced_conf": [0.5930286671128124, 0.5969046329054981], "features": ["HUPAC", "WIF", "NWLA", "NWLK", "OCCP", "POBP", "RELP", "WKHP", "WRK", "DIS", "MIL", "NATIVITY", "PUBCOV", "AGEP", "MAR", "CIT", "RAC1P", "DIVISION"]}