{"validation": 0.8119107840882962, "id_test": 0.8103448275862069, "ood_test": 0.7510715463237718, "ood_validation": 0.7575243747350572, "train": 0.8087711231175997, "id_test_conf": [0.7983731426511533, 0.821898292044346], "id_test_balanced": 0.7033249735832214, "id_test_balanced_conf": [0.6954770336672663, 0.7111729134991766], "ood_test_conf": [0.7451976427286939, 0.7568766330801654], "ood_test_balanced": 0.7008222937583923, "ood_test_balanced_conf": [0.6972770434059202, 0.7043675441108644], "features": ["VCF0004", "VCF0218", "VCF0301", "VCF9010", "VCF9201", "VCF9202", "VCF9203", "VCF9204", "VCF0521", "VCF0428", "VCF0429", "VCF0875", "VCF9052", "VCF0839", "VCF0822", "VCF0870", "VCF0843", "VCF0838", "VCF9239", "VCF0601", "VCF0606", "VCF0612", "VCF0616", "VCF0617", "VCF0717", "VCF0720", "VCF0721", "VCF0701", "VCF0675", "VCF0724", "VCF0726", "VCF0745", "VCF0101", "VCF0115", "VCF0140a", "VCF0112"]}