{"id_test": 0.6345504087193461, "id_test_conf": [0.6288293392566165, 0.640243063487993], "id_test_balanced": 0.6023619174957275, "id_test_balanced_conf": [0.5984984040725976, 0.6062254309188575], "ood_test": 0.5392592283423038, "ood_test_conf": [0.5379124263765084, 0.5406055987603952], "ood_test_balanced": 0.5776501893997192, "ood_test_balanced_conf": [0.5768126208311878, 0.5784877579682507], "validation": 0.6387516349367824, "validation_conf": [0.6330441176232569, 0.6444298489577152], "validation_balanced": 0.6061185598373413, "validation_balanced_conf": [0.6022533341962845, 0.6099837854783982], "features": ["AGEG5YR", "FRUIT_ONCE_PER_DAY", "VEG_ONCE_PER_DAY", "DRNK_PER_WEEK", "RFBING5", "SMOKE100", "POVERTY", "EMPLOY1", "MEDCOST", "IYEAR", "MEDCOST", "SEX", "BMI5CAT"]}