{"id_test": 0.6338237965485922, "id_test_conf": [0.628100412615348, 0.6395189192854775], "id_test_balanced": 0.6029751300811768, "id_test_balanced_conf": [0.5990939313452691, 0.6068563288170844], "ood_test": 0.5409344354665822, "ood_test_conf": [0.539587988133279, 0.5422804328377532], "ood_test_balanced": 0.5782797336578369, "ood_test_balanced_conf": [0.577436383216409, 0.5791230840992648], "validation": 0.6395872692922541, "validation_conf": [0.6338825242777368, 0.6452625344718627], "validation_balanced": 0.6084044575691223, "validation_balanced_conf": [0.6045243426598609, 0.6122845724783837], "features": ["AGEG5YR", "FRUIT_ONCE_PER_DAY", "VEG_ONCE_PER_DAY", "DRNK_PER_WEEK", "RFBING5", "SMOKE100", "POVERTY", "EMPLOY1", "MEDCOST", "IYEAR", "MEDCOST", "SEX", "BMI5CAT"]}