{"validation": 0.6044906263624473, "id_test": 0.6008356039963669, "ood_test": 0.4159180723165857, "ood_validation": 0.42395888469615994, "train": 0.5977519925520561, "id_test_conf": [0.595021579138086, 0.6066283356319557], "id_test_balanced": 0.5008053779602051, "id_test_balanced_conf": [0.5003833245980787, 0.5012274313223315], "ood_test_conf": [0.41458700340609833, 0.4172500654873544], "ood_test_balanced": 0.5002565979957581, "ood_test_balanced_conf": [0.5001792377154924, 0.5003339582760237], "features": ["AGEG5YR", "FRUIT_ONCE_PER_DAY", "VEG_ONCE_PER_DAY", "DRNK_PER_WEEK", "RFBING5", "SMOKE100", "POVERTY", "EMPLOY1", "MEDCOST", "IYEAR", "MEDCOST", "SEX", "BMI5CAT"]}