{"id_test": 0.6339327883742053, "id_test_conf": [0.6282097507221794, 0.6396275418052673], "id_test_balanced": 0.6026090979576111, "id_test_balanced_conf": [0.5987337934132665, 0.6064844025019557], "ood_test": 0.5398188955016041, "ood_test_conf": [0.5384722103126283, 0.5411651429908402], "ood_test_balanced": 0.5770585536956787, "ood_test_balanced_conf": [0.5762141998589505, 0.5779029075324069], "validation": 0.6395146054352565, "validation_conf": [0.6338096186120243, 0.6451901277751366], "validation_balanced": 0.607744574546814, "validation_balanced_conf": [0.6038708795420825, 0.6116182695515454], "features": ["AGEG5YR", "FRUIT_ONCE_PER_DAY", "VEG_ONCE_PER_DAY", "DRNK_PER_WEEK", "RFBING5", "SMOKE100", "POVERTY", "EMPLOY1", "MEDCOST", "IYEAR", "MEDCOST", "SEX", "BMI5CAT"]}