{"validation": 0.8766785577260594, "id_test": 0.8769479432820957, "ood_test": 0.8296436705190047, "ood_validation": 0.8338637810311903, "train": 0.8770090417721506, "id_test_conf": [0.8750953933334804, 0.878782628905214], "id_test_balanced": 0.5562502145767212, "id_test_balanced_conf": [0.5552602365938947, 0.5572401925595477], "ood_test_conf": [0.8280367952735618, 0.8312415307505205], "ood_test_balanced": 0.5523797273635864, "ood_test_balanced_conf": [0.5516123578476254, 0.5531470968795474], "features": ["PHYSHLTH", "HIGH_BLOOD_PRESS", "CHOL_CHK_PAST_5_YEARS", "TOLDHI", "BMI5", "CVDSTRK3", "FRUIT_ONCE_PER_DAY", "RFBING5", "TOTINDA", "INCOME", "MARITAL", "EDUCA", "HEALTH_COV", "MEDCOST", "IYEAR", "STATE", "PRACE1"]}