{"validation": 0.8237119564526181, "id_test": 0.8208271862440861, "ood_test": 0.7925856213429354, "ood_validation": 0.8040876450009207, "train": 0.8217872938453271, "id_test_conf": [0.8181284721008438, 0.8235022071736964], "id_test_balanced": 0.5956147313117981, "id_test_balanced_conf": [0.5939893734198995, 0.5972400892036966], "ood_test_conf": [0.7889636042478952, 0.7961728579195728], "ood_test_balanced": 0.6019065380096436, "ood_test_balanced_conf": [0.5997010231157764, 0.6041120529035107], "features": ["ENG", "FER", "NWLK", "OCCP", "RELP", "WKHP", "WRK", "ANC", "NATIVITY", "DREM", "PUBCOV", "AGEP", "SEX", "MAR", "CIT", "RAC1P", "ACS_YEAR", "DIVISION"]}