{"validation": 0.8208630623068411, "id_test": 0.8162359464821692, "ood_test": 0.7883710462784893, "ood_validation": 0.7943288528816056, "train": 0.8175441720268737, "id_test_conf": [0.8135108793710587, 0.8189376601608557], "id_test_balanced": 0.6182801127433777, "id_test_balanced_conf": [0.6164743910380639, 0.6200858344486915], "ood_test_conf": [0.7847226126123245, 0.7919852013722881], "ood_test_balanced": 0.6260017156600952, "ood_test_balanced_conf": [0.6235727608902379, 0.6284306704299525], "features": ["ENG", "FER", "NWLK", "OCCP", "RELP", "WKHP", "WRK", "ANC", "NATIVITY", "DREM", "PUBCOV", "AGEP", "SEX", "MAR", "CIT", "RAC1P", "ACS_YEAR", "DIVISION"]}