{"id_test": 0.636439600363306, "id_test_conf": [0.6307246139083137, 0.6421257730259984], "id_test_balanced": 0.6033409833908081, "id_test_balanced_conf": [0.5994925892353058, 0.6071893775463104], "ood_test": 0.5340344034042941, "ood_test_conf": [0.5326865935493572, 0.5353818391444453], "ood_test_balanced": 0.5742088556289673, "ood_test_balanced_conf": [0.5733808480086736, 0.575036863249261], "validation": 0.6370077023688417, "validation_conf": [0.6312944592813524, 0.6426920105959741], "validation_balanced": 0.6028281450271606, "validation_balanced_conf": [0.5989783412124962, 0.6066779488418251], "features": ["AGEG5YR", "VEG_ONCE_PER_DAY", "DRNK_PER_WEEK", "RFBING5", "SMOKDAY2", "CHCSCNCR", "EMPLOY1", "IYEAR", "MEDCOST", "SEX", "MEDCOST", "BMI5CAT"]}