{"validation": 0.7951253161646356, "id_test": 0.792183908045977, "ood_test": 0.738589797936979, "ood_validation": 0.748198389147944, "train": 0.7891424301643867, "id_test_conf": [0.7798172092712341, 0.8041570300959788], "id_test_balanced": 0.695348858833313, "id_test_balanced_conf": [0.6870704777352512, 0.7036272399313748], "ood_test_conf": [0.7326233180186276, 0.7444908877230016], "ood_test_balanced": 0.6929076910018921, "ood_test_balanced_conf": [0.6891712066251785, 0.6966441753786057], "features": ["VCF0004", "VCF0901b", "VCF0224", "VCF0301", "VCF9008", "VCF9010", "VCF9011", "VCF9203", "VCF9204", "VCF9206", "VCF0875", "VCF9052", "VCF0870", "VCF9239", "VCF0803", "VCF0846", "VCF0606", "VCF0615", "VCF0617", "VCF0743", "VCF0720", "VCF0721", "VCF0725", "VCF0726", "VCF0140a", "VCF0112"]}