{"validation": 0.8186755185877624, "id_test": 0.8153965508470266, "ood_test": 0.7871230410409591, "ood_validation": 0.7908304179709078, "train": 0.8158558260653909, "id_test_conf": [0.8126667348472353, 0.8181030755294614], "id_test_balanced": 0.5290876030921936, "id_test_balanced_conf": [0.5281673955370206, 0.5300078106473666], "ood_test_conf": [0.7834668964103069, 0.7907450557218896], "ood_test_balanced": 0.5347557067871094, "ood_test_balanced_conf": [0.5334128953143954, 0.5360985182598234], "features": ["ENG", "WIF", "NWLK", "OCCP", "RELP", "WKHP", "WRK", "ANC", "AGEP", "ST", "CIT", "ACS_YEAR", "DIVISION"]}