{"validation": 0.7836284203265118, "id_test": 0.782528735632184, "ood_test": 0.7332202910837926, "ood_validation": 0.7295464179737177, "train": 0.7830785147718129, "id_test_conf": [0.76996718964361, 0.7947097878841409], "id_test_balanced": 0.7026106119155884, "id_test_balanced_conf": [0.6939370772056281, 0.7112841466255486], "ood_test_conf": [0.7272159025730627, 0.739160763253833], "ood_test_balanced": 0.6950353384017944, "ood_test_balanced_conf": [0.6911008176766336, 0.6989698591269553], "features": ["VCF0224", "VCF9008", "VCF9010", "VCF9011", "VCF9202", "VCF9205", "VCF9206", "VCF0521", "VCF0523", "VCF0429", "VCF0875", "VCF0839", "VCF0843", "VCF9045", "VCF0846", "VCF0601", "VCF0606", "VCF0721", "VCF0701", "VCF0726", "VCF0745", "VCF0104", "VCF0105a", "VCF0112"]}