{"validation": 0.8171759421424598, "id_test": 0.8178455895988297, "ood_test": 0.4704184704184704, "ood_validation": 0.4935064935064935, "train": 0.8170917651179742, "id_test_conf": [0.8154028345382969, 0.8202693366436702], "id_test_balanced": 0.7024936676025391, "id_test_balanced_conf": [0.7009489418496377, 0.7040383933554404], "ood_test_conf": [0.43272988773572163, 0.5083599156182463], "ood_test_balanced": 0.5027100443840027, "ood_test_balanced_conf": [0.4999767832644284, 0.505443305503577], "features": ["Average_confidence(CONFUSED)", "Average_confidence(FRUSTRATED)", "hint_count", "skill_id", "bottom_hint", "position", "first_action", "school_id"]}