{"validation": 0.8449405559104115, "id_test": 0.8454144602641501, "ood_test": 0.4704184704184704, "ood_validation": 0.4935064935064935, "train": 0.8449131130187527, "id_test_conf": [0.8431247665392381, 0.8476834933660364], "id_test_balanced": 0.7475460171699524, "id_test_balanced_conf": [0.7459727670392021, 0.7491192673007027], "ood_test_conf": [0.43272988773572163, 0.5083599156182463], "ood_test_balanced": 0.5027100443840027, "ood_test_balanced_conf": [0.4999767832644284, 0.505443305503577], "features": ["Average_confidence(CONFUSED)", "Average_confidence(FRUSTRATED)", "hint_count", "skill_id", "bottom_hint", "position", "first_action", "school_id"]}