{"validation": 0.8001761248929172, "id_test": 0.7987926882355996, "ood_test": 0.6438914408890334, "ood_validation": 0.6446256437343193, "train": 0.7993761745712761, "id_test_conf": [0.7976796056848825, 0.7999023128882146], "id_test_balanced": 0.6205698847770691, "id_test_balanced_conf": [0.6198600119224283, 0.6212797576317098], "ood_test_conf": [0.6428525501858389, 0.6449293123909758], "ood_test_balanced": 0.6926327347755432, "ood_test_balanced_conf": [0.691980915897293, 0.6932845536537934], "features": ["ESP", "MIG", "ANC", "NATIVITY", "DEYE", "DREM", "PINCP", "ESR", "AGEP", "SEX", "ST", "MAR", "RAC1P", "DIS"]}