{"validation": 0.7957345821599215, "id_test": 0.7961662110166059, "ood_test": 0.7866975800608608, "ood_validation": 0.7837581505631298, "train": 0.7970157967223126, "id_test_conf": [0.794171354987828, 0.798150194745204], "id_test_balanced": 0.7610775828361511, "id_test_balanced_conf": [0.7596305730682797, 0.7625245926040225], "ood_test_conf": [0.783766010684696, 0.7896072221514469], "ood_test_balanced": 0.7715662717819214, "ood_test_balanced_conf": [0.7694876574724913, 0.7736448860913515], "features": ["COW", "ENG", "FER", "HINS1", "HINS4", "NWLA", "OCCP", "POBP", "AGEP", "SEX", "MAR", "CIT", "SCHL", "ACS_YEAR", "DIVISION"]}