{"validation": 0.9709662626112392, "id_test": 0.9706627831314102, "ood_test": 0.9574539609194981, "ood_validation": 0.9580308030803081, "15": 0.9622028892968314, "16": 0.9538289622944991, "17": 0.9624560287403637, "18": 0.9668187474077147, "19": 0.9748471438177297, "20": 0.9777924625851272, "21": 0.9830731678675378, "22": 0.9869217815041743, "23": 0.9862892034415764, "id_test_conf": [0.9698278261586746, 0.9714807721125877], "id_test_balanced": 0.5663246512413025, "id_test_balanced_conf": [0.565497144976398, 0.567152157506207], "ood_test_conf": [0.9564647855107977, 0.9584268845867612], "ood_test_balanced": 0.5870313048362732, "ood_test_balanced_conf": [0.5861126631253865, 0.5879499465471599], "features": ["ENG", "POBP", "OCCP", "DIS", "ESP", "MIG", "MIL", "ANC", "NATIVITY", "DEAR", "DEYE", "DREM", "DPHY", "FER", "AGEP", "SEX", "ST", "MAR", "CIT", "RAC1P", "SCHL", "DIVISION"]}