{"validation": 0.9701482362856647, "id_test": 0.9697889876986955, "ood_test": 0.9559381704164145, "ood_validation": 0.9563256325632563, "15": 0.9609003112778354, "16": 0.9531178572033253, "17": 0.9614456253274456, "18": 0.966050989701457, "19": 0.9747533190511188, "20": 0.9773542009771864, "21": 0.9827040991788222, "22": 0.9866709663549392, "23": 0.9864557313349986, "id_test_conf": [0.9689422521170538, 0.970618787974136], "id_test_balanced": 0.5534078478813171, "id_test_balanced_conf": [0.552654302403098, 0.5541613933595363], "ood_test_conf": [0.9549325423621708, 0.9569276016848798], "ood_test_balanced": 0.572318434715271, "ood_test_balanced_conf": [0.5714662481774576, 0.5731706212530844], "features": ["ENG", "POBP", "OCCP", "DIS", "ESP", "MIG", "MIL", "ANC", "NATIVITY", "DEAR", "DEYE", "DREM", "DPHY", "FER", "AGEP", "SEX", "ST", "MAR", "CIT", "RAC1P", "SCHL", "DIVISION"]}