{"validation": 0.09852879204779257, "id_test": 0.09813776221609395, "ood_test": 0.21262629040834663, "ood_validation": 0.21045104510451046, "15": 0.13633011413520632, "16": 0.16663562636506782, "17": 0.11224833470548612, "18": 0.1039429211857003, "19": 0.08420772803327652, "20": 0.07182696883891489, "21": 0.05525964821043625, "22": 0.049052277043247695, "23": 0.03658062725506522, "id_test_conf": [0.09669034358190769, 0.09959963743498462], "id_test_balanced": 0.5332826375961304, "id_test_balanced_conf": [0.532674520262517, 0.5338907549297437], "ood_test_conf": [0.2106457133465726, 0.2146170555419515], "ood_test_balanced": 0.5849319696426392, "ood_test_balanced_conf": [0.5840221713867504, 0.5858417678985279], "features": ["ENG", "POBP", "OCCP", "DIS", "ESP", "MIG", "MIL", "ANC", "NATIVITY", "DEAR", "DEYE", "DREM", "DPHY", "FER", "AGEP", "SEX", "ST", "MAR", "CIT", "RAC1P", "SCHL", "DIVISION"]}