{"validation": 0.9718896408120771, "id_test": 0.9714126359495554, "ood_test": 0.9595442849197181, "ood_validation": 0.9601210121012101, "15": 0.9635820895522388, "16": 0.954946413152058, "17": 0.9631483421899558, "18": 0.9676615159243538, "19": 0.9756915667172278, "20": 0.9783094743257448, "21": 0.9834254607067665, "22": 0.9873159195958293, "23": 0.9866222592284207, "id_test_conf": [0.9705879410622688, 0.9722203347490663], "id_test_balanced": 0.5774093270301819, "id_test_balanced_conf": [0.5765268407494295, 0.5782918133109343], "ood_test_conf": [0.9585783573614454, 0.9604938848356612], "ood_test_balanced": 0.6073208451271057, "ood_test_balanced_conf": [0.6063261024141684, 0.608315587840043], "features": ["ENG", "POBP", "OCCP", "DIS", "ESP", "MIG", "MIL", "ANC", "NATIVITY", "DEAR", "DEYE", "DREM", "DPHY", "FER", "AGEP", "SEX", "ST", "MAR", "CIT", "RAC1P", "SCHL", "DIVISION"]}