{"validation": 0.4184452542078778, "id_test": 0.41747590865429307, "ood_test": 0.46253002548728384, "ood_validation": 0.46193619361936195, "15": 0.38263229308005425, "16": 0.42166838799248263, "17": 0.38240962502806675, "18": 0.35711764342508184, "19": 0.4403196297049211, "20": 0.4387751957625581, "21": 0.5138610456386985, "22": 0.6631910853129814, "23": 0.5719122953094643, "id_test_conf": [0.4150681973149343, 0.4198865853926197], "id_test_balanced": 0.6507161855697632, "id_test_balanced_conf": [0.6493159950594418, 0.6521163760800845], "ood_test_conf": [0.4601116958988669, 0.4649496829884569], "ood_test_balanced": 0.6922086477279663, "ood_test_balanced_conf": [0.6908927701460198, 0.6935245253099128], "features": ["ENG", "POBP", "OCCP", "DIS", "ESP", "MIG", "MIL", "ANC", "NATIVITY", "DEAR", "DEYE", "DREM", "DPHY", "FER", "AGEP", "SEX", "ST", "MAR", "CIT", "RAC1P", "SCHL", "DIVISION"]}