{"validation": 0.3049131156887534, "id_test": 0.30411799336907014, "ood_test": 0.40738092182066, "ood_validation": 0.4064356435643564, "15": 0.3077276718014207, "16": 0.35233564160303404, "17": 0.29124878377366964, "18": 0.27377622069062896, "19": 0.3188009194827128, "20": 0.2913070125281189, "21": 0.3198231825464062, "22": 0.49704396431258735, "23": 0.3591451568137663, "id_test_conf": [0.30187386438532515, 0.30636916198839925], "id_test_balanced": 0.6182198524475098, "id_test_balanced_conf": [0.6170121666626074, 0.6194275382324121], "ood_test_conf": [0.4049986855034631, 0.40976644058181544], "ood_test_balanced": 0.6788456439971924, "ood_test_balanced_conf": [0.6776273741316982, 0.6800639138626866], "features": ["ENG", "POBP", "OCCP", "DIS", "ESP", "MIG", "MIL", "ANC", "NATIVITY", "DEAR", "DEYE", "DREM", "DPHY", "FER", "AGEP", "SEX", "ST", "MAR", "CIT", "RAC1P", "SCHL", "DIVISION"]}