{"validation": 0.20247390991794947, "id_test": 0.2021380101013231, "ood_test": 0.3712831044367432, "ood_validation": 0.3704620462046205, "15": 0.23733099209833186, "16": 0.2900970150517244, "17": 0.2119976049696879, "18": 0.2029792528923286, "19": 0.20943251653661513, "20": 0.16272858937968862, "21": 0.15069745594242528, "22": 0.2768999247554552, "23": 0.18673327782403554, "id_test_conf": [0.20018083869565553, 0.20410588895798562], "id_test_balanced": 0.5812686681747437, "id_test_balanced_conf": [0.580304849203676, 0.5822324871458113], "ood_test_conf": [0.3689412350943213, 0.3736295356705374], "ood_test_balanced": 0.667110025882721, "ood_test_balanced_conf": [0.6659566912660375, 0.6682633604994044], "features": ["ENG", "POBP", "OCCP", "DIS", "ESP", "MIG", "MIL", "ANC", "NATIVITY", "DEAR", "DEYE", "DREM", "DPHY", "FER", "AGEP", "SEX", "ST", "MAR", "CIT", "RAC1P", "SCHL", "DIVISION"]}