{"validation": 0.2720681192831115, "id_test": 0.27108728658631054, "ood_test": 0.39085391569026534, "ood_validation": 0.39015401540154016, "15": 0.2713161465400271, "16": 0.31628938590996053, "17": 0.2545468153581319, "18": 0.24355127650749667, "19": 0.2821388919295063, "20": 0.26119022265744035, "21": 0.28698445717545024, "22": 0.5060374789494428, "23": 0.35059672495142935, "id_test_conf": [0.2689194344752509, 0.27326336591943956], "id_test_balanced": 0.6066956520080566, "id_test_balanced_conf": [0.6055563454166986, 0.6078349585994147], "ood_test_conf": [0.3884884715292737, 0.3932232280624102], "ood_test_balanced": 0.673106849193573, "ood_test_balanced_conf": [0.6719149063900113, 0.6742987919971347], "features": ["ENG", "POBP", "OCCP", "DIS", "ESP", "MIG", "MIL", "ANC", "NATIVITY", "DEAR", "DEYE", "DREM", "DPHY", "FER", "AGEP", "SEX", "ST", "MAR", "CIT", "RAC1P", "SCHL", "DIVISION"]}