{"id_test": 0.6268997502675705, "id_test_conf": [0.6212072725092255, 0.6325659132858259], "id_test_balanced": 0.5831485986709595, "id_test_balanced_conf": [0.5795184506941586, 0.5867787466477603], "ood_test": 0.5390598509565755, "ood_test_conf": [0.5377177812641944, 0.5404014943297397], "ood_test_balanced": 0.5765339732170105, "ood_test_balanced_conf": [0.575698664598167, 0.577369281835854], "validation": 0.630253300035676, "validation_conf": [0.624570920525477, 0.6359086691851585], "validation_balanced": 0.5844893455505371, "validation_balanced_conf": [0.5808748270384967, 0.5881038640625775], "features": ["FRUIT_ONCE_PER_DAY", "DRNK_PER_WEEK", "SMOKE100", "SMOKDAY2", "POVERTY", "EMPLOY1", "IYEAR", "STATE", "MEDCOST", "SEX", "BMI5CAT"]}