{"validation": 0.5993935069568319, "id_test": 0.5968248305387085, "ood_test": 0.4182182604567751, "ood_validation": 0.4188932591889326, "train": 0.6002836259526666, "id_test_conf": [0.5910546210150458, 0.6025749630222701], "id_test_balanced": 0.5003523230552673, "id_test_balanced_conf": [0.4998920800915221, 0.5008125660190126], "ood_test_conf": [0.41689085348891136, 0.41954656004121144], "ood_test_balanced": 0.5004210472106934, "ood_test_balanced_conf": [0.5003148771353881, 0.5005272172859986], "features": ["FRUIT_ONCE_PER_DAY", "DRNK_PER_WEEK", "SMOKE100", "SMOKDAY2", "POVERTY", "EMPLOY1", "IYEAR", "STATE", "MEDCOST", "SEX", "BMI5CAT"]}