{"id_test": 0.624937566892615, "id_test_conf": [0.6192393156033396, 0.6306099104460221], "id_test_balanced": 0.5816494226455688, "id_test_balanced_conf": [0.5780068734101951, 0.5852919718809426], "ood_test": 0.5372156457920475, "ood_test_conf": [0.5358732066556281, 0.5385576787379487], "ood_test_balanced": 0.5745446681976318, "ood_test_balanced_conf": [0.5737078508920967, 0.5753814855031669], "validation": 0.6275062433107385, "validation_conf": [0.6218155702344097, 0.6331704758445099], "validation_balanced": 0.5821113586425781, "validation_balanced_conf": [0.5784851535130292, 0.585737563772127], "features": ["FRUIT_ONCE_PER_DAY", "DRNK_PER_WEEK", "SMOKE100", "SMOKDAY2", "POVERTY", "EMPLOY1", "IYEAR", "STATE", "MEDCOST", "SEX", "BMI5CAT"]}