{"id_test": 0.6355741279069768, "id_test_conf": [0.6298558206733875, 0.6412637989705161], "id_test_balanced": 0.5888245701789856, "id_test_balanced_conf": [0.58517628419213, 0.5924728561658412], "ood_test": 0.5412711656817416, "ood_test_conf": [0.5399189309528445, 0.5426229427906483], "ood_test_balanced": 0.5801945924758911, "ood_test_balanced_conf": [0.5793612010322977, 0.5810279839194845], "validation": 0.6371961190450235, "validation_conf": [0.6314829688051025, 0.6428802893436578], "validation_balanced": 0.5896583795547485, "validation_balanced_conf": [0.5860283616371453, 0.5932883974723517], "features": ["DRNK_PER_WEEK", "RFBING5", "TOTINDA", "CHCSCNCR", "POVERTY", "EMPLOY1", "STATE", "SEX", "IYEAR", "MEDCOST", "PRACE1", "BMI5CAT"]}