{"validation": 0.783590165490618, "id_test": 0.7840914844066423, "ood_test": 0.7776079883020907, "ood_validation": 0.7713100177830469, "train": 0.7842290663171226, "id_test_conf": [0.7820544269227189, 0.7861181133145325], "id_test_balanced": 0.728973388671875, "id_test_balanced_conf": [0.7275194097845815, 0.7304273675591685], "ood_test_conf": [0.7746325666984387, 0.7805621787594338], "ood_test_balanced": 0.7560508251190186, "ood_test_balanced_conf": [0.7539568987349048, 0.7581447515031323], "features": ["HINS3", "NWLA", "OCCP", "POBP", "RELP", "WKHP", "CIT", "SCHL", "DIVISION"]}