{"validation": 0.8360741221208999, "id_test": 0.8338251004731139, "ood_test": 0.8054953148655837, "ood_validation": 0.8059289265328669, "train": 0.8345118899618135, "id_test_conf": [0.8312046021845119, 0.8364209433126768], "id_test_balanced": 0.6375487446784973, "id_test_balanced_conf": [0.6357647797092796, 0.639332709647715], "ood_test_conf": [0.8019579490539854, 0.8089963622292018], "ood_test_balanced": 0.6599644422531128, "ood_test_balanced_conf": [0.6574810460722074, 0.6624478384340182], "features": ["ENG", "FER", "HUPAC", "WIF", "NWLA", "WKW", "WRK", "DIS", "ANC", "NATIVITY", "DREM", "PUBCOV", "SEX", "ST", "MAR", "SCHL", "DIVISION"]}