{"validation": 0.8328436796520279, "id_test": 0.8291829882484612, "ood_test": 0.8030811407995417, "ood_validation": 0.8107162585159271, "train": 0.8297393715283188, "id_test_conf": [0.8265339252238963, 0.8318077395347406], "id_test_balanced": 0.5930919647216797, "id_test_balanced_conf": [0.5915646662167273, 0.594619263226632], "ood_test_conf": [0.7995275050453446, 0.8065987457564991], "ood_test_balanced": 0.608399510383606, "ood_test_balanced_conf": [0.6062506684428081, 0.6105483523244039], "features": ["ENG", "FER", "NWLK", "WKHP", "DIS", "MIL", "DEAR", "PUBCOV", "AGEP", "SEX", "ST", "MAR", "CIT", "RAC1P", "SCHL", "DIVISION"]}