{"validation": 0.7526500648672594, "id_test": 0.7533730761441879, "ood_test": 0.7318306964735019, "ood_validation": 0.7266152934202726, "train": 0.7535912249045386, "id_test_conf": [0.7512399624294985, 0.7554968897820226], "id_test_balanced": 0.6848821640014648, "id_test_balanced_conf": [0.6834058856661431, 0.6863584423367866], "ood_test_conf": [0.7286638746000855, 0.7349797913906948], "ood_test_balanced": 0.703159511089325, "ood_test_balanced_conf": [0.7009727361286059, 0.705346286050044], "features": ["ENG", "FER", "HINS1", "NWLA", "SEX", "RAC1P", "SCHL", "DIVISION"]}