{"validation": 0.8744756268088842, "id_test": 0.8746138336964652, "ood_test": 0.8274489394024644, "ood_validation": 0.8239513883028103, "train": 0.8746909396147072, "id_test_conf": [0.8727502963839106, 0.8764596904220928], "id_test_balanced": 0.5316770076751709, "id_test_balanced_conf": [0.5309015102009289, 0.5324525051494129], "ood_test_conf": [0.8258385095373821, 0.8290504646700394], "ood_test_balanced": 0.5256447196006775, "ood_test_balanced_conf": [0.5250987658859231, 0.5261906733154319], "features": ["CHOL_CHK_PAST_5_YEARS", "TOLDHI", "BMI5", "BMI5CAT", "MICHD", "FRUIT_ONCE_PER_DAY", "VEG_ONCE_PER_DAY", "RFBING5", "MARITAL", "MENTHLTH", "IYEAR", "STATE", "PRACE1", "SEX", "SEX", "PRACE1"]}