{"validation": 0.7543397778691896, "id_test": 0.7542527339003645, "ood_test": 0.7312774169751419, "ood_validation": 0.7274451689389448, "train": 0.7551852153627455, "id_test_conf": [0.7521221593981281, 0.7563739760157258], "id_test_balanced": 0.6851966381072998, "id_test_balanced_conf": [0.6837233341345563, 0.6866699420800433], "ood_test_conf": [0.7281085597846488, 0.7344285895478084], "ood_test_balanced": 0.6980603933334351, "ood_test_balanced_conf": [0.6959010391868651, 0.700219747480005], "features": ["COW", "FER", "HINS2", "HINS3", "NWLK", "WKW", "SEX", "CIT", "RAC1P", "SCHL", "ACS_YEAR", "DIVISION"]}