{"validation": 0.8777234471555334, "id_test": 0.8767601897127371, "ood_test": 0.829233446027188, "ood_validation": 0.8345427540844472, "train": 0.8773172028363063, "id_test_conf": [0.8749064384890473, 0.87859608554321], "id_test_balanced": 0.5358384847640991, "id_test_balanced_conf": [0.535042560066795, 0.5366344094614033], "ood_test_conf": [0.8276250472262385, 0.8308328410496806], "ood_test_balanced": 0.5319392085075378, "ood_test_balanced_conf": [0.531341402871767, 0.5325370141433087], "features": ["PHYSHLTH", "TOLDHI", "BMI5", "BMI5CAT", "SMOKE100", "CVDSTRK3", "MICHD", "RFBING5", "TOTINDA", "INCOME", "MARITAL", "CHECKUP1", "EDUCA", "IYEAR", "PRACE1", "IYEAR", "PRACE1", "PRACE1"]}