{"validation": 0.29914922970797886, "id_test": 0.296551724137931, "ood_test": 0.4055390702274975, "ood_validation": 0.4141585417549809, "train": 0.308052649729854, "id_test_conf": [0.2830042572386862, 0.31037286105647266], "id_test_balanced": 0.5, "id_test_balanced_conf": [0.5, 0.5], "ood_test_conf": [0.39892431515139243, 0.41217969989169045], "ood_test_balanced": 0.5, "ood_test_balanced_conf": [0.5, 0.5], "features": ["VCF0901b", "VCF0218", "VCF0301", "VCF0302", "VCF9010", "VCF9201", "VCF9203", "VCF9205", "VCF0521", "VCF0429", "VCF0875", "VCF9052", "VCF0839", "VCF0870", "VCF9239", "VCF0803", "VCF0846", "VCF0601", "VCF0606", "VCF0615", "VCF0616", "VCF0617", "VCF0717", "VCF0720", "VCF0721", "VCF0701", "VCF0675", "VCF0724", "VCF0725", "VCF0726", "VCF0745", "VCF0101", "VCF0104", "VCF0115", "VCF0112"]}