{"validation": 0.795815129914923, "id_test": 0.7901149425287356, "ood_test": 0.7126371814799114, "ood_validation": 0.7155574395930479, "train": 0.7868720542591102, "id_test_conf": [0.7777056367479622, 0.8021334760883191], "id_test_balanced": 0.6577823162078857, "id_test_balanced_conf": [0.6505232889018953, 0.6650413435138762], "ood_test_conf": [0.7064976785098793, 0.7187184159877954], "ood_test_balanced": 0.6483787298202515, "ood_test_balanced_conf": [0.6451913530938327, 0.6515661065466702], "features": ["VCF0901b", "VCF0218", "VCF0301", "VCF0302", "VCF9010", "VCF9201", "VCF9203", "VCF9205", "VCF0521", "VCF0429", "VCF0875", "VCF9052", "VCF0839", "VCF0870", "VCF9239", "VCF0803", "VCF0846", "VCF0601", "VCF0606", "VCF0615", "VCF0616", "VCF0617", "VCF0717", "VCF0720", "VCF0721", "VCF0701", "VCF0675", "VCF0724", "VCF0725", "VCF0726", "VCF0745", "VCF0101", "VCF0104", "VCF0115", "VCF0112"]}