{"validation": 0.7796981299243743, "id_test": 0.7793388011340624, "ood_test": 0.7767122024476031, "ood_validation": 0.7692946058091287, "train": 0.781284732577447, "id_test_conf": [0.7772858496184726, 0.7813814987028488], "id_test_balanced": 0.7413362860679626, "id_test_balanced_conf": [0.7398549887025729, 0.7428175834333524], "ood_test_conf": [0.7737325712611102, 0.7796706710855891], "ood_test_balanced": 0.7547122240066528, "ood_test_balanced_conf": [0.7526169657707215, 0.7568074822425842], "features": ["ENG", "FER", "HINS1", "HINS3", "NWLK", "OCCP", "WKHP", "AGEP", "MAR", "RAC1P", "DIVISION"]}