{"validation": 0.7787615099832295, "id_test": 0.7792818448764682, "ood_test": 0.7696513021828194, "ood_validation": 0.7672791938352105, "train": 0.7800340631410076, "id_test_conf": [0.777228705272151, 0.7813247326266681], "id_test_balanced": 0.7509425282478333, "id_test_balanced_conf": [0.749460151847452, 0.7524249046482145], "ood_test_conf": [0.7666391745503535, 0.7726428079363761], "ood_test_balanced": 0.7494202852249146, "ood_test_balanced_conf": [0.7472982571553439, 0.7515423132944852], "features": ["ENG", "FER", "HINS2", "HINS4", "NWLK", "OCCP", "WKHP", "AGEP", "SEX", "ST", "MAR", "ACS_YEAR", "DIVISION"]}