{"validation": 0.7783881277093947, "id_test": 0.7797944511948157, "ood_test": 0.7578084862536392, "ood_validation": 0.751985773562537, "train": 0.779351376408783, "id_test_conf": [0.7777430064088512, 0.7818356252924217], "id_test_balanced": 0.7195808291435242, "id_test_balanced_conf": [0.7181283692107536, 0.7210332890762947], "ood_test_conf": [0.7547445027104125, 0.7608527545927772], "ood_test_balanced": 0.7217780351638794, "ood_test_balanced_conf": [0.7197062072064727, 0.7238498631212861], "features": ["ENG", "FER", "HINS2", "HINS4", "NWLK", "OCCP", "WKHP", "AGEP", "SEX", "ST", "MAR", "ACS_YEAR", "DIVISION"]}