{"validation": 0.7930196500332247, "id_test": 0.7934702814904819, "ood_test": 0.7699674618961678, "ood_validation": 0.7664493183165383, "train": 0.7947074770413955, "id_test_conf": [0.7914657709506512, 0.7954640188083772], "id_test_balanced": 0.7433560490608215, "id_test_balanced_conf": [0.7419133710628375, 0.7447987270588056], "ood_test_conf": [0.7669567636381065, 0.7729575140677971], "ood_test_balanced": 0.734109103679657, "ood_test_balanced_conf": [0.7320700490428135, 0.7361481583165005], "features": ["ENG", "FER", "HINS2", "HINS4", "NWLK", "OCCP", "WKHP", "AGEP", "SEX", "ST", "MAR", "ACS_YEAR", "DIVISION"]}