{"validation": 0.8727113931556133, "id_test": 0.8737530347828177, "ood_test": 0.8226240720199933, "ood_validation": 0.8259050617181675, "train": 0.873080721378335, "id_test_conf": [0.8718977021068861, 0.8755909822819699], "id_test_balanced": 0.5000860095024109, "id_test_balanced_conf": [0.5000459331190359, 0.5001260858857859], "ood_test_conf": [0.8210112940276367, 0.8242282383497959], "ood_test_balanced": 0.500043511390686, "ood_test_balanced_conf": [0.5000204241949905, 0.5000665985863816], "features": ["HIGH_BLOOD_PRESS", "BMI5", "SMOKDAY2", "MICHD", "FRUIT_ONCE_PER_DAY", "DRNK_PER_WEEK", "TOTINDA", "INCOME", "MARITAL", "CHECKUP1", "EDUCA", "IYEAR", "STATE", "SEX", "MEDCOST", "PRACE1"]}