{"id_test": 0.6404359673024523, "id_test_conf": [0.634734161167835, 0.6461081153784194], "id_test_balanced": 0.6045364737510681, "id_test_balanced_conf": [0.600733936871402, 0.6083390106307343], "ood_test": 0.5330516658160991, "ood_test_conf": [0.5317036829810435, 0.5343992853389143], "ood_test_balanced": 0.5729572176933289, "ood_test_balanced_conf": [0.5721271526277997, 0.573787282758858], "validation": 0.6399142566487429, "validation_conf": [0.6342106015171614, 0.645588362863306], "validation_balanced": 0.602882981300354, "validation_balanced_conf": [0.5990761364949867, 0.6066898261057213], "features": ["AGEG5YR", "FRUIT_ONCE_PER_DAY", "VEG_ONCE_PER_DAY", "TOTINDA", "SMOKDAY2", "IYEAR", "SEX", "STATE", "MEDCOST", "SEX", "BMI5CAT"]}