{"validation": 0.602383374509519, "id_test": 0.6045413260672117, "ood_test": 0.48290548834279706, "ood_validation": 0.4902760940461352, "train": 0.6000227071459389, "id_test_conf": [0.5987360959499016, 0.6103244802878199], "id_test_balanced": 0.5372990965843201, "id_test_balanced_conf": [0.5342094465671107, 0.5403887466015295], "ood_test_conf": [0.48155561792309065, 0.4842555466694025], "ood_test_balanced": 0.5343580842018127, "ood_test_balanced_conf": [0.5336031821148935, 0.5351129862887319], "features": ["AGEG5YR", "FRUIT_ONCE_PER_DAY", "VEG_ONCE_PER_DAY", "TOTINDA", "SMOKDAY2", "IYEAR", "SEX", "STATE", "MEDCOST", "SEX", "BMI5CAT"]}