{"validation": 0.8732939140025429, "id_test": 0.8734940220429984, "ood_test": 0.8270719653847328, "ood_validation": 0.82743189134019, "train": 0.8733976767809256, "id_test_conf": [0.8716787797609311, 0.8752926587361043], "id_test_balanced": 0.5032215714454651, "id_test_balanced_conf": [0.5029732030432206, 0.5034699398477096], "ood_test_conf": [0.8255176009401994, 0.8286180562822532], "ood_test_balanced": 0.5026004314422607, "ood_test_balanced_conf": [0.502423664649832, 0.5027771982346895], "features": ["BMI5CAT", "CVDSTRK3", "DRNK_PER_WEEK", "RFBING5", "TOTINDA", "INCOME", "HEALTH_COV", "MENTHLTH", "STATE", "PRACE1", "PRACE1", "IYEAR"]}