{"validation": 0.9029220779220779, "id_test": 0.9044642857142857, "ood_test": 0.7292899408284024, "ood_validation": 0.6887417218543046, "train": 0.9024311051584886, "id_test_conf": [0.8991370678950591, 0.9095995229257953], "id_test_balanced": 0.7241522073745728, "id_test_balanced_conf": [0.7194581801816821, 0.7288462345674634], "ood_test_conf": [0.704754293814452, 0.7528247827825446], "ood_test_balanced": 0.655845046043396, "ood_test_balanced_conf": [0.6394977293536067, 0.6721923627331853], "features": ["AccredAgency", "main", "NUMBRANCH", "CONTROL", "LOCALE", "locale2", "ACTCMMID", "ACTENMID", "ACTWRMID", "PCIP01", "PCIP09", "PCIP11", "PCIP12", "PCIP13", "PCIP14", "PCIP15", "PCIP16", "PCIP23", "PCIP24", "PCIP25", "PCIP30", "PCIP42", "PCIP43", "PCIP45", "PCIP47", "PCIP51", "PCIP52", "UGDS", "UGDS_WHITE", "UGDS_BLACK", "UGDS_AIAN", "UGDS_NHPI", "UGDS_2MOR", "UGDS_UNKN", "UGDS_BLACKNH", "UGDS_AIANOld", "PPTUG_EF", "PPTUG_EF2", "COSTT4_P", "TUITIONFEE_OUT", "TUITIONFEE_PROG", "INEXPFTE", "PCTPELL", "loan_ever", "pell_ever", "agege24", "veteran", "first_gen", "faminc", "md_faminc", "pct_asian", "pct_ba", "pct_born_us", "median_hh_inc", "unemp_rate", "CCBASIC"]}