{"validation": 0.8755385707446721, "id_test": 0.8736649223302574, "ood_test": 0.8274483582089552, "ood_validation": 0.8296509628610729, "train": 0.8763357266445804, "id_test_conf": [0.8717811079167118, 0.8755308314237614], "id_test_balanced": 0.5121209621429443, "id_test_balanced_conf": [0.5116383939189837, 0.512603530366905], "ood_test_conf": [0.8258229293686399, 0.8290647163991282], "ood_test_balanced": 0.5106871128082275, "ood_test_balanced_conf": [0.5103342438087566, 0.5110399818076985], "features": ["PHYSHLTH", "HIGH_BLOOD_PRESS", "BMI5", "BMI5CAT", "SMOKE100", "CVDSTRK3", "DRNK_PER_WEEK", "RFBING5", "HEALTH_COV", "MENTHLTH", "IYEAR", "STATE", "STATE", "MEDCOST", "PRACE1", "PRACE1"]}