{"validation": 0.8756706340690361, "id_test": 0.8736401604569392, "ood_test": 0.8273146268656716, "ood_validation": 0.829693947730399, "train": 0.8763481076195615, "id_test_conf": [0.8717561898316186, 0.8755062269531323], "id_test_balanced": 0.5119404792785645, "id_test_balanced_conf": [0.5114611783926375, 0.5124197801644914], "ood_test_conf": [0.8256887036649238, 0.828931483126193], "ood_test_balanced": 0.510898232460022, "ood_test_balanced_conf": [0.510538799178903, 0.511257665741141], "features": ["PHYSHLTH", "HIGH_BLOOD_PRESS", "BMI5", "BMI5CAT", "SMOKE100", "CVDSTRK3", "DRNK_PER_WEEK", "RFBING5", "HEALTH_COV", "MENTHLTH", "IYEAR", "STATE", "STATE", "MEDCOST", "PRACE1", "PRACE1"]}