{"validation": 0.8154577943963269, "id_test": 0.8126240016279188, "ood_test": 0.7782642497647203, "ood_validation": 0.7849383170686798, "train": 0.8134043858840287, "id_test_conf": [0.8098786491138014, 0.8153462679807932], "id_test_balanced": 0.5422889590263367, "id_test_balanced_conf": [0.5411090712272562, 0.5434688468254172], "ood_test_conf": [0.7745547979356335, 0.7819406264740869], "ood_test_balanced": 0.5398032069206238, "ood_test_balanced_conf": [0.5381775041436776, 0.54142890969757], "features": ["ENG", "OCCP", "RELP", "WKHP", "WKW", "DIS", "ANC", "NATIVITY", "DREM", "CIT", "ACS_YEAR", "DIVISION"]}