{"validation": 0.7759326646204474, "id_test": 0.7765985722964763, "ood_test": 0.7678202105096759, "ood_validation": 0.7665678719620629, "train": 0.7762314268469128, "id_test_conf": [0.7745366348793912, 0.7786503564462831], "id_test_balanced": 0.7340993881225586, "id_test_balanced_conf": [0.7326155415968969, 0.7355832346482203], "ood_test_conf": [0.7647998511422587, 0.7708200881972793], "ood_test_balanced": 0.7500593662261963, "ood_test_balanced_conf": [0.747925836360082, 0.7521928960923105], "features": ["ENG", "HINS4", "OCCP", "POBP", "WKHP", "WKW", "AGEP", "SEX", "ST", "MAR", "CIT", "RAC1P", "ACS_YEAR", "DIVISION"]}