{"id_test": 0.8044122114216282, "id_test_conf": [0.8024477449497232, 0.8063655025140436], "id_test_balanced": 0.7660188674926758, "id_test_balanced_conf": [0.7645908649638296, 0.767446870021522], "ood_test": 0.7861838205266694, "ood_test_conf": [0.7832497164659794, 0.7890960366524779], "ood_test_balanced": 0.7575013637542725, "ood_test_balanced_conf": [0.7554646581690758, 0.7595380693394691], "validation": 0.803759136790811, "validation_conf": [0.8017922090972666, 0.8057149130395148], "validation_balanced": 0.7657735347747803, "validation_balanced_conf": [0.7643454101728275, 0.767201659376733], "features": ["ENG", "HINS4", "OCCP", "POBP", "WKHP", "WKW", "AGEP", "SEX", "ST", "MAR", "CIT", "RAC1P", "ACS_YEAR", "DIVISION"]}