{"validation": 0.7957978672910799, "id_test": 0.7960206561360875, "ood_test": 0.790741789727444, "ood_validation": 0.7860106698280972, "train": 0.7973733568647987, "id_test_conf": [0.7940252753729002, 0.7980051699485095], "id_test_balanced": 0.7680321931838989, "id_test_balanced_conf": [0.7665859912661835, 0.7694783951016143], "ood_test_conf": [0.7878304127596096, 0.7936309296327971], "ood_test_balanced": 0.7733879089355469, "ood_test_balanced_conf": [0.7713259563501924, 0.7754498615209013], "features": ["ENG", "HINS4", "OCCP", "POBP", "WKHP", "WKW", "AGEP", "SEX", "ST", "MAR", "CIT", "RAC1P", "ACS_YEAR", "DIVISION"]}