{"validation": 0.8052628182535704, "id_test": 0.8051536105554205, "ood_test": 0.7157230695520242, "ood_validation": 0.735632183908046, "train": 0.805583081565998, "id_test_conf": [0.8041527290698935, 0.8061515660140948], "id_test_balanced": 0.7029364705085754, "id_test_balanced_conf": [0.7023084552586079, 0.703564485758543], "ood_test_conf": [0.7077334524257848, 0.72361231567311], "ood_test_balanced": 0.6326929926872253, "ood_test_balanced_conf": [0.6287924279086292, 0.6365935574658215], "features": ["Average_confidence(BORED)", "Average_confidence(FRUSTRATED)", "bottom_hint", "tutor_mode", "type", "school_id"]}