{"validation": 0.8062295949880879, "id_test": 0.8014822657490736, "ood_test": 0.7205240174672489, "ood_validation": 0.6923076923076923, "train": 0.8009970551578854, "id_test_conf": [0.7940176159591295, 0.8087917355921341], "id_test_balanced": 0.6882542967796326, "id_test_balanced_conf": [0.6837912099994718, 0.6927173835597933], "ood_test_conf": [0.6576102431607918, 0.7776289718398747], "ood_test_balanced": 0.6279069781303406, "ood_test_balanced_conf": [0.5996509429812431, 0.656163013279438], "features": ["Average_confidence(BORED)", "Average_confidence(FRUSTRATED)", "bottom_hint", "tutor_mode", "type", "school_id"]}