{"validation": 0.8742642515690546, "id_test": 0.874020357061559, "ood_test": 0.825198334552411, "ood_validation": 0.8219680985737193, "train": 0.8740771378137477, "id_test_conf": [0.8721530888405795, 0.8758699728092075], "id_test_balanced": 0.5121671557426453, "id_test_balanced_conf": [0.5116750731749926, 0.5126592383102979], "ood_test_conf": [0.8235797076656957, 0.8268081181315092], "ood_test_balanced": 0.5124607682228088, "ood_test_balanced_conf": [0.5120621112553636, 0.5128594251902541], "features": ["CHOL_CHK_PAST_5_YEARS", "BMI5", "CVDSTRK3", "DRNK_PER_WEEK", "MARITAL", "EDUCA", "MENTHLTH", "MEDCOST", "PRACE1", "SEX", "IYEAR", "SEX", "PRACE1"]}