{"id_test": 0.8758306746556688, "id_test_conf": [0.8740152958319238, 0.8776290763013016], "id_test_balanced": 0.511444628238678, "id_test_balanced_conf": [0.5109867969318294, 0.5119024595455266], "ood_test": 0.8304473336565534, "ood_test_conf": [0.8288897587638956, 0.8319963841833059], "ood_test_balanced": 0.5122503042221069, "ood_test_balanced_conf": [0.5118799832748482, 0.5126206251693657], "validation": 0.8760631551097589, "validation_conf": [0.8742492134780491, 0.8778601088903306], "validation_balanced": 0.5122584104537964, "validation_balanced_conf": [0.5117881700448925, 0.5127286508627003], "features": ["PHYSHLTH", "HIGH_BLOOD_PRESS", "CHOL_CHK_PAST_5_YEARS", "SMOKDAY2", "MICHD", "FRUIT_ONCE_PER_DAY", "VEG_ONCE_PER_DAY", "TOTINDA", "INCOME", "MARITAL", "CHECKUP1", "EDUCA", "HEALTH_COV", "MENTHLTH", "IYEAR", "MEDCOST", "STATE", "MEDCOST", "PRACE1"]}