{"validation": 0.8179251402190088, "id_test": 0.8145698733275678, "ood_test": 0.7769139490159171, "ood_validation": 0.7757319094089486, "train": 0.8153089418744773, "id_test_conf": [0.8118354009964552, 0.8172811155136126], "id_test_balanced": 0.6855629086494446, "id_test_balanced_conf": [0.6835129728494213, 0.6876128444494679], "ood_test_conf": [0.7731965875604364, 0.7805983961124309], "ood_test_balanced": 0.681205689907074, "ood_test_balanced_conf": [0.6784877383522689, 0.683923641461879], "features": ["ENG", "NWLA", "NWLK", "OCCP", "POBP", "WKW", "DIS", "ANC", "NATIVITY", "DEYE", "DREM", "PUBCOV", "MAR", "RAC1P", "SCHL", "DIVISION"]}