{"validation": 0.7890475077928276, "id_test": 0.7882212220087783, "ood_test": 0.6137304264577681, "ood_validation": 0.6141665566266121, "train": 0.7882852513660534, "id_test_conf": [0.7870869680601423, 0.7893521404763677], "id_test_balanced": 0.5656204223632812, "id_test_balanced_conf": [0.5650550960458349, 0.5661857486807276], "ood_test_conf": [0.6126742056265115, 0.6147858417324342], "ood_test_balanced": 0.6711199283599854, "ood_test_balanced_conf": [0.6704763246024958, 0.6717635321174749], "features": ["ESP", "DEYE", "DREM", "PINCP", "ESR", "AGEP", "MAR", "CIT", "RAC1P", "ACS_YEAR", "DIS"]}