{"id_test": 0.8734480672165927, "id_test_conf": [0.8716325459353591, 0.8752469849592515], "id_test_balanced": 0.5004270672798157, "id_test_balanced_conf": [0.500337885117624, 0.5005162494420073], "ood_test": 0.8268146190183326, "ood_test_conf": [0.8252593474298259, 0.8283616235786694], "ood_test_balanced": 0.5002927780151367, "ood_test_balanced_conf": [0.5002210527849092, 0.5003645032453642], "validation": 0.8730717973070266, "validation_conf": [0.8712539875501679, 0.8748730201860705], "validation_balanced": 0.5000506043434143, "validation_balanced_conf": [0.49999760669998067, 0.5001036019868479], "features": ["FRUIT_ONCE_PER_DAY", "VEG_ONCE_PER_DAY", "RFBING5", "TOTINDA", "MARITAL", "EDUCA", "MENTHLTH", "STATE", "PRACE1", "STATE", "MEDCOST", "PRACE1", "PRACE1", "IYEAR"]}