{"validation": 0.8256089988810378, "id_test": 0.8269363093638801, "ood_test": 0.7629162341292023, "ood_validation": 0.7823275862068966, "train": 0.8268810796420307, "id_test_conf": [0.8259849002168628, 0.8278846144689469], "id_test_balanced": 0.7316277027130127, "id_test_balanced_conf": [0.731001432366902, 0.7322539730591234], "ood_test_conf": [0.7553669529550122, 0.7703431372915991], "ood_test_balanced": 0.693171501159668, "ood_test_balanced_conf": [0.6889045915659517, 0.6974384107533842], "features": ["Average_confidence(FRUSTRATED)", "hint_count", "problem_type", "position", "type", "overlap_time", "first_action", "school_id"]}