{"validation": 0.8257662761493938, "id_test": 0.8270378840999495, "ood_test": 0.7623572626367484, "ood_validation": 0.7823275862068966, "train": 0.8269920747066413, "id_test_conf": [0.8260866947481018, 0.8279859684446383], "id_test_balanced": 0.7317761182785034, "id_test_balanced_conf": [0.7311498437682167, 0.7324023927887902], "ood_test_conf": [0.7548020699383045, 0.7697903381995082], "ood_test_balanced": 0.6924479007720947, "ood_test_balanced_conf": [0.688183960178867, 0.6967118413653225], "features": ["Average_confidence(FRUSTRATED)", "hint_count", "problem_type", "position", "type", "overlap_time", "first_action", "school_id"]}