{"validation": 0.836379360779376, "id_test": 0.8319682555832528, "ood_test": 0.8032243545153238, "ood_validation": 0.8048241576136992, "train": 0.8336565885236988, "id_test_conf": [0.829336245144625, 0.8345757480649152], "id_test_balanced": 0.6384373903274536, "id_test_balanced_conf": [0.6366360160219483, 0.6402387646329589], "ood_test_conf": [0.7996716781687377, 0.8067409830013219], "ood_test_balanced": 0.6572058200836182, "ood_test_balanced_conf": [0.6547190870856866, 0.6596925530815497], "features": ["FER", "WIF", "NWLA", "NWLK", "OCCP", "WKHP", "WRK", "DIS", "MIL", "ANC", "DEAR", "DEYE", "DREM", "PUBCOV", "SEX", "ST", "RAC1P", "SCHL", "ACS_YEAR", "DIVISION"]}