{"validation": 0.9212200211184706, "id_test": 0.9199923205561534, "ood_test": 0.9105701003180817, "ood_validation": 0.9185918591859186, "train": 0.9205085487547104, "id_test_conf": [0.9191428293203825, 0.9208356581775305], "id_test_balanced": 0.8781371712684631, "id_test_balanced_conf": [0.8774655144836288, 0.8788088280532975], "ood_test_conf": [0.9041753336184888, 0.916670369406086], "ood_test_balanced": 0.8836308717727661, "ood_test_balanced_conf": [0.87904681077227, 0.8882149327732622], "features": ["Average_confidence(CONCENTRATING)", "attempt_count", "hint_count", "bottom_hint", "ms_first_response", "type", "school_id"]}