{"id_test": 0.8844376252035143, "id_test_conf": [0.8832179346184121, 0.8856489504711348], "features": ["Average_confidence(BORED)", "Average_confidence(FRUSTRATED)", "hint_count", "skill_id", "problem_type", "bottom_hint", "ms_first_response", "type", "school_id"], "ood_test": 0.5141657922350472, "ood_test_conf": [0.4914583677321965, 0.5368295643109342], "validation": 0.882441871806607, "validation_conf": [0.8812131501441226, 0.8836622717048875]}