{"validation": 0.8777423774699968, "id_test": 0.8758192053089456, "ood_test": 0.8300465671641791, "ood_validation": 0.8319291609353507, "train": 0.8783259683727994, "id_test_conf": [0.873949072075107, 0.877671329605694], "id_test_balanced": 0.5275977849960327, "id_test_balanced_conf": [0.5268957625259645, 0.528299807466101], "ood_test_conf": [0.8284308138853913, 0.8316531777121182], "ood_test_balanced": 0.524765133857727, "ood_test_balanced_conf": [0.5242414671555161, 0.525288800559938], "features": ["PHYSHLTH", "HIGH_BLOOD_PRESS", "TOLDHI", "BMI5", "BMI5CAT", "SMOKE100", "SMOKDAY2", "CVDSTRK3", "MICHD", "FRUIT_ONCE_PER_DAY", "VEG_ONCE_PER_DAY", "DRNK_PER_WEEK", "RFBING5", "TOTINDA", "INCOME", "MARITAL", "CHECKUP1", "EDUCA", "HEALTH_COV", "MENTHLTH", "IYEAR", "STATE", "MEDCOST", "PRACE1", "SEX"]}