{"id_test": 0.819542656560004, "id_test_conf": [0.8168365044611224, 0.822225210514006], "id_test_balanced": 0.5720925331115723, "id_test_balanced_conf": [0.5706550740241073, 0.5735299921990372], "ood_test": 0.791705879945988, "ood_test_conf": [0.7880783003791105, 0.795298783774806], "ood_test_balanced": 0.5887129902839661, "ood_test_balanced_conf": [0.586625836561434, 0.5908001440064982], "validation": 0.8251872766352525, "validation_conf": [0.8225141759161066, 0.8278363611100412], "validation_balanced": 0.577512800693512, "validation_balanced_conf": [0.5760531261260621, 0.5789724752609618], "features": ["WIF", "NWLA", "NWLK", "POBP", "WKW", "WRK", "MIL", "ANC", "DEAR", "DEYE", "RAC1P", "SCHL", "DIVISION"]}