{"validation": 0.7376641458089422, "id_test": 0.7362798703928716, "ood_test": 0.7149688450949138, "ood_validation": 0.7133372851215175, "train": 0.7373926429627496, "id_test_conf": [0.7340997296741567, 0.7384513388141558], "id_test_balanced": 0.6641333103179932, "id_test_balanced_conf": [0.66264375989791, 0.6656228607380763], "ood_test_conf": [0.711742751408349, 0.7181785020148279], "ood_test_balanced": 0.6980363130569458, "ood_test_balanced_conf": [0.6957649115426466, 0.700307714571245], "features": ["ENG", "HINS1", "HINS2", "HINS4", "NWLA", "NWLK", "POBP", "WKW", "WRK", "SEX", "MAR", "CIT", "RAC1P", "ACS_YEAR", "DIVISION"]}