{"validation": 0.7464526603613773, "id_test": 0.7474639082026514, "ood_test": 0.7086959993611754, "ood_validation": 0.7377873563218391, "train": 0.7470766521267228, "id_test_conf": [0.7463719778994131, 0.7485534893485644], "id_test_balanced": 0.6089674234390259, "id_test_balanced_conf": [0.6084450914978515, 0.6094897553802002], "ood_test_conf": [0.7006503406946625, 0.716644561221091], "ood_test_balanced": 0.6232516169548035, "ood_test_balanced_conf": [0.619459567638114, 0.6270436662714929], "features": ["Average_confidence(CONCENTRATING)", "Average_confidence(FRUSTRATED)", "tutor_mode", "type", "school_id"]}