{"validation": 0.7460922332880615, "id_test": 0.7470936519066561, "ood_test": 0.7084564401501238, "ood_validation": 0.7377873563218391, "train": 0.7467156109848252, "id_test_conf": [0.7460011948305476, 0.7481837633413879], "id_test_balanced": 0.6084526181221008, "id_test_balanced_conf": [0.607930901737418, 0.6089743345067836], "ood_test_conf": [0.7004089118750432, 0.7164069832290134], "ood_test_balanced": 0.6229414939880371, "ood_test_balanced_conf": [0.6191526149213314, 0.6267303730547428], "features": ["Average_confidence(CONCENTRATING)", "Average_confidence(FRUSTRATED)", "tutor_mode", "type", "school_id"]}