{"validation": 0.7226398989493551, "id_test": 0.7237576754457821, "ood_test": 0.6627006308392558, "ood_validation": 0.6867816091954023, "train": 0.7235270627265467, "id_test_conf": [0.7226340701642555, 0.7248791566715108], "id_test_balanced": 0.5714700818061829, "id_test_balanced_conf": [0.5710290642728796, 0.5719110993394861], "ood_test_conf": [0.6543430517053126, 0.670982532136313], "ood_test_balanced": 0.5633656978607178, "ood_test_balanced_conf": [0.5604523793654517, 0.5662790163559839], "features": ["Average_confidence(CONCENTRATING)", "Average_confidence(FRUSTRATED)", "tutor_mode", "type", "school_id"]}