{"validation": 0.8048666265860835, "id_test": 0.8032604293236127, "ood_test": 0.783878489283503, "ood_validation": 0.778067575577949, "train": 0.8048789556079591, "id_test_conf": [0.8012916388451153, 0.8052180867588739], "id_test_balanced": 0.7555019855499268, "id_test_balanced_conf": [0.7540773832704872, 0.7569265878293663], "ood_test_conf": [0.7809330952275585, 0.7868021719726201], "ood_test_balanced": 0.7555307149887085, "ood_test_balanced_conf": [0.7534849029779435, 0.7575765269994735], "features": ["COW", "ENG", "FER", "HINS3", "OCCP", "POBP", "RELP", "WKW", "AGEP", "SEX", "ST", "MAR", "RAC1P", "SCHL", "DIVISION"]}