{"validation": 0.7843938866563301, "id_test": 0.7858318144997974, "ood_test": 0.7712584473923411, "ood_validation": 0.7607587433313574, "train": 0.7852582383201635, "id_test_conf": [0.7838006765508598, 0.7878524599241004], "id_test_balanced": 0.7309727668762207, "id_test_balanced_conf": [0.7295217077038251, 0.7324238260486163], "ood_test_conf": [0.7682536105323631, 0.7742425393170235], "ood_test_balanced": 0.7506877183914185, "ood_test_balanced_conf": [0.7485714615276083, 0.7528039752552286], "features": ["HINS1", "HINS2", "HINS3", "HINS4", "NWLA", "NWLK", "OCCP", "POBP", "RELP", "SEX", "MAR", "SCHL", "DIVISION"]}