{"validation": 0.7884757776160491, "id_test": 0.7889960510328068, "ood_test": 0.7793468667255075, "ood_validation": 0.7711914641375223, "train": 0.7893899565153074, "id_test_conf": [0.7869758147419004, 0.791005678524413], "id_test_balanced": 0.7516358494758606, "id_test_balanced_conf": [0.7501739658415317, 0.7530977331101895], "ood_test_conf": [0.7763796733854191, 0.7822926957552523], "ood_test_balanced": 0.7625160813331604, "ood_test_balanced_conf": [0.7604160964721813, 0.7646160661941395], "features": ["HINS1", "HINS2", "HINS3", "HINS4", "NWLA", "NWLK", "OCCP", "POBP", "RELP", "SEX", "MAR", "SCHL", "DIVISION"]}