{"validation": 0.42277181521231916, "id_test": 0.41754140424539304, "ood_test": 0.4941924344686862, "ood_validation": 0.506885593220339, "train": 0.42615492300513297, "id_test_conf": [0.40272290179541953, 0.4324723728981347], "id_test_balanced": 0.5006349682807922, "id_test_balanced_conf": [0.4992091088765301, 0.5020608276850544], "ood_test_conf": [0.48984255637709634, 0.49854297410312565], "ood_test_balanced": 0.5003266334533691, "ood_test_balanced_conf": [0.500042019149987, 0.5006112477567513], "features": ["gender", "admission_type_id", "payer_code", "medical_specialty", "number_outpatient", "number_diagnoses", "A1Cresult", "chlorpropamide", "glyburide", "tolbutamide", "rosiglitazone", "miglitol", "troglitazone", "tolazamide", "examide", "citoglipton", "insulin", "change", "admission_source_id"]}