{"validation": 0.8871271342206081, "id_test": 0.8868396673839147, "ood_test": 0.5729275970619098, "ood_validation": 0.660377358490566, "train": 0.8866507130898221, "id_test_conf": [0.8856408516147054, 0.8880302015332654], "id_test_balanced": 0.81960129737854, "id_test_balanced_conf": [0.8186854245024733, 0.8205171702546068], "ood_test_conf": [0.55036034968526, 0.5952700800502188], "ood_test_balanced": 0.6198241114616394, "ood_test_balanced_conf": [0.6098247697204351, 0.6298234532028437], "features": ["Average_confidence(CONCENTRATING)", "attempt_count", "skill_id", "school_id"]}