{"validation": 0.8846284444641288, "id_test": 0.884300387904467, "ood_test": 0.44805876180482684, "ood_validation": 0.5518867924528302, "train": 0.8841958552994894, "id_test_conf": [0.8830900184383288, 0.8855025302745015], "id_test_balanced": 0.8102635145187378, "id_test_balanced_conf": [0.8093491621373687, 0.8111778669001068], "ood_test_conf": [0.42556548757963675, 0.4707121070747577], "ood_test_balanced": 0.5102421045303345, "ood_test_balanced_conf": [0.5070624526357278, 0.5134217564249411], "features": ["Average_confidence(CONCENTRATING)", "attempt_count", "skill_id", "school_id"]}