{"id_test": 0.9014368335775421, "id_test_conf": [0.9003083257623185, 0.9025567461671671], "features": ["Average_confidence(CONCENTRATING)", "attempt_count", "skill_id", "school_id"], "ood_test": 0.5823714585519413, "ood_test_conf": [0.5598562181357847, 0.604632816767697], "validation": 0.9014512331052402, "validation_conf": [0.9003227960654735, 0.9025710745781214]}