{"id_test": 0.6246792628878003, "id_test_conf": [0.6099871830603849, 0.6392012589609306], "id_test_balanced": 0.5838268995285034, "id_test_balanced_conf": [0.5747560070455074, 0.5928977920114994], "ood_test": 0.5324517344215979, "ood_test_conf": [0.5281085363553708, 0.5367912358711135], "ood_test_balanced": 0.528251051902771, "ood_test_balanced_conf": [0.5260124720819295, 0.5304896317236125], "validation": 0.6129258049463369, "validation_conf": [0.5981539844576387, 0.6275435488042866], "validation_balanced": 0.5748535990715027, "validation_balanced_conf": [0.5657461640611291, 0.5839610340818763], "features": ["gender", "age", "weight", "admission_type_id", "payer_code", "num_lab_procedures", "num_procedures", "diag_2", "max_glu_serum", "A1Cresult", "chlorpropamide", "acetohexamide", "glipizide", "rosiglitazone", "acarbose", "tolazamide", "insulin", "glipizide-metformin", "glimepiride-pioglitazone", "metformin-rosiglitazone", "metformin-pioglitazone", "diabetesMed", "admission_source_id"]}