{"validation": 0.8297232205157447, "id_test": 0.8309611878484128, "ood_test": 0.44333683105981114, "ood_validation": 0.5424528301886793, "train": 0.8298590497841527, "id_test_conf": [0.8295329638533392, 0.8323822123304631], "id_test_balanced": 0.7245898246765137, "id_test_balanced_conf": [0.7236392954166513, 0.7255403539363761], "ood_test_conf": [0.42087396343299993, 0.4659743243902479], "ood_test_balanced": 0.5060521364212036, "ood_test_balanced_conf": [0.503597485604696, 0.5085067872377113], "features": ["Average_confidence(CONFUSED)", "Average_confidence(FRUSTRATED)", "skill_id", "problem_type", "bottom_hint", "tutor_mode", "position", "first_action", "school_id"]}