{"validation": 0.8592843798533947, "id_test": 0.8609725171252147, "ood_test": 0.4438614900314795, "ood_validation": 0.5424528301886793, "train": 0.8594497792758446, "id_test_conf": [0.859653336295499, 0.8622838444546229], "id_test_balanced": 0.7720370292663574, "id_test_balanced_conf": [0.771091213853797, 0.7729828446789179], "ood_test_conf": [0.42139514333085065, 0.46650084521670354], "ood_test_balanced": 0.5065177083015442, "ood_test_balanced_conf": [0.5039715975755825, 0.5090638190275059], "features": ["Average_confidence(BORED)", "Average_confidence(CONCENTRATING)", "Average_confidence(FRUSTRATED)", "skill_id", "problem_type", "bottom_hint", "tutor_mode", "position", "first_action", "school_id"]}