{"validation": 0.8536309957008771, "id_test": 0.855330387221176, "ood_test": 0.4438614900314795, "ood_validation": 0.5424528301886793, "train": 0.8538414068574076, "id_test_conf": [0.8539892799224194, 0.8566637640131071], "id_test_balanced": 0.7627720236778259, "id_test_balanced_conf": [0.7618237556226086, 0.7637202917330432], "ood_test_conf": [0.42139514333085065, 0.46650084521670354], "ood_test_balanced": 0.5065177083015442, "ood_test_balanced_conf": [0.5039715975755825, 0.5090638190275059], "features": ["Average_confidence(BORED)", "Average_confidence(CONCENTRATING)", "Average_confidence(FRUSTRATED)", "skill_id", "problem_type", "bottom_hint", "tutor_mode", "position", "first_action", "school_id"]}