{"validation": 0.7821243218093338, "id_test": 0.7811842278676151, "ood_test": 0.42715469441003967, "ood_validation": 0.4250737268365685, "train": 0.7810400701504076, "id_test_conf": [0.7800365140990323, 0.7823286876366021], "id_test_balanced": 0.5381242036819458, "id_test_balanced_conf": [0.5376650818798225, 0.5385833254840691], "ood_test_conf": [0.4260822918233178, 0.4282276129563746], "ood_test_balanced": 0.5401049852371216, "ood_test_balanced_conf": [0.5396807434293441, 0.540529227044899], "features": ["ESP", "MIG", "DREM", "SEX", "ST", "MAR", "SCHL", "DIS"]}