{"validation": 0.7830888152705474, "id_test": 0.7824861915963434, "ood_test": 0.40819463073298307, "ood_validation": 0.40622386548703726, "train": 0.7825716773969865, "id_test_conf": [0.7813409310333435, 0.7836281830846611], "id_test_balanced": 0.5375752449035645, "id_test_balanced_conf": [0.5371284781262511, 0.5380220116808778], "ood_test_conf": [0.40712915580823933, 0.4092607559136922], "ood_test_balanced": 0.5290161967277527, "ood_test_balanced_conf": [0.5286646263237345, 0.5293677671317709], "features": ["ESP", "MIG", "DREM", "SEX", "ST", "MAR", "SCHL", "DIS"]}