{"validation": 0.7978845711657853, "id_test": 0.7965517241379311, "ood_test": 0.7275681786067543, "ood_validation": 0.7354811360746079, "train": 0.7923611909414875, "id_test_conf": [0.7842765412314454, 0.8084274077937057], "id_test_balanced": 0.6733431816101074, "id_test_balanced_conf": [0.6658174498938024, 0.6808689133264124], "ood_test_conf": [0.7215250964762042, 0.7335488955533829], "ood_test_balanced": 0.6686515808105469, "ood_test_balanced_conf": [0.6652981100464239, 0.6720050515746698], "features": ["VCF0224", "VCF0302", "VCF9202", "VCF9204", "VCF9205", "VCF0521", "VCF0428", "VCF0429", "VCF0875", "VCF9052", "VCF0822", "VCF0870", "VCF0843", "VCF0846", "VCF0601", "VCF0717", "VCF0720", "VCF0701", "VCF0675", "VCF0724", "VCF0104", "VCF0140a", "VCF0112"]}