{"id_test": 0.7505307855626328, "id_test_conf": [0.7216105878082186, 0.7778750704713818], "id_test_balanced": 0.7443107962608337, "id_test_balanced_conf": [0.7246731571108103, 0.7639484354108572], "ood_test": 0.667211720845052, "ood_test_conf": [0.6596785350885861, 0.6746812370477703], "ood_test_balanced": 0.6648401021957397, "ood_test_balanced_conf": [0.659554950017482, 0.6701252543739975], "validation": 0.720510095642933, "validation_conf": [0.6906468918480566, 0.7489859418271985], "validation_balanced": 0.7162892818450928, "validation_balanced_conf": [0.6959505843743682, 0.7366279793158174], "features": ["JOBORG31", "OFREMP31", "CMJHLD31", "MCRPD31", "MCDHMO31", "FSAGT31", "GOVTA31", "GOVAAT31", "GOVTB31", "VAPROG31", "IHS31", "IHSAT31", "SICPAY31", "VAPROX31", "EMPST31", "RNDFLG31", "HRHOW31", "DIFFWG31", "NHRWG31", "TEMPJB31", "SSNLJB31", "NUMEMP31", "MORE31", "UNION31", "NWK31", "STJBYY31", "PAYVAC31", "PRIDK31", "PUBAT31X", "INSAT31X", "SEX", "RACEV1X", "RACEV2X", "RACEAX", "RACEWX", "HISPANX", "EDUCYR", "OTHLGSPK", "HWELLSPK", "WHTLGSPK", "PRIEU31", "MCRPD31X", "TRILI31X", "PRIOG31", "PRIV31", "PRIVAT31", "DENTIN31", "DNTINS31", "PMEDIN31", "PMDINS31", "MARRY31X", "TRIST31X", "TRIPR31X", "TRIEX31X", "TRICH31X", "VACMPM31", "VASPMH31", "ASMRCN31", "ASPREV31", "ASDALY31", "ASPKFL31", "ASEVFL31", "ADLHLP31", "AIDHLP31", "WLKLIM31", "LFTDIF31", "STNDIF31", "FNGRDF31", "HSELIM31", "VASPOU31", "ASTHEP31", "RUSIZE31", "RUCLAS31", "FAMSZE31", "FAMS1231", "RESP31", "BEGRFY31", "ENDRFM31", "ELGRND31", "PSTATS31", "RTHLTH31", "ASATAK31", "COGLIM31", "VAPRHT31", "VAPAST31", "VACOMP31", "VAMREC31", "VAGTRC31", "VAPROB31", "VAREP31", "VAPCCO31", "VAPCRC31", "VAPCSN31", "VAPCSO31", "VAPCUN31", "VAPACT31", "VACTDY31", "VARECM31", "VAGERD31", "VAJTPN31", "VARTHR31", "VAFIBR31", "VABIPL31", "VAMOOD31", "VAPROS31", "VAGCNS31", "VACRGV31", "REFPRS31", "INSCOV19"]}