{"validation": 0.7056798405214695, "id_test": 0.7041881834750912, "ood_test": 0.6909407068804257, "ood_validation": 0.6838174273858921, "train": 0.7046505759328799, "id_test_conf": [0.7019309397171769, 0.706437933311096], "id_test_balanced": 0.6531224250793457, "id_test_balanced_conf": [0.6515390468738042, 0.6547058032848873], "ood_test_conf": [0.6876395862657514, 0.694227228861392], "ood_test_balanced": 0.6631687879562378, "ood_test_balanced_conf": [0.6608920553838834, 0.6654455205285922], "features": ["COW", "FER", "HINS1", "HINS3", "HINS4", "NWLA", "WKW", "WRK", "RAC1P", "ACS_YEAR", "DIVISION"]}