{"validation": 0.5981294591697165, "id_test": 0.5975528611562916, "ood_test": 0.4171998102664368, "ood_validation": 0.4174403470715835, "train": 0.5987773264760109, "id_test_conf": [0.5916804143123612, 0.6034043471817676], "id_test_balanced": 0.5005177855491638, "id_test_balanced_conf": [0.4999180469941348, 0.5011175241041929], "ood_test_conf": [0.4158573056080059, 0.41854323997944587], "ood_test_balanced": 0.5008140802383423, "ood_test_balanced_conf": [0.5006922594638309, 0.5009359010128537], "features": ["AGEG5YR", "FRUIT_ONCE_PER_DAY", "DRNK_PER_WEEK", "RFBING5", "TOTINDA", "SMOKE100", "SMOKDAY2", "CHCSCNCR", "DIABETES", "POVERTY", "EMPLOY1", "STATE", "MEDCOST", "PRACE1", "SEX", "PRACE1", "SEX", "BMI5CAT", "IYEAR"]}