{"id_test": 0.8752249871709443, "id_test_conf": [0.8734203109529539, 0.8770129805642715], "id_test_balanced": 0.5330584645271301, "id_test_balanced_conf": [0.5323009087191894, 0.5338160203350708], "ood_test": 0.8304131063451146, "ood_test_conf": [0.8288706339398697, 0.8319472205655137], "ood_test_balanced": 0.5310736298561096, "ood_test_balanced_conf": [0.5304987802391407, 0.5316484794730786], "validation": 0.8749023452459368, "validation_conf": [0.8730956841325781, 0.876692337803739], "validation_balanced": 0.533409595489502, "validation_balanced_conf": [0.5326471048477106, 0.5341720861312933], "features": ["HIGH_BLOOD_PRESS", "CHOL_CHK_PAST_5_YEARS", "BMI5CAT", "CVDSTRK3", "MICHD", "FRUIT_ONCE_PER_DAY", "VEG_ONCE_PER_DAY", "DRNK_PER_WEEK", "RFBING5", "TOTINDA", "INCOME", "MARITAL", "CHECKUP1", "HEALTH_COV", "MENTHLTH", "IYEAR", "SEX", "PRACE1"]}