{"validation": 0.7996645888048602, "id_test": 0.798222964763062, "ood_test": 0.803638471367786, "ood_validation": 0.8003556609365738, "train": 0.7998035001340851, "id_test_conf": [0.7962355663098493, 0.8001994153250529], "id_test_balanced": 0.786009669303894, "id_test_balanced_conf": [0.7845847286423668, 0.7874346099654213], "ood_test_conf": [0.8007944195586301, 0.8064592980516077], "ood_test_balanced": 0.8023878335952759, "ood_test_balanced_conf": [0.8003850396908819, 0.8043906274996698], "features": ["ENG", "NWLA", "NWLK", "OCCP", "POBP", "RELP", "WKHP", "WKW", "WRK", "AGEP", "MAR", "CIT", "RAC1P", "SCHL", "ACS_YEAR", "DIVISION"]}