{"validation": 0.7355377654020188, "id_test": 0.7346977521263669, "ood_test": 0.7155879912002213, "ood_validation": 0.7087136929460581, "train": 0.7355811103824549, "id_test_conf": [0.7325134756958867, 0.7368734143604363], "id_test_balanced": 0.6907214522361755, "id_test_balanced_conf": [0.6891678391047753, 0.6922750653675758], "ood_test_conf": [0.7123639748311246, 0.7187955234328056], "ood_test_balanced": 0.7165478467941284, "ood_test_balanced_conf": [0.7142809717962518, 0.718814721792005], "features": ["COW", "ENG", "FER", "HINS1", "HINS2", "NWLA", "POBP", "RELP", "WRK", "SEX", "RAC1P", "ACS_YEAR", "DIVISION"]}