{"validation": 0.6950053134962806, "id_test": 0.7006369426751592, "ood_test": 0.5840800575577212, "ood_validation": 0.5768098881695115, "train": 0.7025627406718895, "id_test_conf": [0.6702651679835356, 0.7297483430196934], "id_test_balanced": 0.7202631831169128, "id_test_balanced_conf": [0.7005979038774968, 0.7399284623563289], "ood_test_conf": [0.5762192933239889, 0.5919088145463447], "ood_test_balanced": 0.6116957068443298, "ood_test_balanced_conf": [0.6070606936700642, 0.6163307200185955], "features": ["JOBORG31", "OFREMP31", "MCRPD31", "MCDHMO31", "PRVHMO31", "HASFSA31", "MCAID31", "MCARE31", "GOVTA31", "GOVTB31", "IHS31", "BSNTY31", "RETPLN31", "SICPAY31", "VAPROX31", "EMPST31", "RNDFLG31", "MORJOB31", "HRWGIM31", "HRHOW31", "DIFFWG31", "NHRWG31", "TEMPJB31", "SSNLJB31", "INDCAT31", "NUMEMP31", "UNION31", "STJBYY31", "OCCCAT31", "PAYVAC31", "YRSINUS", "TRIAT31X", "MCARE31X", "PUB31X", "PUBAT31X", "INS31X", "INSAT31X", "RACEAX", "RACEBX", "RACETHX", "HISPANX", "HISPNCAT", "OTHLGSPK", "HWELLSPK", "BORNUSA", "TRICR31X", "PRINEO31", "PRIEUO31", "PRSTX31", "PRIV31", "PRIVAT31", "PMDINS31", "FTSTU31X", "DISVW31X", "HELD31X", "OFFER31X", "TRICH31X", "VACMPM31", "ASDALY31", "ASWNFL31", "IADLHP31", "WLKLIM31", "STPDIF31", "RCHDIF31", "FNGRDF31", "WRKLIM31", "HSELIM31", "VASPOU31", "ASTHEP31", "ASSTIL31", "FCRP1231", "RUSIZE31", "FAMSZE31", "FMRS1231", "REGION31", "RESP31", "BEGRFY31", "ENDRFM31", "ENDRFY31", "PSTATS31", "SPOUIN31", "RTHLTH31", "CHBRON31", "COGLIM31", "UNABLE31", "VALOCT31", "VAOUT31", "VACOMP31", "VAMREC31", "VAGTRC31", "VACARC31", "VAPROB31", "VAREP31", "VACARE31", "VAPROV31", "VAPCOT31", "VAPCCO31", "VAPCRC31", "VAPCSN31", "VAPCRF31", "VAPCSO31", "VAPCOU31", "VAPCUN31", "VACTDY31", "VAMOBL31", "VAJTPN31", "VARTHR31", "VAGOUT31", "VATMD31", "VADEPR31", "VAMOOD31", "VAPROS31", "VAMNHC31", "VALCOH31", "INSCOV19"]}