{"validation": 0.9134248178687454, "id_test": 0.9143664233248051, "ood_test": 0.45173137460650575, "ood_validation": 0.5518867924528302, "train": 0.9137257881029353, "id_test_conf": [0.9132977843797928, 0.9154260430795989], "id_test_balanced": 0.8623824119567871, "id_test_balanced_conf": [0.8615294633747544, 0.8632353605388198], "ood_test_conf": [0.4292158562902504, 0.4743956441387083], "ood_test_balanced": 0.5135009288787842, "ood_test_balanced_conf": [0.5098624698910862, 0.5171393878664822], "features": ["Average_confidence(CONCENTRATING)", "Average_confidence(CONFUSED)", "attempt_count", "skill_id", "bottom_hint", "ms_first_response", "tutor_mode", "type", "overlap_time", "school_id"]}