{"validation": 0.7844951428661836, "id_test": 0.784673703928716, "ood_test": 0.7640262939494935, "ood_validation": 0.7600474214582098, "train": 0.7844078463883657, "id_test_conf": [0.78263862080907, 0.7866983370788052], "id_test_balanced": 0.7384985685348511, "id_test_balanced_conf": [0.7370337565150112, 0.7399633805546909], "ood_test_conf": [0.7609891302611124, 0.7670432664277023], "ood_test_balanced": 0.7381734848022461, "ood_test_balanced_conf": [0.736055856840685, 0.7402911127638072], "features": ["HINS1", "HINS3", "HINS4", "NWLA", "WKW", "AGEP", "SEX", "ST", "MAR", "CIT", "RAC1P", "SCHL", "DIVISION"]}