{"validation": 0.8191079400206036, "id_test": 0.8148751081039833, "ood_test": 0.7835222390441507, "ood_validation": 0.7939605965752163, "train": 0.816423377391426, "id_test_conf": [0.8121423526593706, 0.8175846108170235], "id_test_balanced": 0.5866934657096863, "id_test_balanced_conf": [0.5850824199197814, 0.5883045114995912], "ood_test_conf": [0.7798441273115857, 0.7871666496105818], "ood_test_balanced": 0.6087273359298706, "ood_test_balanced_conf": [0.6063747521489858, 0.6110799197107554], "features": ["OCCP", "WKHP", "DIS", "NATIVITY", "DEAR", "DREM", "AGEP", "SEX", "ST", "MAR", "CIT", "RAC1P", "DIVISION"]}