{"validation": 0.8098235974919556, "id_test": 0.8066846416035001, "ood_test": 0.7774663447767912, "ood_validation": 0.7906462898177131, "train": 0.8073838904451065, "id_test_conf": [0.8039067627457605, 0.8094398737271896], "id_test_balanced": 0.5565111637115479, "id_test_balanced_conf": [0.5550868696952239, 0.5579354577278718], "ood_test_conf": [0.7737522122885347, 0.7811474971409841], "ood_test_balanced": 0.557233989238739, "ood_test_balanced_conf": [0.555330497813411, 0.559137480664067], "features": ["OCCP", "WKHP", "DIS", "NATIVITY", "DEAR", "DREM", "AGEP", "SEX", "ST", "MAR", "CIT", "RAC1P", "DIVISION"]}