{"validation": 0.6218337495540492, "id_test": 0.6162682839814484, "ood_test": 0.5297936147928236, "ood_validation": 0.5295503865455039, "train": 0.6201196045290962, "id_test_conf": [0.6105457084296604, 0.6219667499500512], "id_test_balanced": 0.5710498690605164, "id_test_balanced_conf": [0.5674348328216001, 0.5746649052994326], "ood_test_conf": [0.5284498752301621, 0.5311370291730966], "ood_test_balanced": 0.5679442286491394, "ood_test_balanced_conf": [0.567110281487694, 0.5687781758105848], "features": ["FRUIT_ONCE_PER_DAY", "SMOKDAY2", "CHCSCNCR", "EMPLOY1", "IYEAR", "STATE", "SEX", "IYEAR", "MEDCOST", "BMI5CAT"]}