{"validation": 0.6211915804495184, "id_test": 0.6177666785586872, "ood_test": 0.5294940962829564, "ood_validation": 0.52895700528957, "train": 0.6204496095683624, "id_test_conf": [0.612048169791056, 0.6234607669587533], "id_test_balanced": 0.5714120864868164, "id_test_balanced_conf": [0.5678237986331806, 0.5750003743404523], "ood_test_conf": [0.5281503105015023, 0.5308375601511273], "ood_test_balanced": 0.5679429173469543, "ood_test_balanced_conf": [0.5671107822866179, 0.5687750524072908], "features": ["FRUIT_ONCE_PER_DAY", "SMOKDAY2", "CHCSCNCR", "EMPLOY1", "IYEAR", "STATE", "SEX", "IYEAR", "MEDCOST", "BMI5CAT"]}