{"id_test": 0.8581803705184243, "id_test_conf": [0.8573026611921651, 0.8590546788332034], "features": ["Average_confidence(CONCENTRATING)", "Average_confidence(CONFUSED)", "Average_confidence(FRUSTRATED)", "hint_count", "ms_first_response", "position", "first_action", "school_id"], "ood_test": 0.8121855785354947, "ood_test_conf": [0.8052329239581828, 0.8189928313021592], "validation": 0.8570906654302926, "validation_conf": [0.8562101626020422, 0.8579677776019228]}