{"validation": 0.8384015668917801, "id_test": 0.8368901663529531, "ood_test": 0.8061295470354761, "ood_validation": 0.8035352605413367, "train": 0.836303571598905, "id_test_conf": [0.8342889272863014, 0.8394665229909044], "id_test_balanced": 0.6755843162536621, "id_test_balanced_conf": [0.6736631449917332, 0.677505487515591], "ood_test_conf": [0.8025964899561151, 0.8096262100935068], "ood_test_balanced": 0.6831912398338318, "ood_test_balanced_conf": [0.6806195822870359, 0.6857628973806277], "features": ["FER", "HUPAC", "WIF", "NWLA", "NWLK", "POBP", "WKHP", "WKW", "DIS", "MIL", "ANC", "NATIVITY", "DEAR", "DEYE", "PUBCOV", "AGEP", "SEX", "RAC1P", "SCHL", "ACS_YEAR", "DIVISION"]}