{"validation": 0.8377147799102089, "id_test": 0.8342829526377372, "ood_test": 0.8120013093825443, "ood_validation": 0.8123734118946787, "train": 0.8348282561071384, "id_test_conf": [0.8316653108523133, 0.8368759050703326], "id_test_balanced": 0.6046680808067322, "id_test_balanced_conf": [0.6030966160236858, 0.6062395455897786], "ood_test_conf": [0.8085088350853546, 0.815456689911459], "ood_test_balanced": 0.6276818513870239, "ood_test_balanced_conf": [0.6254614182468504, 0.6299022845271974], "features": ["FER", "HUPAC", "WIF", "NWLA", "NWLK", "POBP", "WKHP", "WKW", "DIS", "MIL", "ANC", "NATIVITY", "DEAR", "DEYE", "PUBCOV", "AGEP", "SEX", "RAC1P", "SCHL", "ACS_YEAR", "DIVISION"]}