{"validation": 0.6748140276301806, "id_test": 0.7101910828025477, "ood_test": 0.6110929426384982, "ood_validation": 0.618599175985874, "train": 0.6793254547868809, "id_test_conf": [0.6800633303997012, 0.7389981549331337], "id_test_balanced": 0.688355028629303, "id_test_balanced_conf": [0.6681666029244662, 0.7085434543341398], "ood_test_conf": [0.6033122634735795, 0.6188313288407562], "ood_test_balanced": 0.5886594653129578, "ood_test_balanced_conf": [0.5836689232289791, 0.5936500073969364], "features": ["JOBORG31", "OFREMP31", "MCRPD31", "MCRPB31", "MCRPHO31", "MCDMC31", "PRVHMO31", "FSAGT31", "MCARE31", "GOVTA31", "GOVBAT31", "GOVTC31", "GOVCAT31", "VAPROG31", "VAPRAT31", "BSNTY31", "IHSAT31", "MORJOB31", "HRWGIM31", "HRHOW31", "DIFFWG31", "NHRWG31", "TEMPJB31", "SSNLJB31", "CHOIC31", "UNION31", "STJBMM31", "OCCCAT31", "PAYDR31", "YRSINUS", "PRIDK31", "PRING31", "TRIAT31X", "MCARE31X", "RACEV1X", "RACEAX", "RACEBX", "RACETHX", "HISPANX", "EDUCYR", "HWELLSPK", "TRICR31X", "MCRPD31X", "PRINEO31", "PRSTX31", "PRIVAT31", "VERFLG31", "DNTINS31", "PMEDIN31", "PMEDPY31", "MARRY31X", "REFRL31X", "DISVW31X", "HELD31X", "OFFER31X", "VASPUN31", "ASPKFL31", "IADLHP31", "ADLHLP31", "AIDHLP31", "MILDIF31", "STNDIF31", "BENDIF31", "RCHDIF31", "FNGRDF31", "WRKLIM31", "ASTHEP31", "ASSTIL31", "FCRP1231", "FAMSZE31", "FAMS1231", "REGION31", "BEGRFY31", "ENDRFY31", "ELGRND31", "PSTATS31", "SPOUIN31", "RTHLTH31", "COGLIM31", "UNABLE31", "VAPRHT31", "VAWAIT31", "VAOUT31", "VAPAST31", "VAGTRC31", "VAPROB31", "VAREP31", "VAPCPR31", "VAPCOT31", "VAPCCO31", "VAPACT31", "VAMOBL31", "VADERM31", "VAHRLS31", "VABACK31", "VAJTPN31", "VAGOUT31", "VAFIBR31", "VATMD31", "VAPTSD31", "VABIPL31", "VADEPR31", "VAPROS31", "VAMNHC31", "VARXMD31", "VACRGV31", "VALCOH31", "MOPID31X", "INSCOV19"]}