{"validation": 0.29194630872483224, "id_test": 0.25838926174496646, "ood_test": 0.5281558095929353, "ood_validation": 0.5304844855743059, "train": 0.2973993288590604, "id_test_conf": [0.209632947799716, 0.3120209568880625], "id_test_balanced": 0.5022522807121277, "id_test_balanced_conf": [0.4984507272625342, 0.5060538341617211], "ood_test_conf": [0.5227577273184507, 0.5335489447025353], "ood_test_balanced": 0.4996785521507263, "ood_test_balanced_conf": [0.49893660042318516, 0.5004205038782675], "features": ["ORIGIN", "HOUSEHOLD_INC", "TANF_ASSISTANCE", "UNEMPLOYMENT_COMP", "SEVERANCE_PAY_PENSION", "CHILD_SUPPORT_AMT", "INCOME_FROM_ASSISTANCE", "INCOME", "VA_BENEFITS_AMOUNT", "DISABILITY_BENEFITS_AMOUNT", "EDUCATION", "RACE", "AGE", "LIVING_OWNERSHIP", "SNAP_ASSISTANCE", "MEDICAID_ASSISTANCE", "DAYS_SICK", "TRANSPORTATION_ASSISTANCE", "VISIT_DOCTOR_NUM", "HEALTH_HEARING", "HEALTH_SEEING", "HEALTH_AMBULATORY", "HEALTH_ERRANDS_DIFFICULTY", "HEALTH_INSURANCE_PREMIUMS", "SOCIAL_SEC_BENEFITS", "CITIZENSHIP_STATUS"]}