{"id_test": 0.8734174306656557, "id_test_conf": [0.8716017234282689, 0.875216535731389], "id_test_balanced": 0.5002025961875916, "id_test_balanced_conf": [0.500138256601349, 0.5002669357738341], "ood_test": 0.8268756842578174, "ood_test_conf": [0.8253206278105507, 0.8284224721300747], "ood_test_balanced": 0.5003894567489624, "ood_test_balanced_conf": [0.5003146234746965, 0.5004642900232283], "validation": 0.8731866852529833, "validation_conf": [0.8713695715553313, 0.8749872069468854], "validation_balanced": 0.5002195835113525, "validation_balanced_conf": [0.5001573377427121, 0.500281829279993], "features": ["HIGH_BLOOD_PRESS", "CVDSTRK3", "RFBING5", "INCOME", "CHECKUP1", "MENTHLTH", "IYEAR", "STATE", "PRACE1"]}