{"validation": 0.8616595946753267, "id_test": 0.8618291552736993, "ood_test": 0.819159655068633, "ood_validation": 0.8195807489989794, "train": 0.8625025011991395, "id_test_conf": [0.8599455015253714, 0.8636967237096713], "id_test_balanced": 0.5434476733207703, "id_test_balanced_conf": [0.5424594512511977, 0.5444358953903429], "ood_test_conf": [0.8175779623265065, 0.8207332746738925], "ood_test_balanced": 0.5563913583755493, "ood_test_balanced_conf": [0.5555459239636548, 0.5572367927874439], "features": ["HIGH_BLOOD_PRESS", "CVDSTRK3", "RFBING5", "INCOME", "CHECKUP1", "MENTHLTH", "IYEAR", "STATE", "PRACE1"]}