{"validation": 0.8727033805277117, "id_test": 0.8737450221549161, "ood_test": 0.8226470845434085, "ood_validation": 0.8258636401292354, "train": 0.8730897356027811, "id_test_conf": [0.871889639643179, 0.8755830198639369], "id_test_balanced": 0.5000542998313904, "id_test_balanced_conf": [0.5000208648738771, 0.5000877347889037], "ood_test_conf": [0.8210343879729949, 0.8242511688361744], "ood_test_balanced": 0.5001693964004517, "ood_test_balanced_conf": [0.5001253244723194, 0.5002134683285839], "features": ["HIGH_BLOOD_PRESS", "CHOL_CHK_PAST_5_YEARS", "TOLDHI", "BMI5", "BMI5CAT", "SMOKDAY2", "CVDSTRK3", "VEG_ONCE_PER_DAY", "DRNK_PER_WEEK", "INCOME", "EDUCA", "HEALTH_COV", "IYEAR", "STATE", "SEX", "IYEAR", "STATE", "MEDCOST", "PRACE1"]}