{"validation": 0.8142101632559209, "id_test": 0.8108045977011494, "ood_test": 0.758230888794687, "ood_validation": 0.7638830012717253, "train": 0.8080239107943442, "id_test_conf": [0.7988434223910057, 0.8223469279692728], "id_test_balanced": 0.7162068486213684, "id_test_balanced_conf": [0.7080899900943041, 0.7243237071484327], "ood_test_conf": [0.752412989857706, 0.7639780048434748], "ood_test_balanced": 0.7104427814483643, "ood_test_balanced_conf": [0.7068619348062203, 0.7140236280905082], "features": ["VCF0004", "VCF0301", "VCF0302", "VCF9201", "VCF9202", "VCF9203", "VCF0523", "VCF0428", "VCF0875", "VCF0870", "VCF0838", "VCF9239", "VCF0601", "VCF0606", "VCF0615", "VCF0310", "VCF0717", "VCF0718", "VCF0701", "VCF0725", "VCF0745", "VCF0115", "VCF0112"]}