{"validation": 0.7828412020424097, "id_test": 0.7817114033651369, "ood_test": 0.4227738400761973, "ood_validation": 0.42043003653329813, "train": 0.782024781784657, "id_test_conf": [0.7805646809121445, 0.7828548657145322], "id_test_balanced": 0.5361807346343994, "id_test_balanced_conf": [0.5357378181512468, 0.5366236511175521], "ood_test_conf": [0.4217028941585748, 0.423845332983366], "ood_test_balanced": 0.5401576161384583, "ood_test_balanced_conf": [0.5397733202163363, 0.5405419120605802], "features": ["ANC", "DREM", "PINCP", "ESR", "FER", "SEX", "CIT", "RAC1P", "SCHL", "ACS_YEAR", "DIS"]}