{"validation": 0.780896240073006, "id_test": 0.7796945577117388, "ood_test": 0.43263473602998986, "ood_validation": 0.4293872969760993, "train": 0.7799113335192096, "id_test_conf": [0.7785440574202501, 0.7808418212519159], "id_test_balanced": 0.5255019664764404, "id_test_balanced_conf": [0.5251221020362573, 0.5258818309166235], "ood_test_conf": [0.4315606321921073, 0.4337093170120625], "ood_test_balanced": 0.5474674701690674, "ood_test_balanced_conf": [0.547061379662482, 0.5478735606756527], "features": ["ANC", "DREM", "PINCP", "ESR", "FER", "SEX", "CIT", "RAC1P", "SCHL", "ACS_YEAR", "DIS"]}