{"validation": 0.9722490766217992, "id_test": 0.9717039010937936, "ood_test": 0.9603388525221409, "ood_validation": 0.961001100110011, "train": 0.971376869411905, "id_test_conf": [0.970883231954871, 0.9725075632191531], "id_test_balanced": 0.581714928150177, "id_test_balanced_conf": [0.5808128623128869, 0.5826169939874671], "ood_test_conf": [0.9593819406833285, 0.9612794078291687], "ood_test_balanced": 0.6153698563575745, "ood_test_balanced_conf": [0.6143489393452183, 0.6163907733699306], "features": ["ENG", "WKHP", "OCCP", "DIS", "ESP", "MIL", "NATIVITY", "DEAR", "DEYE", "DREM", "MAR", "CIT", "ACS_YEAR", "SCHL"]}