{"validation": 0.7841910935119344, "id_test": 0.7834486862546977, "ood_test": 0.4453200175576523, "ood_validation": 0.44320832783133063, "train": 0.7830197274308212, "id_test_conf": [0.7823052499977856, 0.784588842292365], "id_test_balanced": 0.5446632504463196, "id_test_balanced_conf": [0.5441788911703043, 0.5451476097223349], "ood_test_conf": [0.44424248800243726, 0.4463979344070383], "ood_test_balanced": 0.5510522723197937, "ood_test_balanced_conf": [0.5505752559693065, 0.551529288670281], "features": ["ESP", "ANC", "DREM", "PINCP", "AGEP", "SEX", "MAR", "SCHL", "DIVISION", "DIS"]}