{"validation": 0.8285067470461801, "id_test": 0.8251513455766394, "ood_test": 0.8000941118703712, "ood_validation": 0.8004050819370282, "train": 0.8260510827989024, "id_test_conf": [0.8224780483006938, 0.8278006295738944], "id_test_balanced": 0.5955890417098999, "id_test_balanced_conf": [0.594003021591343, 0.5971750618284568], "ood_test_conf": [0.796520629462293, 0.803631919354816], "ood_test_balanced": 0.6028765439987183, "ood_test_balanced_conf": [0.6007460625376553, 0.6050070254597812], "features": ["FER", "RELP", "WKHP", "WRK", "DIS", "MIL", "DEAR", "DREM", "PUBCOV", "AGEP", "SEX", "CIT", "DIVISION"]}