{"validation": 0.804552770751897, "id_test": 0.7960919540229885, "ood_test": 0.7303471339079648, "ood_validation": 0.7320898685883849, "train": 0.7920738015863893, "id_test_conf": [0.783807036595294, 0.807977995748684], "id_test_balanced": 0.6929700374603271, "id_test_balanced_conf": [0.6848714711889624, 0.7010686037316919], "ood_test_conf": [0.7243229225470462, 0.7363082174581601], "ood_test_balanced": 0.6792569756507874, "ood_test_balanced_conf": [0.6756383641529828, 0.6828755871485919], "features": ["VCF0004", "VCF0224", "VCF9010", "VCF9205", "VCF0429", "VCF9052", "VCF0843", "VCF9045", "VCF9239", "VCF0846", "VCF0601", "VCF0606", "VCF0615", "VCF0617", "VCF0310", "VCF0743", "VCF0717", "VCF0720", "VCF0721", "VCF0724", "VCF0104", "VCF0140a", "VCF0112"]}