{"validation": 0.795815129914923, "id_test": 0.7887356321839081, "ood_test": 0.7154632377184306, "ood_validation": 0.7181008902077152, "train": 0.7833659041269111, "id_test_conf": [0.7762981833052399, 0.8007841781979133], "id_test_balanced": 0.6722716093063354, "id_test_balanced_conf": [0.6644542355835438, 0.6800889830291271], "ood_test_conf": [0.7093413523113699, 0.7215260793547749], "ood_test_balanced": 0.658673107624054, "ood_test_balanced_conf": [0.6551852774946019, 0.662160937753506], "features": ["VCF0004", "VCF0224", "VCF9010", "VCF9205", "VCF0429", "VCF9052", "VCF0843", "VCF9045", "VCF9239", "VCF0846", "VCF0601", "VCF0606", "VCF0615", "VCF0617", "VCF0310", "VCF0743", "VCF0717", "VCF0720", "VCF0721", "VCF0724", "VCF0104", "VCF0140a", "VCF0112"]}