{"validation": 0.839705738916441, "id_test": 0.8410937628954931, "ood_test": 0.44333683105981114, "ood_validation": 0.5424528301886793, "train": 0.8398012497854657, "id_test_conf": [0.8397003436639919, 0.8424797618709768], "id_test_balanced": 0.7401893138885498, "id_test_balanced_conf": [0.739238110887818, 0.7411405168892816], "ood_test_conf": [0.42087396343299993, 0.4659743243902479], "ood_test_balanced": 0.5060521364212036, "ood_test_balanced_conf": [0.503597485604696, 0.5085067872377113], "features": ["Average_confidence(FRUSTRATED)", "hint_count", "skill_id", "problem_type", "bottom_hint", "position", "type", "overlap_time", "school_id"]}