{"validation": 0.8436259688032233, "id_test": 0.8451940607579361, "ood_test": 0.4422875131164743, "ood_validation": 0.5424528301886793, "train": 0.843779630353862, "id_test_conf": [0.8438152842202065, 0.8465653276969272], "id_test_balanced": 0.7463987469673157, "id_test_balanced_conf": [0.7454485306481365, 0.7473489632864948], "ood_test_conf": [0.4198316791579562, 0.4649212072436826], "ood_test_balanced": 0.5051210522651672, "ood_test_balanced_conf": [0.5028609747998416, 0.5073811297304929], "features": ["Average_confidence(FRUSTRATED)", "hint_count", "skill_id", "problem_type", "bottom_hint", "position", "type", "overlap_time", "school_id"]}