{"id_test": 0.8329475504909193, "id_test_conf": [0.8303215970674682, 0.8355489134457789], "id_test_balanced": 0.6356574892997742, "id_test_balanced_conf": [0.6338771378085949, 0.6374378407909534], "ood_test": 0.8037562911739433, "ood_test_conf": [0.8002071846788144, 0.8072692864295907], "ood_test_balanced": 0.633757472038269, "ood_test_balanced_conf": [0.6314115881314502, 0.6361033559450879], "validation": 0.8369771198188918, "validation_conf": [0.8343764151764932, 0.8395529352758674], "validation_balanced": 0.6366771459579468, "validation_balanced_conf": [0.6349034239491448, 0.6384508679667488], "features": ["ENG", "RELP", "WKW", "WRK", "MIL", "ANC", "NATIVITY", "DEAR", "DEYE", "DREM", "PUBCOV", "AGEP", "SEX", "ST", "CIT", "RAC1P", "DIVISION"]}