{"validation": 0.9286452451078091, "id_test": 0.9287599236739831, "ood_test": 0.583420776495278, "ood_validation": 0.6745283018867925, "train": 0.9282296650717703, "id_test_conf": [0.9277849322317394, 0.9297257317033875], "id_test_balanced": 0.8835681676864624, "id_test_balanced_conf": [0.8827714633184951, 0.8843648720544297], "ood_test_conf": [0.560911827534833, 0.6056726076827481], "ood_test_balanced": 0.6303538084030151, "ood_test_balanced_conf": [0.6204989674501121, 0.6402086493559181], "features": ["Average_confidence(CONCENTRATING)", "attempt_count", "skill_id", "problem_type", "ms_first_response", "overlap_time", "first_action", "school_id"]}