{"validation": 0.8587789097940061, "id_test": 0.8591825984569145, "ood_test": 0.8166626938286545, "ood_validation": 0.8125412541254126, "15": 0.8271945087397239, "16": 0.8648561705297733, "17": 0.8061148117655864, "18": 0.7877414686234192, "19": 0.8939936511907927, "20": 0.9028634233025067, "21": 0.9491607881294089, "22": 0.9542083198968074, "23": 0.960255342769914, "id_test_conf": [0.8574759205117738, 0.8608763604447598], "id_test_balanced": 0.57077956199646, "id_test_balanced_conf": [0.569446423505433, 0.572112700487487], "ood_test_conf": [0.8147790874782236, 0.8185350724300362], "ood_test_balanced": 0.5517486929893494, "ood_test_balanced_conf": [0.5503777344245464, 0.5531196515541523], "features": ["SCHL", "AGEP", "SEX", "RAC1P", "ACS_YEAR", "POBP", "DIS", "ANC", "NATIVITY", "DEAR", "DEYE", "DREM", "DPHY"]}