{"validation": 0.879936045214546, "id_test": 0.8798128466520001, "ood_test": 0.8241560775253498, "ood_validation": 0.8217271727172717, "15": 0.8480261792641073, "16": 0.8540033523525726, "17": 0.8413573085846868, "18": 0.8260719927283638, "19": 0.9092323570345119, "20": 0.9213868240756276, "21": 0.9506118991100412, "22": 0.9512343688415923, "23": 0.9609769636414099, "id_test_conf": [0.8782163207601222, 0.8813957124419611], "id_test_balanced": 0.5626262426376343, "id_test_balanced_conf": [0.5613806444825604, 0.5638718407927081], "ood_test_conf": [0.8223026487708823, 0.8259980124347037], "ood_test_balanced": 0.547227144241333, "ood_test_balanced_conf": [0.5458893154049292, 0.5485649730777368], "features": ["SCHL", "AGEP", "SEX", "RAC1P", "ACS_YEAR", "POBP", "DIS", "ANC", "NATIVITY", "DEAR", "DEYE", "DREM", "DPHY"]}