{"validation": 0.891357427926923, "id_test": 0.889945155393053, "ood_test": 0.8342776463685204, "ood_validation": 0.8338833883388339, "15": 0.8576103440019156, "16": 0.870409562670369, "17": 0.8499176708330215, "18": 0.8409153083826787, "19": 0.9210308214358317, "20": 0.9308676552661583, "21": 0.9600483144465228, "22": 0.9622344046723279, "23": 0.9669164585067999, "id_test_conf": [0.8884080789347616, 0.8914682059244907], "id_test_balanced": 0.55796879529953, "id_test_balanced_conf": [0.556774337333627, 0.559163253265433], "ood_test_conf": [0.8324669496437265, 0.836076489741902], "ood_test_balanced": 0.5435861945152283, "ood_test_balanced_conf": [0.542290170697961, 0.5448822183324955], "features": ["SCHL", "AGEP", "SEX", "RAC1P", "ACS_YEAR", "POBP", "DIS", "ANC", "NATIVITY", "DEAR", "DEYE", "DREM", "DPHY"]}