{"validation": 0.03777174586648819, "id_test": 0.03850277321600099, "ood_test": 0.05374333021618351, "ood_validation": 0.05264026402640264, "15": 0.05107829834783303, "16": 0.056989993735502766, "17": 0.047404760122745304, "18": 0.04159128815623428, "19": 0.033862922015981484, "20": 0.028459613165652615, "21": 0.021984750752816244, "22": 0.01805869074492099, "23": 0.018429086872051068, "id_test_conf": [0.037569194575054934, 0.039452979291730125], "id_test_balanced": 0.5015372633934021, "id_test_balanced_conf": [0.5013374005546212, 0.501737126232183], "ood_test_conf": [0.05265546961524545, 0.0548470379047846], "ood_test_balanced": 0.5002222657203674, "ood_test_balanced_conf": [0.5000603072228842, 0.5003842242178507], "features": ["SCHL", "AGEP", "SEX", "RAC1P", "ACS_YEAR", "POBP", "DIS", "ANC", "NATIVITY", "DEAR", "DEYE", "DREM", "DPHY"]}