{"validation": 0.7124017748692397, "id_test": 0.7119511666098597, "ood_test": 0.6837620942357177, "ood_validation": 0.6845434543454345, "15": 0.6783621996967036, "16": 0.7310837580210962, "17": 0.650606242047751, "18": 0.5991951781286127, "19": 0.7606295641839591, "20": 0.7600312261395658, "21": 0.8449072714919602, "22": 0.8437779927621915, "23": 0.862225922842076, "id_test_conf": [0.7097347355002694, 0.7141599803675829], "id_test_balanced": 0.6066799163818359, "id_test_balanced_conf": [0.6050402083969675, 0.6083196243667044], "ood_test_conf": [0.681502588775717, 0.6860150864933237], "ood_test_balanced": 0.5874456167221069, "ood_test_balanced_conf": [0.585799447989557, 0.5890917854546569], "features": ["SCHL", "AGEP", "SEX", "RAC1P", "ACS_YEAR", "POBP", "DIS", "ANC", "NATIVITY", "DEAR", "DEYE", "DREM", "DPHY"]}