{"validation": 0.753718301479884, "id_test": 0.7531249031698324, "ood_test": 0.7084364743201863, "ood_validation": 0.7056105610561056, "15": 0.707379679144385, "16": 0.7506391480283765, "17": 0.6836408202978819, "18": 0.6437118878897253, "19": 0.8032260082253045, "20": 0.8175119751560451, "21": 0.8891200228151553, "22": 0.8880647819699738, "23": 0.9076325284485152, "id_test_conf": [0.7510134147059241, 0.7552272936837622], "id_test_balanced": 0.604207456111908, "id_test_balanced_conf": [0.602612799720373, 0.605802112503443], "ood_test_conf": [0.7062275279363632, 0.7106380326441617], "ood_test_balanced": 0.5868195295333862, "ood_test_balanced_conf": [0.5851975875208154, 0.588441471545957], "features": ["SCHL", "AGEP", "SEX", "RAC1P", "ACS_YEAR", "POBP", "DIS", "ANC", "NATIVITY", "DEAR", "DEYE", "DREM", "DPHY"]}