{"validation": 0.898794030886691, "id_test": 0.8977349487187433, "ood_test": 0.8484942943934087, "ood_validation": 0.8477997799779978, "15": 0.8667890494053795, "16": 0.8904559538120312, "17": 0.8575237631913779, "18": 0.8496297995887643, "19": 0.928294422117625, "20": 0.9367602195416742, "21": 0.964158397570857, "22": 0.9678598301623133, "23": 0.9708021093533167, "id_test_conf": [0.896246334288697, 0.8992092557705907], "id_test_balanced": 0.5545742511749268, "id_test_balanced_conf": [0.553421914705541, 0.5557265876443125], "ood_test_conf": [0.8467477415934879, 0.850228488698359], "ood_test_balanced": 0.5455823540687561, "ood_test_balanced_conf": [0.5443286645202897, 0.5468360436172225], "features": ["SCHL", "AGEP", "SEX", "RAC1P", "ACS_YEAR", "POBP", "DIS", "ANC", "NATIVITY", "DEAR", "DEYE", "DREM", "DPHY"]}