{"validation": 0.9461527974021468, "id_test": 0.9453537012363276, "ood_test": 0.9080563042827193, "ood_validation": 0.90995599559956, "15": 0.9246356453028973, "16": 0.9323772920440885, "17": 0.9221708704438291, "18": 0.925068612829496, "19": 0.9616960390311029, "20": 0.9685855448995594, "21": 0.9786443436029492, "22": 0.982657923967179, "23": 0.982459061892867, "id_test_conf": [0.9442336034056694, 0.9464577639769702], "id_test_balanced": 0.5250269770622253, "id_test_balanced_conf": [0.5242859490402043, 0.5257680050842464], "ood_test_conf": [0.9066459076867811, 0.9094522220625567], "ood_test_balanced": 0.5208206176757812, "ood_test_balanced_conf": [0.5199593052605632, 0.5216819300909993], "features": ["SCHL", "AGEP", "SEX", "RAC1P", "ACS_YEAR", "POBP", "DIS", "ANC", "NATIVITY", "DEAR", "DEYE", "DREM", "DPHY"]}