{"validation": 0.8217114715745912, "id_test": 0.8230797459976278, "ood_test": 0.766190210013575, "ood_validation": 0.7859195402298851, "train": 0.8228328316028752, "id_test_conf": [0.8221200793909919, 0.8240363452081161], "id_test_balanced": 0.7331552505493164, "id_test_balanced_conf": [0.7325112345383968, 0.733799266560236], "ood_test_conf": [0.7586759118932694, 0.7735806020086766], "ood_test_balanced": 0.7045748829841614, "ood_test_balanced_conf": [0.7000278523471206, 0.7091219136212021], "features": ["Average_confidence(BORED)", "Average_confidence(CONFUSED)", "hint_count", "problem_type", "overlap_time", "school_id"]}