{"validation": 0.7181208053691275, "id_test": 0.7483221476510067, "ood_test": 0.4716022500453638, "ood_validation": 0.47223734349482854, "train": 0.7021812080536913, "id_test_conf": [0.6950462352528248, 0.7965854697688628], "id_test_balanced": 0.5065789222717285, "id_test_balanced_conf": [0.5001099543925375, 0.5130478901509196], "ood_test_conf": [0.46620928389390665, 0.4770002058727587], "ood_test_balanced": 0.5003500580787659, "ood_test_balanced_conf": [0.4998173593357205, 0.5008827568218112], "features": ["LIVING_QUARTERS_TYPE", "MARITAL_STATUS", "RECEIVED_WORK_COMP", "UNEMPLOYMENT_COMP", "SEVERANCE_PAY_PENSION", "FOSTER_CHILD_CARE_AMT", "INCOME", "SURVIVOR_INCOME_AMOUNT", "DISABILITY_BENEFITS_AMOUNT", "FOOD_ASSISTANCE", "EDUCATION", "LIVING_OWNERSHIP", "MEDICARE_ASSISTANCE", "HEALTHDISAB", "DAYS_SICK", "HOSPITAL_NIGHTS", "TRANSPORTATION_ASSISTANCE", "HEALTH_COGNITIVE", "HEALTH_SELF_CARE", "HEALTH_CORE_DISABILITY", "HEALTH_SUPPLEMENTAL_DISABILITY", "HEALTH_INSURANCE_PREMIUMS", "CITIZENSHIP_STATUS"]}