{"validation": 0.2785234899328859, "id_test": 0.26174496644295303, "ood_test": 0.5051109901409303, "ood_validation": 0.5021774632553075, "train": 0.2860738255033557, "id_test_conf": [0.2127478722670272, 0.315548906624443], "id_test_balanced": 0.48719772696495056, "id_test_balanced_conf": [0.4715310862660408, 0.5028643676638603], "ood_test_conf": [0.49970666321115464, 0.5105144190405113], "ood_test_balanced": 0.47954061627388, "ood_test_balanced_conf": [0.4777425564243458, 0.4813386761234142], "features": ["LIVING_QUARTERS_TYPE", "MARITAL_STATUS", "RECEIVED_WORK_COMP", "UNEMPLOYMENT_COMP", "SEVERANCE_PAY_PENSION", "FOSTER_CHILD_CARE_AMT", "INCOME", "SURVIVOR_INCOME_AMOUNT", "DISABILITY_BENEFITS_AMOUNT", "FOOD_ASSISTANCE", "EDUCATION", "LIVING_OWNERSHIP", "MEDICARE_ASSISTANCE", "HEALTHDISAB", "DAYS_SICK", "HOSPITAL_NIGHTS", "TRANSPORTATION_ASSISTANCE", "HEALTH_COGNITIVE", "HEALTH_SELF_CARE", "HEALTH_CORE_DISABILITY", "HEALTH_SUPPLEMENTAL_DISABILITY", "HEALTH_INSURANCE_PREMIUMS", "CITIZENSHIP_STATUS"]}