{"validation": 0.8770867176594477, "id_test": 0.8760826442233125, "ood_test": 0.8278801767265972, "ood_validation": 0.832930193082962, "train": 0.8768723080549424, "id_test_conf": [0.874224569497203, 0.8779228957891043], "id_test_balanced": 0.5210776329040527, "id_test_balanced_conf": [0.5204683430411388, 0.5216869227669667], "ood_test_conf": [0.8262667757167317, 0.8294846110213715], "ood_test_balanced": 0.5188722610473633, "ood_test_balanced_conf": [0.5184130201954394, 0.5193315018992871], "features": ["PHYSHLTH", "HIGH_BLOOD_PRESS", "TOLDHI", "BMI5", "BMI5CAT", "SMOKE100", "SMOKDAY2", "CVDSTRK3", "FRUIT_ONCE_PER_DAY", "DRNK_PER_WEEK", "RFBING5", "CHECKUP1", "EDUCA", "IYEAR", "IYEAR", "STATE", "MEDCOST", "PRACE1"]}