{"id_test": 0.877633651970188, "id_test_conf": [0.8757855011338076, 0.879463905857819], "id_test_balanced": 0.5516494512557983, "id_test_balanced_conf": [0.5507051181758288, 0.5525937843357679], "ood_test": 0.8308224765299723, "ood_test_conf": [0.8292199981053763, 0.8324159076541863], "ood_test_balanced": 0.5502552390098572, "ood_test_balanced_conf": [0.5495127651060465, 0.5509977129136678], "validation": 0.8777234471555334, "validation_conf": [0.8758758737754058, 0.8795531193146998], "validation_balanced": 0.5473872423171997, "validation_balanced_conf": [0.5464664145850111, 0.5483080700493883], "features": ["PHYSHLTH", "HIGH_BLOOD_PRESS", "TOLDHI", "BMI5", "BMI5CAT", "SMOKE100", "SMOKDAY2", "CVDSTRK3", "FRUIT_ONCE_PER_DAY", "DRNK_PER_WEEK", "RFBING5", "CHECKUP1", "EDUCA", "IYEAR", "IYEAR", "STATE", "MEDCOST", "PRACE1"]}