{"validation": 0.7767302828236377, "id_test": 0.76, "ood_test": 0.7325608779614714, "ood_validation": 0.7342094107672743, "train": 0.7633348660765605, "id_test_conf": [0.7470213736894512, 0.772628618132673], "id_test_balanced": 0.6987042427062988, "id_test_balanced_conf": [0.6895973233692348, 0.7078111620433628], "ood_test_conf": [0.726551911697972, 0.7385061088630719], "ood_test_balanced": 0.6991684436798096, "ood_test_balanced_conf": [0.6951432009600103, 0.7031936863996089], "features": ["VCF0901b", "VCF0218", "VCF9008", "VCF9010", "VCF9201", "VCF9203", "VCF9205", "VCF9206", "VCF0875", "VCF0809", "VCF0870", "VCF9045", "VCF9239", "VCF0846", "VCF0601", "VCF0606", "VCF0612", "VCF0310", "VCF0720", "VCF0675", "VCF0725", "VCF0105a", "VCF0112"]}