{"id_test": 0.6377420107301143, "id_test_conf": [0.6231473012669828, 0.652148802086022], "id_test_balanced": 0.6045135259628296, "id_test_balanced_conf": [0.5950514108501375, 0.6139756410755217], "ood_test": 0.595393187882593, "ood_test_conf": [0.5911169823736475, 0.599658526498926], "ood_test_balanced": 0.593788206577301, "ood_test_balanced_conf": [0.5908812066772953, 0.5966952064773068], "validation": 0.6304246383574429, "validation_conf": [0.6157722536978871, 0.6448990540247965], "validation_balanced": 0.6009036302566528, "validation_balanced_conf": [0.5913383950851858, 0.6104688654281198], "features": ["gender", "time_in_hospital", "payer_code", "number_inpatient", "diag_1", "number_diagnoses", "A1Cresult", "repaglinide", "glyburide", "rosiglitazone", "acarbose", "miglitol", "tolazamide", "examide", "citoglipton", "glipizide-metformin", "metformin-rosiglitazone", "metformin-pioglitazone", "diabetesMed", "admission_source_id"]}