{"validation": 0.6697908426415213, "id_test": 0.6700966990684488, "ood_test": 0.6652922501350266, "ood_validation": 0.6642560758743331, "train": 0.6712432255405526, "id_test_conf": [0.667772183620726, 0.6724149721278139], "id_test_balanced": 0.6303353905677795, "id_test_balanced_conf": [0.6286974678165279, 0.6319733133190312], "ood_test_conf": [0.6619225227140695, 0.668649340603567], "ood_test_balanced": 0.642332911491394, "ood_test_balanced_conf": [0.6399892125790939, 0.6446766104036942], "features": ["ENG", "WKW", "WRK", "AGEP", "DIVISION"]}