{"validation": 0.8307070090426952, "id_test": 0.8295263773719286, "ood_test": 0.8034289455378698, "ood_validation": 0.8004050819370282, "train": 0.8296821394618278, "id_test_conf": [0.826879402877486, 0.8321490147051009], "id_test_balanced": 0.6148617267608643, "id_test_balanced_conf": [0.6131766739790327, 0.6165467795426958], "ood_test_conf": [0.7998776410284726, 0.806944177810321], "ood_test_balanced": 0.6091235876083374, "ood_test_balanced_conf": [0.6069719238393009, 0.6112752513773739], "features": ["FER", "HUPAC", "NWLA", "WKHP", "WKW", "ANC", "DREM", "PUBCOV", "AGEP", "ST", "CIT", "SCHL", "DIVISION"]}