{"id_test": 0.8357200997100269, "id_test_conf": [0.8331114705634075, 0.8383039330793135], "id_test_balanced": 0.646202564239502, "id_test_balanced_conf": [0.6443889433774166, 0.6480161851015873], "ood_test": 0.8064568926715495, "ood_test_conf": [0.8029260650955414, 0.8099512872199511], "ood_test_balanced": 0.6461801528930664, "ood_test_balanced_conf": [0.6437783782137558, 0.648581927572377], "validation": 0.8387703969374388, "validation_conf": [0.8361811162479045, 0.8413346556263464], "validation_balanced": 0.6469550132751465, "validation_balanced_conf": [0.6451432211138308, 0.6487668054364621], "features": ["FER", "HUPAC", "NWLA", "WKHP", "WKW", "ANC", "DREM", "PUBCOV", "AGEP", "ST", "CIT", "SCHL", "DIVISION"]}