{"validation": 0.747732810176249, "id_test": 0.7490507290400972, "ood_test": 0.7289852590533651, "ood_validation": 0.728275044457617, "train": 0.7498676948366575, "id_test_conf": [0.7469053106978383, 0.7511870060618321], "id_test_balanced": 0.6745238304138184, "id_test_balanced_conf": [0.6730599525384605, 0.6759877082891762], "ood_test_conf": [0.7258080362717327, 0.7321449726160477], "ood_test_balanced": 0.7033208608627319, "ood_test_balanced_conf": [0.7011118804616854, 0.7055298412637785], "features": ["ENG", "HINS2", "HINS3", "POBP", "WRK", "AGEP", "MAR", "SCHL", "DIVISION"]}