{"validation": 0.9721933020996009, "id_test": 0.9716915068323366, "ood_test": 0.9602960681127797, "ood_validation": 0.9608910891089109, "train": 0.9713358132300061, "id_test_conf": [0.9708706659251243, 0.9724953411910585], "id_test_balanced": 0.5816200971603394, "id_test_balanced_conf": [0.5807184170512483, 0.5825217772694304], "ood_test_conf": [0.9593386682179732, 0.9612371130319557], "ood_test_balanced": 0.614730179309845, "ood_test_balanced_conf": [0.6137113638943993, 0.6157489947252907], "features": ["WRK", "OCCP", "DIS", "MIG", "NATIVITY", "DPHY", "ST", "MAR", "SCHL"]}