{"validation": 0.8765969257393817, "id_test": 0.877217328838132, "ood_test": 0.8281819510654048, "ood_validation": 0.8338213452153618, "train": 0.8769927153581556, "id_test_conf": [0.8753665048903311, 0.8790502756443481], "id_test_balanced": 0.5394382476806641, "id_test_balanced_conf": [0.5386080745747313, 0.5402684207865969], "ood_test_conf": [0.8265696623804457, 0.8297852647703736], "ood_test_balanced": 0.5307084918022156, "ood_test_balanced_conf": [0.530112017961219, 0.5313049656432122], "features": ["PHYSHLTH", "HIGH_BLOOD_PRESS", "BMI5", "BMI5CAT", "SMOKE100", "CVDSTRK3", "MICHD", "FRUIT_ONCE_PER_DAY", "VEG_ONCE_PER_DAY", "DRNK_PER_WEEK", "MEDCOST", "STATE", "SEX", "PRACE1", "IYEAR"]}