{"validation": 0.8418100652447632, "id_test": 0.8417993590069696, "ood_test": 0.8166250664920823, "ood_validation": 0.8169766157245443, "train": 0.8405403342988594, "id_test_conf": [0.8392296479825061, 0.8443438239942561], "id_test_balanced": 0.6432401537895203, "id_test_balanced_conf": [0.6414834875613451, 0.6449968200176954], "ood_test_conf": [0.8131654487592181, 0.8200470393243116], "ood_test_balanced": 0.6585442423820496, "ood_test_balanced_conf": [0.6561551032960415, 0.6609333814680576], "features": ["ENG", "FER", "HUPAC", "WIF", "NWLA", "NWLK", "OCCP", "POBP", "WKHP", "WKW", "WRK", "DIS", "MIL", "ANC", "NATIVITY", "DEAR", "DEYE", "DREM", "PUBCOV", "AGEP", "SEX", "ST", "MAR", "CIT", "RAC1P", "SCHL", "DIVISION", "ACS_YEAR"]}