{"validation": 0.7876476943015011, "id_test": 0.7867455299910939, "ood_test": 0.45656009399946446, "ood_validation": 0.45393723315286766, "train": 0.7867778562940047, "id_test_conf": [0.785608412392991, 0.7878793291956236], "id_test_balanced": 0.5578462481498718, "id_test_balanced_conf": [0.5573100269131828, 0.5583824693865609], "ood_test_conf": [0.4554801227220148, 0.457640372957966], "ood_test_balanced": 0.558131992816925, "ood_test_balanced_conf": [0.557629003644688, 0.5586349819891621], "features": ["ESP", "MIG", "DEYE", "DREM", "ESR", "FER", "AGEP", "SEX", "CIT", "SCHL", "DIVISION", "DIS"]}