{"validation": 0.6141574911879065, "id_test": 0.6140261627906977, "ood_test": 0.4522757892158364, "ood_validation": 0.451421780541155, "train": 0.6094388044786627, "id_test_conf": [0.6082444995102464, 0.6197837424511242], "id_test_balanced": 0.523324191570282, "id_test_balanced_conf": [0.521348506337963, 0.5252998768026009], "ood_test_conf": [0.4509256112202667, 0.45362649638416613], "ood_test_balanced": 0.5227563381195068, "ood_test_balanced_conf": [0.5222476841846947, 0.523264992054319], "features": ["RFBING5", "SMOKDAY2", "CHCSCNCR", "PRACE1", "SEX", "IYEAR", "STATE", "MEDCOST", "PRACE1", "BMI5CAT"]}