{"id_test": 0.8325405707890319, "id_test_conf": [0.8299120962570261, 0.8351444849875033], "id_test_balanced": 0.631181001663208, "id_test_balanced_conf": [0.6294217028771527, 0.6329403004492633], "ood_test": 0.8048610826956913, "ood_test_conf": [0.8013194225259641, 0.8083664999890743], "ood_test_balanced": 0.6323271989822388, "ood_test_balanced_conf": [0.6300013845786452, 0.6346530133858324], "validation": 0.8374731326389154, "validation_conf": [0.8348755765963533, 0.8400457627609953], "validation_balanced": 0.6342115998268127, "validation_balanced_conf": [0.6324543900880962, 0.6359688095655293], "features": ["FER", "WIF", "NWLA", "POBP", "WKW", "WRK", "DEAR", "PUBCOV", "SEX", "ST", "MAR", "RAC1P", "ACS_YEAR", "DIVISION"]}