{"validation": 0.8214099482366108, "id_test": 0.8174187312407794, "ood_test": 0.7867956954048856, "ood_validation": 0.7899097772049346, "train": 0.8192706726993504, "id_test_conf": [0.8147003917420154, 0.8201136297784498], "id_test_balanced": 0.5866364240646362, "id_test_balanced_conf": [0.5850491576595231, 0.5882236904697493], "ood_test_conf": [0.7831375365699367, 0.7904197632722265], "ood_test_balanced": 0.5945537090301514, "ood_test_balanced_conf": [0.5923523147311062, 0.5967551033291966], "features": ["FER", "WIF", "NWLA", "POBP", "WKW", "WRK", "DEAR", "PUBCOV", "SEX", "ST", "MAR", "RAC1P", "ACS_YEAR", "DIVISION"]}