{"validation": 0.7537512261494161, "id_test": 0.7550311360874848, "ood_test": 0.7396161294147093, "ood_validation": 0.7369294605809129, "train": 0.7556669722803873, "id_test_conf": [0.7529028184804611, 0.7571500927164945], "id_test_balanced": 0.6827930212020874, "id_test_balanced_conf": [0.6813305512745864, 0.6842554911295884], "ood_test_conf": [0.7364786170900681, 0.7427353189896484], "ood_test_balanced": 0.7138330936431885, "ood_test_balanced_conf": [0.7116502229683102, 0.7160159643180668], "features": ["HINS4", "NWLA", "NWLK", "OCCP", "POBP", "SEX", "MAR", "CIT", "RAC1P", "ACS_YEAR", "DIVISION"]}