{"id_test": 0.8187919463087249, "id_test_conf": [0.7702749096887339, 0.8608404081009488], "id_test_balanced": 0.7226173877716064, "id_test_balanced_conf": [0.6903126618266106, 0.7549221137166023], "ood_test": 0.7028367507409423, "ood_test_conf": [0.6978781063360506, 0.7077597431774327], "ood_test_balanced": 0.7050100564956665, "ood_test_balanced_conf": [0.7015460091736168, 0.7084741038177162], "validation": 0.7785234899328859, "validation_conf": [0.7270452674730299, 0.8243690332968755], "validation_balanced": 0.6903092861175537, "validation_balanced_conf": [0.6569266843050718, 0.7236918879300356], "features": ["LIVING_QUARTERS_TYPE", "MARITAL_STATUS", "FAMILY_SIZE_AVG", "ORIGIN", "SEVERANCE_PAY_PENSION", "FOSTER_CHILD_CARE_AMT", "INCOME", "UNEMPLOYMENT_COMP_AMOUNT", "SURVIVOR_INCOME_AMOUNT", "FOOD_ASSISTANCE", "RACE", "LIVING_OWNERSHIP", "MEDICARE_ASSISTANCE", "HEALTHDISAB", "DAYS_SICK", "HOSPITAL_NIGHTS", "VISIT_DENTIST_NUM", "HEALTH_OVER_THE_COUNTER_PRODUCTS_PAY", "HEALTH_SEEING", "HEALTH_SELF_CARE", "HEALTH_ERRANDS_DIFFICULTY", "HEALTH_CORE_DISABILITY", "HEALTH_SUPPLEMENTAL_DISABILITY", "SOCIAL_SEC_BENEFITS", "CITIZENSHIP_STATUS"]}