{"validation": 0.9722490766217992, "id_test": 0.9716791125708797, "ood_test": 0.9602960681127797, "ood_validation": 0.9608360836083608, "train": 0.971343559679421, "id_test_conf": [0.9708580999364396, 0.9724831191218887], "id_test_balanced": 0.5813484787940979, "id_test_balanced_conf": [0.5804480436025188, 0.582248913985677], "ood_test_conf": [0.9593386682179732, 0.9612371130319557], "ood_test_balanced": 0.6146179437637329, "ood_test_balanced_conf": [0.6135995356389321, 0.6156363518885337], "features": ["POBP", "OCCP", "NATIVITY", "DEAR", "DEYE", "DREM", "FER", "ST", "RAC1P", "ACS_YEAR", "SCHL"]}