{"validation": 0.787387273360124, "id_test": 0.7868063993519644, "ood_test": 0.7854329412074667, "ood_validation": 0.7758150563129816, "train": 0.787948641073693, "id_test_conf": [0.7847785999300154, 0.7888236704373047], "id_test_balanced": 0.7445076704025269, "id_test_balanced_conf": [0.7430438205925748, 0.7459715202124789], "ood_test_conf": [0.7824951448536421, 0.7883489071381458], "ood_test_balanced": 0.7749423980712891, "ood_test_balanced_conf": [0.7728576442832127, 0.7770271518593654], "features": ["ENG", "HINS1", "HINS3", "NWLK", "OCCP", "POBP", "WKHP", "WKW", "SCHL", "DIVISION"]}