{"validation": 0.8284663140951943, "id_test": 0.828735632183908, "ood_test": 0.7960058405162262, "ood_validation": 0.8020347604917338, "train": 0.8241464536153581, "id_test_conf": [0.8172054546329476, 0.8398225761782481], "id_test_balanced": 0.7648236751556396, "id_test_balanced_conf": [0.7565454364381731, 0.7731019138731062], "ood_test_conf": [0.7905215490319037, 0.8014089674847064], "ood_test_balanced": 0.7662258744239807, "ood_test_balanced_conf": [0.7624898876948282, 0.7699618611531333], "features": ["VCF0004", "VCF0901b", "VCF0218", "VCF0224", "VCF0301", "VCF0302", "VCF9008", "VCF9010", "VCF9011", "VCF9201", "VCF9202", "VCF9203", "VCF9204", "VCF9205", "VCF9206", "VCF0521", "VCF0523", "VCF0428", "VCF0429", "VCF9052", "VCF0809", "VCF0839", "VCF0822", "VCF0870", "VCF0843", "VCF9045", "VCF0838", "VCF9239", "VCF0803", "VCF0846", "VCF0601", "VCF0606", "VCF0612", "VCF0615", "VCF0616", "VCF0617", "VCF0310", "VCF0743", "VCF0717", "VCF0718", "VCF0720", "VCF0721", "VCF0701", "VCF0675", "VCF0724", "VCF0725", "VCF0726", "VCF0745", "VCF0101", "VCF0104", "VCF0105a", "VCF0115", "VCF0140a", "VCF0112"]}