{"validation": 0.8197820087247383, "id_test": 0.8162613827135372, "ood_test": 0.7933221490241008, "ood_validation": 0.7967225188731357, "train": 0.816916209075098, "id_test_conf": [0.8135364598384043, 0.8189629502739416], "id_test_balanced": 0.536544919013977, "id_test_balanced_conf": [0.5355088940286078, 0.5375809439993463], "ood_test_conf": [0.7897048086661541, 0.7969046211384115], "ood_test_balanced": 0.5495543479919434, "ood_test_balanced_conf": [0.5480416433839127, 0.551067052599974], "features": ["HUPAC", "WIF", "NWLA", "OCCP", "WKW", "DIS", "DEYE", "AGEP", "ACS_YEAR", "DIVISION"]}