{"validation": 0.8271967644702202, "id_test": 0.8225568499771074, "ood_test": 0.7978436106223659, "ood_validation": 0.800957466396612, "train": 0.8244962783258984, "id_test_conf": [0.8198682321352248, 0.8252216465852706], "id_test_balanced": 0.568279504776001, "id_test_balanced_conf": [0.566915537007153, 0.5696434725448489], "ood_test_conf": [0.7942553797208018, 0.8013964347007397], "ood_test_balanced": 0.5988948345184326, "ood_test_balanced_conf": [0.5967771339975297, 0.6010125350393355], "features": ["ENG", "HUPAC", "WIF", "NWLA", "POBP", "WKHP", "WRK", "DIS", "ANC", "NATIVITY", "DREM", "ST", "CIT", "SCHL", "ACS_YEAR", "DIVISION"]}