{"id_test": 0.6424518006547836, "id_test_conf": [0.6367531595026592, 0.6481203194941738], "id_test_balanced": 0.575244128704071, "id_test_balanced_conf": [0.5721970399888232, 0.5782912174193189], "ood_test": 0.5666137894567441, "ood_test_conf": [0.5652681254965478, 0.5679587139696873], "ood_test_balanced": 0.6053609848022461, "ood_test_balanced_conf": [0.604535505863605, 0.6061864637408871], "validation": 0.6455074572571844, "validation_conf": [0.6398193535330217, 0.6511647922813089], "validation_balanced": 0.5808570384979248, "validation_balanced_conf": [0.5778382903663442, 0.5838757866295055], "features": ["FRUIT_ONCE_PER_DAY", "DRNK_PER_WEEK", "RFBING5", "CHCOCNCR", "DIABETES", "IYEAR", "MEDCOST", "PRACE1", "SEX", "BMI5CAT"]}