{"validation": 0.6496617500277254, "id_test": 0.6538888067425699, "ood_test": 0.5414656532117804, "ood_validation": 0.5428026030368763, "train": 0.6481509719931057, "id_test_conf": [0.6481850078923561, 0.6595595358355639], "id_test_balanced": 0.609381377696991, "id_test_balanced_conf": [0.6057423288794235, 0.6130204265145585], "ood_test_conf": [0.5401083534675502, 0.5428224897008781], "ood_test_balanced": 0.5854765176773071, "ood_test_balanced_conf": [0.5846725010732189, 0.5862805342813954], "features": ["AGEG5YR", "VEG_ONCE_PER_DAY", "DRNK_PER_WEEK", "RFBING5", "TOTINDA", "SMOKDAY2", "CHCOCNCR", "DIABETES", "EMPLOY1", "PRACE1", "MEDCOST", "PRACE1", "SEX", "BMI5CAT", "IYEAR"]}