{"validation": 0.875264219049787, "id_test": 0.8753861663035348, "ood_test": 0.8277583975693468, "ood_validation": 0.8231496328804119, "train": 0.8753748611578294, "id_test_conf": [0.8735275045842181, 0.8772271108480489], "id_test_balanced": 0.5410430431365967, "id_test_balanced_conf": [0.5401750403165352, 0.5419110459566582], "ood_test_conf": [0.8261491025503276, 0.8293587795632502], "ood_test_balanced": 0.5352435111999512, "ood_test_balanced_conf": [0.5346025386883412, 0.5358844837115612], "features": ["HIGH_BLOOD_PRESS", "BMI5", "SMOKE100", "SMOKDAY2", "CVDSTRK3", "MICHD", "FRUIT_ONCE_PER_DAY", "VEG_ONCE_PER_DAY", "RFBING5", "TOTINDA", "INCOME", "MARITAL", "HEALTH_COV", "MENTHLTH", "STATE", "MEDCOST", "SEX", "MEDCOST", "SEX", "PRACE1", "IYEAR"]}