{"validation": 0.8337975504597658, "id_test": 0.8298570483797121, "ood_test": 0.8009533941650641, "ood_validation": 0.8040876450009207, "train": 0.8316423377391426, "id_test_conf": [0.8272120887240945, 0.8324776463923399], "id_test_balanced": 0.6397033333778381, "id_test_balanced_conf": [0.6378814733796753, 0.641525193376001], "ood_test_conf": [0.7973855891673596, 0.8044854218682305], "ood_test_balanced": 0.6580557823181152, "ood_test_balanced_conf": [0.6555485526751726, 0.6605630119610578], "features": ["WIF", "NWLA", "OCCP", "RELP", "DIS", "MIL", "DEAR", "DREM", "PUBCOV", "ST", "MAR", "CIT", "SCHL", "DIVISION"]}