{"validation": 0.8337721139048927, "id_test": 0.8288268810093097, "ood_test": 0.7963705552600352, "ood_validation": 0.7998526974774443, "train": 0.8307202655567886, "id_test_conf": [0.8261756561840025, 0.831453820460551], "id_test_balanced": 0.6443097591400146, "id_test_balanced_conf": [0.6424598381854594, 0.6461596800945699], "ood_test_conf": [0.7927727647599918, 0.7999331144101827], "ood_test_balanced": 0.6621016263961792, "ood_test_balanced_conf": [0.6595453162910416, 0.6646579365013168], "features": ["WIF", "NWLA", "OCCP", "RELP", "DIS", "MIL", "DEAR", "DREM", "PUBCOV", "ST", "MAR", "CIT", "SCHL", "DIVISION"]}