{"validation": 0.7979558902635826, "id_test": 0.7966914742810854, "ood_test": 0.7822449974312023, "ood_validation": 0.7700059276822763, "train": 0.7979603250633047, "id_test_conf": [0.7946985151830396, 0.7986735417744258], "id_test_balanced": 0.7488498091697693, "id_test_balanced_conf": [0.7474112260970287, 0.7502883922425099], "ood_test_conf": [0.7792916857430616, 0.7851767228581616], "ood_test_balanced": 0.7565751671791077, "ood_test_balanced_conf": [0.7545112607395277, 0.7586390736186877], "features": ["FER", "HINS1", "HINS2", "HINS3", "OCCP", "POBP", "RELP", "WKW", "WRK", "SEX", "ST", "RAC1P", "SCHL", "DIVISION"]}