{"validation": 0.7663829383286397, "id_test": 0.7668337383556095, "ood_test": 0.743594472474345, "ood_validation": 0.7428571428571429, "train": 0.7666216024864669, "id_test_conf": [0.7647408096810997, 0.768916872504724], "id_test_balanced": 0.7022177577018738, "id_test_balanced_conf": [0.7007526136888191, 0.7036829017149284], "ood_test_conf": [0.7404724273933074, 0.7466978903323741], "ood_test_balanced": 0.710668683052063, "ood_test_balanced_conf": [0.7085369899868965, 0.7128003761172295], "features": ["COW", "HINS1", "HINS2", "HINS3", "NWLK", "WRK", "SEX", "MAR", "CIT", "RAC1P", "SCHL", "DIVISION"]}