{"validation": 0.7279489904357067, "id_test": 0.7430997876857749, "ood_test": 0.6923932238864543, "ood_validation": 0.6874632136550912, "train": 0.7402735360509892, "id_test_conf": [0.7139345535164677, 0.7707362104982496], "id_test_balanced": 0.7043510675430298, "id_test_balanced_conf": [0.6861683445051312, 0.7225337905809284], "ood_test_conf": [0.6850091056907607, 0.6997040752554944], "ood_test_balanced": 0.6744943261146545, "ood_test_balanced_conf": [0.669588002152741, 0.6794006500765681], "features": ["JOBORG31", "OFREMP31", "CMJHLD31", "MCRPD31", "MCRPB31", "MCRPHO31", "MCDHMO31", "MCARE31", "GOVAAT31", "GOVTC31", "VAPROG31", "IHS31", "BSNTY31", "IHSAT31", "RETPLN31", "EMPST31", "HRWGIM31", "SELFCM31", "CHOIC31", "INDCAT31", "NUMEMP31", "MORE31", "UNION31", "STJBYY31", "OCCCAT31", "YRSINUS", "PRIDK31", "TRIAT31X", "MCAID31X", "MCDAT31X", "PUB31X", "INS31X", "INSAT31X", "SEX", "RACEV1X", "RACEV2X", "RACEAX", "RACEBX", "HISPANX", "HIDEG", "HWELLSPK", "BORNUSA", "PRIEU31", "MCRPD31X", "TRILI31X", "PRIOG31", "PRIEUO31", "PRSTX31", "PRIV31", "PRIVAT31", "PMEDIN31", "PMDINS31", "PMEDPY31", "FTSTU31X", "REFRL31X", "OFFER31X", "TRIPR31X", "VASPUN31", "VASPMH31", "ASMRCN31", "ASPKFL31", "ADLHLP31", "STPDIF31", "WLKDIF31", "STNDIF31", "ACTLIM31", "SCHLIM31", "VASPOU31", "ASACUT31", "SOCLIM31", "ASTHEP31", "FCRP1231", "RUSIZE31", "RUCLAS31", "FAMSZE31", "FMRS1231", "FAMS1231", "REGION31", "PROXY31", "BEGRFY31", "INSC1231", "SPOUID31", "ACTDTY31", "RTHLTH31", "CHBRON31", "ASATAK31", "COGLIM31", "VAPRHT31", "VALOCT31", "VANTWK31", "VAOUT31", "VAPAST31", "VAMREC31", "VACARC31", "VAPROB31", "VAPCPR31", "VAPCRF31", "VAPCUN31", "VADERM31", "VABACK31", "VAFIBR31", "VABIPL31", "VADEPR31", "VARHAB31", "VALCOH31", "REFPRS31", "AGE31X", "INSCOV19"]}