{"validation": 0.7438894792773645, "id_test": 0.7855626326963907, "ood_test": 0.7201255804827, "ood_validation": 0.7233666862860506, "train": 0.7802416677732041, "id_test_conf": [0.7579493140706443, 0.8113773137331783], "id_test_balanced": 0.7767594456672668, "id_test_balanced_conf": [0.7580851152911783, 0.7954337760433554], "ood_test_conf": [0.7129353167960388, 0.7272320025898019], "ood_test_balanced": 0.7255297899246216, "ood_test_balanced_conf": [0.7205600824113936, 0.7304994974378496], "features": ["JOBORG31", "OFREMP31", "CMJHLD31", "MCRPD31", "MCRPB31", "MCRPHO31", "MCDHMO31", "MCARE31", "GOVAAT31", "GOVTC31", "VAPROG31", "IHS31", "BSNTY31", "IHSAT31", "RETPLN31", "EMPST31", "HRWGIM31", "SELFCM31", "CHOIC31", "INDCAT31", "NUMEMP31", "MORE31", "UNION31", "STJBYY31", "OCCCAT31", "YRSINUS", "PRIDK31", "TRIAT31X", "MCAID31X", "MCDAT31X", "PUB31X", "INS31X", "INSAT31X", "SEX", "RACEV1X", "RACEV2X", "RACEAX", "RACEBX", "HISPANX", "HIDEG", "HWELLSPK", "BORNUSA", "PRIEU31", "MCRPD31X", "TRILI31X", "PRIOG31", "PRIEUO31", "PRSTX31", "PRIV31", "PRIVAT31", "PMEDIN31", "PMDINS31", "PMEDPY31", "FTSTU31X", "REFRL31X", "OFFER31X", "TRIPR31X", "VASPUN31", "VASPMH31", "ASMRCN31", "ASPKFL31", "ADLHLP31", "STPDIF31", "WLKDIF31", "STNDIF31", "ACTLIM31", "SCHLIM31", "VASPOU31", "ASACUT31", "SOCLIM31", "ASTHEP31", "FCRP1231", "RUSIZE31", "RUCLAS31", "FAMSZE31", "FMRS1231", "FAMS1231", "REGION31", "PROXY31", "BEGRFY31", "INSC1231", "SPOUID31", "ACTDTY31", "RTHLTH31", "CHBRON31", "ASATAK31", "COGLIM31", "VAPRHT31", "VALOCT31", "VANTWK31", "VAOUT31", "VAPAST31", "VAMREC31", "VACARC31", "VAPROB31", "VAPCPR31", "VAPCRF31", "VAPCUN31", "VADERM31", "VABACK31", "VAFIBR31", "VABIPL31", "VADEPR31", "VARHAB31", "VALCOH31", "REFPRS31", "AGE31X", "INSCOV19"]}