{"id_test": 0.6127006778451659, "id_test_conf": [0.6069686491967908, 0.6184093368611994], "id_test_balanced": 0.5544872283935547, "id_test_balanced_conf": [0.5512058517243713, 0.5577686050627381], "ood_test": 0.5007233654577924, "ood_test_conf": [0.4993773959803157, 0.5020693270401102], "ood_test_balanced": 0.5497493147850037, "ood_test_balanced_conf": [0.5489891295565758, 0.5505095000134316], "validation": 0.6139850160542276, "validation_conf": [0.6082563533158103, 0.619690042779913], "validation_balanced": 0.5544695258140564, "validation_balanced_conf": [0.5511714312899858, 0.557767620338127], "features": ["FRUIT_ONCE_PER_DAY", "RFBING5", "SMOKDAY2", "CHCSCNCR", "EMPLOY1", "IYEAR", "MEDCOST", "BMI5CAT"]}