{"validation": 0.7547068316299086, "id_test": 0.7569233495342244, "ood_test": 0.7244536364953695, "ood_validation": 0.7241256668642561, "train": 0.7557183913274262, "id_test_conf": [0.7548005574140871, 0.7590367111732799], "id_test_balanced": 0.6619598269462585, "id_test_balanced_conf": [0.6605936441780068, 0.6633260097145103], "ood_test_conf": [0.7212601871501785, 0.7276299233729981], "ood_test_balanced": 0.6776778101921082, "ood_test_balanced_conf": [0.6756290127523243, 0.679726607631892], "features": ["COW", "FER", "HINS4", "POBP", "AGEP", "CIT", "SCHL", "DIVISION"]}