{"validation": 0.9189356482071982, "id_test": 0.9202974122731331, "ood_test": 0.45173137460650575, "ood_validation": 0.5518867924528302, "train": 0.9191920755010724, "id_test_conf": [0.919262835478795, 0.9213228400734338], "id_test_balanced": 0.8714228868484497, "id_test_balanced_conf": [0.870589500424685, 0.8722562732722144], "ood_test_conf": [0.4292158562902504, 0.4743956441387083], "ood_test_balanced": 0.5133655071258545, "ood_test_balanced_conf": [0.5095857349410653, 0.5171452793106437], "features": ["Average_confidence(BORED)", "Average_confidence(CONFUSED)", "attempt_count", "hint_count", "skill_id", "bottom_hint", "ms_first_response", "tutor_mode", "type", "overlap_time", "school_id"]}