{"id_test": 0.8212723202930254, "id_test_conf": [0.8185761955634975, 0.8239447188633179], "id_test_balanced": 0.5833675861358643, "id_test_balanced_conf": [0.5818445600755513, 0.5848906121961772], "ood_test": 0.7968820328164, "ood_test_conf": [0.7932875532460362, 0.8004412201095812], "ood_test_balanced": 0.5948036909103394, "ood_test_balanced_conf": [0.5927159487269819, 0.5968914330936969], "validation": 0.8249837841962685, "validation_conf": [0.8223094739001808, 0.8276340933114082], "validation_balanced": 0.5843143463134766, "validation_balanced_conf": [0.582792064670939, 0.5858366279560141], "features": ["ENG", "FER", "WIF", "RELP", "WRK", "DIS", "NATIVITY", "DEAR", "DREM", "SEX", "MAR", "CIT", "ACS_YEAR", "DIVISION"]}