{"validation": 0.7703635730785052, "id_test": 0.7721686411502633, "ood_test": 0.7637496542003135, "ood_validation": 0.7651452282157676, "train": 0.7721803970025068, "id_test_conf": [0.770092447051002, 0.774234844735463], "id_test_balanced": 0.7218560576438904, "id_test_balanced_conf": [0.7203724754578434, 0.7233396398299373], "ood_test_conf": [0.7607112783442638, 0.7667678600255038], "ood_test_balanced": 0.7438231706619263, "ood_test_balanced_conf": [0.7416830091457814, 0.7459633321780711], "features": ["COW", "ENG", "HINS2", "HINS3", "NWLK", "OCCP", "POBP", "WKHP", "WRK", "AGEP", "MAR", "CIT", "RAC1P", "DIVISION"]}