{"validation": 0.9711645720234997, "id_test": 0.97058222043194, "ood_test": 0.9580101582411941, "ood_validation": 0.9580858085808581, "train": 0.9700669448158437, "id_test_conf": [0.9697461695051615, 0.9714013063831177], "id_test_balanced": 0.6005827784538269, "id_test_balanced_conf": [0.5995924205612391, 0.6015731363464147], "ood_test_conf": [0.9570271038850845, 0.9589769406735944], "ood_test_balanced": 0.6358545422554016, "ood_test_balanced_conf": [0.6347573038819246, 0.6369517806288786], "features": ["RELP", "WKHP", "OCCP", "DIS", "ESP", "ANC", "DEYE", "FER", "AGEP", "CIT", "SCHL"]}