{"validation": 0.8070246495585862, "id_test": 0.8066398339408668, "ood_test": 0.7994888751300866, "ood_validation": 0.7920569057498518, "train": 0.8070258985874001, "id_test_conf": [0.8046838048824174, 0.8085846057359813], "id_test_balanced": 0.7774423360824585, "id_test_balanced_conf": [0.7760201685340143, 0.7788645036309026], "ood_test_conf": [0.7966226623192063, 0.8023321807680068], "ood_test_balanced": 0.7902065515518188, "ood_test_balanced_conf": [0.7881712544849142, 0.7922418486187235], "features": ["COW", "ENG", "FER", "HINS1", "HINS3", "HINS4", "NWLA", "NWLK", "OCCP", "POBP", "RELP", "WKHP", "WKW", "WRK", "AGEP", "SEX", "ST", "MAR", "CIT", "RAC1P", "SCHL", "DIVISION", "ACS_YEAR"]}