{"validation": 0.8074992880422744, "id_test": 0.8072157249898745, "ood_test": 0.7999367680573303, "ood_validation": 0.7898043864848844, "train": 0.8072442317717501, "id_test_conf": [0.8052618932958658, 0.8091582782511176], "id_test_balanced": 0.7621294260025024, "id_test_balanced_conf": [0.7607112318766304, 0.7635476201283745], "ood_test_conf": [0.7970729240599109, 0.8027776705648464], "ood_test_balanced": 0.7832909822463989, "ood_test_balanced_conf": [0.7812595337908715, 0.7853224307019263], "features": ["COW", "ENG", "FER", "HINS1", "HINS3", "HINS4", "NWLA", "NWLK", "OCCP", "POBP", "RELP", "WKHP", "WKW", "WRK", "AGEP", "SEX", "ST", "MAR", "CIT", "RAC1P", "SCHL", "DIVISION", "ACS_YEAR"]}