{"id_test": 0.9362744193428139, "id_test_conf": [0.9353481528761668, 0.9371913401989758], "features": ["Average_confidence(BORED)", "Average_confidence(CONFUSED)", "Average_confidence(FRUSTRATED)", "attempt_count", "skill_id", "problem_type", "position", "type", "first_action", "school_id"], "ood_test": 0.4527806925498426, "ood_test_conf": [0.43025904421898586, 0.47544785792931726], "validation": 0.9357685408685253, "validation_conf": [0.9348388842551381, 0.9366888627645068]}