{"validation": 0.8045248868778281, "id_test": 0.8044248683677603, "ood_test": 0.7898591771943461, "ood_validation": 0.7854179016004742, "train": 0.8050577356792021, "id_test_conf": [0.8024604495576391, 0.8063781113331514], "id_test_balanced": 0.7442599534988403, "id_test_balanced_conf": [0.7428560139751061, 0.7456638930225745], "ood_test_conf": [0.7869433568679329, 0.7927528280668134], "ood_test_balanced": 0.7579843997955322, "ood_test_balanced_conf": [0.7559783076355234, 0.759990491955541], "features": ["FER", "HINS2", "HINS4", "NWLA", "OCCP", "WKHP", "WKW", "WRK", "AGEP", "MAR", "CIT", "RAC1P", "SCHL", "DIVISION"]}