{"id_test": 0.6543834121498727, "id_test_conf": [0.6487273520121183, 0.6600068258855742], "id_test_balanced": 0.6043791770935059, "id_test_balanced_conf": [0.6008584136934951, 0.6078999404935166], "ood_test": 0.5915714493719874, "ood_test_conf": [0.5902364971575524, 0.5929053850885214], "ood_test_balanced": 0.6208072900772095, "ood_test_balanced_conf": [0.6199391224014107, 0.6216754577530083], "validation": 0.6582757366315024, "validation_conf": [0.6526344088131772, 0.6638835945794067], "validation_balanced": 0.6105526685714722, "validation_balanced_conf": [0.6070440629683435, 0.6140612741746009], "features": ["FRUIT_ONCE_PER_DAY", "TOTINDA", "CHCSCNCR", "CHCOCNCR", "DIABETES", "POVERTY", "EMPLOY1", "STATE", "MEDCOST", "PRACE1", "STATE", "MEDCOST", "BMI5CAT", "IYEAR"]}