{"id_test": 0.6543470352855584, "id_test_conf": [0.6486908394309068, 0.6599705924339734], "id_test_balanced": 0.6045321226119995, "id_test_balanced_conf": [0.6010070528835059, 0.6080571923404932], "ood_test": 0.5919756918101632, "ood_test_conf": [0.5906409421175595, 0.5933094205173879], "ood_test_balanced": 0.6210982799530029, "ood_test_balanced_conf": [0.6202297602617182, 0.6219667996442877], "validation": 0.6574026918879593, "validation_conf": [0.6517580232425759, 0.6630140753688569], "validation_balanced": 0.6096605658531189, "validation_balanced_conf": [0.6061504926346243, 0.6131706390716135], "features": ["FRUIT_ONCE_PER_DAY", "TOTINDA", "CHCSCNCR", "CHCOCNCR", "DIABETES", "POVERTY", "EMPLOY1", "STATE", "MEDCOST", "PRACE1", "STATE", "MEDCOST", "BMI5CAT", "IYEAR"]}