{"validation": 0.8218550879468884, "id_test": 0.8181182276033983, "ood_test": 0.7926060804451901, "ood_validation": 0.7980114159454981, "train": 0.820701474361624, "id_test_conf": [0.8154038867300619, 0.820809075749763], "id_test_balanced": 0.5750554800033569, "id_test_balanced_conf": [0.5735745343682356, 0.5765364256384783], "ood_test_conf": [0.7889841930156511, 0.7961931849195414], "ood_test_balanced": 0.6009507179260254, "ood_test_balanced_conf": [0.598754088128917, 0.6031473477231338], "features": ["FER", "HUPAC", "WIF", "NWLA", "RELP", "WRK", "ANC", "NATIVITY", "DEAR", "ST", "CIT", "RAC1P", "DIVISION"]}