{"validation": 0.8752316997821209, "id_test": 0.8751097525283731, "ood_test": 0.8277161987284083, "ood_validation": 0.8244999578023462, "train": 0.8754266887933408, "id_test_conf": [0.8732493432118825, 0.8769524577648897], "id_test_balanced": 0.5326769351959229, "id_test_balanced_conf": [0.5318958811706398, 0.5334579892212059], "ood_test_conf": [0.8261067488466113, 0.8293167367343137], "ood_test_balanced": 0.530160129070282, "ood_test_balanced_conf": [0.5295683211029973, 0.5307519370375666], "features": ["TOLDHI", "BMI5", "SMOKDAY2", "MICHD", "TOTINDA", "INCOME", "MENTHLTH", "IYEAR", "STATE", "MEDCOST", "SEX", "PRACE1"]}