{"id_test": 0.6266500178380306, "id_test_conf": [0.6209567997416614, 0.6323169729951642], "id_test_balanced": 0.5800603628158569, "id_test_balanced_conf": [0.5764901632303372, 0.5836305624013767], "ood_test": 0.530594214583349, "ood_test_conf": [0.5292506009435709, 0.5319374943025625], "ood_test_balanced": 0.5712425708770752, "ood_test_balanced_conf": [0.5704253885173238, 0.5720597532368266], "validation": 0.6307884409561184, "validation_conf": [0.6251076998929275, 0.6364420606537049], "validation_balanced": 0.5823298096656799, "validation_balanced_conf": [0.5787723255343735, 0.5858872937969863], "features": ["FRUIT_ONCE_PER_DAY", "VEG_ONCE_PER_DAY", "RFBING5", "SMOKDAY2", "CHCSCNCR", "POVERTY", "EMPLOY1", "IYEAR", "MEDCOST", "SEX", "STATE", "BMI5CAT"]}