{"validation": 0.8359723759014079, "id_test": 0.831828356310729, "ood_test": 0.8031015999017963, "ood_validation": 0.8024304916221691, "train": 0.8340460845317622, "id_test_conf": [0.829195483206441, 0.8344367218166214], "id_test_balanced": 0.6601630449295044, "id_test_balanced_conf": [0.6582664968399331, 0.6620595930190757], "ood_test_conf": [0.7995481011615664, 0.8066190654071699], "ood_test_balanced": 0.6631747484207153, "ood_test_balanced_conf": [0.6606594405043871, 0.6656900563370436], "features": ["FER", "HUPAC", "WIF", "NWLA", "OCCP", "POBP", "ANC", "DEYE", "DREM", "PUBCOV", "ST", "RAC1P", "ACS_YEAR", "DIVISION"]}