{"validation": 0.9195208691280958, "id_test": 0.9204662260003151, "ood_test": 0.45120671563483733, "ood_validation": 0.5518867924528302, "train": 0.9194851551634071, "id_test_conf": [0.919432642535755, 0.9214906567747391], "id_test_balanced": 0.869991660118103, "id_test_balanced_conf": [0.8691581912094262, 0.8708251290267799], "ood_test_conf": [0.4286942998756706, 0.4738694997049344], "ood_test_balanced": 0.5130353569984436, "ood_test_balanced_conf": [0.5094584700884297, 0.5166122439084575], "features": ["Average_confidence(BORED)", "Average_confidence(CONFUSED)", "Average_confidence(FRUSTRATED)", "attempt_count", "skill_id", "bottom_hint", "tutor_mode", "overlap_time", "school_id"]}