{"validation": 0.7324621080277189, "id_test": 0.7311284933171325, "ood_test": 0.7083821844001528, "ood_validation": 0.7038529934795495, "train": 0.732221468955157, "id_test_conf": [0.7289350180901166, 0.7333134854206464], "id_test_balanced": 0.6693126559257507, "id_test_balanced_conf": [0.6677866266388446, 0.6708386852126569], "ood_test_conf": [0.7051344474825527, 0.7116139884670791], "ood_test_balanced": 0.6657607555389404, "ood_test_balanced_conf": [0.6636331287631765, 0.6678883823147044], "features": ["COW", "FER", "HINS1", "HINS2", "HINS4", "NWLA", "WKW", "WRK", "SEX", "ST", "MAR", "ACS_YEAR", "DIVISION"]}