{"id_test": 0.8341684895965814, "id_test_conf": [0.8315501330183133, 0.8367621652980297], "id_test_balanced": 0.630176305770874, "id_test_balanced_conf": [0.62843465852784, 0.6319179530139081], "ood_test": 0.8110397315765784, "ood_test_conf": [0.8075405248078609, 0.8145019591803621], "ood_test_balanced": 0.6497188210487366, "ood_test_balanced_conf": [0.6473344279825688, 0.6521032141149044], "validation": 0.8371043025932567, "validation_conf": [0.8345044044698022, 0.8396793021121178], "validation_balanced": 0.6307173371315002, "validation_balanced_conf": [0.6289765138248913, 0.6324581604381092], "features": ["ENG", "HUPAC", "WIF", "NWLA", "NWLK", "POBP", "RELP", "WKW", "WRK", "DIS", "MIL", "ANC", "NATIVITY", "DEAR", "DREM", "SEX", "ST", "RAC1P", "SCHL", "ACS_YEAR", "DIVISION"]}