{"id_test": 0.6472174009379962, "id_test_conf": [0.6414920913769476, 0.6529111065935362], "id_test_balanced": 0.615429162979126, "id_test_balanced_conf": [0.6115669889375568, 0.6192913370206952], "ood_test": 0.5441427143382686, "ood_test_conf": [0.542786769953567, 0.5454981661001739], "ood_test_balanced": 0.582564651966095, "ood_test_balanced_conf": [0.5817243341286666, 0.5834049698035233], "validation": 0.6474020458658001, "validation_conf": [0.6416773944412468, 0.6530950537300754], "validation_balanced": 0.6153100728988647, "validation_balanced_conf": [0.6114469797722996, 0.6191731660254299], "features": ["AGEG5YR", "DRNK_PER_WEEK", "SMOKE100", "SMOKDAY2", "CHCSCNCR", "CHCOCNCR", "EMPLOY1", "IYEAR", "STATE", "PRACE1", "STATE", "MEDCOST", "BMI5CAT"]}