{"validation": 0.7385605886410669, "id_test": 0.7473563218390804, "ood_test": 0.6616268663746409, "ood_validation": 0.6668079694785927, "train": 0.737584779859754, "id_test_conf": [0.7341651308331774, 0.7602145924605146], "id_test_balanced": 0.606315553188324, "id_test_balanced_conf": [0.5990804791357368, 0.6135506272409111], "ood_test_conf": [0.655216973933594, 0.6679924784098468], "ood_test_balanced": 0.5997158885002136, "ood_test_balanced_conf": [0.5962514393636957, 0.6031803376367315], "features": ["VCF0004", "VCF0901b", "VCF9010", "VCF9205", "VCF0523", "VCF0428", "VCF0875", "VCF0839", "VCF0870", "VCF0838", "VCF9239", "VCF0601", "VCF0612", "VCF0616", "VCF0745", "VCF0101", "VCF0104", "VCF0105a", "VCF0115", "VCF0140a", "VCF0112"]}