{"validation": 0.856830953685016, "id_test": 0.8579076101228214, "ood_test": 0.44438614900314793, "ood_validation": 0.5424528301886793, "train": 0.8566151127817433, "id_test_conf": [0.8565764302402658, 0.8592310033202664], "id_test_balanced": 0.7672395706176758, "id_test_balanced_conf": [0.7662916727177799, 0.7681874685175717], "ood_test_conf": [0.4219163483901063, 0.46702734089063613], "ood_test_balanced": 0.50698322057724, "ood_test_balanced_conf": [0.5043489890405908, 0.5096174521138892], "features": ["Average_confidence(BORED)", "Average_confidence(CONFUSED)", "skill_id", "bottom_hint", "ms_first_response", "tutor_mode", "type", "first_action", "school_id"]}