{"validation": 0.7778070653639015, "id_test": 0.7766652954778726, "ood_test": 0.3751811091398829, "ood_validation": 0.37230952066552225, "train": 0.7766841252253667, "id_test_conf": [0.7755091951634544, 0.7778181941149243], "id_test_balanced": 0.5118752717971802, "id_test_balanced_conf": [0.5115975584177067, 0.5121529851766536], "ood_test_conf": [0.37413163657235726, 0.37623146580779243], "ood_test_balanced": 0.5062503218650818, "ood_test_balanced_conf": [0.5060408625970012, 0.5064597811331624], "features": ["NATIVITY", "DEAR", "DEYE", "DREM", "SEX", "CIT", "DIVISION", "DIS"]}