{"validation": 0.7776912462733211, "id_test": 0.7766273548170661, "ood_test": 0.36739387462907014, "ood_validation": 0.36361635635371276, "train": 0.7765940159985063, "id_test_conf": [0.7754711849242979, 0.7777803234717536], "id_test_balanced": 0.5052558779716492, "id_test_balanced_conf": [0.5050736468390096, 0.5054381091042888], "ood_test_conf": [0.3663489257902662, 0.3684397627288782], "ood_test_balanced": 0.5017284154891968, "ood_test_balanced_conf": [0.5015997414506274, 0.5018570895277662], "features": ["NATIVITY", "DEAR", "DEYE", "DREM", "SEX", "CIT", "DIVISION", "DIS"]}