{"id_test": 0.6351316984559492, "id_test_conf": [0.629412490621109, 0.6408223687978936], "id_test_balanced": 0.6019018292427063, "id_test_balanced_conf": [0.598052709037438, 0.6057509494479746], "ood_test": 0.5422472818199238, "ood_test_conf": [0.5409011231061647, 0.5435929761403101], "ood_test_balanced": 0.5799095630645752, "ood_test_balanced_conf": [0.5790685666375793, 0.5807505594915711], "validation": 0.6371893620113356, "validation_conf": [0.6314767115855555, 0.642873039198645], "validation_balanced": 0.6026629209518433, "validation_balanced_conf": [0.5988178138714284, 0.6065080280322581], "features": ["AGEG5YR", "FRUIT_ONCE_PER_DAY", "DRNK_PER_WEEK", "RFBING5", "SMOKDAY2", "CHCSCNCR", "CHCOCNCR", "EMPLOY1", "STATE", "SEX", "STATE", "SEX", "BMI5CAT", "IYEAR"]}