{"validation": 0.7939119703825586, "id_test": 0.7941853989469421, "ood_test": 0.7757637233075575, "ood_validation": 0.7695317131001779, "train": 0.7945215774097932, "id_test_conf": [0.7921834361048345, 0.7961765622862499], "id_test_balanced": 0.7298681735992432, "id_test_balanced_conf": [0.7284521705145016, 0.7312841766839847], "ood_test_conf": [0.7727796564485505, 0.7787267002496703], "ood_test_balanced": 0.740864098072052, "ood_test_balanced_conf": [0.7388348667835817, 0.7428933293605223], "features": ["ENG", "HINS1", "HINS2", "HINS4", "NWLA", "NWLK", "OCCP", "WKHP", "WRK", "MAR", "SCHL", "ACS_YEAR", "DIVISION"]}