{"validation": 0.6481036965914546, "id_test": 0.6448539458621072, "ood_test": 0.5425556298163874, "ood_validation": 0.541845791152406, "train": 0.6455292434104233, "id_test_conf": [0.6391202942087485, 0.6505565011851977], "id_test_balanced": 0.6141888499259949, "id_test_balanced_conf": [0.6103072874806821, 0.6180704123713077], "ood_test_conf": [0.5411993185952786, 0.5439114661263271], "ood_test_balanced": 0.5806378126144409, "ood_test_balanced_conf": [0.5797947793349159, 0.581480845893966], "features": ["AGEG5YR", "VEG_ONCE_PER_DAY", "DRNK_PER_WEEK", "RFBING5", "TOTINDA", "SMOKE100", "CHCSCNCR", "CHCOCNCR", "POVERTY", "IYEAR", "MEDCOST", "PRACE1", "STATE", "PRACE1", "BMI5CAT"]}