{"id_test": 0.6449647328187895, "id_test_conf": [0.6392314688059286, 0.6506668767090302], "id_test_balanced": 0.6134999990463257, "id_test_balanced_conf": [0.6096288714557886, 0.6173711266368628], "ood_test": 0.5461150135499268, "ood_test_conf": [0.5447595443618666, 0.5474699681045907], "ood_test_balanced": 0.5835421085357666, "ood_test_balanced_conf": [0.5826962797821034, 0.5843879372894298], "validation": 0.6495069980427638, "validation_conf": [0.6437899152377249, 0.6551919852184367], "validation_balanced": 0.6177364587783813, "validation_balanced_conf": [0.6138737416826189, 0.6215991758741438], "features": ["AGEG5YR", "FRUIT_ONCE_PER_DAY", "VEG_ONCE_PER_DAY", "DRNK_PER_WEEK", "SMOKE100", "SMOKDAY2", "CHCSCNCR", "EMPLOY1", "IYEAR", "STATE", "PRACE1", "BMI5CAT"]}