{"validation": 0.8266244419855775, "id_test": 0.822200742737956, "ood_test": 0.7998076844388068, "ood_validation": 0.8068495672988399, "train": 0.8237824672743864, "id_test_conf": [0.819510038617531, 0.8248676519823774], "id_test_balanced": 0.5653870105743408, "id_test_balanced_conf": [0.5640502270031721, 0.5667237941455096], "ood_test_conf": [0.7962323152511208, 0.8033474128258404], "ood_test_balanced": 0.5862876772880554, "ood_test_balanced_conf": [0.5843321895645931, 0.5882431650115177], "features": ["ENG", "HUPAC", "WIF", "NWLA", "POBP", "WKHP", "WRK", "MIL", "ANC", "NATIVITY", "DEYE", "DREM", "AGEP", "SEX", "MAR", "CIT", "RAC1P", "ACS_YEAR", "DIVISION"]}