{"validation": 0.8281124804456484, "id_test": 0.8233835274965661, "ood_test": 0.80040099840419, "ood_validation": 0.8059289265328669, "train": 0.8257235881962043, "id_test_conf": [0.8206997681364111, 0.8260434044341589], "id_test_balanced": 0.5930203795433044, "id_test_balanced_conf": [0.59143805493135, 0.5946027041552588], "ood_test_conf": [0.7968295406997801, 0.8039367446242672], "ood_test_balanced": 0.6178746819496155, "ood_test_balanced_conf": [0.6156147441267967, 0.6201346197724342], "features": ["ENG", "HUPAC", "WIF", "NWLA", "POBP", "WKHP", "WRK", "MIL", "ANC", "NATIVITY", "DEYE", "DREM", "AGEP", "SEX", "MAR", "CIT", "RAC1P", "ACS_YEAR", "DIVISION"]}