{"validation": 0.720450590133848, "id_test": 0.7200283515593358, "ood_test": 0.6584552963338647, "ood_validation": 0.6560758743331357, "train": 0.7202479505554443, "id_test_conf": [0.7178074102606165, 0.7222412173369885], "id_test_balanced": 0.6029655337333679, "id_test_balanced_conf": [0.6016955291712657, 0.6042355382954702], "ood_test_conf": [0.6550691883320118, 0.661829290238203], "ood_test_balanced": 0.5855632424354553, "ood_test_balanced_conf": [0.5838567334227264, 0.5872697514481843], "features": ["ENG", "HINS3", "NWLA", "RELP", "WKW", "WRK", "SEX", "ST", "MAR", "CIT", "ACS_YEAR", "DIVISION"]}