{"validation": 0.7259753820839794, "id_test": 0.7269833434588903, "ood_test": 0.692613718696895, "ood_validation": 0.6912863070539419, "train": 0.7269300534837195, "id_test_conf": [0.7247794112045671, 0.7291789448058847], "id_test_balanced": 0.6506907343864441, "id_test_balanced_conf": [0.6492034722096287, 0.6521779965632595], "ood_test_conf": [0.6893174767720891, 0.6958952340168888], "ood_test_balanced": 0.6426562666893005, "ood_test_balanced_conf": [0.6405839648144319, 0.6447285685641692], "features": ["ENG", "HINS3", "NWLA", "RELP", "WKW", "WRK", "SEX", "ST", "MAR", "CIT", "ACS_YEAR", "DIVISION"]}