{"validation": 0.7346770876182641, "id_test": 0.733375101255569, "ood_test": 0.6990027795708131, "ood_validation": 0.6944872554831061, "train": 0.7348430492918806, "id_test_conf": [0.7311873948942771, 0.7355542419922714], "id_test_balanced": 0.6723144054412842, "id_test_balanced_conf": [0.6707895831950009, 0.6738392276875674], "ood_test_conf": [0.6957256371185341, 0.7022647066928478], "ood_test_balanced": 0.650745153427124, "ood_test_balanced_conf": [0.6486628899304197, 0.6528274169238284], "features": ["ENG", "HINS3", "NWLA", "RELP", "WKW", "WRK", "SEX", "ST", "MAR", "CIT", "ACS_YEAR", "DIVISION"]}