{"id_test": 0.6700059145349697, "id_test_conf": [0.6643661388836708, 0.6756091551211636], "id_test_balanced": 0.6350522041320801, "id_test_balanced_conf": [0.6312840063031763, 0.6388204019609839], "ood_test": 0.5986248173043179, "ood_test_conf": [0.5972892457108507, 0.5999592870421404], "ood_test_balanced": 0.6253287196159363, "ood_test_balanced_conf": [0.6244484845572151, 0.6262089546746574], "validation": 0.6621196998262541, "validation_conf": [0.6564475781840875, 0.6677569807854205], "validation_balanced": 0.6264556050300598, "validation_balanced_conf": [0.6226799700967968, 0.6302312399633229], "features": ["AGEG5YR", "RFBING5", "TOTINDA", "CHCOCNCR", "DIABETES", "POVERTY", "IYEAR", "STATE", "PRACE1", "SEX", "STATE", "MEDCOST", "BMI5CAT"]}