{"validation": 0.7628895990886941, "id_test": 0.7624607634669907, "ood_test": 0.7535271568020445, "ood_validation": 0.7474807350326023, "train": 0.7643401789224624, "id_test_conf": [0.760354464187695, 0.7645574288613218], "id_test_balanced": 0.709718644618988, "id_test_balanced_conf": [0.7082216507056728, 0.7112156385323033], "ood_test_conf": [0.7504452159516416, 0.7565897101784301], "ood_test_balanced": 0.724421501159668, "ood_test_balanced_conf": [0.7222915497468785, 0.7265514525724575], "features": ["ENG", "FER", "NWLK", "OCCP", "WKW", "MAR", "CIT", "RAC1P", "DIVISION"]}