{"validation": 0.7387083504730564, "id_test": 0.7375835358444714, "ood_test": 0.7087510373990594, "ood_validation": 0.703141671606402, "train": 0.7379345206123138, "id_test_conf": [0.7354068300417247, 0.7397515214739239], "id_test_balanced": 0.6837025284767151, "id_test_balanced_conf": [0.6821682815020904, 0.6852367754513398], "ood_test_conf": [0.7055044906280685, 0.7119816231009656], "ood_test_balanced": 0.6639464497566223, "ood_test_balanced_conf": [0.6618426532484591, 0.6660502462647855], "features": ["COW", "ENG", "HINS1", "HINS3", "WKHP", "WKW", "WRK", "SEX", "ST", "ACS_YEAR", "DIVISION"]}