{"id_test": 0.8349570127689881, "id_test_conf": [0.8323435893641826, 0.8375456969058592], "id_test_balanced": 0.6471053957939148, "id_test_balanced_conf": [0.6452825035364367, 0.6489282880513929], "ood_test": 0.8052498056385285, "ood_test_conf": [0.8017107757925246, 0.8087525462902915], "ood_test_balanced": 0.6478790044784546, "ood_test_balanced_conf": [0.6454573405534029, 0.6503006684035063], "validation": 0.8365574166634872, "validation_conf": [0.8339540544842547, 0.8391359207401832], "validation_balanced": 0.6460118293762207, "validation_balanced_conf": [0.6441898373793811, 0.6478338213730603], "features": ["HUPAC", "NWLA", "NWLK", "RELP", "WKHP", "MIL", "ANC", "NATIVITY", "DEYE", "DREM", "PUBCOV", "ST", "CIT", "DIVISION"]}