{"validation": 0.8393493543812789, "id_test": 0.840756135441129, "ood_test": 0.4422875131164743, "ood_validation": 0.5424528301886793, "train": 0.8393726500872674, "id_test_conf": [0.8393615251910116, 0.8421433327914799], "id_test_balanced": 0.7389609813690186, "id_test_balanced_conf": [0.7380120343819726, 0.7399099283560645], "ood_test_conf": [0.4198316791579562, 0.4649212072436826], "ood_test_balanced": 0.5051210522651672, "ood_test_balanced_conf": [0.5028609747998416, 0.5073811297304929], "features": ["Average_confidence(BORED)", "Average_confidence(FRUSTRATED)", "hint_count", "skill_id", "problem_type", "bottom_hint", "tutor_mode", "overlap_time", "school_id"]}