{"id_test": 0.8816840857423678, "id_test_conf": [0.8804519647560739, 0.8829079015003698], "features": ["Average_confidence(BORED)", "Average_confidence(FRUSTRATED)", "hint_count", "skill_id", "problem_type", "bottom_hint", "tutor_mode", "overlap_time", "school_id"], "ood_test": 0.5083945435466947, "ood_test_conf": [0.4856901721242242, 0.5310730469658403], "validation": 0.879842140408004, "validation_conf": [0.8786018238833696, 0.881074191895317]}