{"id_test": 0.6153706395348837, "id_test_conf": [0.609592577612343, 0.6211243338026207], "id_test_balanced": 0.5342977046966553, "id_test_balanced_conf": [0.5317335305735469, 0.5368618788197637], "ood_test": 0.4667645212651949, "ood_test_conf": [0.46541107171383533, 0.46811833933540237], "ood_test_balanced": 0.5311747193336487, "ood_test_balanced_conf": [0.5305700882140081, 0.5317793504532893], "validation": 0.6194265780006541, "validation_conf": [0.613659556374689, 0.6251683741788686], "validation_balanced": 0.5380454063415527, "validation_balanced_conf": [0.5355015848856419, 0.5405892277974635], "features": ["VEG_ONCE_PER_DAY", "DRNK_PER_WEEK", "SMOKE100", "CHCOCNCR", "PRACE1", "PRACE1", "BMI5CAT", "IYEAR"]}