{"validation": 0.6028562084378066, "id_test": 0.6026889534883721, "ood_test": 0.4175571817875624, "ood_validation": 0.41749194812352525, "train": 0.5986327814494333, "id_test_conf": [0.5968787535613824, 0.6084774648067637], "id_test_balanced": 0.500341534614563, "id_test_balanced_conf": [0.49984151849290354, 0.5008415507362224], "ood_test_conf": [0.4162195622892471, 0.41889571543138454], "ood_test_balanced": 0.5002900958061218, "ood_test_balanced_conf": [0.5001812475381303, 0.5003989440741133], "features": ["VEG_ONCE_PER_DAY", "DRNK_PER_WEEK", "SMOKE100", "CHCOCNCR", "PRACE1", "PRACE1", "BMI5CAT", "IYEAR"]}