{"id_test": 0.6244549418604651, "id_test_conf": [0.6187024330306221, 0.6301811638153935], "id_test_balanced": 0.5706234574317932, "id_test_balanced_conf": [0.5671101961657405, 0.5741367186978459], "ood_test": 0.5253605438010962, "ood_test_conf": [0.5240055160755014, 0.5267152903262758], "ood_test_balanced": 0.5687786936759949, "ood_test_balanced_conf": [0.5679713870305568, 0.5695860003214329], "validation": 0.6355608852065845, "validation_conf": [0.6298424308239687, 0.6412507051746], "validation_balanced": 0.5823410749435425, "validation_balanced_conf": [0.5788304404169321, 0.5858517094701529], "features": ["VEG_ONCE_PER_DAY", "SMOKE100", "SMOKDAY2", "CHCSCNCR", "CHCOCNCR", "EMPLOY1", "STATE", "PRACE1", "SEX", "STATE", "MEDCOST", "PRACE1", "BMI5CAT", "IYEAR"]}