{"id_test": 0.6273982558139535, "id_test_conf": [0.6216544850386811, 0.6331151178610276], "id_test_balanced": 0.5726567506790161, "id_test_balanced_conf": [0.5691695671947673, 0.5761439341632649], "ood_test": 0.5240305122630822, "ood_test_conf": [0.5226753135807966, 0.5253854444925254], "ood_test_balanced": 0.5681886076927185, "ood_test_balanced_conf": [0.5673864524182863, 0.5689907629671507], "validation": 0.6350521457901813, "validation_conf": [0.6293320556880637, 0.6407437089739652], "validation_balanced": 0.5804483890533447, "validation_balanced_conf": [0.5769697422441095, 0.58392703586258], "features": ["VEG_ONCE_PER_DAY", "SMOKE100", "SMOKDAY2", "CHCSCNCR", "CHCOCNCR", "EMPLOY1", "STATE", "PRACE1", "SEX", "STATE", "MEDCOST", "PRACE1", "BMI5CAT", "IYEAR"]}