{"validation": 0.6337076201896871, "id_test": 0.627906976744186, "ood_test": 0.5202069108055972, "ood_validation": 0.5199531527186924, "train": 0.6270536667348005, "id_test_conf": [0.6221647391628471, 0.6336221981151684], "id_test_balanced": 0.5709502696990967, "id_test_balanced_conf": [0.5675193395558744, 0.574381199842319], "ood_test_conf": [0.5188512742551332, 0.5215623232997849], "ood_test_balanced": 0.5661119818687439, "ood_test_balanced_conf": [0.5653222814737819, 0.5669016822637059], "features": ["VEG_ONCE_PER_DAY", "SMOKE100", "SMOKDAY2", "CHCSCNCR", "CHCOCNCR", "EMPLOY1", "STATE", "PRACE1", "SEX", "STATE", "MEDCOST", "PRACE1", "BMI5CAT", "IYEAR"]}