{"id_test": 0.6657548425255064, "id_test_conf": [0.6600974682413301, 0.6713765958167597], "id_test_balanced": 0.6293421983718872, "id_test_balanced_conf": [0.6255853106733411, 0.6330990860704333], "ood_test": 0.5932760276270579, "ood_test_conf": [0.5919376394395399, 0.59461337371877], "ood_test_balanced": 0.6227008104324341, "ood_test_balanced_conf": [0.6218305653461721, 0.6235710555186961], "validation": 0.6616021588850689, "validation_conf": [0.6559279829396931, 0.6672416054268113], "validation_balanced": 0.6243085861206055, "validation_balanced_conf": [0.6205571866920218, 0.6280599855491892], "features": ["AGEG5YR", "SMOKE100", "SMOKDAY2", "CHCSCNCR", "CHCOCNCR", "DIABETES", "EMPLOY1", "IYEAR", "PRACE1", "SEX", "SEX", "BMI5CAT"]}