{"id_test": 0.6658287742126275, "id_test_conf": [0.6601717015957287, 0.6714502099400614], "id_test_balanced": 0.6302784085273743, "id_test_balanced_conf": [0.6265085870120675, 0.6340482300426811], "ood_test": 0.5929289540358874, "ood_test_conf": [0.5915903887695073, 0.5942664810841645], "ood_test_balanced": 0.6223950982093811, "ood_test_balanced_conf": [0.6215248761116527, 0.6232653203071095], "validation": 0.6620457654060848, "validation_conf": [0.6563733498305917, 0.6676833561956658], "validation_balanced": 0.6257622241973877, "validation_balanced_conf": [0.6219959104014561, 0.6295285379933193], "features": ["AGEG5YR", "SMOKE100", "SMOKDAY2", "CHCSCNCR", "CHCOCNCR", "DIABETES", "EMPLOY1", "IYEAR", "PRACE1", "SEX", "SEX", "BMI5CAT"]}