{"validation": 0.8590141472836225, "id_test": 0.8557620879211582, "ood_test": 0.8157611940298507, "ood_validation": 0.8150361072902338, "train": 0.8588393455003925, "id_test_conf": [0.8537711325479889, 0.8577359985442847], "id_test_balanced": 0.6102363467216492, "id_test_balanced_conf": [0.608804060339462, 0.6116686331038363], "ood_test_conf": [0.8140938667826748, 0.8174197748054601], "ood_test_balanced": 0.6022868156433105, "ood_test_balanced_conf": [0.6011855072155595, 0.6033881240710616], "features": ["PHYSHLTH", "BMI5", "SMOKDAY2", "MICHD", "FRUIT_ONCE_PER_DAY", "VEG_ONCE_PER_DAY", "RFBING5", "TOTINDA", "INCOME", "MARITAL", "CHECKUP1", "EDUCA", "MENTHLTH", "STATE", "MEDCOST", "IYEAR", "STATE", "PRACE1"]}