{"validation": 0.768509318735563, "id_test": 0.7673843155123532, "ood_test": 0.7631173347736164, "ood_validation": 0.754356846473029, "train": 0.768733738726374, "id_test_conf": [0.7652930922297516, 0.7694657240435923], "id_test_balanced": 0.7124794125556946, "id_test_balanced_conf": [0.7109945608093403, 0.7139642643020488], "ood_test_conf": [0.7600761949127645, 0.766138353013081], "ood_test_balanced": 0.7419235706329346, "ood_test_balanced_conf": [0.7397853529313579, 0.7440617883345112], "features": ["ENG", "HINS4", "NWLK", "OCCP", "POBP", "RELP", "WKW", "WRK", "MAR", "CIT", "RAC1P", "ACS_YEAR", "DIVISION"]}