{"id_test": 0.8758389261744967, "id_test_conf": [0.8329410290398116, 0.9110522325021173], "id_test_balanced": 0.8128259778022766, "id_test_balanced_conf": [0.7832622279971838, 0.8423897276073694], "ood_test": 0.7821024617431803, "ood_test_conf": [0.7776131196598799, 0.7865421981160939], "ood_test_balanced": 0.7845210433006287, "ood_test_balanced_conf": [0.7814034825796261, 0.7876386040216312], "validation": 0.8590604026845637, "validation_conf": [0.8143009396363827, 0.8964985645660271], "validation_balanced": 0.8078548908233643, "validation_balanced_conf": [0.777660190537572, 0.8380495911091566], "features": ["LIVING_QUARTERS_TYPE", "MARITAL_STATUS", "FAMILY_SIZE_AVG", "HOUSEHOLD_INC", "RECEIVED_WORK_COMP", "SEVERANCE_PAY_PENSION", "CHILD_SUPPORT_AMT", "INCOME_FROM_ASSISTANCE", "SAVINGS_INV_AMOUNT", "UNEMPLOYMENT_COMP_AMOUNT", "FOOD_ASSISTANCE", "EDUCATION", "RACE", "AGE", "LIVING_OWNERSHIP", "SNAP_ASSISTANCE", "WIC_ASSISTANCE", "MEDICARE_ASSISTANCE", "PRESCRIPTION_MEDS", "HEALTH_OVER_THE_COUNTER_PRODUCTS_PAY", "HEALTH_MEDICAL_CARE_PAY", "HEALTH_HEARING", "HEALTH_SEEING", "HEALTH_COGNITIVE", "HEALTH_AMBULATORY", "CITIZENSHIP_STATUS"]}