{"id_test": 0.6589685772475996, "id_test_conf": [0.6533305347264371, 0.6645730106670504], "id_test_balanced": 0.6229689121246338, "id_test_balanced_conf": [0.6192063579522074, 0.6267314662970602], "ood_test": 0.5945455719571212, "ood_test_conf": [0.5932179045261519, 0.5958721989365425], "ood_test_balanced": 0.622458815574646, "ood_test_balanced_conf": [0.6215891241526696, 0.6233285069966223], "validation": 0.6612474995453719, "validation_conf": [0.655618217135082, 0.6668426895650982], "validation_balanced": 0.6244942545890808, "validation_balanced_conf": [0.620744091407396, 0.6282444177707657], "features": ["AGEG5YR", "VEG_ONCE_PER_DAY", "DRNK_PER_WEEK", "RFBING5", "SMOKDAY2", "CHCSCNCR", "CHCOCNCR", "DIABETES", "POVERTY", "IYEAR", "STATE", "SEX", "BMI5CAT"]}