{"validation": 0.7931462202955416, "id_test": 0.7932044856217092, "ood_test": 0.7869346998458722, "ood_validation": 0.7858921161825726, "train": 0.7929560651930232, "id_test_conf": [0.7911990305740771, 0.7951991772154328], "id_test_balanced": 0.7527825236320496, "id_test_balanced_conf": [0.7513307899772189, 0.7542342572868802], "ood_test_conf": [0.7840043026260701, 0.7898431516180804], "ood_test_balanced": 0.7764308452606201, "ood_test_balanced_conf": [0.7743511186027899, 0.7785105719184503], "features": ["FER", "HINS2", "HINS4", "NWLK", "OCCP", "POBP", "WKHP", "WKW", "WRK", "SEX", "SCHL", "DIVISION"]}