{"validation": 0.8385541862210182, "id_test": 0.8368392938902173, "ood_test": 0.8079094889316257, "ood_validation": 0.8072178236052292, "train": 0.8366072195072319, "id_test_conf": [0.8342377325324377, 0.8394159765868381], "id_test_balanced": 0.6583220362663269, "id_test_balanced_conf": [0.6564625082723796, 0.6601815642602742], "ood_test_conf": [0.8043886013373168, 0.8113937704023744], "ood_test_balanced": 0.675377607345581, "ood_test_balanced_conf": [0.6728444909024983, 0.6779107237886638], "features": ["HUPAC", "WIF", "NWLK", "POBP", "RELP", "DIS", "MIL", "ANC", "NATIVITY", "DREM", "PUBCOV", "AGEP", "SEX", "SCHL", "DIVISION"]}