{"validation": 0.7771667246780369, "id_test": 0.7780288072093965, "ood_test": 0.7714560472131838, "ood_validation": 0.7677534084173089, "train": 0.777762923386411, "id_test_conf": [0.7759715438072636, 0.7800758647960743], "id_test_balanced": 0.7190147638320923, "id_test_balanced_conf": [0.7175566156348213, 0.7204729120293633], "ood_test_conf": [0.7684521110295871, 0.7744392233313435], "ood_test_balanced": 0.7439457178115845, "ood_test_balanced_conf": [0.7418576116906479, 0.746033823932521], "features": ["HINS2", "HINS3", "HINS4", "NWLA", "NWLK", "POBP", "WKHP", "WKW", "WRK", "MAR", "CIT", "SCHL", "DIVISION"]}