{"validation": 0.8543963544484763, "id_test": 0.8543880811380103, "ood_test": 0.791503633314701, "ood_validation": 0.8153735632183908, "train": 0.8546376380842228, "id_test_conf": [0.8534962952449627, 0.8552764684511013], "id_test_balanced": 0.7757022380828857, "id_test_balanced_conf": [0.7750750086072367, 0.7763294675585348], "ood_test_conf": [0.7842814360959242, 0.7985901014272926], "ood_test_balanced": 0.7301779389381409, "ood_test_balanced_conf": [0.7258105926122517, 0.7345452852640301], "features": ["Average_confidence(BORED)", "Average_confidence(CONCENTRATING)", "Average_confidence(CONFUSED)", "hint_count", "problem_type", "bottom_hint", "tutor_mode", "type", "first_action", "school_id"]}