{"id_test": 0.8557046979865772, "id_test_conf": [0.8105959549889452, 0.8935641170497503], "id_test_balanced": 0.786332368850708, "id_test_balanced_conf": [0.7554499228298664, 0.8172148148715496], "ood_test": 0.7262444807354987, "ood_test_conf": [0.7214036675756448, 0.7310455236131534], "ood_test_balanced": 0.7323663234710693, "ood_test_balanced_conf": [0.7290890895295888, 0.7356435574125498], "validation": 0.8355704697986577, "validation_conf": [0.7885098367165799, 0.8758098484250081], "validation_balanced": 0.7698042392730713, "validation_balanced_conf": [0.7382493662089109, 0.8013591123372317], "features": ["HOUSEHOLD_INC", "RECEIVED_WORK_COMP", "SEVERANCE_PAY_PENSION", "FOSTER_CHILD_CARE_AMT", "ALIMONY_AMT", "INCOME_FROM_ASSISTANCE", "RETIREMENT_INCOME_AMOUNT", "SURVIVOR_INCOME_AMOUNT", "FOOD_ASSISTANCE", "LIVING_OWNERSHIP", "WIC_ASSISTANCE", "MEDICARE_ASSISTANCE", "DAYS_SICK", "TRANSPORTATION_ASSISTANCE", "VISIT_DOCTOR_NUM", "HEALTH_OVER_THE_COUNTER_PRODUCTS_PAY", "HEALTH_AMBULATORY", "HEALTH_SELF_CARE", "HEALTH_CORE_DISABILITY", "HEALTH_SUPPLEMENTAL_DISABILITY", "HEALTH_INSURANCE_PREMIUMS", "SOCIAL_SEC_BENEFITS", "CITIZENSHIP_STATUS"]}