{"id_test": 0.9879034557481752, "id_test_conf": [0.9873176559448364, 0.9884689578189207], "id_test_balanced": 0.5008699893951416, "id_test_balanced_conf": [0.5007591490038612, 0.500980829786422], "ood_test": 0.9241677951220963, "ood_test_conf": [0.9227396075099883, 0.9255776506400272], "ood_test_balanced": 0.5000088214874268, "ood_test_balanced_conf": [0.49997308590820466, 0.5000445570666489], "validation": 0.9886589634107223, "validation_conf": [0.9880910811249181, 0.9892065110282448], "validation_balanced": 0.5006116628646851, "validation_balanced_conf": [0.5005175452482945, 0.5007057804810756], "features": ["HR", "SBP", "MAP", "Resp", "BaseExcess", "HCO3", "pH", "Calcium", "Chloride", "Creatinine", "Bilirubin_direct", "Potassium", "Bilirubin_total", "TroponinI", "Hct", "Hgb", "PTT", "WBC", "Platelets", "Age", "Unit2", "HospAdmTime", "set", "ICULOS"]}