{"validation": 0.6822529224229543, "id_test": 0.7314225053078556, "ood_test": 0.6265942834717771, "ood_validation": 0.6327251324308417, "train": 0.7046872925242331, "id_test_conf": [0.7018933483925911, 0.7594967844116376], "id_test_balanced": 0.7388172149658203, "id_test_balanced_conf": [0.7190675953030586, 0.758566834628582], "ood_test_conf": [0.6188707765844965, 0.6342695939515671], "ood_test_balanced": 0.6375589370727539, "ood_test_balanced_conf": [0.632294583870098, 0.6428232902754099], "features": ["CMJHLD31", "MCRPHO31", "MCDMC31", "MCAID31", "GOVAAT31", "GOVBAT31", "GOVCAT31", "VAPROG31", "IHS31", "BSNTY31", "SICPAY31", "VACMPY31", "VAPROX31", "EMPST31", "MORJOB31", "DIFFWG31", "HOUR31", "SSNLJB31", "SELFCM31", "CHOIC31", "INDCAT31", "PAYDR31", "PRIDK31", "MCAID31X", "MCARE31X", "MCDAT31X", "PUB31X", "SEX", "RACEV2X", "RACEAX", "RACEBX", "RACEWX", "HISPANX", "OTHLGSPK", "PRIEU31", "MCRPD31X", "PRIOG31", "PRINEO31", "PRIV31", "PRIVAT31", "VERFLG31", "DNTINS31", "PMEDIN31", "PMEDUP31", "MARRY31X", "OFFER31X", "TRIPR31X", "TRIEX31X", "TRICH31X", "VACMPM31", "VASPMH31", "ASPREV31", "ASPKFL31", "ASEVFL31", "ASWNFL31", "IADLHP31", "AIDHLP31", "WLKLIM31", "STNDIF31", "HSELIM31", "ASSTIL31", "FCRP1231", "RUSIZE31", "FAMSZE31", "FAMS1231", "RESP31", "BEGRFY31", "INSC1231", "PSTATS31", "RTHLTH31", "MNHLTH31", "CHBRON31", "ASATAK31", "VAPRHT31", "VAWAIT31", "VALOCT31", "VANEED31", "VAOUT31", "VAPAST31", "VACOMP31", "VAGTRC31", "VACARC31", "VAPROB31", "VACARE31", "VAPCPR31", "VAPROV31", "VAPCCO31", "VAPCRF31", "VAPCSO31", "VAPCOU31", "VASPCL31", "VAPACT31", "VARECM31", "VAMOBL31", "VADERM31", "VAGERD31", "VAGOUT31", "VANECK31", "VATMD31", "VAPROS31", "VARHAB31", "VACRGV31", "MOPID31X", "DAPID31X", "AGE31X", "INSCOV19"]}