{"validation": 0.6098926738217452, "id_test": 0.6202472591555866, "ood_test": 0.5654135928425679, "ood_validation": 0.5667372881355932, "train": 0.6098051796546897, "id_test_conf": [0.6055247087447989, 0.6348057757819168], "id_test_balanced": 0.5760059952735901, "id_test_balanced_conf": [0.567160216551274, 0.5848517739959062], "ood_test_conf": [0.5610966719061747, 0.5697230622909578], "ood_test_balanced": 0.5627029538154602, "ood_test_balanced_conf": [0.5599735734798014, 0.565432334151119], "features": ["race", "gender", "age", "weight", "discharge_disposition_id", "time_in_hospital", "payer_code", "medical_specialty", "num_medications", "number_outpatient", "number_emergency", "diag_1", "diag_2", "number_diagnoses", "max_glu_serum", "repaglinide", "glipizide", "tolbutamide", "acarbose", "tolazamide", "citoglipton", "insulin", "glipizide-metformin", "metformin-rosiglitazone", "metformin-pioglitazone", "admission_source_id"]}