{"validation": 0.772755751036294, "id_test": 0.772067385581207, "ood_test": 0.7656202658376257, "ood_validation": 0.7601659751037344, "train": 0.7733836027032179, "id_test_conf": [0.7699908694729959, 0.774133914895321], "id_test_balanced": 0.7343543171882629, "id_test_balanced_conf": [0.7328587608854287, 0.7358498734910972], "ood_test_conf": [0.7625901212432831, 0.7686300971866019], "ood_test_balanced": 0.7468858957290649, "ood_test_balanced_conf": [0.7447480777883903, 0.7490237136697396], "features": ["ENG", "HINS2", "HINS4", "RELP", "WKW", "AGEP", "SEX", "MAR", "RAC1P", "SCHL", "DIVISION"]}