{"validation": 0.7738796395639354, "id_test": 0.7750013129956559, "ood_test": 0.4428121720881427, "ood_validation": 0.5424528301886793, "train": 0.7739990039980755, "id_test_conf": [0.7734112418250498, 0.7765854030371381], "id_test_balanced": 0.631403386592865, "id_test_balanced_conf": [0.6305649376148358, 0.6322418355708942], "ood_test_conf": [0.4203528087056424, 0.46544777840227086], "ood_test_balanced": 0.5053157806396484, "ood_test_balanced_conf": [0.5025425101164729, 0.508089051162824], "features": ["Average_confidence(BORED)", "Average_confidence(CONFUSED)", "skill_id", "bottom_hint", "position", "overlap_time", "first_action", "school_id"]}