{"validation": 0.8226309028705152, "id_test": 0.8177494022485629, "ood_test": 0.7946519906706494, "ood_validation": 0.8011415945498067, "train": 0.8195043703041884, "id_test_conf": [0.815032951157056, 0.8204423879079836], "id_test_balanced": 0.5626616477966309, "id_test_balanced_conf": [0.5613007684773765, 0.5640225271158852], "ood_test_conf": [0.7910431403308622, 0.7982258143689911], "ood_test_balanced": 0.5862910747528076, "ood_test_balanced_conf": [0.5842671163380146, 0.5883150331676006], "features": ["HUPAC", "WIF", "NWLA", "NWLK", "RELP", "MIL", "ANC", "NATIVITY", "DEYE", "DREM", "AGEP", "SEX", "DIVISION"]}