{"validation": 0.6483677405528966, "id_test": 0.6524394599614258, "ood_test": 0.5859511286207046, "ood_validation": 0.5876402396591816, "train": 0.6513858132723765, "id_test_conf": [0.6468281169570275, 0.6580191538956213], "id_test_balanced": 0.600778341293335, "id_test_balanced_conf": [0.5973528788844124, 0.6042038037022576], "ood_test_conf": [0.5846239598149543, 0.587277358233983], "ood_test_balanced": 0.6156665682792664, "ood_test_balanced_conf": [0.6148064032371622, 0.6165267333213705], "features": ["FRUIT_ONCE_PER_DAY", "RFBING5", "TOTINDA", "CHCSCNCR", "CHCOCNCR", "DIABETES", "EMPLOY1", "STATE", "MEDCOST", "SEX", "BMI5CAT", "IYEAR"]}