{"validation": 0.6476534038145582, "id_test": 0.6512965211800843, "ood_test": 0.5903170020122621, "ood_validation": 0.5924605801381605, "train": 0.6506089720694336, "id_test_conf": [0.6456810292860217, 0.6568806013990771], "id_test_balanced": 0.6038923263549805, "id_test_balanced_conf": [0.6003658579196781, 0.6074187947902828], "ood_test_conf": [0.5889919136608462, 0.5916411034635964], "ood_test_balanced": 0.6170607209205627, "ood_test_balanced_conf": [0.6161883734387811, 0.6179330684023444], "features": ["FRUIT_ONCE_PER_DAY", "RFBING5", "TOTINDA", "CHCSCNCR", "CHCOCNCR", "DIABETES", "EMPLOY1", "STATE", "MEDCOST", "SEX", "BMI5CAT", "IYEAR"]}