{"validation": 0.8016897130019301, "id_test": 0.8008556095585257, "ood_test": 0.8000026346642779, "ood_validation": 0.7938352104327208, "train": 0.8017613792328753, "id_test_conf": [0.7988778746393993, 0.8028222998257564], "id_test_balanced": 0.7659245133399963, "id_test_balanced_conf": [0.7644879092206247, 0.767361117459368], "ood_test_conf": [0.7971391394914009, 0.8028431833006064], "ood_test_balanced": 0.7821507453918457, "ood_test_balanced_conf": [0.7801215052045882, 0.7841799855791032], "features": ["HINS1", "HINS2", "OCCP", "RELP", "WKHP", "WKW", "AGEP", "MAR", "CIT", "RAC1P", "SCHL", "DIVISION"]}