{"id_test": 0.8187919463087249, "id_test_conf": [0.7702749096887339, 0.8608404081009488], "id_test_balanced": 0.7182906866073608, "id_test_balanced_conf": [0.6861497348546982, 0.7504316383600235], "ood_test": 0.717262444807355, "ood_test_conf": [0.7123745163939305, 0.7221121834038153], "ood_test_balanced": 0.7216183543205261, "ood_test_balanced_conf": [0.7182504912512377, 0.7249862173898145], "validation": 0.7684563758389261, "validation_conf": [0.7163418071336323, 0.8151454913714486], "validation_balanced": 0.6616043448448181, "validation_balanced_conf": [0.6291024582833051, 0.6941062314063311], "features": ["LIVING_QUARTERS_TYPE", "MARITAL_STATUS", "FAMILY_SIZE_AVG", "UNEMPLOYMENT_COMP", "SEVERANCE_PAY_PENSION", "ALIMONY_AMT", "INCOME", "SAVINGS_INV_AMOUNT", "UNEMPLOYMENT_COMP_AMOUNT", "AGE", "LIVING_OWNERSHIP", "WIC_ASSISTANCE", "MEDICARE_ASSISTANCE", "HEALTHDISAB", "PRESCRIPTION_MEDS", "VISIT_DENTIST_NUM", "TRANSPORTATION_ASSISTANCE", "VISIT_DOCTOR_NUM", "HEALTH_OVER_THE_COUNTER_PRODUCTS_PAY", "HEALTH_HEARING", "HEALTH_SEEING", "HEALTH_SELF_CARE", "HEALTH_ERRANDS_DIFFICULTY", "HEALTH_CORE_DISABILITY", "SOCIAL_SEC_BENEFITS", "CITIZENSHIP_STATUS"]}