{"validation": 0.371666089366124, "id_test": 0.3875995843436093, "ood_test": 0.4444444444444444, "ood_validation": 0.25, "train": 0.38216064083134876, "id_test_conf": [0.3697759723385797, 0.40565135159026244], "id_test_balanced": 0.5244067907333374, "id_test_balanced_conf": [0.5151216400973498, 0.533691941369325], "ood_test_conf": [0.25479880663173776, 0.6467357696779945], "ood_test_balanced": 0.45879122614860535, "ood_test_balanced_conf": [0.37518666952848434, 0.5423957827687264], "features": ["Average_confidence(FRUSTRATED)", "hint_count", "skill_id", "ms_first_response", "first_action", "school_id"]}