{"validation": 0.8754268153881175, "id_test": 0.8751341419791226, "ood_test": 0.8272098126371462, "ood_validation": 0.8227276563423074, "train": 0.8750364571847838, "id_test_conf": [0.8732738867434314, 0.8769766919794239], "id_test_balanced": 0.5261630415916443, "id_test_balanced_conf": [0.5254632638976909, 0.5268628192855976], "ood_test_conf": [0.8255985071356676, 0.8288122200533163], "ood_test_balanced": 0.523848831653595, "ood_test_balanced_conf": [0.5233208902820479, 0.5243767730251421], "features": ["HIGH_BLOOD_PRESS", "BMI5", "BMI5CAT", "SMOKE100", "CVDSTRK3", "MICHD", "FRUIT_ONCE_PER_DAY", "RFBING5", "INCOME", "MARITAL", "EDUCA", "MENTHLTH", "MEDCOST", "SEX", "IYEAR", "PRACE1", "PRACE1"]}