{"id_test": 0.9216929390845044, "id_test_conf": [0.9206666150762611, 0.9227100835416138], "features": ["Average_confidence(CONFUSED)", "attempt_count", "skill_id", "bottom_hint", "tutor_mode", "type", "overlap_time", "school_id"], "ood_test": 0.45697796432318993, "ood_test_conf": [0.43443279616499797, 0.47965571314993827], "validation": 0.92089013602635, "validation_conf": [0.919859052950983, 0.9219120571298741]}