{"validation": 0.7992641986663601, "id_test": 0.7926436781609195, "ood_test": 0.7195610192642834, "ood_validation": 0.7202204323866045, "train": 0.7868145763880906, "id_test_conf": [0.7802865119901568, 0.8046066443063163], "id_test_balanced": 0.6593555212020874, "id_test_balanced_conf": [0.6521585595142096, 0.6665524828899652], "ood_test_conf": [0.7134651993032792, 0.7255966711795067], "ood_test_balanced": 0.6573398113250732, "ood_test_balanced_conf": [0.6540894786454737, 0.6605901440046728], "features": ["VCF0004", "VCF0901b", "VCF0218", "VCF0301", "VCF0302", "VCF9008", "VCF9010", "VCF9201", "VCF9203", "VCF9205", "VCF9206", "VCF0523", "VCF0429", "VCF0809", "VCF9045", "VCF0838", "VCF0601", "VCF0606", "VCF0615", "VCF0617", "VCF0310", "VCF0743", "VCF0717", "VCF0718", "VCF0720", "VCF0721", "VCF0701", "VCF0675", "VCF0724", "VCF0726", "VCF0745", "VCF0104", "VCF0105a", "VCF0115", "VCF0140a", "VCF0112"]}