{"id_test": 0.9661698633532675, "id_test_conf": [0.9652762390678127, 0.9670466871634605], "id_test_balanced": 0.500085175037384, "id_test_balanced_conf": [0.5000510205437604, 0.5001193295310077], "ood_test": 0.948432562602759, "ood_test_conf": [0.9473499339755932, 0.9494992657168153], "ood_test_balanced": 0.5001392960548401, "ood_test_balanced_conf": [0.5000888729738654, 0.5001897191358148], "validation": 0.9665662725267098, "validation_conf": [0.9656776413382164, 0.9674380884057745], "validation_balanced": 0.500255823135376, "validation_balanced_conf": [0.5001960123686877, 0.5003156339020642], "features": ["ENG", "WKHP", "WKW", "DIS", "ESP", "MIG", "MIL", "NATIVITY", "DEAR", "DEYE", "DPHY", "RAC1P", "DIVISION", "ACS_YEAR", "SCHL"]}