{"validation": 0.6935544093915135, "id_test": 0.6931956257594167, "ood_test": 0.6752249344627261, "ood_validation": 0.6733847065797274, "train": 0.693924562720558, "id_test_conf": [0.6909151113611813, 0.6954690498103535], "id_test_balanced": 0.6239745616912842, "id_test_balanced_conf": [0.6224258363898844, 0.625523286992684], "ood_test_conf": [0.6718804175599382, 0.6785560547710271], "ood_test_balanced": 0.6508514881134033, "ood_test_balanced_conf": [0.6485300532821566, 0.65317292294465], "features": ["ENG", "HINS1", "HINS2", "HINS3", "HINS4", "NWLA", "POBP", "WRK", "AGEP", "CIT", "RAC1P", "ACS_YEAR", "DIVISION"]}