{"validation": 0.691959624086321, "id_test": 0.6926007492912111, "ood_test": 0.6650156103858466, "ood_validation": 0.6640189685832839, "train": 0.6927134463972255, "id_test_conf": [0.6903190193070865, 0.694875410767227], "id_test_balanced": 0.6007900238037109, "id_test_balanced_conf": [0.5993348381039687, 0.6022452095034532], "ood_test_conf": [0.6616452048895971, 0.6683734000860999], "ood_test_balanced": 0.6308772563934326, "ood_test_balanced_conf": [0.6286003545159474, 0.6331541582709178], "features": ["ENG", "HINS1", "HINS2", "HINS3", "HINS4", "NWLA", "POBP", "WRK", "AGEP", "CIT", "RAC1P", "ACS_YEAR", "DIVISION"]}