{"validation": 0.8070820878362842, "id_test": 0.8016091954022988, "ood_test": 0.74169845979935, "ood_validation": 0.748198389147944, "train": 0.7957236463961375, "id_test_conf": [0.7894426922774128, 0.8133693382228658], "id_test_balanced": 0.7011513710021973, "id_test_balanced_conf": [0.6930514046549797, 0.7092513373494148], "ood_test_conf": [0.7357544477646994, 0.7475762283638029], "ood_test_balanced": 0.6966665983200073, "ood_test_balanced_conf": [0.6929278344847262, 0.7004053621552885], "features": ["VCF0901b", "VCF0218", "VCF0224", "VCF9008", "VCF9010", "VCF9011", "VCF9201", "VCF9203", "VCF9204", "VCF9205", "VCF9206", "VCF0521", "VCF0523", "VCF0428", "VCF0429", "VCF9052", "VCF0870", "VCF0843", "VCF9239", "VCF0803", "VCF0601", "VCF0606", "VCF0616", "VCF0617", "VCF0743", "VCF0717", "VCF0718", "VCF0721", "VCF0675", "VCF0726", "VCF0745", "VCF0101", "VCF0104", "VCF0140a", "VCF0112"]}