{"validation": 0.8038629570016096, "id_test": 0.7979310344827586, "ood_test": 0.7293109132871745, "ood_validation": 0.7312420517168292, "train": 0.7941717438786068, "id_test_conf": [0.7856851996108434, 0.8097754992772174], "id_test_balanced": 0.6888964772224426, "id_test_balanced_conf": [0.6809637514874339, 0.6968292029574513], "ood_test_conf": [0.723279630787667, 0.7352793523509162], "ood_test_balanced": 0.6774811148643494, "ood_test_balanced_conf": [0.6738812960078939, 0.6810809337208048], "features": ["VCF0901b", "VCF0218", "VCF0224", "VCF9008", "VCF9010", "VCF9011", "VCF9201", "VCF9203", "VCF9204", "VCF9205", "VCF9206", "VCF0521", "VCF0523", "VCF0428", "VCF0429", "VCF9052", "VCF0870", "VCF0843", "VCF9239", "VCF0803", "VCF0601", "VCF0606", "VCF0616", "VCF0617", "VCF0743", "VCF0717", "VCF0718", "VCF0721", "VCF0675", "VCF0726", "VCF0745", "VCF0101", "VCF0104", "VCF0140a", "VCF0112"]}