{"validation": 0.8771058836346093, "id_test": 0.8769123025445491, "ood_test": 0.8327736287980215, "ood_validation": 0.8314318882350586, "train": 0.876462080027391, "id_test_conf": [0.8751036609757928, 0.8787039178928405], "id_test_balanced": 0.5392907857894897, "id_test_balanced_conf": [0.5384617380378768, 0.5401198335411027], "ood_test_conf": [0.8312245451017763, 0.8343141280282904], "ood_test_balanced": 0.5311868786811829, "ood_test_balanced_conf": [0.5306096342066303, 0.5317641231557354], "features": ["PHYSHLTH", "HIGH_BLOOD_PRESS", "CHOL_CHK_PAST_5_YEARS", "BMI5CAT", "SMOKE100", "CVDSTRK3", "MICHD", "DRNK_PER_WEEK", "RFBING5", "TOTINDA", "HEALTH_COV", "MENTHLTH", "STATE", "SEX", "PRACE1", "PRACE1", "IYEAR"]}