{"validation": 0.7850963516121887, "id_test": 0.7850280984204131, "ood_test": 0.7577953129322496, "ood_validation": 0.7612329579134558, "train": 0.7851601465996584, "id_test_conf": [0.7829942200320952, 0.7870515138169364], "id_test_balanced": 0.7063126564025879, "id_test_balanced_conf": [0.7049216063157655, 0.7077037064894103], "ood_test_conf": [0.7547312735037423, 0.7608396381651019], "ood_test_balanced": 0.7170826196670532, "ood_test_balanced_conf": [0.7150512953381986, 0.7191139439959079], "features": ["COW", "ENG", "HINS4", "NWLK", "OCCP", "POBP", "WKW", "WRK", "ST", "MAR", "SCHL", "ACS_YEAR", "DIVISION"]}