{"validation": 0.8500843050336475, "id_test": 0.8496061076887184, "ood_test": 0.8044398307114908, "ood_validation": 0.8311781609195402, "train": 0.8498825499434208, "id_test_conf": [0.8487023935373205, 0.8505064691740428], "id_test_balanced": 0.7690399885177612, "id_test_balanced_conf": [0.7684097234148066, 0.7696702536207158], "ood_test_conf": [0.7973827464232619, 0.8113551373701114], "ood_test_balanced": 0.7472686767578125, "ood_test_balanced_conf": [0.7428776541817933, 0.7516596993338317], "features": ["Average_confidence(CONCENTRATING)", "Average_confidence(FRUSTRATED)", "hint_count", "bottom_hint", "overlap_time", "first_action", "school_id"]}