{"validation": 0.7754643546498751, "id_test": 0.7746747164844067, "ood_test": 0.7586252321797895, "ood_validation": 0.7570835803200948, "train": 0.7755463669279018, "id_test_conf": [0.7726065468862127, 0.7767328034979321], "id_test_balanced": 0.7202455401420593, "id_test_balanced_conf": [0.7187728360388428, 0.7217182442452759], "ood_test_conf": [0.7555647211977794, 0.7616659654343223], "ood_test_balanced": 0.7378841638565063, "ood_test_balanced_conf": [0.7357318274304271, 0.7400365002825856], "features": ["FER", "HINS2", "HINS3", "NWLA", "OCCP", "POBP", "RELP", "WKW", "WRK", "AGEP", "MAR", "CIT", "SCHL", "DIVISION"]}