{"id_test": 0.622113365990203, "id_test_conf": [0.6074034881805305, 0.6366566627164163], "id_test_balanced": 0.5855744481086731, "id_test_balanced_conf": [0.576222132164985, 0.5949267640523612], "ood_test": 0.5615876628472767, "ood_test_conf": [0.5572667072082532, 0.5659016028440198], "ood_test_balanced": 0.5584965944290161, "ood_test_balanced_conf": [0.5558658441435546, 0.5611273447144777], "validation": 0.6189920671955202, "validation_conf": [0.6042593804348406, 0.6335623954485008], "validation_balanced": 0.5847356915473938, "validation_balanced_conf": [0.575392236970365, 0.5940791461244226], "features": ["weight", "admission_type_id", "medical_specialty", "num_lab_procedures", "number_outpatient", "diag_1", "diag_2", "max_glu_serum", "A1Cresult", "metformin", "repaglinide", "nateglinide", "glimepiride", "acetohexamide", "glyburide", "pioglitazone", "rosiglitazone", "acarbose", "miglitol", "tolazamide", "insulin", "metformin-rosiglitazone", "metformin-pioglitazone", "admission_source_id"]}