{"validation": 0.8215752858432854, "id_test": 0.8162741008292211, "ood_test": 0.7831744343058227, "ood_validation": 0.7779414472472841, "train": 0.817175343153932, "id_test_conf": [0.8135492500793762, 0.8189755953231874], "id_test_balanced": 0.6881431937217712, "id_test_balanced_conf": [0.6860954924300313, 0.6901908950135112], "ood_test_conf": [0.7794942226543229, 0.7868209862055313], "ood_test_balanced": 0.6871894598007202, "ood_test_balanced_conf": [0.6844887203257531, 0.6898901992756873], "features": ["NWLK", "POBP", "RELP", "WKW", "WRK", "DIS", "MIL", "ANC", "NATIVITY", "DEYE", "DREM", "PUBCOV", "AGEP", "SEX", "ST", "RAC1P", "DIVISION"]}