{"validation": 0.8242715606598242, "id_test": 0.8208144681284021, "ood_test": 0.7945496951593765, "ood_validation": 0.7972749033327196, "train": 0.8223055620029951, "id_test_conf": [0.8181156800921919, 0.8234895638922735], "id_test_balanced": 0.6237310171127319, "id_test_balanced_conf": [0.6219281213427894, 0.6255339128826745], "ood_test_conf": [0.7909401896359433, 0.7981241862260435], "ood_test_balanced": 0.641923189163208, "ood_test_balanced_conf": [0.6394500498613342, 0.6443963284650818], "features": ["ENG", "HUPAC", "NWLA", "NWLK", "OCCP", "POBP", "RELP", "WKHP", "WKW", "DIS", "MIL", "ANC", "NATIVITY", "DEAR", "DEYE", "DREM", "AGEP", "SEX", "CIT", "RAC1P", "SCHL", "ACS_YEAR", "DIVISION"]}