{"validation": 0.8277309321225533, "id_test": 0.8255456071628428, "ood_test": 0.7987847293260771, "ood_validation": 0.8066654391456454, "train": 0.825175114225666, "id_test_conf": [0.8228746567048189, 0.8281925151572802], "id_test_balanced": 0.6030864119529724, "id_test_balanced_conf": [0.6014480264647863, 0.6047247974411585], "ood_test_conf": [0.7952026447722085, 0.8023312949444383], "ood_test_balanced": 0.6206477880477905, "ood_test_balanced_conf": [0.6183500662026927, 0.6229455098928883], "features": ["ENG", "HUPAC", "NWLA", "NWLK", "OCCP", "POBP", "RELP", "WKHP", "WKW", "DIS", "MIL", "ANC", "NATIVITY", "DEAR", "DEYE", "DREM", "AGEP", "SEX", "CIT", "RAC1P", "SCHL", "ACS_YEAR", "DIVISION"]}