{"id_test": 0.7462845010615711, "id_test_conf": [0.7172229774354522, 0.7737970322767056], "id_test_balanced": 0.7403175830841064, "id_test_balanced_conf": [0.7205748341977596, 0.7600603319704533], "ood_test": 0.6466086729020865, "ood_test_conf": [0.638971461515188, 0.6541900643739131], "ood_test_balanced": 0.6583013534545898, "ood_test_balanced_conf": [0.6531281858962029, 0.6634745210129768], "validation": 0.720510095642933, "validation_conf": [0.6906468918480566, 0.7489859418271985], "validation_balanced": 0.7178471684455872, "validation_balanced_conf": [0.6975253321230411, 0.7381690047681332], "features": ["FCSZ1231", "JOBORG31", "CMJHLD31", "PRVHMO31", "PFSAMT31", "MCAID31", "MCARE31", "GOVAAT31", "GOVTB31", "GOVBAT31", "GOVTC31", "VAPROG31", "IHS31", "BSNTY31", "EMPST31", "MORJOB31", "HRWGIM31", "DIFFWG31", "HOUR31", "SSNLJB31", "CHOIC31", "INDCAT31", "NUMEMP31", "NWK31", "STJBMM31", "STJBYY31", "PAYVAC31", "PRING31", "TRIAT31X", "MCAID31X", "MCARE31X", "INS31X", "INSAT31X", "RACEWX", "RACETHX", "HISPNCAT", "OTHLGSPK", "HWELLSPK", "PRIEU31", "MCRPD31X", "PRIOG31", "PRINEO31", "PRSTX31", "PRIV31", "PRIVAT31", "VERFLG31", "HRWG31X", "HELD31X", "TRIST31X", "VASPUN31", "VACMPM31", "ASMRCN31", "ASPREV31", "ASDALY31", "ASPKFL31", "ASWNFL31", "IADLHP31", "ADLHLP31", "WLKLIM31", "LFTDIF31", "STPDIF31", "WLKDIF31", "MILDIF31", "STNDIF31", "BENDIF31", "RCHDIF31", "FNGRDF31", "WRKLIM31", "SCHLIM31", "VASPOU31", "FCRP1231", "FAMSZE31", "FMRS1231", "BEGRFY31", "ENDRFY31", "ELGRND31", "SPOUID31", "SPOUIN31", "ACTDTY31", "CHBRON31", "COGLIM31", "UNABLE31", "VALOCT31", "VANTWK31", "VAOUT31", "VAPAST31", "VAPROB31", "VAREP31", "VAPCCO31", "VAPCRC31", "VAPCOU31", "VAPCUN31", "VASPCL31", "VAPACT31", "VACTDY31", "VADERM31", "VAJTPN31", "VARTHR31", "VANECK31", "VATMD31", "VACOST31", "VAMOOD31", "VARXMD31", "VACRGV31", "VALCOH31", "MOPID31X", "DAPID31X", "AGE31X", "INSCOV19"]}