{"validation": 0.7890263582571275, "id_test": 0.7901225192385581, "ood_test": 0.7669375979765778, "ood_validation": 0.7631298162418494, "train": 0.7906382527649604, "id_test_conf": [0.7881062076366524, 0.7921281806459534], "id_test_balanced": 0.7206010818481445, "id_test_balanced_conf": [0.7191904511209577, 0.7220117125753314], "ood_test_conf": [0.7639132991282004, 0.769941482721443], "ood_test_balanced": 0.7331860065460205, "ood_test_balanced_conf": [0.731122570829466, 0.735249442262575], "features": ["COW", "ENG", "HINS3", "NWLK", "OCCP", "POBP", "WRK", "AGEP", "SEX", "CIT", "RAC1P", "SCHL", "DIVISION"]}