{"validation": 0.8052425845021844, "id_test": 0.8002298850574713, "ood_test": 0.7374593754415713, "ood_validation": 0.7359050445103857, "train": 0.7944303942981952, "id_test_conf": [0.7880334488350861, 0.8120218325452625], "id_test_balanced": 0.6997226476669312, "id_test_balanced_conf": [0.6916087188944221, 0.7078365764394402], "ood_test_conf": [0.731484820568292, 0.7433688504705847], "ood_test_balanced": 0.6882842183113098, "ood_test_balanced_conf": [0.6846399240009486, 0.691928512621671], "features": ["VCF0901b", "VCF0302", "VCF9008", "VCF9011", "VCF9201", "VCF9203", "VCF9204", "VCF9205", "VCF0521", "VCF0809", "VCF0843", "VCF9045", "VCF0838", "VCF9239", "VCF0803", "VCF0846", "VCF0601", "VCF0612", "VCF0310", "VCF0743", "VCF0717", "VCF0720", "VCF0721", "VCF0724", "VCF0745", "VCF0104", "VCF0105a", "VCF0140a", "VCF0112"]}