{"validation": 0.39912711402073103, "id_test": 0.39973086994471924, "ood_test": 0.5838923625092116, "ood_validation": 0.5819900514521119, "train": 0.401828497649594, "id_test_conf": [0.3939336462726274, 0.4055492895745081], "id_test_balanced": 0.5, "id_test_balanced_conf": [0.5, 0.5], "ood_test_conf": [0.5825595349789227, 0.585224266827428], "ood_test_balanced": 0.5000022649765015, "ood_test_balanced_conf": [0.49999937950843104, 0.5000051504445718], "features": ["AGEG5YR", "FRUIT_ONCE_PER_DAY", "DRNK_PER_WEEK", "RFBING5", "CHCSCNCR", "CHCOCNCR", "DIABETES", "EMPLOY1", "IYEAR", "IYEAR", "MEDCOST", "SEX", "BMI5CAT"]}