{"id_test": 0.6575501891184172, "id_test_conf": [0.6519067030132233, 0.6631603661391734], "id_test_balanced": 0.621331512928009, "id_test_balanced_conf": [0.6175688964640722, 0.6250941293919459], "ood_test": 0.5922303174880533, "ood_test_conf": [0.590901473816158, 0.5935581461880926], "ood_test_balanced": 0.6204860806465149, "ood_test_balanced_conf": [0.6196168173931074, 0.6213553438999224], "validation": 0.6600109110747409, "validation_conf": [0.6543768013636353, 0.6656111899741294], "validation_balanced": 0.6243678331375122, "validation_balanced_conf": [0.6205990304192528, 0.6281366358557716], "features": ["AGEG5YR", "FRUIT_ONCE_PER_DAY", "DRNK_PER_WEEK", "RFBING5", "CHCSCNCR", "CHCOCNCR", "DIABETES", "EMPLOY1", "IYEAR", "IYEAR", "MEDCOST", "SEX", "BMI5CAT"]}