{"validation": 0.6008365157301327, "id_test": 0.6004146057608379, "ood_test": 0.416111436103535, "ood_validation": 0.41802704227278165, "train": 0.598176048590211, "id_test_conf": [0.5945965229627742, 0.6062114618436578], "id_test_balanced": 0.5001819729804993, "id_test_balanced_conf": [0.5000692470945068, 0.5002946988664917], "ood_test_conf": [0.4147795300181501, 0.41744426535919293], "ood_test_balanced": 0.4999983310699463, "ood_test_balanced_conf": [0.4999895423945418, 0.5000071197453508], "features": ["AGEG5YR", "FRUIT_ONCE_PER_DAY", "DRNK_PER_WEEK", "RFBING5", "CHCSCNCR", "CHCOCNCR", "DIABETES", "EMPLOY1", "IYEAR", "IYEAR", "MEDCOST", "SEX", "BMI5CAT"]}