{"validation": 0.7734012593741101, "id_test": 0.7737634163628999, "ood_test": 0.7620502957410652, "ood_validation": 0.7562537048014226, "train": 0.7756555335200768, "id_test_conf": [0.7716923165481318, 0.7758244670735815], "id_test_balanced": 0.729103147983551, "id_test_balanced_conf": [0.7276158340112306, 0.7305904619558714], "ood_test_conf": [0.7590045125863825, 0.7650760389641491], "ood_test_balanced": 0.7363584637641907, "ood_test_balanced_conf": [0.734234508993104, 0.7384824185352773], "features": ["COW", "ENG", "HINS3", "HINS4", "NWLA", "NWLK", "OCCP", "WRK", "AGEP", "SEX", "CIT", "ACS_YEAR", "DIVISION"]}