{"validation": 0.7833204534517084, "id_test": 0.7823524008450783, "ood_test": 0.4291403230559118, "ood_validation": 0.42587701923500154, "train": 0.7824725822084448, "id_test_conf": [0.7812068874201141, 0.7834946467444909], "id_test_balanced": 0.5297636985778809, "id_test_balanced_conf": [0.5293717675533844, 0.5301556296023773], "ood_test_conf": [0.42806728854528087, 0.43021385946182755], "ood_test_balanced": 0.5450641512870789, "ood_test_balanced_conf": [0.5446673249313608, 0.5454609776427969], "features": ["MIG", "ANC", "NATIVITY", "DEAR", "DREM", "ESR", "FER", "SEX", "MAR", "DIVISION", "DIS"]}