{"validation": 0.782847192685026, "id_test": 0.7817673159179044, "ood_test": 0.48668442809860163, "ood_validation": 0.4838791320040495, "train": 0.7820579799208687, "id_test_conf": [0.7806206987644436, 0.7829106723203724], "id_test_balanced": 0.5523343086242676, "id_test_balanced_conf": [0.5517987828620243, 0.5528698343865108], "ood_test_conf": [0.48560063711928675, 0.4877683133907041], "ood_test_balanced": 0.5800313949584961, "ood_test_balanced_conf": [0.5794868018454872, 0.580575988071505], "features": ["MIG", "ANC", "NATIVITY", "DEAR", "DREM", "ESR", "FER", "SEX", "MAR", "DIVISION", "DIS"]}