{"validation": 0.8036330190848471, "id_test": 0.8043678160919541, "ood_test": 0.739673119495078, "ood_validation": 0.7498940228910556, "train": 0.7973905046557076, "id_test_conf": [0.7922618485354873, 0.8160636793365021], "id_test_balanced": 0.6950410604476929, "id_test_balanced_conf": [0.6871850915439427, 0.702897029351443], "ood_test_conf": [0.7337144255917105, 0.745566125898464], "ood_test_balanced": 0.6881530284881592, "ood_test_balanced_conf": [0.6845911732269451, 0.6917148837493733], "features": ["VCF0004", "VCF0901b", "VCF0218", "VCF0224", "VCF9008", "VCF9010", "VCF9011", "VCF9201", "VCF9203", "VCF9205", "VCF9206", "VCF0523", "VCF0428", "VCF0429", "VCF0875", "VCF0809", "VCF9239", "VCF0803", "VCF0601", "VCF0612", "VCF0615", "VCF0616", "VCF0310", "VCF0743", "VCF0701", "VCF0725", "VCF0101", "VCF0115", "VCF0140a", "VCF0112"]}