{"validation": 0.7861405562763029, "id_test": 0.7861102673147023, "ood_test": 0.7747493775605644, "ood_validation": 0.760284528749259, "train": 0.7868854533933802, "id_test_conf": [0.7840800814966822, 0.7881299503761512], "id_test_balanced": 0.7545280456542969, "id_test_balanced_conf": [0.7530593675677665, 0.7559967237408273], "ood_test_conf": [0.7717605913936615, 0.7777171514845223], "ood_test_balanced": 0.7527903318405151, "ood_test_balanced_conf": [0.7506889320723712, 0.7548917316086591], "features": ["COW", "ENG", "FER", "HINS1", "HINS4", "OCCP", "RELP", "WKHP", "WRK", "SEX", "ST", "CIT", "RAC1P", "ACS_YEAR", "DIVISION"]}