{"validation": 0.7547891023004145, "id_test": 0.75611963345484, "ood_test": 0.7338857346102673, "ood_validation": 0.7378778897451097, "train": 0.7560743693453881, "id_test_conf": [0.7539944875826146, 0.758235378367536], "id_test_balanced": 0.6952877044677734, "id_test_balanced_conf": [0.693796038646251, 0.6967793702892959], "ood_test_conf": [0.730726527402531, 0.7370270576022955], "ood_test_balanced": 0.7072954177856445, "ood_test_balanced_conf": [0.7051024971855804, 0.7094883383857087], "features": ["COW", "ENG", "HINS1", "HINS3", "NWLA", "POBP", "RELP", "WKHP", "WKW", "ST", "MAR", "DIVISION"]}