{"validation": 0.8727434436672196, "id_test": 0.8736969463875067, "ood_test": 0.8226608920574576, "ood_validation": 0.8259050617181675, "train": 0.8731338051445181, "id_test_conf": [0.8718412649119639, 0.8755352453047096], "id_test_balanced": 0.5001353621482849, "id_test_balanced_conf": [0.5000739149317087, 0.5001968093648611], "ood_test_conf": [0.8210482443450002, 0.8242649271232098], "ood_test_balanced": 0.5003101229667664, "ood_test_balanced_conf": [0.5002494701309479, 0.5003707758025848], "features": ["BMI5", "SMOKDAY2", "CVDSTRK3", "VEG_ONCE_PER_DAY", "RFBING5", "TOTINDA", "MARITAL", "CHECKUP1", "EDUCA", "IYEAR", "MEDCOST", "PRACE1", "MEDCOST", "PRACE1", "SEX", "PRACE1"]}