{"id_test": 0.9878891993613139, "id_test_conf": [0.9873030670799577, 0.9884550345992967], "id_test_balanced": 0.49998918175697327, "id_test_balanced_conf": [0.4999770113668455, 0.500001352147101], "ood_test": 0.9242273180458624, "ood_test_conf": [0.9227996391242655, 0.9256366622778522], "ood_test_balanced": 0.5000410676002502, "ood_test_balanced_conf": [0.5000124903662436, 0.5000696448342569], "validation": 0.9886589634107223, "validation_conf": [0.9880910811249181, 0.9892065110282448], "validation_balanced": 0.500300407409668, "validation_balanced_conf": [0.5002332818684226, 0.5003675329509133], "features": ["Temp", "MAP", "Resp", "pH", "PaCO2", "SaO2", "AST", "Alkalinephos", "Glucose", "Magnesium", "Phosphate", "Potassium", "Bilirubin_total", "TroponinI", "Hct", "WBC", "Platelets", "Age", "Gender", "Unit1", "Unit2", "set", "ICULOS"]}