{"id_test": 0.7664543524416136, "id_test_conf": [0.7380961126056931, 0.793135590951029], "id_test_balanced": 0.7581959962844849, "id_test_balanced_conf": [0.7389720056205988, 0.7774199869483709], "ood_test": 0.7154817188828569, "ood_test_conf": [0.7082567239166133, 0.7226246434923029], "ood_test_balanced": 0.7141232490539551, "ood_test_balanced_conf": [0.7090608513168991, 0.719185646791011], "validation": 0.7662061636556854, "validation_conf": [0.7378229922987545, 0.7929121112275783], "validation_balanced": 0.7644450664520264, "validation_balanced_conf": [0.7452783931046725, 0.7836117397993803], "features": ["FCSZ1231", "JOBORG31", "OFREMP31", "MCRPB31", "MCDHMO31", "MCDMC31", "FSAGT31", "HASFSA31", "PFSAMT31", "MCARE31", "GOVTA31", "GOVCAT31", "VAPRAT31", "BSNTY31", "RETPLN31", "VAPROX31", "EMPST31", "HRHOW31", "NHRWG31", "SSNLJB31", "INDCAT31", "NUMEMP31", "MORE31", "NWK31", "PAYDR31", "YRSINUS", "TRIAT31X", "MCARE31X", "MCDAT31X", "PUBAT31X", "INS31X", "INSAT31X", "RACEAX", "RACEBX", "RACEWX", "HISPANX", "HISPNCAT", "EDUCYR", "HIDEG", "WHTLGSPK", "PRIEU31", "TRILI31X", "PRIEUO31", "PRSTX31", "PRIV31", "PMEDPY31", "MARRY31X", "FTSTU31X", "REFRL31X", "HRWG31X", "TRIEX31X", "VASPUN31", "VACMPM31", "ASDALY31", "AIDHLP31", "WLKLIM31", "LFTDIF31", "STPDIF31", "BENDIF31", "ACTLIM31", "WRKLIM31", "SOCLIM31", "ASTHEP31", "RUSIZE31", "RUCLAS31", "FMRS1231", "FAMS1231", "REGION31", "RESP31", "PROXY31", "BEGRFM31", "BEGRFY31", "ENDRFM31", "INSCOP31", "ELGRND31", "ACTDTY31", "CHBRON31", "ASATAK31", "VALOCT31", "VANTWK31", "VAOUT31", "VACOMP31", "VAMREC31", "VAGTRC31", "VAPROB31", "VAPROV31", "VAPCCO31", "VAPCSN31", "VAPCSO31", "VAPCOU31", "VAPCUN31", "VASPCL31", "VAPACT31", "VARECM31", "VAMOBL31", "VAGERD31", "VABACK31", "VAGOUT31", "VANECK31", "VAFIBR31", "VATMD31", "VACOST31", "VABIPL31", "VAMOOD31", "VAPROS31", "VARHAB31", "VACRGV31", "MOPID31X", "AGE31X", "INSCOV19"]}