{"id_test": 0.6474759038369216, "id_test_conf": [0.6417515159275424, 0.6531686323240967], "id_test_balanced": 0.6172082424163818, "id_test_balanced_conf": [0.6133272850885987, 0.621089199744165], "ood_test": 0.5485245314344818, "ood_test_conf": [0.5471696718762316, 0.5498788494694162], "ood_test_balanced": 0.5843572020530701, "ood_test_balanced_conf": [0.5835026646382175, 0.5852117394679226], "validation": 0.650430222681783, "validation_conf": [0.6447164977328694, 0.6561116537226479], "validation_balanced": 0.6200278401374817, "validation_balanced_conf": [0.6161501977220177, 0.6239054825529456], "features": ["AGEG5YR", "VEG_ONCE_PER_DAY", "TOTINDA", "SMOKE100", "EMPLOY1", "PRACE1", "MEDCOST", "PRACE1", "BMI5CAT", "IYEAR"]}