{"validation": 0.8756953959423543, "id_test": 0.8737309539924394, "ood_test": 0.8297361194029851, "ood_validation": 0.8313703576341128, "train": 0.8761809644573161, "id_test_conf": [0.8718475562587144, 0.8755964432303467], "id_test_balanced": 0.5493171811103821, "id_test_balanced_conf": [0.5483563934313134, 0.5502779687894508], "ood_test_conf": [0.8281192029084561, 0.831343901779489], "ood_test_balanced": 0.5402407050132751, "ood_test_balanced_conf": [0.5395567000773736, 0.5409247099491767], "features": ["PHYSHLTH", "HIGH_BLOOD_PRESS", "BMI5", "BMI5CAT", "CVDSTRK3", "MICHD", "FRUIT_ONCE_PER_DAY", "MARITAL", "EDUCA", "HEALTH_COV", "MENTHLTH", "STATE", "PRACE1", "SEX", "MEDCOST", "PRACE1", "IYEAR"]}