{"validation": 0.7657564155301712, "id_test": 0.7640745240988255, "ood_test": 0.7412496212670101, "ood_validation": 0.7346769413159455, "train": 0.7652127205976, "id_test_conf": [0.7619731230628991, 0.7661662319695843], "id_test_balanced": 0.7081069350242615, "id_test_balanced_conf": [0.706618316010572, 0.7095955540379509], "ood_test_conf": [0.7381184191489052, 0.7443623756218973], "ood_test_balanced": 0.7168952226638794, "ood_test_balanced_conf": [0.7147100287210196, 0.7190804166067392], "features": ["ENG", "HINS1", "HINS2", "HINS3", "HINS4", "NWLA", "NWLK", "OCCP", "POBP", "WKW", "WRK", "SEX", "ST", "RAC1P", "SCHL", "DIVISION"]}