{"validation": 0.7584976109862988, "id_test": 0.7590750303766707, "ood_test": 0.7402747954841854, "ood_validation": 0.7448725548310611, "train": 0.7591856172223748, "id_test_conf": [0.7569585893927637, 0.7611819618441069], "id_test_balanced": 0.7145273089408875, "id_test_balanced_conf": [0.7130134873068892, 0.7160411305748857], "ood_test_conf": [0.7371398208230954, 0.7433913969872301], "ood_test_balanced": 0.7115750312805176, "ood_test_balanced_conf": [0.7094087732722982, 0.7137412892887369], "features": ["COW", "FER", "HINS2", "HINS4", "NWLK", "POBP", "RELP", "WKHP", "SEX", "ST", "MAR", "CIT", "DIVISION"]}