{"id_test": 0.668749075853911, "id_test_conf": [0.6631040434425527, 0.6743578434520908], "id_test_balanced": 0.632991373538971, "id_test_balanced_conf": [0.6292319150036201, 0.6367508320743218], "ood_test": 0.5997200273031225, "ood_test_conf": [0.5983850527818333, 0.6010538877323852], "ood_test_balanced": 0.625831663608551, "ood_test_balanced_conf": [0.6249493811442517, 0.6267139460728504], "validation": 0.6621566670363388, "validation_conf": [0.6564846924185385, 0.6677937930225872], "validation_balanced": 0.6260053515434265, "validation_balanced_conf": [0.6222372550237923, 0.6297734480630607], "features": ["AGEG5YR", "RFBING5", "TOTINDA", "CHCSCNCR", "CHCOCNCR", "DIABETES", "STATE", "MEDCOST", "PRACE1", "STATE", "MEDCOST", "SEX", "BMI5CAT", "IYEAR"]}