{"id_test": 0.6689339050717137, "id_test_conf": [0.6632896428798749, 0.6745418627076842], "id_test_balanced": 0.6330704689025879, "id_test_balanced_conf": [0.6293130689533427, 0.6368278688518331], "ood_test": 0.6002252121969373, "ood_test_conf": [0.5988905154236437, 0.6015587892339566], "ood_test_balanced": 0.6260344386100769, "ood_test_balanced_conf": [0.6251511044916697, 0.6269177727284841], "validation": 0.6606040442127833, "validation_conf": [0.6549259276586998, 0.6662476459717461], "validation_balanced": 0.6240000128746033, "validation_balanced_conf": [0.6202353061083704, 0.6277647196408361], "features": ["AGEG5YR", "RFBING5", "TOTINDA", "CHCSCNCR", "CHCOCNCR", "DIABETES", "STATE", "MEDCOST", "PRACE1", "STATE", "MEDCOST", "SEX", "BMI5CAT", "IYEAR"]}