{"validation": 0.6004953606151344, "id_test": 0.6003622652668934, "ood_test": 0.41984142593256746, "ood_validation": 0.4205466377440347, "train": 0.6014065828446798, "id_test_conf": [0.5944962755032148, 0.6062066904619394], "id_test_balanced": 0.5032134056091309, "id_test_balanced_conf": [0.5026493548415601, 0.5037774563767016], "ood_test_conf": [0.4184977190715086, 0.4211860283349783], "ood_test_balanced": 0.5031943321228027, "ood_test_balanced_conf": [0.5030511862461572, 0.5033374779994483], "features": ["AGEG5YR", "RFBING5", "TOTINDA", "CHCSCNCR", "CHCOCNCR", "DIABETES", "STATE", "MEDCOST", "PRACE1", "STATE", "MEDCOST", "SEX", "BMI5CAT", "IYEAR"]}