{"validation": 0.8021263804069234, "id_test": 0.8031338598622925, "ood_test": 0.7907813096916125, "ood_validation": 0.783402489626556, "train": 0.8029756598052563, "id_test_conf": [0.8011645958086266, 0.8050919955250011], "id_test_balanced": 0.7675132751464844, "id_test_balanced_conf": [0.7660818684892728, 0.7689446818036959], "ood_test_conf": [0.787870132160821, 0.793670247132643], "ood_test_balanced": 0.7742397785186768, "ood_test_balanced_conf": [0.7721766316704453, 0.7763029253669083], "features": ["FER", "HINS1", "HINS2", "NWLA", "OCCP", "POBP", "WKHP", "AGEP", "SEX", "ST", "MAR", "RAC1P", "SCHL", "ACS_YEAR", "DIVISION"]}