{"validation": 0.8102521912476663, "id_test": 0.8115823714054273, "ood_test": 0.7965117044960546, "ood_validation": 0.7941908713692946, "train": 0.8115017288665739, "id_test_conf": [0.8096454193599896, 0.8135078844943827], "id_test_balanced": 0.7764077186584473, "id_test_balanced_conf": [0.7749959447793663, 0.7778194925375282], "ood_test_conf": [0.7936298866404279, 0.79937084327518], "ood_test_balanced": 0.7759976387023926, "ood_test_balanced_conf": [0.7739622873300687, 0.7780329900747165], "features": ["FER", "HINS1", "HINS2", "NWLA", "OCCP", "POBP", "WKHP", "AGEP", "SEX", "ST", "MAR", "RAC1P", "SCHL", "ACS_YEAR", "DIVISION"]}