{"validation": 0.7954877701484037, "id_test": 0.7958308019441069, "ood_test": 0.7750128439883548, "ood_validation": 0.7736810906935389, "train": 0.7964319927728551, "id_test_conf": [0.7938347373445028, 0.7978160065704255], "id_test_balanced": 0.7214833498001099, "id_test_balanced_conf": [0.7200979200960137, 0.722868779504206], "ood_test_conf": [0.7720252811980057, 0.7779793743608573], "ood_test_balanced": 0.7351633310317993, "ood_test_balanced_conf": [0.7331729472847656, 0.7371537147788331], "features": ["COW", "ENG", "HINS1", "HINS2", "NWLA", "OCCP", "RELP", "WKHP", "WKW", "WRK", "MAR", "CIT", "SCHL", "DIVISION"]}