{"validation": 0.7962345346960732, "id_test": 0.797229394491697, "ood_test": 0.7948518660009748, "ood_validation": 0.7890930646117368, "train": 0.7972183086614198, "id_test_conf": [0.7952383834405832, 0.7992094941682275], "id_test_balanced": 0.7713106870651245, "id_test_balanced_conf": [0.7698682698700577, 0.7727531042601913], "ood_test_conf": [0.7919614531204171, 0.7977197269662494], "ood_test_balanced": 0.7818561792373657, "ood_test_balanced_conf": [0.779803609852679, 0.7839087486220524], "features": ["ENG", "FER", "HINS1", "HINS2", "NWLA", "OCCP", "WKHP", "AGEP", "SEX", "MAR", "SCHL", "ACS_YEAR", "DIVISION"]}