{"id_test": 0.6687860416974716, "id_test_conf": [0.6631411632519262, 0.6743946473813069], "id_test_balanced": 0.635871410369873, "id_test_balanced_conf": [0.6320715196244419, 0.6396713011153042], "ood_test": 0.601000343217218, "ood_test_conf": [0.5996660754794806, 0.602333482558405], "ood_test_balanced": 0.6268101930618286, "ood_test_balanced_conf": [0.6259272723947652, 0.627693113728892], "validation": 0.6610476507337991, "validation_conf": [0.6553712821068356, 0.6666894091843569], "validation_balanced": 0.6281301379203796, "validation_balanced_conf": [0.6243124468624592, 0.6319478289783], "features": ["AGEG5YR", "FRUIT_ONCE_PER_DAY", "DRNK_PER_WEEK", "RFBING5", "SMOKE100", "CHCOCNCR", "DIABETES", "POVERTY", "EMPLOY1", "IYEAR", "MEDCOST", "PRACE1", "STATE", "MEDCOST", "PRACE1", "BMI5CAT"]}