{"id_test": 0.9156767650694213, "id_test_conf": [0.9149733801793891, 0.9163761622986459], "id_test_balanced": 0.8709121942520142, "id_test_balanced_conf": [0.870359318763949, 0.8714650697400793], "ood_test": 0.8816577497404775, "ood_test_conf": [0.8758715885729017, 0.8872658684548871], "ood_test_balanced": 0.8469208478927612, "ood_test_balanced_conf": [0.842882358301431, 0.8509593374840915], "validation": 0.9158190660094349, "validation_conf": [0.9151162174161731, 0.9165179255719906], "validation_balanced": 0.8707904815673828, "validation_balanced_conf": [0.8702374964987394, 0.8713434666360262], "features": ["attempt_count", "hint_count", "bottom_hint", "tutor_mode", "type", "overlap_time", "first_action", "school_id"]}