{"validation": 0.7522387115147297, "id_test": 0.7532844775212637, "ood_test": 0.7297888316581259, "ood_validation": 0.7254297569650267, "train": 0.7535635377253638, "id_test_conf": [0.7511511087194125, 0.7554085495004947], "id_test_balanced": 0.6641414761543274, "id_test_balanced_conf": [0.6627417472400703, 0.6655412050685845], "ood_test_conf": [0.7266145294856378, 0.7329455631218136], "ood_test_balanced": 0.6956628561019897, "ood_test_balanced_conf": [0.6935065859556198, 0.6978191262483597], "features": ["ENG", "FER", "HINS1", "HINS4", "NWLA", "NWLK", "POBP", "SEX", "CIT", "RAC1P", "SCHL", "DIVISION"]}