{"id_test": 0.971710098224522, "id_test_conf": [0.9708895149851507, 0.9725136742177891], "id_test_balanced": 0.5847237706184387, "id_test_balanced_conf": [0.5838074145268183, 0.5856401267100592], "ood_test": 0.9602777319373392, "ood_test_conf": [0.9593201229668658, 0.9612189865990854], "ood_test_balanced": 0.618816077709198, "ood_test_balanced_conf": [0.617782672161702, 0.619849483256694], "validation": 0.9722242879452666, "validation_conf": [0.9714108655374487, 0.9730206836952119], "validation_balanced": 0.587620198726654, "validation_balanced_conf": [0.5866914664185606, 0.5885489310347475], "features": ["RELP", "WKHP", "OCCP", "DIS", "ESP", "MIG", "MIL", "DREM", "DPHY", "AGEP", "SEX", "MAR", "RAC1P", "DIVISION", "SCHL"]}