{"id_test": 0.9718030551854492, "id_test_conf": [0.9709837616742217, 0.9726053379620632], "id_test_balanced": 0.5853022933006287, "id_test_balanced_conf": [0.5843837724078912, 0.5862208141933661], "ood_test": 0.9601432666507753, "ood_test_conf": [0.9591841261265752, 0.9610860577565042], "ood_test_balanced": 0.6185207962989807, "ood_test_balanced_conf": [0.6174877682654187, 0.6195538243325427], "validation": 0.9722924568057312, "validation_conf": [0.9714799895018174, 0.9730878948905182], "validation_balanced": 0.5882822275161743, "validation_balanced_conf": [0.5873508860380389, 0.5892135689943098], "features": ["RELP", "WKHP", "OCCP", "DIS", "ESP", "MIG", "MIL", "DREM", "DPHY", "AGEP", "SEX", "MAR", "RAC1P", "DIVISION", "SCHL"]}