{"validation": 0.8212318923524998, "id_test": 0.8201022536500993, "ood_test": 0.7944269405458488, "ood_validation": 0.7913828024304916, "train": 0.8211020988270606, "id_test_conf": [0.8173993355923909, 0.8227815321473541], "id_test_balanced": 0.7089613676071167, "id_test_balanced_conf": [0.7068995770253241, 0.7110231581889093], "ood_test_conf": [0.7908166492661345, 0.798002231990361], "ood_test_balanced": 0.7017854452133179, "ood_test_balanced_conf": [0.6991115266829729, 0.7044593637436628], "features": ["ENG", "FER", "HUPAC", "NWLA", "NWLK", "OCCP", "POBP", "RELP", "WKHP", "WKW", "WRK", "ANC", "DEAR", "DREM", "PUBCOV", "MAR", "CIT", "DIVISION"]}