{"validation": 0.812830535755346, "id_test": 0.8158620689655173, "ood_test": 0.759596815976638, "ood_validation": 0.7630351844001696, "train": 0.809058512472698, "id_test_conf": [0.8040182383200923, 0.8272801819250274], "id_test_balanced": 0.7298905849456787, "id_test_balanced_conf": [0.7216843561269343, 0.7380968137644232], "ood_test_conf": [0.7537898495447091, 0.7653326243704337], "ood_test_balanced": 0.7154858112335205, "ood_test_balanced_conf": [0.7118136596120894, 0.7191579628549516], "features": ["VCF0004", "VCF0224", "VCF0301", "VCF0302", "VCF9202", "VCF9206", "VCF0429", "VCF9052", "VCF0809", "VCF0839", "VCF0870", "VCF0843", "VCF9045", "VCF0838", "VCF9239", "VCF0606", "VCF0615", "VCF0616", "VCF0743", "VCF0717", "VCF0701", "VCF0675", "VCF0724", "VCF0726", "VCF0745", "VCF0101", "VCF0115", "VCF0112"]}