{"validation": 0.808921591170384, "id_test": 0.8108045977011494, "ood_test": 0.74169845979935, "ood_validation": 0.7473505722763883, "train": 0.8042303713070468, "id_test_conf": [0.7988434223910057, 0.8223469279692728], "id_test_balanced": 0.7005130052566528, "id_test_balanced_conf": [0.692754436545074, 0.7082715739682317], "ood_test_conf": [0.7357544477646994, 0.7475762283638029], "ood_test_balanced": 0.6886199712753296, "ood_test_balanced_conf": [0.6851188694033772, 0.692121073147282], "features": ["VCF0004", "VCF0224", "VCF0301", "VCF0302", "VCF9202", "VCF9206", "VCF0429", "VCF9052", "VCF0809", "VCF0839", "VCF0870", "VCF0843", "VCF9045", "VCF0838", "VCF9239", "VCF0606", "VCF0615", "VCF0616", "VCF0743", "VCF0717", "VCF0701", "VCF0675", "VCF0724", "VCF0726", "VCF0745", "VCF0101", "VCF0115", "VCF0112"]}