{"id_test": 0.7971312866676518, "id_test_conf": [0.7960147990527937, 0.7982443356242017], "id_test_balanced": 0.5900810956954956, "id_test_balanced_conf": [0.5894574282446411, 0.5907047631463501], "ood_test": 0.5992734848883146, "ood_test_conf": [0.5982104840242102, 0.6003357825983371], "ood_test_balanced": 0.6678340435028076, "ood_test_balanced_conf": [0.6672238340985496, 0.6684442529070657], "validation": 0.7982052034721765, "validation_conf": [0.7970909123727734, 0.7993160434699582], "validation_balanced": 0.5906865000724792, "validation_balanced_conf": [0.5900623859709594, 0.5913106141739991], "features": ["ESP", "MIG", "DEAR", "PINCP", "ESR", "AGEP", "SEX", "ST", "CIT", "RAC1P", "DIS"]}