{"validation": 0.8345738016101079, "id_test": 0.8355154070661674, "ood_test": 0.4438614900314795, "ood_validation": 0.5424528301886793, "train": 0.8344235896772185, "id_test_conf": [0.8341025892642638, 0.8369209261457279], "id_test_balanced": 0.73319011926651, "id_test_balanced_conf": [0.732233551266836, 0.734146687266184], "ood_test_conf": [0.42139514333085065, 0.46650084521670354], "ood_test_balanced": 0.5063822865486145, "ood_test_balanced_conf": [0.5036356380023063, 0.5091289350949227], "features": ["Average_confidence(BORED)", "Average_confidence(CONCENTRATING)", "skill_id", "problem_type", "bottom_hint", "ms_first_response", "tutor_mode", "position", "school_id"]}