{"validation": 0.6187340851218625, "id_test": 0.6172426336849763, "ood_test": 0.5806683985868757, "ood_validation": 0.5811607697082557, "train": 0.6184151293442526, "id_test_conf": [0.6114664977684136, 0.6229939793851871], "id_test_balanced": 0.5844070315361023, "id_test_balanced_conf": [0.5805196921806782, 0.5882943708915264], "ood_test_conf": [0.5793283347013045, 0.582007567008233], "ood_test_balanced": 0.5919129848480225, "ood_test_balanced_conf": [0.5909790432697628, 0.5928469264262821], "features": ["DRNK_PER_WEEK", "TOTINDA", "SMOKE100", "CHCOCNCR", "DIABETES", "STATE", "SEX", "IYEAR", "MEDCOST", "PRACE1", "SEX", "BMI5CAT"]}