{"validation": 0.7587380944847009, "id_test": 0.7582966281895505, "ood_test": 0.7319887763301761, "ood_validation": 0.7319502074688796, "train": 0.7592307077713165, "id_test_conf": [0.7561778811996969, 0.7604058942553696], "id_test_balanced": 0.681694746017456, "id_test_balanced_conf": [0.6802517612394877, 0.6831377307954244], "ood_test_conf": [0.7288225371254302, 0.7351372764819581], "ood_test_balanced": 0.6920874118804932, "ood_test_balanced_conf": [0.689983890322037, 0.6941909334389493], "features": ["ENG", "HINS4", "NWLA", "SEX", "MAR", "CIT", "RAC1P", "SCHL", "DIVISION"]}