{"id_test": 0.8388487561682861, "id_test_conf": [0.8362599938086506, 0.8414124910423633], "id_test_balanced": 0.652615487575531, "id_test_balanced_conf": [0.6507930468744598, 0.6544379282766022], "ood_test": 0.8138630876877123, "ood_test_conf": [0.8103837464316117, 0.8173051132717037], "ood_test_balanced": 0.6665971279144287, "ood_test_balanced_conf": [0.6641438573226333, 0.6690503985062242], "validation": 0.84127589759243, "validation_conf": [0.8387027675818941, 0.8438238200197359], "validation_balanced": 0.6528353691101074, "validation_balanced_conf": [0.651013378824573, 0.6546573593956418], "features": ["FER", "HUPAC", "WIF", "NWLA", "NWLK", "POBP", "WKHP", "WRK", "ANC", "NATIVITY", "DREM", "PUBCOV", "SEX", "SCHL", "DIVISION"]}