{"validation": 0.8745233339386236, "id_test": 0.8727652409330274, "ood_test": 0.8258053731343283, "ood_validation": 0.828748280605227, "train": 0.8752812802753529, "id_test_conf": [0.8708757658858914, 0.8746368539286974], "id_test_balanced": 0.49999526143074036, "id_test_balanced_conf": [0.49998659393268097, 0.5000039289287997], "ood_test_conf": [0.8241738952318891, 0.8274278259647919], "ood_test_balanced": 0.5, "ood_test_balanced_conf": [0.5, 0.5], "features": ["PHYSHLTH", "HIGH_BLOOD_PRESS", "BMI5", "BMI5CAT", "SMOKE100", "MICHD", "VEG_ONCE_PER_DAY", "TOTINDA", "INCOME", "EDUCA", "HEALTH_COV", "MENTHLTH", "STATE", "MEDCOST", "PRACE1", "MEDCOST", "PRACE1", "SEX", "PRACE1", "IYEAR"]}