{"validation": 0.7932411479922792, "id_test": 0.792483039692183, "ood_test": 0.7848006217807696, "ood_validation": 0.7758150563129816, "train": 0.7934829126596067, "id_test_conf": [0.790475027582519, 0.7944803148609333], "id_test_balanced": 0.7509192228317261, "id_test_balanced_conf": [0.7494666120759211, 0.752371833587531], "ood_test_conf": [0.7818597273702161, 0.7877197341983627], "ood_test_balanced": 0.7641675472259521, "ood_test_balanced_conf": [0.7620935716945678, 0.7662415227573365], "features": ["COW", "ENG", "HINS1", "HINS2", "HINS3", "HINS4", "NWLA", "NWLK", "OCCP", "POBP", "RELP", "WKHP", "WKW", "WRK", "SEX", "ST", "MAR", "RAC1P", "ACS_YEAR", "DIVISION"]}