{"validation": 0.8766941248328574, "id_test": 0.8740611123033495, "ood_test": 0.8284035820895522, "ood_validation": 0.8301237964236589, "train": 0.8768660450729394, "id_test_conf": [0.8721798004832486, 0.8759244997485369], "id_test_balanced": 0.5288904905319214, "id_test_balanced_conf": [0.5281475132761989, 0.5296334677876439], "ood_test_conf": [0.826781694737682, 0.8300163722915406], "ood_test_balanced": 0.5290708541870117, "ood_test_balanced_conf": [0.5284794058219995, 0.529662302552024], "features": ["PHYSHLTH", "CHOL_CHK_PAST_5_YEARS", "BMI5", "SMOKDAY2", "CVDSTRK3", "MICHD", "INCOME", "CHECKUP1", "MENTHLTH", "SEX", "IYEAR", "STATE", "MEDCOST", "SEX", "PRACE1"]}