{"id_test": 0.6232194767441861, "id_test_conf": [0.6174633672801562, 0.6289495603542419], "id_test_balanced": 0.5600376129150391, "id_test_balanced_conf": [0.5567752383509651, 0.563299987479113], "ood_test": 0.5071706880186166, "ood_test_conf": [0.5058141556165574, 0.5085271409114158], "ood_test_balanced": 0.5564658045768738, "ood_test_balanced_conf": [0.5557008194224909, 0.5572307897312566], "validation": 0.6290199498528289, "validation_conf": [0.6232809853415902, 0.6347316620119163], "validation_balanced": 0.5663874745368958, "validation_balanced_conf": [0.5631165222264827, 0.5696584268473088], "features": ["FRUIT_ONCE_PER_DAY", "VEG_ONCE_PER_DAY", "RFBING5", "TOTINDA", "SMOKE100", "CHCOCNCR", "POVERTY", "PRACE1", "SEX", "IYEAR", "STATE", "MEDCOST", "BMI5CAT"]}