{"id_test": 0.6250726744186047, "id_test_conf": [0.6193219807862889, 0.6307969506646803], "id_test_balanced": 0.5616679191589355, "id_test_balanced_conf": [0.5584147801669315, 0.5649210581509396], "ood_test": 0.5066846045500475, "ood_test_conf": [0.5053280565806637, 0.5080410783999072], "ood_test_balanced": 0.5562340021133423, "ood_test_balanced_conf": [0.555471134413965, 0.5569968698127196], "validation": 0.6277117627820779, "validation_conf": [0.6219688311515563, 0.6334277184647108], "validation_balanced": 0.5648490786552429, "validation_balanced_conf": [0.561583228316158, 0.5681149289943278], "features": ["FRUIT_ONCE_PER_DAY", "VEG_ONCE_PER_DAY", "RFBING5", "TOTINDA", "SMOKE100", "CHCOCNCR", "POVERTY", "PRACE1", "SEX", "IYEAR", "STATE", "MEDCOST", "BMI5CAT"]}