{"id_test": 0.623764534883721, "id_test_conf": [0.6180100090466669, 0.6294929197107837], "id_test_balanced": 0.5611311197280884, "id_test_balanced_conf": [0.5578528373269365, 0.5644094021292403], "ood_test": 0.5076031874827766, "ood_test_conf": [0.5062466700094623, 0.5089596206512308], "ood_test_balanced": 0.5566287040710449, "ood_test_balanced_conf": [0.5558614706608932, 0.5573959374811966], "validation": 0.6281478251389949, "validation_conf": [0.6224062109056829, 0.63386237128996], "validation_balanced": 0.5659930109977722, "validation_balanced_conf": [0.5627065734285861, 0.5692794485669583], "features": ["FRUIT_ONCE_PER_DAY", "VEG_ONCE_PER_DAY", "RFBING5", "TOTINDA", "SMOKE100", "CHCOCNCR", "POVERTY", "PRACE1", "SEX", "IYEAR", "STATE", "MEDCOST", "BMI5CAT"]}