{"validation": 0.8453778801497566, "id_test": 0.8465333163269134, "ood_test": 0.44333683105981114, "ood_validation": 0.5424528301886793, "train": 0.8453392830849424, "id_test_conf": [0.8451593949606114, 0.8478996989108665], "id_test_balanced": 0.7490665912628174, "id_test_balanced_conf": [0.7481149069289676, 0.7500182755966671], "ood_test_conf": [0.42087396343299993, 0.4659743243902479], "ood_test_balanced": 0.5060521364212036, "ood_test_balanced_conf": [0.503597485604696, 0.5085067872377113], "features": ["Average_confidence(BORED)", "Average_confidence(CONCENTRATING)", "Average_confidence(CONFUSED)", "hint_count", "skill_id", "problem_type", "bottom_hint", "tutor_mode", "first_action", "school_id"]}