{"validation": 0.840483107827675, "id_test": 0.8394551385810693, "ood_test": 0.4692218350754936, "ood_validation": 0.4583333333333333, "train": 0.8402759187434242, "id_test_conf": [0.8373698012567017, 0.8415241220413971], "id_test_balanced": 0.7379816770553589, "id_test_balanced_conf": [0.7365706481644884, 0.7393927059462294], "ood_test_conf": [0.43546107826805586, 0.5031938998791359], "ood_test_balanced": 0.5043383836746216, "ood_test_balanced_conf": [0.5012408810481429, 0.5074358863011003], "features": ["Average_confidence(BORED)", "Average_confidence(CONCENTRATING)", "Average_confidence(CONFUSED)", "hint_count", "skill_id", "problem_type", "bottom_hint", "tutor_mode", "first_action", "school_id"]}