{"validation": 0.8100370218017277, "id_test": 0.8104116038882139, "ood_test": 0.802452872442729, "ood_validation": 0.7979845880260819, "train": 0.8102921946677657, "id_test_conf": [0.8084700880055607, 0.8123417238548045], "id_test_balanced": 0.7642531991004944, "id_test_balanced_conf": [0.7628430835902691, 0.7656633146107197], "ood_test_conf": [0.7996024395797754, 0.8052801710275803], "ood_test_balanced": 0.778895378112793, "ood_test_balanced_conf": [0.7768902666447685, 0.7809004895808175], "features": ["ENG", "FER", "HINS1", "HINS3", "HINS4", "NWLK", "OCCP", "WKHP", "WKW", "AGEP", "MAR", "RAC1P", "SCHL", "DIVISION"]}