{"validation": 0.8058538746321552, "id_test": 0.8062094977723775, "ood_test": 0.7916112289391525, "ood_validation": 0.7894487255483106, "train": 0.8063558688513697, "id_test_conf": [0.8042518310609101, 0.8081559230392663], "id_test_balanced": 0.7472026348114014, "id_test_balanced_conf": [0.7458003048272803, 0.7486049647955224], "ood_test_conf": [0.7887042491331873, 0.7944959050817897], "ood_test_balanced": 0.7594058513641357, "ood_test_balanced_conf": [0.7574076211685314, 0.76140408155974], "features": ["ENG", "FER", "HINS1", "HINS3", "HINS4", "NWLK", "OCCP", "WKHP", "WKW", "AGEP", "MAR", "RAC1P", "SCHL", "DIVISION"]}