{"validation": 0.8744268479073851, "id_test": 0.8743861988228026, "ood_test": 0.8265393199422345, "ood_validation": 0.8234872141108954, "train": 0.8742377018610186, "id_test_conf": [0.8725212288796024, 0.8762334989625048], "id_test_balanced": 0.5489266514778137, "id_test_balanced_conf": [0.5479747223702724, 0.549878580585355], "ood_test_conf": [0.824925565206287, 0.8281441948523856], "ood_test_balanced": 0.5379847884178162, "ood_test_balanced_conf": [0.5373078528838232, 0.5386617239518091], "features": ["HIGH_BLOOD_PRESS", "BMI5", "CVDSTRK3", "VEG_ONCE_PER_DAY", "DRNK_PER_WEEK", "RFBING5", "TOTINDA", "MARITAL", "HEALTH_COV", "MENTHLTH", "PRACE1", "SEX", "STATE", "MEDCOST", "SEX", "PRACE1", "IYEAR"]}