{"validation": 0.8750365841761244, "id_test": 0.8745731846118825, "ood_test": 0.8264502335002532, "ood_validation": 0.8239935859566209, "train": 0.8745872843436843, "id_test_conf": [0.872709391326369, 0.8764192992360937], "id_test_balanced": 0.5438830256462097, "id_test_balanced_conf": [0.5429788361361716, 0.5447872151562478], "ood_test_conf": [0.824836154003663, 0.8280554355971146], "ood_test_balanced": 0.5348498225212097, "ood_test_balanced_conf": [0.5341998110665008, 0.5354998339759186], "features": ["HIGH_BLOOD_PRESS", "BMI5", "CVDSTRK3", "VEG_ONCE_PER_DAY", "DRNK_PER_WEEK", "RFBING5", "TOTINDA", "MARITAL", "HEALTH_COV", "MENTHLTH", "PRACE1", "SEX", "STATE", "MEDCOST", "SEX", "PRACE1", "IYEAR"]}