{"validation": 0.837136574154509, "id_test": 0.8369876545661228, "ood_test": 0.7824003832947377, "ood_validation": 0.8038793103448276, "train": 0.8375582053606535, "id_test_conf": [0.8360539491296918, 0.8379181284721897], "id_test_balanced": 0.7503925561904907, "id_test_balanced_conf": [0.7497584853158332, 0.7510266270651482], "ood_test_conf": [0.7750685934166841, 0.789600697633146], "ood_test_balanced": 0.7190068364143372, "ood_test_balanced_conf": [0.714638875843957, 0.7233747969847173], "features": ["Average_confidence(BORED)", "Average_confidence(CONFUSED)", "hint_count", "bottom_hint", "ms_first_response", "tutor_mode", "position", "type", "school_id"]}