{"validation": 0.9085297835948539, "id_test": 0.9067021968828433, "ood_test": 0.9022254004926319, "ood_validation": 0.9, "15": 0.9037145821693671, "16": 0.8916411289639876, "17": 0.87877030162413, "18": 0.883909739933108, "19": 0.9140877887066255, "20": 0.9257386248857267, "21": 0.9339031530209111, "22": 0.945859758500842, "23": 0.9543713572023313, "id_test_conf": [0.9052726870602027, 0.9081170750651378], "id_test_balanced": 0.9095504283905029, "id_test_balanced_conf": [0.908560899568256, 0.9105399572127498], "ood_test_conf": [0.9007760383241954, 0.9036604918559638], "ood_test_balanced": 0.8978517651557922, "ood_test_balanced_conf": [0.8968142456305214, 0.8988892846810631], "features": ["SCHL", "WRK", "OCCP"]}