{"validation": 0.7815144131886214, "id_test": 0.7793767719724585, "ood_test": 0.7699279419319993, "ood_validation": 0.7611144042679312, "train": 0.7813931081073598, "id_test_conf": [0.7773239458805024, 0.7814193427224861], "id_test_balanced": 0.7490036487579346, "id_test_balanced_conf": [0.7475211103539914, 0.7504861871618778], "ood_test_conf": [0.7669170648717998, 0.7729181759317183], "ood_test_balanced": 0.7682924270629883, "ood_test_balanced_conf": [0.7661704352730885, 0.7704144188528881], "features": ["ENG", "HINS1", "HINS2", "HINS3", "HINS4", "NWLA", "NWLK", "OCCP", "POBP", "WKW", "WRK", "SEX", "ST", "RAC1P", "SCHL", "DIVISION"]}