{"id_test": 0.9661884547454529, "id_test_conf": [0.9652950640354587, 0.9670650442895623], "id_test_balanced": 0.5001832246780396, "id_test_balanced_conf": [0.500136532941251, 0.5002299164148281], "ood_test": 0.9485059073045211, "ood_test_conf": [0.9474239982707356, 0.9495718881801459], "ood_test_balanced": 0.5002902150154114, "ood_test_balanced_conf": [0.5002305831514241, 0.5003498468793987], "validation": 0.9665910612032423, "validation_conf": [0.9657027435138096, 0.9674625626618566], "validation_balanced": 0.5, "validation_balanced_conf": [0.5, 0.5], "features": ["ENG", "RELP", "WKHP", "MIL", "NATIVITY", "DEYE", "DREM", "DPHY", "MAR", "ACS_YEAR", "SCHL"]}