{"validation": 0.820583260203238, "id_test": 0.8180673551406623, "ood_test": 0.7918900118662793, "ood_validation": 0.7963542625667465, "train": 0.8186172732735788, "id_test_conf": [0.8153527229567813, 0.8207584983624014], "id_test_balanced": 0.5505903959274292, "id_test_balanced_conf": [0.5493773194169626, 0.5518034724378958], "ood_test_conf": [0.7882635944144555, 0.7954817316495035], "ood_test_balanced": 0.5599296689033508, "ood_test_balanced_conf": [0.5582130153873004, 0.5616463224194013], "features": ["ENG", "HUPAC", "OCCP", "WKHP", "DIS", "MIL", "ANC", "DEAR", "DREM", "AGEP", "CIT", "RAC1P", "SCHL", "DIVISION"]}