{"id_test": 0.6436722183241627, "id_test_conf": [0.637934452570792, 0.6493791415308967], "id_test_balanced": 0.6101948022842407, "id_test_balanced_conf": [0.6063482517749071, 0.6140413527935743], "ood_test": 0.5443410999035038, "ood_test_conf": [0.5429852023479697, 0.5456965026222822], "ood_test_balanced": 0.5821352005004883, "ood_test_balanced_conf": [0.5812910030770582, 0.5829793979239184], "validation": 0.6433398574541157, "validation_conf": [0.6376009414335793, 0.6490480023041878], "validation_balanced": 0.6096986532211304, "validation_balanced_conf": [0.6058478773850947, 0.613549429057166], "features": ["AGEG5YR", "FRUIT_ONCE_PER_DAY", "VEG_ONCE_PER_DAY", "RFBING5", "SMOKE100", "SMOKDAY2", "EMPLOY1", "IYEAR", "STATE", "MEDCOST", "PRACE1", "SEX", "IYEAR", "STATE", "MEDCOST", "SEX", "BMI5CAT"]}