{"validation": 0.8746504491077939, "id_test": 0.8748187142937269, "ood_test": 0.8256847376342206, "ood_validation": 0.8285974649987573, "train": 0.8748875725895463, "id_test_conf": [0.8729700315151491, 0.8766499621433349], "id_test_balanced": 0.5331361889839172, "id_test_balanced_conf": [0.532352005437715, 0.5339203725301195], "ood_test_conf": [0.8240828770341608, 0.8272779047615542], "ood_test_balanced": 0.5284022688865662, "ood_test_balanced_conf": [0.5278309700568207, 0.5289735677163117], "features": ["CHOL_CHK_PAST_5_YEARS", "TOLDHI", "BMI5", "BMI5CAT", "SMOKE100", "SMOKDAY2", "FRUIT_ONCE_PER_DAY", "VEG_ONCE_PER_DAY", "DRNK_PER_WEEK", "RFBING5", "TOTINDA", "INCOME", "MARITAL", "CHECKUP1", "EDUCA", "HEALTH_COV", "IYEAR", "SEX", "IYEAR", "STATE", "SEX", "PRACE1"]}