{"id_test": 0.8225287356321839, "id_test_conf": [0.8108445829280841, 0.833778104067446], "id_test_balanced": 0.7525650262832642, "id_test_balanced_conf": [0.7442482316307724, 0.760881820935756], "ood_test": 0.7817813574490132, "ood_test_conf": [0.7761635592145348, 0.7873219022576846], "ood_test_balanced": 0.7473593354225159, "ood_test_balanced_conf": [0.7436071663629263, 0.7511115044821054], "validation": 0.8162796045067832, "validation_conf": [0.8044442078396608, 0.8276886172701833], "validation_balanced": 0.7457951307296753, "validation_balanced_conf": [0.7374204665794969, 0.7541697948798537], "features": ["VCF0004", "VCF0901b", "VCF0218", "VCF0301", "VCF0302", "VCF9204", "VCF9205", "VCF9206", "VCF0521", "VCF0523", "VCF0428", "VCF0875", "VCF9052", "VCF0809", "VCF0839", "VCF0870", "VCF9045", "VCF0803", "VCF0612", "VCF0615", "VCF0616", "VCF0617", "VCF0310", "VCF0717", "VCF0721", "VCF0701", "VCF0675", "VCF0724", "VCF0725", "VCF0105a", "VCF0112"]}