{"validation": 0.6301464442748647, "id_test": 0.6283066860465116, "ood_test": 0.5067534982700022, "ood_validation": 0.5046244467026059, "train": 0.6252821875496809, "id_test_conf": [0.6225656578650925, 0.634020613567023], "id_test_balanced": 0.5633788704872131, "id_test_balanced_conf": [0.5601777679519728, 0.5665799730224534], "ood_test_conf": [0.5053969524290594, 0.5081099692275248], "ood_test_balanced": 0.556338906288147, "ood_test_balanced_conf": [0.5555763775412924, 0.5571014350350015], "features": ["FRUIT_ONCE_PER_DAY", "RFBING5", "TOTINDA", "CHCOCNCR", "POVERTY", "EMPLOY1", "STATE", "MEDCOST", "PRACE1", "IYEAR", "STATE", "MEDCOST", "PRACE1", "BMI5CAT"]}