{"id_test": 0.6286447399113599, "id_test_conf": [0.6139810196966176, 0.6431329628371321], "id_test_balanced": 0.5932609438896179, "id_test_balanced_conf": [0.5838708815723658, 0.6026510062068701], "ood_test": 0.5960602731125412, "ood_test_conf": [0.5917851592202876, 0.6003244441111051], "ood_test_balanced": 0.5941569805145264, "ood_test_balanced_conf": [0.5912954618595541, 0.5970184991694987], "validation": 0.6238917405506299, "validation_conf": [0.6091924150250636, 0.6384220177487939], "validation_balanced": 0.592786431312561, "validation_balanced_conf": [0.5832766059227288, 0.6022962567023933], "features": ["gender", "age", "medical_specialty", "num_medications", "number_outpatient", "number_inpatient", "diag_2", "diag_3", "A1Cresult", "repaglinide", "nateglinide", "chlorpropamide", "glimepiride", "acetohexamide", "tolbutamide", "pioglitazone", "acarbose", "glyburide-metformin", "glipizide-metformin", "metformin-rosiglitazone", "change", "admission_source_id"]}