{"validation": 0.8802235303176509, "id_test": 0.8810953033152683, "ood_test": 0.8653677233889643, "ood_validation": 0.8908045977011494, "train": 0.8811296102885462, "id_test_conf": [0.8802806750793949, 0.8819063126076764], "id_test_balanced": 0.8199598789215088, "id_test_balanced_conf": [0.8193502027599606, 0.820569555083057], "ood_test_conf": [0.8592646714271244, 0.8713004163750038], "ood_test_balanced": 0.8278257846832275, "ood_test_balanced_conf": [0.8236204546969383, 0.8320311146695167], "features": ["Average_confidence(BORED)", "Average_confidence(CONCENTRATING)", "attempt_count", "problem_type", "ms_first_response", "tutor_mode", "type", "overlap_time", "school_id"]}