{"validation": 0.8796255490369225, "id_test": 0.8808118770355905, "ood_test": 0.8684021400622854, "ood_validation": 0.8979885057471264, "train": 0.8806909545165981, "id_test_conf": [0.8799964137358591, 0.8816237240882893], "id_test_balanced": 0.8168131113052368, "id_test_balanced_conf": [0.8162055675440933, 0.8174206550663803], "ood_test_conf": [0.8623557587347888, 0.8742767330450159], "ood_test_balanced": 0.8297231197357178, "ood_test_balanced_conf": [0.8255714229680597, 0.8338748165033758], "features": ["Average_confidence(BORED)", "Average_confidence(CONCENTRATING)", "attempt_count", "problem_type", "ms_first_response", "tutor_mode", "type", "overlap_time", "school_id"]}