{"validation": 0.7151472961427713, "id_test": 0.715326296071284, "ood_test": 0.6872785235341387, "ood_validation": 0.6814463544754001, "train": 0.7158876153665427, "id_test_conf": [0.713094229668236, 0.7175504596042585], "id_test_balanced": 0.6501439809799194, "id_test_balanced_conf": [0.6486068628914654, 0.6516810990683735], "ood_test_conf": [0.6839668993282909, 0.6905758292258317], "ood_test_balanced": 0.6669996976852417, "ood_test_balanced_conf": [0.6646823118021712, 0.6693170835683122], "features": ["COW", "FER", "HINS4", "POBP", "AGEP", "CIT", "SCHL", "DIVISION"]}