{"validation": 0.926176081965882, "id_test": 0.9261542095569917, "ood_test": 0.45120671563483733, "ood_validation": 0.5518867924528302, "train": 0.9257406671806135, "id_test_conf": [0.9251630766771037, 0.9271362152119204], "id_test_balanced": 0.8794888257980347, "id_test_balanced_conf": [0.8786822672782, 0.8802953843178694], "ood_test_conf": [0.4286942998756706, 0.4738694997049344], "ood_test_balanced": 0.5130353569984436, "ood_test_balanced_conf": [0.5094584700884297, 0.5166122439084575], "features": ["Average_confidence(CONFUSED)", "Average_confidence(FRUSTRATED)", "attempt_count", "hint_count", "skill_id", "position", "type", "overlap_time", "first_action", "school_id"]}