{"id_test": 0.9311294257463747, "id_test_conf": [0.9301694381105825, 0.9320801788516789], "id_test_balanced": 0.8908469080924988, "id_test_balanced_conf": [0.8900631930446252, 0.8916306231403723], "ood_test": 0.4527806925498426, "ood_test_conf": [0.43025904421898586, 0.47544785792931754], "ood_test_balanced": 0.5136195421218872, "ood_test_balanced_conf": [0.5091063811816275, 0.5181327030621469], "validation": 0.9305940016682537, "validation_conf": [0.9296305939938394, 0.9315481863309266], "validation_balanced": 0.8901148438453674, "validation_balanced_conf": [0.8893289904075209, 0.890900697283214], "features": ["Average_confidence(CONFUSED)", "Average_confidence(FRUSTRATED)", "attempt_count", "hint_count", "skill_id", "position", "type", "overlap_time", "first_action", "school_id"]}