{"validation": 0.7896068061623361, "id_test": 0.782528735632184, "ood_test": 0.7531439875653525, "ood_validation": 0.7524374735057228, "train": 0.7852626738705598, "id_test_conf": [0.76996718964361, 0.7947097878841409], "id_test_balanced": 0.7176318764686584, "id_test_balanced_conf": [0.7087862921506166, 0.7264774607867003], "ood_test_conf": [0.7472860738571615, 0.7589325153580605], "ood_test_balanced": 0.7221835851669312, "ood_test_balanced_conf": [0.7182184932287783, 0.726148677105084], "features": ["VCF0004", "VCF0301", "VCF9008", "VCF9010", "VCF9011", "VCF9202", "VCF9204", "VCF9205", "VCF9206", "VCF0428", "VCF0839", "VCF0822", "VCF0870", "VCF9239", "VCF0612", "VCF0615", "VCF0616", "VCF0717", "VCF0718", "VCF0720", "VCF0721", "VCF0675", "VCF0725", "VCF0140a", "VCF0112"]}