{"validation": 0.4112646121147715, "id_test": 0.40976645435244163, "ood_test": 0.44646477859899275, "ood_validation": 0.45556209535020603, "train": 0.42557429292258664, "id_test_conf": [0.3781545700662298, 0.44194427679749043], "id_test_balanced": 0.5, "id_test_balanced_conf": [0.5, 0.5], "ood_test_conf": [0.43856291679352866, 0.4543870190117463], "ood_test_balanced": 0.5, "ood_test_balanced_conf": [0.5, 0.5], "features": ["FCSZ1231", "OFREMP31", "CMJHLD31", "MCRPB31", "PRVHMO31", "PFSAMT31", "MCAID31", "MCARE31", "GOVAAT31", "GOVTB31", "GOVCAT31", "VAPROG31", "VAPRAT31", "IHSAT31", "SICPAY31", "EMPST31", "MORJOB31", "DIFFWG31", "NHRWG31", "SSNLJB31", "NUMEMP31", "MORE31", "NWK31", "STJBYY31", "OCCCAT31", "PRIDK31", "MCAID31X", "MCARE31X", "MCDAT31X", "PUB31X", "INS31X", "INSAT31X", "RACEV1X", "RACEV2X", "HISPNCAT", "EDUCYR", "WHTLGSPK", "PRIOG31", "PRINEO31", "PRSTX31", "PRIV31", "VERFLG31", "DNTINS31", "PMEDIN31", "PMDINS31", "PMEDPY31", "MARRY31X", "REFRL31X", "HRWG31X", "DISVW31X", "TRIST31X", "VACMPM31", "ASMRCN31", "ASPREV31", "ASDALY31", "ASPKFL31", "WLKDIF31", "STNDIF31", "RCHDIF31", "HSELIM31", "SCHLIM31", "ASTHEP31", "ASSTIL31", "RUSIZE31", "RUCLAS31", "FAMSZE31", "FMRS1231", "FAMS1231", "REGION31", "RESP31", "BEGRFM31", "INSCOP31", "INSC1231", "ELGRND31", "SPOUIN31", "MNHLTH31", "ASATAK31", "COGLIM31", "VAWAIT31", "VANEED31", "VAOUT31", "VACARC31", "VACARE31", "VAPROV31", "VAPCOT31", "VAPCCO31", "VAPCSN31", "VAPCSO31", "VASPCL31", "VACTDY31", "VARECM31", "VAMOBL31", "VADERM31", "VAGERD31", "VAHRLS31", "VAJTPN31", "VAGOUT31", "VATMD31", "VABIPL31", "VAMNHC31", "MOPID31X", "DAPID31X", "INSCOV19"]}