{"validation": 0.8077719015865716, "id_test": 0.8062068965517242, "ood_test": 0.7672742687579482, "ood_validation": 0.7821110640101738, "train": 0.8032819864352224, "id_test_conf": [0.794141787580671, 0.817859404546037], "id_test_balanced": 0.7263907790184021, "id_test_balanced_conf": [0.7179783502407372, 0.734803207796067], "ood_test_conf": [0.761530259897388, 0.7729450106729288], "ood_test_balanced": 0.7269078493118286, "ood_test_balanced_conf": [0.7231890609720721, 0.7306266376515851], "features": ["VCF0901b", "VCF0218", "VCF0224", "VCF0302", "VCF9202", "VCF9204", "VCF9205", "VCF0521", "VCF0523", "VCF0429", "VCF0809", "VCF0822", "VCF0843", "VCF9045", "VCF0803", "VCF0846", "VCF0612", "VCF0310", "VCF0720", "VCF0701", "VCF0724", "VCF0725", "VCF0726", "VCF0745", "VCF0104", "VCF0112"]}