{"validation": 0.8059323982524719, "id_test": 0.8080459770114943, "ood_test": 0.776129244971975, "ood_validation": 0.784654514624841, "train": 0.8018737785952408, "id_test_conf": [0.7960221329008906, 0.8196547229378622], "id_test_balanced": 0.7485483884811401, "id_test_balanced_conf": [0.7399651750922203, 0.75713160187006], "ood_test_conf": [0.7704611177609245, 0.7817216721878933], "ood_test_balanced": 0.7460380792617798, "ood_test_balanced_conf": [0.7421850317250938, 0.7498911267984658], "features": ["VCF0901b", "VCF0218", "VCF0224", "VCF0302", "VCF9202", "VCF9204", "VCF9205", "VCF0521", "VCF0523", "VCF0429", "VCF0809", "VCF0822", "VCF0843", "VCF9045", "VCF0803", "VCF0846", "VCF0612", "VCF0310", "VCF0720", "VCF0701", "VCF0724", "VCF0725", "VCF0726", "VCF0745", "VCF0104", "VCF0112"]}