{"validation": 0.39696209891347795, "id_test": 0.396984011627907, "ood_test": 0.5832446645641324, "ood_validation": 0.5835758943180448, "train": 0.401258204446867, "id_test_conf": [0.3911963469550355, 0.4027934339940303], "id_test_balanced": 0.5000289678573608, "id_test_balanced_conf": [0.49990732244885294, 0.5001506132658687], "ood_test_conf": [0.5819064917413856, 0.5845819143500622], "ood_test_balanced": 0.4999881982803345, "ood_test_balanced_conf": [0.4999700229032169, 0.500006373657452], "features": ["FRUIT_ONCE_PER_DAY", "DRNK_PER_WEEK", "RFBING5", "SMOKE100", "IYEAR", "STATE", "PRACE1", "SEX", "IYEAR", "MEDCOST", "PRACE1", "BMI5CAT"]}