{"id_test": 0.7986206896551724, "id_test_conf": [0.7863896104439219, 0.8104494632729222], "id_test_balanced": 0.7187566757202148, "id_test_balanced_conf": [0.7102567275986076, 0.7272566238418221], "ood_test": 0.7485280957091046, "ood_test_conf": [0.7426348121373856, 0.7543532608085473], "ood_test_balanced": 0.7073386311531067, "ood_test_balanced_conf": [0.7035402032313869, 0.7111370590748265], "validation": 0.8024833295010347, "validation_conf": [0.7903344786182813, 0.8142245395593876], "validation_balanced": 0.724718451499939, "validation_balanced_conf": [0.716259091887623, 0.7331778111122549], "features": ["VCF0901b", "VCF0218", "VCF0301", "VCF9008", "VCF9201", "VCF9202", "VCF9203", "VCF9204", "VCF9205", "VCF0521", "VCF0428", "VCF0822", "VCF0843", "VCF0803", "VCF0601", "VCF0617", "VCF0743", "VCF0717", "VCF0718", "VCF0720", "VCF0675", "VCF0724", "VCF0101", "VCF0115", "VCF0112"]}