{"validation": 0.786013986013986, "id_test": 0.7860469825840422, "ood_test": 0.7712057541067829, "ood_validation": 0.7670420865441613, "train": 0.78588238644499, "id_test_conf": [0.7840165802509822, 0.7880668844859746], "id_test_balanced": 0.7150143980979919, "id_test_balanced_conf": [0.7136004120716826, 0.7164283841243013], "ood_test_conf": [0.7682006772247265, 0.7741900900882375], "ood_test_balanced": 0.7360014915466309, "ood_test_balanced_conf": [0.7339610318141058, 0.738041951279156], "features": ["ENG", "FER", "HINS1", "POBP", "RELP", "WKHP", "WKW", "SEX", "MAR", "RAC1P", "SCHL", "ACS_YEAR", "DIVISION"]}