{"id_test": 0.6421740144623279, "id_test_conf": [0.6276149390405189, 0.6565391197874214], "id_test_balanced": 0.6073428392410278, "id_test_balanced_conf": [0.5979873270355165, 0.6166983514465392], "ood_test": 0.615366504473395, "ood_test_conf": [0.61112655296608, 0.6195933134370022], "ood_test_balanced": 0.6135120987892151, "ood_test_balanced_conf": [0.610669143460691, 0.6163550541177392], "validation": 0.6474568362109193, "validation_conf": [0.632940260733664, 0.661772179870211], "validation_balanced": 0.6163809895515442, "validation_balanced_conf": [0.6069863810949028, 0.6257755980081856], "features": ["discharge_disposition_id", "time_in_hospital", "medical_specialty", "num_procedures", "number_outpatient", "number_inpatient", "diag_2", "metformin", "repaglinide", "nateglinide", "chlorpropamide", "acetohexamide", "glipizide", "glyburide", "tolbutamide", "pioglitazone", "troglitazone", "tolazamide", "citoglipton", "glyburide-metformin", "glimepiride-pioglitazone", "metformin-rosiglitazone", "metformin-pioglitazone", "change", "admission_source_id"]}