{"validation": 0.768629560484764, "id_test": 0.7681817031186715, "ood_test": 0.7578611795391972, "ood_validation": 0.754356846473029, "train": 0.7685201519155969, "id_test_conf": [0.7660929585006672, 0.7702606036922822], "id_test_balanced": 0.7262897491455078, "id_test_balanced_conf": [0.72478963004658, 0.7277898682444356], "ood_test_conf": [0.7547974195763443, 0.7609052202642186], "ood_test_balanced": 0.746467113494873, "ood_test_balanced_conf": [0.7442968902783469, 0.7486373367113992], "features": ["ENG", "FER", "HINS1", "HINS2", "HINS3", "NWLA", "NWLK", "POBP", "RELP", "WKW", "WRK", "CIT", "RAC1P", "SCHL", "ACS_YEAR", "DIVISION"]}