{"validation": 0.7921361232467233, "id_test": 0.7832183908045977, "ood_test": 0.7657199378267627, "ood_validation": 0.7638830012717253, "train": 0.786067364064835, "id_test_conf": [0.770670429980427, 0.7953849237785581], "id_test_balanced": 0.743232250213623, "id_test_balanced_conf": [0.734287820905447, 0.7521766795217991], "ood_test_conf": [0.7599629737966496, 0.7714040619111445], "ood_test_balanced": 0.7464920878410339, "ood_test_balanced_conf": [0.742469175234437, 0.7505150004476309], "features": ["VCF0004", "VCF0224", "VCF0301", "VCF0302", "VCF9008", "VCF9201", "VCF9205", "VCF0523", "VCF0428", "VCF0839", "VCF0822", "VCF0870", "VCF9045", "VCF9239", "VCF0803", "VCF0606", "VCF0612", "VCF0615", "VCF0717", "VCF0721", "VCF0675", "VCF0724", "VCF0726", "VCF0745", "VCF0101", "VCF0104", "VCF0115", "VCF0140a", "VCF0112"]}