{"id_test": 0.8101149425287356, "id_test_conf": [0.7981380125453964, 0.8216739643042703], "id_test_balanced": 0.7323073148727417, "id_test_balanced_conf": [0.7239159529469907, 0.7406986767984927], "ood_test": 0.7612453487824408, "ood_test_conf": [0.755451683846856, 0.7669674028913037], "ood_test_balanced": 0.725029706954956, "ood_test_balanced_conf": [0.7211940923705698, 0.7288653215393424], "validation": 0.808921591170384, "validation_conf": [0.7969161210122684, 0.820510677692688], "validation_balanced": 0.7341578006744385, "validation_balanced_conf": [0.7257375528290868, 0.7425780485197901], "features": ["VCF0004", "VCF0224", "VCF0301", "VCF0302", "VCF9008", "VCF9201", "VCF9205", "VCF0523", "VCF0428", "VCF0839", "VCF0822", "VCF0870", "VCF9045", "VCF9239", "VCF0803", "VCF0606", "VCF0612", "VCF0615", "VCF0717", "VCF0721", "VCF0675", "VCF0724", "VCF0726", "VCF0745", "VCF0101", "VCF0104", "VCF0115", "VCF0140a", "VCF0112"]}