{"validation": 0.7456570578742524, "id_test": 0.7467091940056703, "ood_test": 0.7355982663909051, "ood_validation": 0.7346769413159455, "train": 0.7455405842627656, "id_test_conf": [0.7445572282200039, 0.7488521044705292], "id_test_balanced": 0.699142575263977, "id_test_balanced_conf": [0.6976119887712412, 0.7006731617567129], "ood_test_conf": [0.7324454711825144, 0.7387330463308857], "ood_test_balanced": 0.719943642616272, "ood_test_balanced_conf": [0.7177181385364384, 0.7221691466961055], "features": ["COW", "FER", "HINS1", "HINS4", "NWLK", "POBP", "WKHP", "WKW", "WRK", "AGEP", "SEX", "CIT", "RAC1P", "DIVISION"]}