{"validation": 0.8747764300347957, "id_test": 0.8741910832168059, "ood_test": 0.8253718186762693, "ood_validation": 0.8213773314203731, "train": 0.8741868904536544, "id_test_conf": [0.8723248868874661, 0.8760396189854571], "id_test_balanced": 0.5104745030403137, "id_test_balanced_conf": [0.5100217802933185, 0.510927225787309], "ood_test_conf": [0.8237538201347838, 0.8269809691858202], "ood_test_balanced": 0.5117773413658142, "ood_test_balanced_conf": [0.511393153113313, 0.5121615296183154], "features": ["HIGH_BLOOD_PRESS", "BMI5", "BMI5CAT", "CVDSTRK3", "VEG_ONCE_PER_DAY", "MARITAL", "CHECKUP1", "EDUCA", "MENTHLTH", "IYEAR", "SEX", "IYEAR", "MEDCOST", "SEX", "PRACE1"]}