{"id_test": 0.9303536178359336, "id_test_conf": [0.9297089602582305, 0.9309941463640387], "features": ["Average_confidence(BORED)", "Average_confidence(CONCENTRATING)", "Average_confidence(FRUSTRATED)", "attempt_count", "bottom_hint", "tutor_mode", "position", "type", "overlap_time", "school_id"], "ood_test": 0.9037770502275813, "ood_test_conf": [0.8984779437791823, 0.9088876303720483], "validation": 0.9306382197159607, "validation_conf": [0.9299947753970562, 0.9312775322412783]}