{"id_test": 0.9303536178359336, "id_test_conf": [0.9297089602582305, 0.9309941463640387], "id_test_balanced": 0.8949644565582275, "id_test_balanced_conf": [0.8944482287287246, 0.8954806843877304], "ood_test": 0.9037770502275813, "ood_test_conf": [0.8984779437791823, 0.9088876303720483], "ood_test_balanced": 0.875784158706665, "ood_test_balanced_conf": [0.8719942220533267, 0.8795740953600034], "validation": 0.9306382197159607, "validation_conf": [0.9299947753970562, 0.9312775322412783], "validation_balanced": 0.8950605392456055, "validation_balanced_conf": [0.8945446100388653, 0.8955764684523456], "features": ["Average_confidence(BORED)", "Average_confidence(CONCENTRATING)", "Average_confidence(FRUSTRATED)", "attempt_count", "bottom_hint", "tutor_mode", "position", "type", "overlap_time", "school_id"]}