{"validation": 0.7774376424025672, "id_test": 0.7765993985406824, "ood_test": 0.3644447759259644, "ood_validation": 0.36097539504379594, "train": 0.7764752016162749, "id_test_conf": [0.7754431773884898, 0.7777524187784861], "id_test_balanced": 0.5012306571006775, "id_test_balanced_conf": [0.5011542339168955, 0.5013070802844595], "ood_test_conf": [0.36340161661220594, 0.3654888953907191], "ood_test_balanced": 0.5004734992980957, "ood_test_balanced_conf": [0.5004278840150801, 0.5005191145811113], "features": ["NATIVITY", "DREM", "SEX", "ST", "SCHL", "DIS"]}