{"validation": 0.7890453437964751, "id_test": 0.7903440157958688, "ood_test": 0.7820605709317491, "ood_validation": 0.7740367516301127, "train": 0.7896525891863371, "id_test_conf": [0.7883284786230443, 0.7923488946345831], "id_test_balanced": 0.7356631755828857, "id_test_balanced_conf": [0.7342206723662094, 0.7371056787995621], "ood_test_conf": [0.7791063695679891, 0.7849932001588802], "ood_test_balanced": 0.7604837417602539, "ood_test_balanced_conf": [0.7584038204699755, 0.7625636630505324], "features": ["ENG", "FER", "HINS3", "HINS4", "OCCP", "POBP", "RELP", "WKHP", "WRK", "AGEP", "MAR", "RAC1P", "SCHL", "ACS_YEAR", "DIVISION"]}