{"validation": 0.8769145718838411, "id_test": 0.8758902149523593, "ood_test": 0.8278146626905981, "ood_validation": 0.8241623765718626, "train": 0.8759724033084324, "id_test_conf": [0.8740347476606143, 0.8777279411898584], "id_test_balanced": 0.5357401371002197, "id_test_balanced_conf": [0.534933711948106, 0.5365465622523334], "ood_test_conf": [0.8262055742098778, 0.8294148366139036], "ood_test_balanced": 0.5288528203964233, "ood_test_balanced_conf": [0.5282757569209207, 0.529429883871926], "features": ["HIGH_BLOOD_PRESS", "BMI5", "SMOKE100", "SMOKDAY2", "CVDSTRK3", "MICHD", "FRUIT_ONCE_PER_DAY", "DRNK_PER_WEEK", "RFBING5", "MARITAL", "CHECKUP1", "HEALTH_COV", "MENTHLTH", "IYEAR", "STATE", "PRACE1", "SEX", "STATE", "PRACE1", "PRACE1"]}