{"id_test": 0.7845010615711253, "id_test_conf": [0.756844231144959, 0.810366022698259], "id_test_balanced": 0.773879885673523, "id_test_balanced_conf": [0.7551782036200165, 0.7925815677270294], "ood_test": 0.721499117012231, "ood_test_conf": [0.714319306257729, 0.7285945622662293], "ood_test_balanced": 0.7245177030563354, "ood_test_balanced_conf": [0.7195201615057886, 0.7295152446068823], "validation": 0.7534537725823592, "validation_conf": [0.7246169168390129, 0.7806944634340311], "validation_balanced": 0.7512779831886292, "validation_balanced_conf": [0.7317557727172971, 0.7708001936599612], "features": ["OFREMP31", "CMJHLD31", "MCRPD31", "MCRPB31", "MCRPHO31", "MCDMC31", "PFSAMT31", "GOVTB31", "GOVCAT31", "VAPROG31", "IHS31", "RETPLN31", "SICPAY31", "VAPROX31", "EMPST31", "RNDFLG31", "MORJOB31", "HRWGIM31", "DIFFWG31", "NHRWG31", "SELFCM31", "MORE31", "NWK31", "PAYVAC31", "YRSINUS", "PRIDK31", "PRING31", "MCAID31X", "INS31X", "SEX", "RACEV1X", "RACEV2X", "RACEAX", "RACEBX", "RACETHX", "HISPANX", "HIDEG", "OTHLGSPK", "HWELLSPK", "WHTLGSPK", "TRICR31X", "PRIEU31", "TRILI31X", "PRIOG31", "PRSTX31", "PRIVAT31", "VERFLG31", "DNTINS31", "PMEDIN31", "PMEDUP31", "PMEDPY31", "MARRY31X", "FTSTU31X", "DISVW31X", "HELD31X", "TRIST31X", "TRIPR31X", "TRICH31X", "ASMRCN31", "ASWNFL31", "IADLHP31", "WLKLIM31", "WLKDIF31", "MILDIF31", "BENDIF31", "ACTLIM31", "WRKLIM31", "HSELIM31", "VASPOU31", "ASACUT31", "ASSTIL31", "FCRP1231", "FAMSZE31", "FMRS1231", "ENDRFY31", "PSTATS31", "SPOUID31", "RTHLTH31", "CHBRON31", "VALOCT31", "VANTWK31", "VANEED31", "VAOUT31", "VAGTRC31", "VACARC31", "VAPROB31", "VAREP31", "VACARE31", "VAPROV31", "VAPCCO31", "VAPCSN31", "VAPCOU31", "VAPCUN31", "VADERM31", "VAGERD31", "VAHRLS31", "VABACK31", "VARTHR31", "VAGOUT31", "VAMOOD31", "VAGCNS31", "VALCOH31", "MOPID31X", "INSCOV19"]}