{"id_test": 0.9879105839416058, "id_test_conf": [0.9873249504535228, 0.9884759193524197], "id_test_balanced": 0.5002912282943726, "id_test_balanced_conf": [0.5002273260179209, 0.5003551305708243], "ood_test": 0.9242198776803917, "ood_test_conf": [0.9227921351585159, 0.9256292858370916], "ood_test_balanced": 0.4999919533729553, "ood_test_balanced_conf": [0.4999812297470089, 0.5000026769989018], "validation": 0.9886874763876909, "validation_conf": [0.9881202823247124, 0.9892343343831168], "validation_balanced": 0.5006260871887207, "validation_balanced_conf": [0.5005330246419181, 0.5007191497355233], "features": ["O2Sat", "SBP", "MAP", "DBP", "BaseExcess", "SaO2", "Calcium", "Creatinine", "Bilirubin_direct", "Magnesium", "Bilirubin_total", "TroponinI", "Hct", "PTT", "WBC", "Age", "Unit2", "set", "ICULOS"]}