{"id_test": 0.6447399113599254, "id_test_conf": [0.6302020749321613, 0.659080273647758], "id_test_balanced": 0.6176716089248657, "id_test_balanced_conf": [0.6079691215977072, 0.6273740962520242], "ood_test": 0.6015931564903468, "ood_test_conf": [0.597327412292068, 0.605847327425563], "ood_test_balanced": 0.6005737781524658, "ood_test_balanced_conf": [0.597610261598602, 0.6035372947063297], "validation": 0.6332244517032198, "validation_conf": [0.6185930515691518, 0.647674059370047], "validation_balanced": 0.6084095239639282, "validation_balanced_conf": [0.5986381810158491, 0.6181808669120074], "features": ["age", "time_in_hospital", "payer_code", "medical_specialty", "num_lab_procedures", "num_medications", "number_outpatient", "number_inpatient", "diag_1", "diag_2", "number_diagnoses", "chlorpropamide", "glyburide", "rosiglitazone", "troglitazone", "examide", "glipizide-metformin", "glimepiride-pioglitazone", "metformin-rosiglitazone", "metformin-pioglitazone", "diabetesMed", "admission_source_id"]}