{"id_test": 0.7813163481953291, "id_test_conf": [0.7535305201903977, 0.807330603764815], "id_test_balanced": 0.7719741463661194, "id_test_balanced_conf": [0.753173279799521, 0.7907750129327178], "ood_test": 0.7056053371705148, "ood_test_conf": [0.6983095533243369, 0.7128228169982644], "ood_test_balanced": 0.7017590999603271, "ood_test_balanced_conf": [0.6966471551451832, 0.7068710447754711], "validation": 0.7492029755579172, "validation_conf": [0.7202221482177658, 0.7766146261799552], "validation_balanced": 0.7445521950721741, "validation_balanced_conf": [0.7248842288553715, 0.7642201612889766], "features": ["CMJHLD31", "MCRPD31", "MCDMC31", "FSAGT31", "MCAID31", "GOVBAT31", "VAPRAT31", "IHS31", "BSNTY31", "IHSAT31", "RETPLN31", "SICPAY31", "RNDFLG31", "HRWGIM31", "HRHOW31", "DIFFWG31", "TEMPJB31", "SSNLJB31", "SELFCM31", "MORE31", "NWK31", "STJBMM31", "STJBYY31", "OCCCAT31", "YRSINUS", "PRIDK31", "PRING31", "TRIAT31X", "MCARE31X", "PUB31X", "PUBAT31X", "INS31X", "INSAT31X", "RACEV1X", "RACEV2X", "RACEBX", "RACETHX", "EDUCYR", "HWELLSPK", "BORNUSA", "TRICR31X", "PRIEU31", "MCRPD31X", "TRILI31X", "PRIOG31", "PRINEO31", "PRSTX31", "PMEDIN31", "PMEDUP31", "PMEDPY31", "MARRY31X", "FTSTU31X", "TRIST31X", "TRIEX31X", "TRICH31X", "VASPUN31", "VACMPM31", "ASPKFL31", "ASWNFL31", "WLKLIM31", "LFTDIF31", "BENDIF31", "RCHDIF31", "ASACUT31", "ASSTIL31", "FAMS1231", "RESP31", "PROXY31", "BEGRFM31", "BEGRFY31", "ENDRFY31", "INSC1231", "ELGRND31", "PSTATS31", "SPOUIN31", "ACTDTY31", "RTHLTH31", "MNHLTH31", "ASATAK31", "COGLIM31", "VAPRHT31", "VAWAIT31", "VANTWK31", "VAOUT31", "VAMREC31", "VACARC31", "VAREP31", "VAPROV31", "VAPCOT31", "VAPCRC31", "VAPCSN31", "VAPCSO31", "VAPCOU31", "VAPCUN31", "VASPCL31", "VAPACT31", "VACTDY31", "VARECM31", "VAMOBL31", "VAGERD31", "VABACK31", "VARTHR31", "VACOST31", "VAPTSD31", "VADEPR31", "VAMNHC31", "VAGCNS31", "VARXMD31", "VALCOH31", "REFPRS31", "DAPID31X", "AGE31X", "INSCOV19"]}