{"id_test": 0.6251816860465116, "id_test_conf": [0.6194313137740319, 0.63090561790128], "id_test_balanced": 0.5620869398117065, "id_test_balanced_conf": [0.5588244742061943, 0.5653494054172188], "ood_test": 0.5121712238586607, "ood_test_conf": [0.5108149260266828, 0.5135273867349374], "ood_test_balanced": 0.5576395392417908, "ood_test_balanced_conf": [0.5568440711207222, 0.5584350073628593], "validation": 0.6285475489661688, "validation_conf": [0.6228071467170089, 0.6342607986761372], "validation_balanced": 0.5657610893249512, "validation_balanced_conf": [0.5624941045045853, 0.5690280741453171], "features": ["DRNK_PER_WEEK", "RFBING5", "TOTINDA", "SMOKDAY2", "CHCOCNCR", "IYEAR", "MEDCOST", "PRACE1", "SEX", "IYEAR", "STATE", "PRACE1", "BMI5CAT"]}