{"id_test": 0.6230014534883721, "id_test_conf": [0.617244712732956, 0.6287322144520977], "id_test_balanced": 0.5633152723312378, "id_test_balanced_conf": [0.5599507383210585, 0.5666798063414171], "ood_test": 0.5164885636424875, "ood_test_conf": [0.5151325775014551, 0.517844366956693], "ood_test_balanced": 0.5589225888252258, "ood_test_balanced_conf": [0.5581055406888481, 0.5597396369616036], "validation": 0.6270213307169592, "validation_conf": [0.6212763233727607, 0.6327395079922229], "validation_balanced": 0.5669523477554321, "validation_balanced_conf": [0.5636041400535032, 0.570300555457361], "features": ["DRNK_PER_WEEK", "RFBING5", "TOTINDA", "SMOKDAY2", "CHCOCNCR", "IYEAR", "MEDCOST", "PRACE1", "SEX", "IYEAR", "STATE", "PRACE1", "BMI5CAT"]}