{"validation": 0.7585925386830364, "id_test": 0.7597205346294046, "ood_test": 0.7302498979067592, "ood_validation": 0.7245998814463545, "train": 0.7591144216187824, "id_test_conf": [0.7576060131848494, 0.7618255228464925], "id_test_balanced": 0.7005562782287598, "id_test_balanced_conf": [0.6990667623770423, 0.7020457940804772], "ood_test_conf": [0.7270772774117502, 0.7334049124116342], "ood_test_balanced": 0.7064357399940491, "ood_test_balanced_conf": [0.704221485350281, 0.7086499946378172], "features": ["COW", "ENG", "FER", "HINS1", "NWLA", "NWLK", "POBP", "RELP", "AGEP", "ST", "RAC1P", "SCHL", "DIVISION"]}