{"id_test": 0.6205494113449875, "id_test_conf": [0.6148386071878461, 0.6262352179554508], "id_test_balanced": 0.5724468231201172, "id_test_balanced_conf": [0.5689020471414551, 0.5759915990987793], "ood_test": 0.5281321347569568, "ood_test_conf": [0.5267881449291767, 0.5294758175366261], "ood_test_balanced": 0.568056583404541, "ood_test_balanced_conf": [0.5672337203100324, 0.5688794464990496], "validation": 0.6232251159471994, "validation_conf": [0.617521907087533, 0.6289027722700637], "validation_balanced": 0.5736762285232544, "validation_balanced_conf": [0.5701314194593579, 0.5772210375871509], "features": ["FRUIT_ONCE_PER_DAY", "VEG_ONCE_PER_DAY", "SMOKDAY2", "EMPLOY1", "IYEAR", "STATE", "IYEAR", "STATE", "MEDCOST", "SEX", "BMI5CAT"]}