{"id_test": 0.6567137038114634, "id_test_conf": [0.6510670334750415, 0.6623272419947256], "id_test_balanced": 0.6234767436981201, "id_test_balanced_conf": [0.6196714390674606, 0.6272820483287797], "ood_test": 0.5964125901220874, "ood_test_conf": [0.5950858934817371, 0.5977382257640531], "ood_test_balanced": 0.6224693059921265, "ood_test_balanced_conf": [0.6215921860793605, 0.6233464259048924], "validation": 0.6604837243135115, "validation_conf": [0.6548514553101048, 0.6660820624901507], "validation_balanced": 0.6276372671127319, "validation_balanced_conf": [0.6238326554466039, 0.6314418787788599], "features": ["AGEG5YR", "FRUIT_ONCE_PER_DAY", "SMOKE100", "SMOKDAY2", "DIABETES", "EMPLOY1", "IYEAR", "STATE", "BMI5CAT"]}