{"id_test": 0.9879177121350365, "id_test_conf": [0.9873322450130995, 0.9884828808349844], "id_test_balanced": 0.5014596581459045, "id_test_balanced_conf": [0.501317108060175, 0.501602208231634], "ood_test": 0.9241901162185087, "ood_test_conf": [0.9227621193354206, 0.9255997800341377], "ood_test_balanced": 0.5001110434532166, "ood_test_balanced_conf": [0.500059833567575, 0.5001622533388581], "validation": 0.9886874763876909, "validation_conf": [0.9881202823247124, 0.9892343343831168], "validation_balanced": 0.501559853553772, "validation_balanced_conf": [0.5014125955104828, 0.5017071115970612], "features": ["HR", "O2Sat", "Temp", "SBP", "MAP", "Resp", "EtCO2", "BaseExcess", "HCO3", "BUN", "Creatinine", "Glucose", "Lactate", "Magnesium", "TroponinI", "Fibrinogen", "Platelets", "Age", "Gender", "Unit2", "HospAdmTime", "ICULOS"]}