{"validation": 0.6251727901054929, "id_test": 0.6246271371407784, "ood_test": 0.573874826616395, "ood_validation": 0.5760224843092627, "train": 0.6272275449374082, "id_test_conf": [0.6188719787026725, 0.630355943538148], "id_test_balanced": 0.5840513706207275, "id_test_balanced_conf": [0.5802915974333882, 0.5878111438080669], "ood_test_conf": [0.5725319175112925, 0.575216915671392], "ood_test_balanced": 0.6000516414642334, "ood_test_balanced_conf": [0.5991611876315437, 0.6009420952969231], "features": ["DRNK_PER_WEEK", "SMOKDAY2", "CHCSCNCR", "DIABETES", "POVERTY", "EMPLOY1", "IYEAR", "STATE", "MEDCOST", "PRACE1", "SEX", "STATE", "SEX", "BMI5CAT"]}