{"id_test": 0.6536558748635868, "id_test_conf": [0.6479971072915507, 0.6592821499494266], "id_test_balanced": 0.6021097898483276, "id_test_balanced_conf": [0.5986228799447417, 0.6055966997519135], "ood_test": 0.5899219103233173, "ood_test_conf": [0.5885861413732252, 0.5912566810869675], "ood_test_balanced": 0.6202328205108643, "ood_test_balanced_conf": [0.6193692269257736, 0.621096414095955], "validation": 0.657984721716988, "validation_conf": [0.652342277946002, 0.6635937571863767], "validation_balanced": 0.6092190146446228, "validation_balanced_conf": [0.6057346653100103, 0.6127033639792353], "features": ["DRNK_PER_WEEK", "SMOKDAY2", "CHCSCNCR", "DIABETES", "POVERTY", "EMPLOY1", "IYEAR", "STATE", "MEDCOST", "PRACE1", "SEX", "STATE", "SEX", "BMI5CAT"]}