{"validation": 0.6080392870134594, "id_test": 0.6119316114950891, "ood_test": 0.4460250132193025, "ood_validation": 0.4501517346023864, "train": 0.6120945629487489, "id_test_conf": [0.606141256787696, 0.6176982992215081], "id_test_balanced": 0.5160577297210693, "id_test_balanced_conf": [0.5147920326283202, 0.5173234268138185], "ood_test_conf": [0.4446758531720974, 0.4473747724148167], "ood_test_balanced": 0.5230762958526611, "ood_test_balanced_conf": [0.5227072941220832, 0.5234452975832391], "features": ["DRNK_PER_WEEK", "SMOKDAY2", "CHCSCNCR", "DIABETES", "POVERTY", "EMPLOY1", "IYEAR", "STATE", "MEDCOST", "PRACE1", "SEX", "STATE", "SEX", "BMI5CAT"]}