{"validation": 0.8748744908204831, "id_test": 0.8756010155019143, "ood_test": 0.8306621589124807, "ood_validation": 0.8344154466369615, "train": 0.875387624782272, "id_test_conf": [0.8737398783746356, 0.8774443523804938], "id_test_balanced": 0.5967774391174316, "id_test_balanced_conf": [0.5955171532859095, 0.5980377249489538], "ood_test_conf": [0.8290590808770504, 0.8322561940385403], "ood_test_balanced": 0.585085928440094, "ood_test_balanced_conf": [0.5841352185234427, 0.5860366383567452], "features": ["PHYSHLTH", "HIGH_BLOOD_PRESS", "TOLDHI", "BMI5", "SMOKE100", "MICHD", "FRUIT_ONCE_PER_DAY", "DRNK_PER_WEEK", "RFBING5", "INCOME", "CHECKUP1", "EDUCA", "HEALTH_COV", "IYEAR", "PRACE1", "SEX", "STATE", "PRACE1", "PRACE1"]}