{"validation": 0.8729643023322259, "id_test": 0.8737398062056636, "ood_test": 0.8273945086500785, "ood_validation": 0.831487375344791, "train": 0.8737090653434109, "id_test_conf": [0.8718669192141972, 0.8755949814811579], "id_test_balanced": 0.5850082039833069, "id_test_balanced_conf": [0.5837983139231802, 0.5862180940434336], "ood_test_conf": [0.8257793212730107, 0.8290007426132515], "ood_test_balanced": 0.570222795009613, "ood_test_balanced_conf": [0.5693285957572516, 0.5711169942619745], "features": ["PHYSHLTH", "HIGH_BLOOD_PRESS", "BMI5", "MICHD", "VEG_ONCE_PER_DAY", "DRNK_PER_WEEK", "RFBING5", "TOTINDA", "MEDCOST", "SEX", "STATE", "PRACE1", "IYEAR"]}