{"id_test": 0.6277116864940517, "id_test_conf": [0.6130411998941253, 0.6422079496131], "id_test_balanced": 0.5885170102119446, "id_test_balanced_conf": [0.5793500838428736, 0.5976839365810156], "ood_test": 0.5968843195730654, "ood_test_conf": [0.592610565435199, 0.6011470369333003], "ood_test_balanced": 0.5943965315818787, "ood_test_balanced_conf": [0.591648901659064, 0.5971441615046933], "validation": 0.6343910405972936, "validation_conf": [0.6197685384524659, 0.6488301570991283], "validation_balanced": 0.6000717878341675, "validation_balanced_conf": [0.590800818670541, 0.6093427569977939], "features": ["race", "gender", "admission_type_id", "medical_specialty", "number_emergency", "number_inpatient", "diag_2", "A1Cresult", "metformin", "chlorpropamide", "pioglitazone", "rosiglitazone", "miglitol", "tolazamide", "examide", "citoglipton", "insulin", "glipizide-metformin", "change", "diabetesMed", "admission_source_id"]}