{"id_test": 0.7664543524416136, "id_test_conf": [0.7380961126056931, 0.793135590951029], "id_test_balanced": 0.7562157511711121, "id_test_balanced_conf": [0.7369973827153444, 0.7754341196268797], "ood_test": 0.7151546863758258, "ood_test_conf": [0.7079272807660651, 0.7223001463554377], "ood_test_balanced": 0.7197928428649902, "ood_test_balanced_conf": [0.714782526763156, 0.7248031589668245], "validation": 0.7470775770456961, "validation_conf": [0.7180260893751602, 0.7745733765802071], "validation_balanced": 0.7431365847587585, "validation_balanced_conf": [0.7234227993711829, 0.7628503701463342], "features": ["FCSZ1231", "JOBORG31", "OFREMP31", "CMJHLD31", "MCRPD31", "MCRPB31", "MCRPHO31", "MCDHMO31", "MCDMC31", "PRVHMO31", "FSAGT31", "HASFSA31", "PFSAMT31", "MCAID31", "MCARE31", "GOVTA31", "GOVAAT31", "GOVTB31", "GOVBAT31", "GOVTC31", "GOVCAT31", "VAPROG31", "VAPRAT31", "IHS31", "BSNTY31", "IHSAT31", "RETPLN31", "SICPAY31", "VACMPY31", "VAPROX31", "EMPST31", "RNDFLG31", "MORJOB31", "HRWGIM31", "HRHOW31", "DIFFWG31", "NHRWG31", "HOUR31", "TEMPJB31", "SSNLJB31", "SELFCM31", "CHOIC31", "INDCAT31", "NUMEMP31", "MORE31", "UNION31", "NWK31", "STJBMM31", "STJBYY31", "OCCCAT31", "PAYVAC31", "PAYDR31", "YRSINUS", "PRIDK31", "PRING31", "TRIAT31X", "MCAID31X", "MCARE31X", "MCDAT31X", "PUB31X", "PUBAT31X", "INS31X", "INSAT31X", "SEX", "RACEV1X", "RACEV2X", "RACEAX", "RACEBX", "RACEWX", "RACETHX", "HISPANX", "HISPNCAT", "EDUCYR", "HIDEG", "OTHLGSPK", "HWELLSPK", "BORNUSA", "WHTLGSPK", "TRICR31X", "PRIEU31", "MCRPD31X", "TRILI31X", "PRIOG31", "PRINEO31", "PRIEUO31", "PRSTX31", "PRIV31", "PRIVAT31", "VERFLG31", "DENTIN31", "DNTINS31", "PMEDIN31", "PMDINS31", "PMEDUP31", "PMEDPY31", "MARRY31X", "FTSTU31X", "REFRL31X", "HRWG31X", "DISVW31X", "HELD31X", "OFFER31X", "TRIST31X", "TRIPR31X", "TRIEX31X", "TRICH31X", "VASPUN31", "VACMPM31", "VASPMH31", "ASMRCN31", "ASPREV31", "ASDALY31", "ASPKFL31", "ASEVFL31", "ASWNFL31", "IADLHP31", "ADLHLP31", "AIDHLP31", "WLKLIM31", "LFTDIF31", "STPDIF31", "WLKDIF31", "MILDIF31", "STNDIF31", "BENDIF31", "RCHDIF31", "FNGRDF31", "ACTLIM31", "WRKLIM31", "HSELIM31", "SCHLIM31", "VASPOU31", "ASACUT31", "SOCLIM31", "ASTHEP31", "ASSTIL31", "FCRP1231", "RUSIZE31", "RUCLAS31", "FAMSZE31", "FMRS1231", "FAMS1231", "REGION31", "RESP31", "PROXY31", "BEGRFM31", "BEGRFY31", "ENDRFM31", "ENDRFY31", "INSCOP31", "INSC1231", "ELGRND31", "PSTATS31", "SPOUID31", "SPOUIN31", "ACTDTY31", "RTHLTH31", "MNHLTH31", "CHBRON31", "ASATAK31", "COGLIM31", "UNABLE31", "VAPRHT31", "VAWAIT31", "VALOCT31", "VANEED31", "VAOUT31", "VAPAST31", "VACOMP31", "VAMREC31", "VAGTRC31", "VACARC31", "VAPROB31", "VAREP31", "VACARE31", "VAPCPR31", "VAPROV31", "VAPCOT31", "VAPCCO31", "VAPCRC31", "VAPCSN31", "VAPCRF31", "VAPCSO31", "VAPCOU31", "VAPCUN31", "VASPCL31", "VAPACT31", "VACTDY31", "VARECM31", "VAMOBL31", "VACOPD31", "VADERM31", "VAGERD31", "VAHRLS31", "VABACK31", "VAJTPN31", "VARTHR31", "VAGOUT31", "VANECK31", "VAFIBR31", "VATMD31", "VACOST31", "VAPTSD31", "VABIPL31", "VADEPR31", "VAMOOD31", "VAPROS31", "VARHAB31", "VAMNHC31", "VAGCNS31", "VARXMD31", "VACRGV31", "VALCOH31", "REFPRS31", "MOPID31X", "DAPID31X", "INSCOV19", "AGE31X"]}