{"id_test": 0.648472125029158, "id_test_conf": [0.6339659839554784, 0.6627756948201473], "id_test_balanced": 0.6219948530197144, "id_test_balanced_conf": [0.6122903112135828, 0.6316993948258459], "ood_test": 0.6044969392560038, "ood_test_conf": [0.600236338794178, 0.6087456356170291], "ood_test_balanced": 0.6028164625167847, "ood_test_balanced_conf": [0.5999316445551812, 0.6057012804783881], "validation": 0.6437237517498834, "validation_conf": [0.629175729470908, 0.6580756416240117], "validation_balanced": 0.6192092299461365, "validation_balanced_conf": [0.6094804460182786, 0.6289380138739944], "features": ["race", "age", "weight", "admission_type_id", "discharge_disposition_id", "payer_code", "medical_specialty", "num_medications", "number_inpatient", "diag_2", "number_diagnoses", "metformin", "repaglinide", "nateglinide", "chlorpropamide", "acetohexamide", "glipizide", "glyburide", "rosiglitazone", "acarbose", "troglitazone", "tolazamide", "insulin", "glyburide-metformin", "glipizide-metformin", "diabetesMed", "admission_source_id"]}