{"id_test": 0.9718464351005485, "id_test_conf": [0.9710277442567774, 0.9726481135814825], "id_test_balanced": 0.5938112735748291, "id_test_balanced_conf": [0.5928551530244295, 0.5947673941252287], "ood_test": 0.960271619878859, "ood_test_conf": [0.9593139412286447, 0.9612129444426443], "ood_test_balanced": 0.627677321434021, "ood_test_balanced_conf": [0.6266145419026725, 0.6287401009653695], "validation": 0.972465977541459, "validation_conf": [0.9716559472048245, 0.973258972137531], "validation_balanced": 0.5962516665458679, "validation_balanced_conf": [0.5952868329989723, 0.5972165000927635], "features": ["RELP", "WRK", "OCCP", "MIG", "NATIVITY", "DEAR", "AGEP", "ST", "CIT", "RAC1P", "SCHL"]}