{"validation": 0.7801664398949467, "id_test": 0.7787755670311867, "ood_test": 0.7653041061242771, "ood_validation": 0.762062833432128, "train": 0.7801582599161633, "id_test_conf": [0.7767207579888793, 0.7808201428209577], "id_test_balanced": 0.7364670038223267, "id_test_balanced_conf": [0.7349872105801478, 0.7379467970645055], "ood_test_conf": [0.7622725646007347, 0.7683153586080533], "ood_test_balanced": 0.7341351509094238, "ood_test_balanced_conf": [0.7320498643349856, 0.736220437483862], "features": ["ENG", "HINS1", "HINS2", "HINS3", "OCCP", "WKHP", "WKW", "ST", "MAR", "CIT", "DIVISION"]}