{"validation": 0.8096114049206714, "id_test": 0.8048275862068965, "ood_test": 0.7511186472610805, "ood_validation": 0.7626112759643917, "train": 0.801672606046672, "id_test_conf": [0.7927317954473667, 0.8165126485384713], "id_test_balanced": 0.7065777778625488, "id_test_balanced_conf": [0.6984658953547478, 0.7146896603703499], "ood_test_conf": [0.7452451050832148, 0.7569233596670757], "ood_test_balanced": 0.7028181552886963, "ood_test_balanced_conf": [0.6992149991588668, 0.7064213114185258], "features": ["VCF0901b", "VCF0218", "VCF9204", "VCF9206", "VCF0875", "VCF0809", "VCF0843", "VCF9239", "VCF0803", "VCF0846", "VCF0606", "VCF0616", "VCF0310", "VCF0717", "VCF0701", "VCF0675", "VCF0724", "VCF0725", "VCF0726", "VCF0115", "VCF0112"]}