{"validation": 0.6149569388422544, "id_test": 0.6138808139534884, "ood_test": 0.4580322422609388, "ood_validation": 0.45738103029572347, "train": 0.6102518680020894, "id_test_conf": [0.608098764110129, 0.6196388108831403], "id_test_balanced": 0.5260518193244934, "id_test_balanced_conf": [0.5238755620457232, 0.5282280766032637], "ood_test_conf": [0.456680626774936, 0.4593843230908898], "ood_test_balanced": 0.5258677005767822, "ood_test_balanced_conf": [0.5253139323578216, 0.5264214687957428], "features": ["FRUIT_ONCE_PER_DAY", "VEG_ONCE_PER_DAY", "DRNK_PER_WEEK", "SMOKE100", "SMOKDAY2", "CHCSCNCR", "EMPLOY1", "IYEAR", "MEDCOST", "PRACE1", "BMI5CAT"]}