{"id_test": 0.9879034557481752, "id_test_conf": [0.9873176559448364, 0.9884689578189207], "id_test_balanced": 0.4999963939189911, "id_test_balanced_conf": [0.4999893672903545, 0.5000034205476277], "ood_test": 0.9242273180458624, "ood_test_conf": [0.9227996391242655, 0.9256366622778522], "ood_test_balanced": 0.5000410676002502, "ood_test_balanced_conf": [0.5000124903662436, 0.5000696448342569], "validation": 0.9886803481434487, "validation_conf": [0.9881129819406639, 0.9892273786285765], "validation_balanced": 0.5, "validation_balanced_conf": [0.5, 0.5], "features": ["Temp", "MAP", "DBP", "BaseExcess", "pH", "PaCO2", "SaO2", "Alkalinephos", "Creatinine", "Glucose", "Bilirubin_total", "WBC", "Fibrinogen", "Platelets", "Gender", "set", "ICULOS"]}