{"validation": 0.8546921481350253, "id_test": 0.8543715836910346, "ood_test": 0.4422875131164743, "ood_validation": 0.5424528301886793, "train": 0.8548192212458461, "id_test_conf": [0.8530377726862183, 0.8556978097474609], "id_test_balanced": 0.7609346508979797, "id_test_balanced_conf": [0.7599937301606405, 0.7618755716353189], "ood_test_conf": [0.4198316791579562, 0.4649212072436826], "ood_test_balanced": 0.5051210522651672, "ood_test_balanced_conf": [0.5028609747998416, 0.5073811297304929], "features": ["Average_confidence(BORED)", "hint_count", "skill_id", "problem_type", "school_id"]}