{"id_test": 0.8760365516568567, "id_test_conf": [0.874182013632105, 0.877873341694465], "id_test_balanced": 0.5436462163925171, "id_test_balanced_conf": [0.5427594383864198, 0.5445329943986144], "ood_test": 0.8292822446032371, "ood_test_conf": [0.8276785654473457, 0.8308769692335319], "ood_test_balanced": 0.5428763628005981, "ood_test_balanced_conf": [0.5421827535063494, 0.5435699720948469], "validation": 0.8760365516568567, "validation_conf": [0.874182013632105, 0.877873341694465], "validation_balanced": 0.5431957244873047, "validation_balanced_conf": [0.5423113550292328, 0.5440800939453766], "features": ["HIGH_BLOOD_PRESS", "CHOL_CHK_PAST_5_YEARS", "TOLDHI", "BMI5", "SMOKE100", "SMOKDAY2", "CVDSTRK3", "FRUIT_ONCE_PER_DAY", "DRNK_PER_WEEK", "TOTINDA", "MARITAL", "HEALTH_COV", "MENTHLTH", "MEDCOST", "PRACE1", "IYEAR", "PRACE1", "PRACE1"]}