{"validation": 0.7924564123659146, "id_test": 0.7924956966383151, "ood_test": 0.7716536470340267, "ood_validation": 0.7670420865441613, "train": 0.7934939875312766, "id_test_conf": [0.7904877293063768, 0.7944929265642006], "id_test_balanced": 0.7423315048217773, "id_test_balanced_conf": [0.7408868961292319, 0.7437761135143228], "ood_test_conf": [0.7686506124647097, 0.7746359064077069], "ood_test_balanced": 0.7426174879074097, "ood_test_balanced_conf": [0.7405380371119827, 0.7446969387028366], "features": ["ENG", "FER", "HINS2", "HINS3", "HINS4", "NWLA", "OCCP", "AGEP", "SEX", "ST", "MAR", "CIT", "SCHL", "ACS_YEAR", "DIVISION"]}