{"validation": 0.8366082897732331, "id_test": 0.8328966780281833, "ood_test": 0.8048815417979459, "ood_validation": 0.8027987479285583, "train": 0.8341907544776143, "id_test_conf": [0.830270409161577, 0.835498360193108], "id_test_balanced": 0.6199986934661865, "id_test_balanced_conf": [0.6183080684463493, 0.6216893184860237], "ood_test_conf": [0.8013400199320835, 0.8083868183496962], "ood_test_balanced": 0.6427648067474365, "ood_test_balanced_conf": [0.640370431295596, 0.645159182199277], "features": ["FER", "HUPAC", "WIF", "POBP", "WKHP", "WKW", "DIS", "MIL", "ANC", "DEAR", "DREM", "PUBCOV", "ST", "CIT", "RAC1P", "ACS_YEAR", "DIVISION"]}