{"validation": 0.8158197286732582, "id_test": 0.8032183908045977, "ood_test": 0.7457020394705854, "ood_validation": 0.7486222975837219, "train": 0.8012702609495345, "id_test_conf": [0.7910870910130712, 0.8149411464298459], "id_test_balanced": 0.7040887475013733, "id_test_balanced_conf": [0.6959775914996862, 0.7121999035030604], "ood_test_conf": [0.7397875348296847, 0.7515492015439406], "ood_test_balanced": 0.6969335079193115, "ood_test_balanced_conf": [0.6933168258611113, 0.7005501899775117], "features": ["VCF0004", "VCF0901b", "VCF0224", "VCF0301", "VCF0302", "VCF9010", "VCF9201", "VCF9202", "VCF0521", "VCF0523", "VCF0428", "VCF0429", "VCF0875", "VCF0839", "VCF0822", "VCF0843", "VCF9045", "VCF0803", "VCF0846", "VCF0606", "VCF0615", "VCF0617", "VCF0310", "VCF0721", "VCF0675", "VCF0724", "VCF0726", "VCF0745", "VCF0101", "VCF0104", "VCF0112"]}