{"validation": 0.8122400702048914, "id_test": 0.809915042987231, "ood_test": 0.7796145505135235, "ood_validation": 0.7849383170686798, "train": 0.8100261041814384, "id_test_conf": [0.8071547286784355, 0.8126524715684235], "id_test_balanced": 0.5119053721427917, "id_test_balanced_conf": [0.5112519474898, 0.5125587967957835], "ood_test_conf": [0.7759130646746579, 0.7832828004663617], "ood_test_balanced": 0.5131037831306458, "ood_test_balanced_conf": [0.5121419828152284, 0.5140655834460631], "features": ["NWLK", "OCCP", "DIS", "ANC", "NATIVITY", "DEAR", "AGEP", "CIT", "ACS_YEAR", "DIVISION"]}