{"id_test": 0.9724971338270381, "id_test_conf": [0.9716875444868737, 0.9732896863612521], "id_test_balanced": 0.6260610222816467, "id_test_balanced_conf": [0.6249917984311469, 0.6271302461321465], "ood_test": 0.9607300242648722, "ood_test_conf": [0.9597775885400815, 0.9616660892271087], "ood_test_balanced": 0.6581029295921326, "ood_test_balanced_conf": [0.6569604816148058, 0.6592453775694593], "validation": 0.9730856944547731, "validation_conf": [0.9722844365288179, 0.9738698933266962], "validation_balanced": 0.6279117465019226, "validation_balanced_conf": [0.6268381979549303, 0.6289852950489149], "features": ["POBP", "RELP", "WKHP", "WRK", "OCCP", "MIL", "DREM", "AGEP", "DIVISION", "ACS_YEAR", "SCHL"]}