{"id_test": 0.6305108467459762, "id_test_conf": [0.6158608325331052, 0.6449828159873161], "id_test_balanced": 0.602587878704071, "id_test_balanced_conf": [0.5928473328612744, 0.6123284245468676], "ood_test": 0.5792458012870821, "ood_test_conf": [0.5749456495112041, 0.5835369257891132], "ood_test_balanced": 0.5773972868919373, "ood_test_balanced_conf": [0.574508059695363, 0.5802865140885115], "validation": 0.6194587027531497, "validation_conf": [0.6047291255310484, 0.6340252843659671], "validation_balanced": 0.5941120386123657, "validation_balanced_conf": [0.5842994116805493, 0.6039246655441821], "features": ["admission_type_id", "discharge_disposition_id", "medical_specialty", "num_procedures", "num_medications", "number_outpatient", "diag_1", "diag_2", "number_diagnoses", "max_glu_serum", "A1Cresult", "metformin", "repaglinide", "chlorpropamide", "glimepiride", "acetohexamide", "glipizide", "tolbutamide", "pioglitazone", "acarbose", "miglitol", "tolazamide", "citoglipton", "glimepiride-pioglitazone", "diabetesMed", "admission_source_id"]}