{"validation": 0.7303512014787431, "id_test": 0.7265557609365373, "ood_test": 0.4797047970479705, "ood_validation": 0.41935483870967744, "train": 0.7257455329636475, "id_test_conf": [0.7221903466826753, 0.7308887331723709], "id_test_balanced": 0.5603641271591187, "id_test_balanced_conf": [0.5585681823687628, 0.5621600719494745], "ood_test_conf": [0.41888773175084476, 0.5409704786844047], "ood_test_balanced": 0.5035211443901062, "ood_test_balanced_conf": [0.4985430555883795, 0.5084992331918329], "features": ["Average_confidence(BORED)", "Average_confidence(CONFUSED)", "skill_id", "overlap_time", "school_id"]}