{"validation": 0.695790981095585, "id_test": 0.6959212823361371, "ood_test": 0.43651626442812175, "ood_validation": 0.5424528301886793, "train": 0.6958707548053346, "id_test_conf": [0.6941852112637878, 0.6976531617187361], "id_test_balanced": 0.5021193027496338, "id_test_balanced_conf": [0.501937836841389, 0.5023007686578785], "ood_test_conf": [0.4141009187067153, 0.45912726054932507], "ood_test_balanced": 0.5, "ood_test_balanced_conf": [0.5, 0.5], "features": ["skill_id", "problem_type", "type", "overlap_time", "school_id"]}