{"validation": 0.9722118936070003, "id_test": 0.9716729154401512, "ood_test": 0.9598621119606873, "ood_validation": 0.9600110011001101, "train": 0.9712405319022026, "id_test_conf": [0.9708518169574872, 0.972477008071909], "id_test_balanced": 0.5961083173751831, "id_test_balanced_conf": [0.5951416382426395, 0.5970749965077267], "ood_test_conf": [0.9588997785329719, 0.9608081061929438], "ood_test_balanced": 0.631949782371521, "ood_test_balanced_conf": [0.6308720058738254, 0.6330275588692166], "features": ["ENG", "WRK", "OCCP", "DIS", "ESP", "MIG", "MIL", "ANC", "NATIVITY", "DEAR", "DPHY", "FER", "AGEP", "MAR", "RAC1P", "DIVISION", "SCHL"]}