{"validation": 0.8277765003449069, "id_test": 0.8342528735632184, "ood_test": 0.7896943149168668, "ood_validation": 0.8007630351844002, "train": 0.8235141970341419, "id_test_conf": [0.8228640428848449, 0.8451909531491367], "id_test_balanced": 0.7714356184005737, "id_test_balanced_conf": [0.7632299152947962, 0.7796413215063512], "ood_test_conf": [0.7841495480752836, 0.7951596529293579], "ood_test_balanced": 0.758185863494873, "ood_test_balanced_conf": [0.7544347944622859, 0.7619369325274602], "features": ["VCF0004", "VCF0901b", "VCF0218", "VCF0224", "VCF0301", "VCF9010", "VCF9011", "VCF9201", "VCF9202", "VCF9203", "VCF9204", "VCF9206", "VCF0428", "VCF0875", "VCF0839", "VCF0822", "VCF9045", "VCF0838", "VCF9239", "VCF0803", "VCF0846", "VCF0601", "VCF0616", "VCF0617", "VCF0310", "VCF0743", "VCF0717", "VCF0718", "VCF0720", "VCF0701", "VCF0675", "VCF0726", "VCF0745", "VCF0101", "VCF0104", "VCF0105a", "VCF0140a", "VCF0112"]}