{"id_test": 0.681394457296015, "id_test_conf": [0.6802238963084584, 0.682563296434665], "id_test_balanced": 0.5109151005744934, "id_test_balanced_conf": [0.5106614737876225, 0.5111687273613643], "ood_test": 0.6127126087998084, "ood_test_conf": [0.604115516901831, 0.6212572838265124], "ood_test_balanced": 0.5002654790878296, "ood_test_balanced_conf": [0.49933069206774233, 0.5012002661079168], "validation": 0.6797097579076881, "validation_conf": [0.6785375673713674, 0.6808802425861695], "validation_balanced": 0.5106837153434753, "validation_balanced_conf": [0.5104304898862029, 0.5109369408007478], "features": ["ms_first_response", "position", "school_id"]}