{"validation": 0.7534727715723191, "id_test": 0.7541894491697043, "ood_test": 0.7377982110629553, "ood_validation": 0.7351511558980439, "train": 0.7555285363845132, "id_test_conf": [0.7520586915918284, 0.7563108766851773], "id_test_balanced": 0.7022295594215393, "id_test_balanced_conf": [0.7007175258733332, 0.7037415929697454], "ood_test_conf": [0.7346537420858092, 0.7409244964151066], "ood_test_balanced": 0.711930513381958, "ood_test_balanced_conf": [0.7097435599891468, 0.7141174667747692], "features": ["ENG", "FER", "NWLA", "RELP", "WRK", "SEX", "MAR", "SCHL", "DIVISION"]}