{"validation": 0.9134827576603041, "id_test": 0.9142201353892934, "ood_test": 0.880859219036972, "ood_validation": 0.8943965517241379, "train": 0.9143718129876512, "id_test_conf": [0.9135148216026866, 0.9149215148549811], "id_test_balanced": 0.8681010007858276, "id_test_balanced_conf": [0.8675464923132676, 0.8686555092583876], "ood_test_conf": [0.8750567673582, 0.8864840055267995], "ood_test_balanced": 0.8458871245384216, "ood_test_balanced_conf": [0.8418410572875291, 0.8499331917893141], "features": ["Average_confidence(BORED)", "Average_confidence(CONFUSED)", "attempt_count", "hint_count", "position", "overlap_time", "school_id"]}