{"id_test": 0.9246430139517815, "id_test_conf": [0.9239779702379145, 0.9253040239678043], "id_test_balanced": 0.8844128847122192, "id_test_balanced_conf": [0.88388233302976, 0.8849434363946784], "ood_test": 0.8810189251776731, "ood_test_conf": [0.875219725013915, 0.8866403847053362], "ood_test_balanced": 0.8460938930511475, "ood_test_balanced_conf": [0.8420493335742504, 0.8501384525280445], "validation": 0.9241448458109364, "validation_conf": [0.9234777976928216, 0.9248078649766353], "validation_balanced": 0.8842000961303711, "validation_balanced_conf": [0.8836691800539848, 0.8847310122067574], "features": ["Average_confidence(BORED)", "Average_confidence(CONFUSED)", "attempt_count", "hint_count", "position", "overlap_time", "school_id"]}