{"id_test": 0.6352470930232558, "id_test_conf": [0.6295277334108984, 0.6409378855653385], "id_test_balanced": 0.5870198011398315, "id_test_balanced_conf": [0.583400173583068, 0.5906394286965951], "ood_test": 0.5454966471722955, "ood_test_conf": [0.5441453868648316, 0.5468474030067325], "ood_test_balanced": 0.5823358297348022, "ood_test_balanced_conf": [0.5814907323929946, 0.5831809270766098], "validation": 0.640393909662415, "validation_conf": [0.6346913374837609, 0.6460668261898462], "validation_balanced": 0.5922157168388367, "validation_balanced_conf": [0.5886040849564597, 0.5958273487212137], "features": ["VEG_ONCE_PER_DAY", "DRNK_PER_WEEK", "RFBING5", "TOTINDA", "SMOKDAY2", "CHCOCNCR", "EMPLOY1", "IYEAR", "MEDCOST", "PRACE1", "SEX", "IYEAR", "STATE", "MEDCOST", "BMI5CAT"]}