{"id_test": 0.8180164826779265, "id_test_conf": [0.8153015592622566, 0.8207079208962809], "id_test_balanced": 0.5637429356575012, "id_test_balanced_conf": [0.562373569405172, 0.5651123019098304], "ood_test": 0.7928311305699905, "ood_test_conf": [0.7892106703798658, 0.7964167810001878], "ood_test_balanced": 0.5783748030662537, "ood_test_balanced_conf": [0.5764190506609157, 0.5803305554715916], "validation": 0.822096735218182, "validation_conf": [0.8194054052806684, 0.8247642776748714], "validation_balanced": 0.5634570717811584, "validation_balanced_conf": [0.5621033991104923, 0.5648107444518246], "features": ["FER", "NWLA", "OCCP", "WRK", "DIS", "ANC", "DEYE", "DREM", "SEX", "ST", "MAR", "RAC1P", "ACS_YEAR", "DIVISION"]}