{"validation": 0.820303458099635, "id_test": 0.8164394363331129, "ood_test": 0.7905397111174761, "ood_validation": 0.7985638004050819, "train": 0.8178684870703223, "id_test_conf": [0.8137155236549853, 0.8191399805203605], "id_test_balanced": 0.5477264523506165, "id_test_balanced_conf": [0.546528091696091, 0.548924813005142], "ood_test_conf": [0.786904797497676, 0.7941400878898239], "ood_test_balanced": 0.573030412197113, "ood_test_balanced_conf": [0.5711090442491695, 0.5749517801450565], "features": ["FER", "NWLA", "OCCP", "WRK", "DIS", "ANC", "DEYE", "DREM", "SEX", "ST", "MAR", "RAC1P", "ACS_YEAR", "DIVISION"]}