{"validation": 0.786337740449418, "id_test": 0.7851739878829511, "ood_test": 0.47830052685183716, "ood_validation": 0.47628636823803866, "train": 0.7849933940701139, "id_test_conf": [0.7840338447548139, 0.786310830814618], "id_test_balanced": 0.5494388341903687, "id_test_balanced_conf": [0.5489377628779039, 0.5499399055028334], "ood_test_conf": [0.4772174021910581, 0.47938380520775725], "ood_test_balanced": 0.5783854126930237, "ood_test_balanced_conf": [0.5778794624493457, 0.5788913629367016], "features": ["MIG", "ANC", "NATIVITY", "PINCP", "ESR", "FER", "MAR", "SCHL", "DIVISION", "ACS_YEAR", "DIS"]}