{"validation": 0.7913479145574612, "id_test": 0.7901541988330252, "ood_test": 0.5928275278556555, "ood_validation": 0.5929508341036137, "train": 0.7901910240726425, "id_test_conf": [0.7890237293893874, 0.7912813104127683], "id_test_balanced": 0.573451042175293, "id_test_balanced_conf": [0.5728611436823848, 0.5740409406682011], "ood_test_conf": [0.5917618152163482, 0.5938925829988757], "ood_test_balanced": 0.6622387170791626, "ood_test_balanced_conf": [0.6616279945685528, 0.6628494395897724], "features": ["MIG", "ANC", "NATIVITY", "PINCP", "ESR", "FER", "MAR", "SCHL", "DIVISION", "ACS_YEAR", "DIS"]}