{"validation": 0.7873074269947115, "id_test": 0.7760919540229885, "ood_test": 0.6979416890396118, "ood_validation": 0.7032640949554896, "train": 0.7773882055408667, "id_test_conf": [0.7634060144008745, 0.7884061156183433], "id_test_balanced": 0.6388471126556396, "id_test_balanced_conf": [0.6316608833614736, 0.6460333419498057], "ood_test_conf": [0.6917151900861329, 0.7041139504788473], "ood_test_balanced": 0.6330285668373108, "ood_test_balanced_conf": [0.62981362874154, 0.6362435049330816], "features": ["VCF0901b", "VCF0218", "VCF0302", "VCF9008", "VCF9205", "VCF9206", "VCF0875", "VCF0870", "VCF9045", "VCF0838", "VCF9239", "VCF0606", "VCF0743", "VCF0720", "VCF0721", "VCF0675", "VCF0724", "VCF0726", "VCF0745", "VCF0101", "VCF0115", "VCF0112"]}