{"validation": 0.7817748676567202, "id_test": 0.7812161778977679, "ood_test": 0.37841753711132603, "ood_validation": 0.3747304018662793, "train": 0.7810849999588143, "id_test_conf": [0.7800685241313406, 0.7823605772946643], "id_test_balanced": 0.5267742276191711, "id_test_balanced_conf": [0.5263968049548566, 0.5271516502834857], "ood_test_conf": [0.37736626981855403, 0.37946966557951556], "ood_test_balanced": 0.5088921785354614, "ood_test_balanced_conf": [0.5086715078222914, 0.5091128492486314], "features": ["ESP", "MIG", "ANC", "NATIVITY", "DEYE", "PINCP", "ESR", "FER", "ST", "RAC1P", "DIVISION", "DIS"]}