{"validation": 0.7894748402994523, "id_test": 0.7887783506595685, "ood_test": 0.5182454085394258, "ood_validation": 0.5168911483780096, "train": 0.7887525213734843, "id_test_conf": [0.7876451835850392, 0.7899081758018385], "id_test_balanced": 0.5679193735122681, "id_test_balanced_conf": [0.5673465519060846, 0.5684921951184515], "ood_test_conf": [0.5171618431593296, 0.5193288446891857], "ood_test_balanced": 0.6091417074203491, "ood_test_balanced_conf": [0.6085958829091396, 0.6096875319315587], "features": ["ESP", "MIG", "ANC", "NATIVITY", "DEYE", "PINCP", "ESR", "FER", "ST", "RAC1P", "DIVISION", "DIS"]}