{"validation": 0.873336378131936, "id_test": 0.8740815525267822, "ood_test": 0.8233420627505489, "ood_validation": 0.8268991798525391, "train": 0.8736145637816475, "id_test_conf": [0.8722282652137178, 0.8759174393263031], "id_test_balanced": 0.5044546127319336, "id_test_balanced_conf": [0.5041647545900196, 0.5047444708738476], "ood_test_conf": [0.8217318298357554, 0.8249436648117229], "ood_test_balanced": 0.504987895488739, "ood_test_balanced_conf": [0.5047474098432576, 0.5052283811342204], "features": ["CHOL_CHK_PAST_5_YEARS", "BMI5", "BMI5CAT", "CVDSTRK3", "MICHD", "VEG_ONCE_PER_DAY", "RFBING5", "MARITAL", "PRACE1", "STATE", "MEDCOST", "SEX", "PRACE1", "IYEAR"]}