{"validation": 0.7909122551656488, "id_test": 0.7912553159173754, "ood_test": 0.770296794930906, "ood_validation": 0.7683461766449319, "train": 0.793058903287101, "id_test_conf": [0.7892429744108284, 0.7932569656008686], "id_test_balanced": 0.7424904108047485, "id_test_balanced_conf": [0.7410415970929898, 0.7439392245165073], "ood_test_conf": [0.7672875881403307, 0.7732853304187345], "ood_test_balanced": 0.7417430877685547, "ood_test_balanced_conf": [0.7396570114837959, 0.7438291640533135], "features": ["COW", "ENG", "HINS2", "NWLK", "OCCP", "POBP", "RELP", "AGEP", "ST", "CIT", "SCHL", "ACS_YEAR", "DIVISION"]}