{"validation": 0.8761561130113223, "id_test": 0.8744173516950882, "ood_test": 0.8259752262128736, "ood_validation": 0.8315722469764482, "train": 0.8756692554236858, "id_test_conf": [0.872548726613802, 0.8762682328326712], "id_test_balanced": 0.5072686672210693, "id_test_balanced_conf": [0.506906837428105, 0.5076304970140336], "ood_test_conf": [0.8243548450743836, 0.8275866928070984], "ood_test_balanced": 0.5065197348594666, "ood_test_balanced_conf": [0.5062499768531415, 0.5067894928657916], "features": ["PHYSHLTH", "CHOL_CHK_PAST_5_YEARS", "TOLDHI", "BMI5", "SMOKE100", "SMOKDAY2", "CVDSTRK3", "MICHD", "FRUIT_ONCE_PER_DAY", "VEG_ONCE_PER_DAY", "RFBING5", "INCOME", "HEALTH_COV", "IYEAR", "STATE", "MEDCOST", "IYEAR", "STATE", "PRACE1", "PRACE1"]}