{"validation": 0.8232120926922768, "id_test": 0.8229042328528142, "ood_test": 0.4765751211631664, "ood_validation": 0.463768115942029, "train": 0.8209360146567023, "id_test_conf": [0.8203529326336457, 0.8254340159251413], "id_test_balanced": 0.7103478908538818, "id_test_balanced_conf": [0.7087077114614658, 0.7119880702462978], "ood_test_conf": [0.4366145467845699, 0.5167601282133529], "ood_test_balanced": 0.5045871734619141, "ood_test_balanced_conf": [0.5008316874364391, 0.508342659487389], "features": ["Average_confidence(CONCENTRATING)", "Average_confidence(FRUSTRATED)", "hint_count", "skill_id", "problem_type", "bottom_hint", "ms_first_response", "tutor_mode", "position", "first_action", "school_id"]}