{"id_test": 0.8706500780460931, "id_test_conf": [0.8684036934193411, 0.8728717537679881], "id_test_balanced": 0.7894900441169739, "id_test_balanced_conf": [0.7878455950180069, 0.7911344932159409], "ood_test": 0.5799676898222941, "ood_test_conf": [0.5399735983190146, 0.619195378523401], "ood_test_balanced": 0.6024464964866638, "ood_test_balanced_conf": [0.5865479634329677, 0.61834502954036], "validation": 0.8710732608720603, "validation_conf": [0.8688299564577084, 0.8732918277688814], "validation_balanced": 0.7888747453689575, "validation_balanced_conf": [0.7872282134974375, 0.7905212772404775], "features": ["Average_confidence(CONCENTRATING)", "Average_confidence(FRUSTRATED)", "hint_count", "skill_id", "problem_type", "bottom_hint", "ms_first_response", "tutor_mode", "position", "first_action", "school_id"]}