{"validation": 0.9006597453746558, "id_test": 0.9016559958583721, "ood_test": 0.884612313343448, "ood_validation": 0.9073275862068966, "train": 0.9015524973889537, "id_test_conf": [0.9009062369609844, 0.9024019401215548], "id_test_balanced": 0.8493273258209229, "id_test_balanced_conf": [0.8487488129839766, 0.8499058386578691], "ood_test_conf": [0.8788871525471453, 0.8901580351743686], "ood_test_balanced": 0.8507455587387085, "ood_test_balanced_conf": [0.8467359427455813, 0.8547551747318357], "features": ["Average_confidence(BORED)", "Average_confidence(CONCENTRATING)", "attempt_count", "problem_type", "type", "overlap_time", "school_id"]}