{"validation": 0.7812996100091657, "id_test": 0.7807169586766297, "ood_test": 0.38018675179764194, "ood_validation": 0.3763259826576874, "train": 0.7805902728462459, "id_test_conf": [0.7795683685184764, 0.7818623002455263], "id_test_balanced": 0.5295612215995789, "id_test_balanced_conf": [0.5291578254575142, 0.5299646177416435], "ood_test_conf": [0.3791345244531038, 0.38123982778555077], "ood_test_balanced": 0.5096244812011719, "ood_test_balanced_conf": [0.5093853471160401, 0.5098636152863036], "features": ["ESP", "MIG", "ANC", "NATIVITY", "DEYE", "DREM", "PINCP", "ESR", "FER", "AGEP", "RAC1P", "DIVISION", "ACS_YEAR", "DIS"]}