{"validation": 0.7927497249296599, "id_test": 0.7918595316924331, "ood_test": 0.5482670377086041, "ood_validation": 0.5473062194638848, "train": 0.7921654395420754, "id_test_conf": [0.7907324328598987, 0.792983252913882], "id_test_balanced": 0.5716187357902527, "id_test_balanced_conf": [0.571044652153505, 0.5721928194270004], "ood_test_conf": [0.5471877051139233, 0.5493460284318661], "ood_test_balanced": 0.6298754811286926, "ood_test_balanced_conf": [0.6292950124980417, 0.6304559497593436], "features": ["ESP", "MIG", "ANC", "NATIVITY", "DEYE", "DREM", "PINCP", "ESR", "FER", "AGEP", "RAC1P", "DIVISION", "ACS_YEAR", "DIS"]}