{"validation": 0.7447394234724551, "id_test": 0.7449435500202511, "ood_test": 0.7134012198495606, "ood_validation": 0.7171310017783047, "train": 0.7441309113116366, "id_test_conf": [0.7427867014855314, 0.7470914080812497], "id_test_balanced": 0.6902084350585938, "id_test_balanced_conf": [0.688686737769749, 0.6917301323474385], "ood_test_conf": [0.7101698996716294, 0.7166162231959212], "ood_test_balanced": 0.6672419309616089, "ood_test_balanced_conf": [0.665162636693567, 0.6693212252296508], "features": ["COW", "FER", "HINS3", "NWLA", "WKHP", "WKW", "ST", "MAR", "RAC1P", "ACS_YEAR", "DIVISION"]}