{"validation": 0.7801601113818308, "id_test": 0.7809778756581612, "ood_test": 0.7606275770309968, "ood_validation": 0.7553052756372258, "train": 0.780594135222601, "id_test_conf": [0.7789303610042188, 0.7830150761416961], "id_test_balanced": 0.7282527685165405, "id_test_balanced_conf": [0.7267890445445664, 0.7297164924885147], "ood_test_conf": [0.7575756435866089, 0.7636595794611792], "ood_test_balanced": 0.7325457334518433, "ood_test_balanced_conf": [0.7304295267863199, 0.7346619401173666], "features": ["FER", "HINS1", "HINS3", "HINS4", "NWLA", "POBP", "RELP", "WKW", "WRK", "AGEP", "ST", "CIT", "RAC1P", "SCHL", "DIVISION"]}