{"id_test": 0.6465260094579848, "id_test_conf": [0.6408414741494242, 0.6521795606002261], "id_test_balanced": 0.5845735669136047, "id_test_balanced_conf": [0.5813562904903665, 0.587790843336843], "ood_test": 0.5747273758343487, "ood_test_conf": [0.5733848095490381, 0.5760691126055979], "ood_test_balanced": 0.6105953454971313, "ood_test_balanced_conf": [0.6097553765948396, 0.6114353143994231], "validation": 0.6480538377591851, "validation_conf": [0.6423747077046824, 0.653701660444274], "validation_balanced": 0.5893118977546692, "validation_balanced_conf": [0.5860885377554222, 0.5925352577539161], "features": ["FRUIT_ONCE_PER_DAY", "VEG_ONCE_PER_DAY", "RFBING5", "SMOKE100", "SMOKDAY2", "CHCSCNCR", "DIABETES", "POVERTY", "IYEAR", "PRACE1", "IYEAR", "STATE", "BMI5CAT"]}