{"validation": 0.7371634716991023, "id_test": 0.7375849459687936, "ood_test": 0.729777209933722, "ood_validation": 0.7262931034482759, "train": 0.7374127091396858, "id_test_conf": [0.7364793150979272, 0.7386883214905944], "id_test_balanced": 0.6503938436508179, "id_test_balanced_conf": [0.6496681205159984, 0.6511195667856373], "ood_test_conf": [0.7219067964083141, 0.7375407022288125], "ood_test_balanced": 0.6981303691864014, "ood_test_balanced_conf": [0.6927122212108224, 0.7035485171619803], "features": ["Average_confidence(BORED)", "Average_confidence(CONCENTRATING)", "ms_first_response", "tutor_mode", "school_id"]}