{"id_test": 0.8331766024233767, "id_test_conf": [0.8322389216665892, 0.8341111198375993], "id_test_balanced": 0.7434126734733582, "id_test_balanced_conf": [0.7427801466523669, 0.7440452002943494], "ood_test": 0.8077936596662142, "ood_test_conf": [0.8007812644029169, 0.8146627083165134], "ood_test_balanced": 0.7514952421188354, "ood_test_balanced_conf": [0.7471076207049191, 0.7558828635327518], "validation": 0.8320655584080264, "validation_conf": [0.8311253987350323, 0.83300256529178], "validation_balanced": 0.742925763130188, "validation_balanced_conf": [0.742293196892133, 0.743558329368243], "features": ["Average_confidence(BORED)", "Average_confidence(CONCENTRATING)", "ms_first_response", "tutor_mode", "school_id"]}