{"id_test": 0.8290176527445694, "id_test_conf": [0.826367585510494, 0.8316434204809381], "id_test_balanced": 0.6047739386558533, "id_test_balanced_conf": [0.6031538206664845, 0.6063940566452221], "ood_test": 0.8064978108760588, "ood_test_conf": [0.8029672622585755, 0.8099919215901185], "ood_test_balanced": 0.6266604065895081, "ood_test_balanced_conf": [0.6243921737279743, 0.6289286394510418], "validation": 0.8332633828074325, "validation_conf": [0.8306393729003936, 0.8358627785459922], "validation_balanced": 0.6081753969192505, "validation_balanced_conf": [0.6065449873683975, 0.6098058064701035], "features": ["ENG", "FER", "HUPAC", "WIF", "NWLA", "OCCP", "POBP", "RELP", "WKHP", "WKW", "MIL", "DEYE", "ST", "SCHL", "DIVISION"]}