{"validation": 0.7889895982475373, "id_test": 0.7876900527574873, "ood_test": 0.5670057967151539, "ood_validation": 0.5667172850917734, "train": 0.7885338629725711, "id_test_conf": [0.786554765512127, 0.7888220106723961], "id_test_balanced": 0.5792143940925598, "id_test_balanced_conf": [0.5785910380992573, 0.5798377500858624], "ood_test_conf": [0.5659311113670962, 0.5680800074651284], "ood_test_balanced": 0.6343756914138794, "ood_test_balanced_conf": [0.6337422724894713, 0.6350091103382874], "features": ["ESP", "NATIVITY", "DEYE", "ESR", "AGEP", "MAR", "DIVISION", "DIS"]}