{"validation": 0.7976161236149135, "id_test": 0.796608104923899, "ood_test": 0.6128158635100388, "ood_validation": 0.6142765966811919, "train": 0.7967744890544747, "id_test_conf": [0.7954905511386435, 0.797722226109456], "id_test_balanced": 0.5822632312774658, "id_test_balanced_conf": [0.5816669983882456, 0.582859464166686], "ood_test_conf": [0.6117591849035958, 0.6138717430380539], "ood_test_balanced": 0.6776884198188782, "ood_test_balanced_conf": [0.6770720448670908, 0.6783047947706655], "features": ["MIG", "ANC", "NATIVITY", "DEAR", "DEYE", "PINCP", "ESR", "FER", "AGEP", "MAR", "RAC1P", "SCHL", "DIVISION", "DIS"]}