{"validation": 0.8009935765591875, "id_test": 0.800950536654516, "ood_test": 0.7991727154167381, "ood_validation": 0.7941908713692946, "train": 0.8013840425338357, "id_test_conf": [0.7989731526736105, 0.8029168724944705], "id_test_balanced": 0.7808153629302979, "id_test_balanced_conf": [0.7793863811925985, 0.7822443446679972], "ood_test_conf": [0.7963048338494256, 0.8020177140345706], "ood_test_balanced": 0.7905049920082092, "ood_test_balanced_conf": [0.7884691254189238, 0.7925408585974947], "features": ["ENG", "HINS2", "HINS3", "HINS4", "NWLA", "NWLK", "OCCP", "RELP", "WKHP", "WRK", "AGEP", "SEX", "ST", "SCHL", "DIVISION"]}