{"validation": 0.8360105307337174, "id_test": 0.8332019128045989, "ood_test": 0.8096689717255207, "ood_validation": 0.8088749769839808, "train": 0.8343306550845921, "id_test_conf": [0.8305775379043596, 0.8358016784015784], "id_test_balanced": 0.5989351272583008, "id_test_balanced_conf": [0.5973988724662922, 0.6004713820503094], "ood_test_conf": [0.8061602265992478, 0.8131409010502685], "ood_test_balanced": 0.6187695264816284, "ood_test_balanced_conf": [0.6165998419839889, 0.620939210979268], "features": ["ENG", "FER", "HUPAC", "WIF", "NWLA", "RELP", "WKHP", "WKW", "DIS", "ANC", "DEAR", "DREM", "PUBCOV", "ST", "MAR", "CIT", "SCHL", "ACS_YEAR", "DIVISION"]}