{"validation": 0.78278011581179, "id_test": 0.7831801842851357, "ood_test": 0.772747032709357, "ood_validation": 0.7649081209247184, "train": 0.7831540127028778, "id_test_conf": [0.7811400485275813, 0.7852099249517868], "id_test_balanced": 0.7331942319869995, "id_test_balanced_conf": [0.7317308793682605, 0.7346575846057385], "ood_test_conf": [0.7697490040643988, 0.7757242024372091], "ood_test_balanced": 0.7462128400802612, "ood_test_balanced_conf": [0.7441237913724035, 0.748301888788119], "features": ["ENG", "HINS1", "HINS2", "HINS4", "POBP", "WKHP", "WKW", "WRK", "ST", "MAR", "CIT", "SCHL", "ACS_YEAR", "DIVISION"]}