{"validation": 0.7521121412524128, "id_test": 0.7531199372215471, "ood_test": 0.7315408834029323, "ood_validation": 0.72886781268524, "train": 0.7523864370793032, "id_test_conf": [0.7509860950067535, 0.7552444886572764], "id_test_balanced": 0.6960040330886841, "id_test_balanced_conf": [0.694499656946864, 0.6975084092305042], "ood_test_conf": [0.7283729946309299, 0.7346910673960038], "ood_test_balanced": 0.6989636421203613, "ood_test_balanced_conf": [0.6968004701659083, 0.7011268140748144], "features": ["ENG", "NWLA", "POBP", "RELP", "WKHP", "WKW", "SEX", "ST", "DIVISION"]}