{"validation": 0.696068012752391, "id_test": 0.7367303609341825, "ood_test": 0.6297337955392766, "ood_validation": 0.633313713949382, "train": 0.7076085513212057, "id_test_conf": [0.7073634760210197, 0.7646087738743949], "id_test_balanced": 0.7381649017333984, "id_test_balanced_conf": [0.7183160573989152, 0.7580137460678816], "ood_test_conf": [0.6220228856363268, 0.6373953132967074], "ood_test_balanced": 0.6310151815414429, "ood_test_balanced_conf": [0.6256083596684039, 0.6364220034144819], "features": ["FCSZ1231", "JOBORG31", "CMJHLD31", "MCRPB31", "PRVHMO31", "FSAGT31", "HASFSA31", "GOVTA31", "GOVAAT31", "GOVTB31", "GOVBAT31", "GOVTC31", "IHS31", "RETPLN31", "VAPROX31", "EMPST31", "RNDFLG31", "HRHOW31", "DIFFWG31", "NHRWG31", "HOUR31", "TEMPJB31", "INDCAT31", "MORE31", "UNION31", "OCCCAT31", "PAYDR31", "MCAID31X", "MCDAT31X", "PUB31X", "INS31X", "SEX", "RACEV1X", "RACEV2X", "RACEAX", "RACETHX", "HISPANX", "HISPNCAT", "BORNUSA", "WHTLGSPK", "PRSTX31", "PRIVAT31", "DENTIN31", "DNTINS31", "PMEDIN31", "FTSTU31X", "DISVW31X", "HELD31X", "OFFER31X", "TRIST31X", "TRIPR31X", "TRICH31X", "VASPUN31", "ASMRCN31", "LFTDIF31", "MILDIF31", "STNDIF31", "BENDIF31", "RCHDIF31", "ACTLIM31", "HSELIM31", "SCHLIM31", "ASTHEP31", "ASSTIL31", "FCRP1231", "RUSIZE31", "RUCLAS31", "FAMSZE31", "FAMS1231", "REGION31", "RESP31", "PROXY31", "BEGRFY31", "ENDRFM31", "INSC1231", "SPOUID31", "CHBRON31", "ASATAK31", "UNABLE31", "VAWAIT31", "VANTWK31", "VAOUT31", "VAGTRC31", "VAPROB31", "VAREP31", "VAPCPR31", "VAPROV31", "VAPCRC31", "VAPACT31", "VARECM31", "VACOPD31", "VABACK31", "VARTHR31", "VATMD31", "VABIPL31", "VADEPR31", "VAPROS31", "VAMNHC31", "VAGCNS31", "VARXMD31", "VACRGV31", "VALCOH31", "MOPID31X", "DAPID31X", "AGE31X", "INSCOV19"]}