{"validation": 0.9214285363220384, "id_test": 0.922131496687353, "ood_test": 0.9097660305038728, "ood_validation": 0.9281609195402298, "train": 0.9222287071737216, "id_test_conf": [0.9214564351861256, 0.9228025484456509], "id_test_balanced": 0.88002610206604, "id_test_balanced_conf": [0.879489257457899, 0.8805629466741811], "ood_test_conf": [0.9046122251485925, 0.9147284569395455], "ood_test_balanced": 0.883345365524292, "ood_test_balanced_conf": [0.8796390537405386, 0.8870516773080453], "features": ["Average_confidence(BORED)", "Average_confidence(CONCENTRATING)", "Average_confidence(FRUSTRATED)", "attempt_count", "hint_count", "ms_first_response", "type", "overlap_time", "first_action", "school_id"]}