{"validation": 0.9275557965684066, "id_test": 0.9281407891374012, "ood_test": 0.909925736644574, "ood_validation": 0.9281609195402298, "train": 0.9283100899019066, "id_test_conf": [0.9274900578223075, 0.9287874533819344], "id_test_balanced": 0.8893493413925171, "id_test_balanced_conf": [0.8888275276916101, 0.8898711550934241], "ood_test_conf": [0.9047758947359048, 0.9148841234612632], "ood_test_balanced": 0.8834754228591919, "ood_test_balanced_conf": [0.8797718017036096, 0.8871790440147742], "features": ["Average_confidence(BORED)", "Average_confidence(CONCENTRATING)", "Average_confidence(FRUSTRATED)", "attempt_count", "hint_count", "ms_first_response", "type", "overlap_time", "first_action", "school_id"]}