{"validation": 0.8389738893764228, "id_test": 0.838263722846823, "ood_test": 0.8070502066369327, "ood_validation": 0.8086908488307862, "train": 0.8373655443882368, "id_test_conf": [0.8356712196432994, 0.8408312418947903], "id_test_balanced": 0.6574206948280334, "id_test_balanced_conf": [0.6555737051111646, 0.6592676845449023], "ood_test_conf": [0.8035234298558425, 0.8105404796903628], "ood_test_balanced": 0.665438175201416, "ood_test_balanced_conf": [0.6629405473498627, 0.6679358030529693], "features": ["FER", "HUPAC", "NWLA", "NWLK", "POBP", "WKW", "WRK", "DIS", "MIL", "ANC", "NATIVITY", "DEAR", "PUBCOV", "AGEP", "SEX", "ST", "MAR", "CIT", "SCHL", "ACS_YEAR", "DIVISION"]}