{"id_test": 0.877323450420813, "id_test_conf": [0.8754733072013313, 0.8791557114498806], "id_test_balanced": 0.545237123966217, "id_test_balanced_conf": [0.5443490609410219, 0.5461251869914122], "ood_test": 0.8297332597758382, "ood_test_conf": [0.8281267177088885, 0.8313307843751225], "ood_test_balanced": 0.5390964150428772, "ood_test_balanced_conf": [0.5384355034295004, 0.539757326656254], "validation": 0.8779520167182309, "validation_conf": [0.876105914676039, 0.8797802066646179], "validation_balanced": 0.5420160889625549, "validation_balanced_conf": [0.541149128099205, 0.5428830498259049], "features": ["PHYSHLTH", "TOLDHI", "BMI5", "BMI5CAT", "SMOKE100", "MICHD", "TOTINDA", "INCOME", "MARITAL", "CHECKUP1", "EDUCA", "HEALTH_COV", "IYEAR", "STATE", "MEDCOST", "STATE", "PRACE1", "SEX", "PRACE1"]}