{"id_test": 0.8489932885906041, "id_test_conf": [0.8032072659821807, 0.8876733605127383], "id_test_balanced": 0.786154568195343, "id_test_balanced_conf": [0.7548883334547282, 0.8174208029359579], "ood_test": 0.752253069618339, "ood_test_conf": [0.747562803984702, 0.7568989870261197], "ood_test_balanced": 0.7563097476959229, "ood_test_balanced_conf": [0.7530813206359744, 0.7595381747558713], "validation": 0.8456375838926175, "validation_conf": [0.7995231772926141, 0.8847174565229574], "validation_balanced": 0.7876613140106201, "validation_balanced_conf": [0.7566098330169916, 0.8187127950042487], "features": ["LIVING_QUARTERS_TYPE", "HOUSEHOLD_INC", "RECEIVED_WORK_COMP", "INCOME", "VA_BENEFITS_AMOUNT", "SURVIVOR_INCOME_AMOUNT", "DISABILITY_BENEFITS_AMOUNT", "EDUCATION", "AGE", "LIVING_OWNERSHIP", "MEDICAID_ASSISTANCE", "HEALTHDISAB", "DAYS_SICK", "HOSPITAL_NIGHTS", "PRESCRIPTION_MEDS", "TRANSPORTATION_ASSISTANCE", "VISIT_DOCTOR_NUM", "HEALTH_HEARING", "HEALTH_SEEING", "HEALTH_COGNITIVE", "HEALTH_ERRANDS_DIFFICULTY", "HEALTH_CORE_DISABILITY", "HEALTH_SUPPLEMENTAL_DISABILITY", "CITIZENSHIP_STATUS"]}