{"id_test": 0.8342528735632184, "id_test_conf": [0.8228640428848449, 0.8451909531491367], "id_test_balanced": 0.7723324298858643, "id_test_balanced_conf": [0.7641216695308686, 0.7805431902408599], "ood_test": 0.7945928123969667, "ood_test_conf": [0.7890948062960078, 0.8000100426128047], "ood_test_balanced": 0.763191819190979, "ood_test_balanced_conf": [0.7594700552336872, 0.7669135831482708], "validation": 0.8284663140951943, "validation_conf": [0.8169279814061158, 0.839561677538704], "validation_balanced": 0.764401912689209, "validation_balanced_conf": [0.7561371371522546, 0.7726666882261634], "features": ["VCF0004", "VCF0901b", "VCF0218", "VCF9008", "VCF9010", "VCF9011", "VCF9202", "VCF9203", "VCF9205", "VCF0521", "VCF0523", "VCF0809", "VCF0870", "VCF9045", "VCF9239", "VCF0803", "VCF0601", "VCF0615", "VCF0616", "VCF0617", "VCF0310", "VCF0743", "VCF0720", "VCF0701", "VCF0675", "VCF0724", "VCF0725", "VCF0101", "VCF0104", "VCF0105a", "VCF0140a", "VCF0112"]}