{"validation": 0.700079106413948, "id_test": 0.6990304779262859, "ood_test": 0.6871336169988539, "ood_validation": 0.6783639596917606, "train": 0.6994074152594328, "id_test_conf": [0.6967621234985257, 0.7012915277926945], "id_test_balanced": 0.6522760391235352, "id_test_balanced_conf": [0.650679120728746, 0.6538729575183243], "ood_test_conf": [0.6838215821214779, 0.6904313444457675], "ood_test_balanced": 0.6619929075241089, "ood_test_balanced_conf": [0.6596955653605983, 0.6642902496876195], "features": ["COW", "ENG", "FER", "HINS1", "HINS2", "NWLA", "NWLK", "WKW", "WRK", "RAC1P", "ACS_YEAR", "DIVISION"]}