{"id_test": 0.6471804719524354, "id_test_conf": [0.6414550308757418, 0.6528743170545653], "id_test_balanced": 0.6151728630065918, "id_test_balanced_conf": [0.6113135037198663, 0.6190322222933173], "ood_test": 0.5505757996575441, "ood_test_conf": [0.549221484332374, 0.5519295505674731], "ood_test_balanced": 0.5872021913528442, "ood_test_balanced_conf": [0.5863531399262137, 0.5880512427794747], "validation": 0.6513534473208021, "validation_conf": [0.6456431036339529, 0.6570312988192099], "validation_balanced": 0.6192171573638916, "validation_balanced_conf": [0.6153631560597569, 0.6230711586680263], "features": ["AGEG5YR", "FRUIT_ONCE_PER_DAY", "DRNK_PER_WEEK", "RFBING5", "TOTINDA", "CHCSCNCR", "CHCOCNCR", "POVERTY", "EMPLOY1", "MEDCOST", "PRACE1", "SEX", "SEX", "BMI5CAT", "IYEAR"]}