{"validation": 0.6242845009047602, "id_test": 0.6214409690165811, "ood_test": 0.5682417453307165, "ood_validation": 0.5668423242268756, "train": 0.6215528781793842, "id_test_conf": [0.6156327727764197, 0.6272230965600336], "id_test_balanced": 0.6134834885597229, "id_test_balanced_conf": [0.6093966205976904, 0.6175703565217554], "ood_test_conf": [0.5668930826111149, 0.5695896464837875], "ood_test_balanced": 0.5880375504493713, "ood_test_balanced_conf": [0.5871183938067407, 0.588956707092002], "features": ["AGEG5YR", "FRUIT_ONCE_PER_DAY", "DRNK_PER_WEEK", "RFBING5", "TOTINDA", "CHCSCNCR", "CHCOCNCR", "POVERTY", "EMPLOY1", "MEDCOST", "PRACE1", "SEX", "SEX", "BMI5CAT", "IYEAR"]}