{"validation": 0.7437838179919628, "id_test": 0.7461902592142567, "ood_test": 0.7434495659390602, "ood_validation": 0.7453467694131595, "train": 0.7454306266083285, "id_test_conf": [0.7440368535222937, 0.74833462864453], "id_test_balanced": 0.7039228677749634, "id_test_balanced_conf": [0.7023852283088491, 0.7054605072410777], "ood_test_conf": [0.7403269515797538, 0.7465535641657425], "ood_test_balanced": 0.7305989265441895, "ood_test_balanced_conf": [0.7283898626314476, 0.7328079904569313], "features": ["ENG", "HINS3", "HINS4", "NWLK", "POBP", "RELP", "WKHP", "WRK", "MAR", "CIT", "RAC1P", "DIVISION"]}