{"validation": 0.8777071207581979, "id_test": 0.8771846760434608, "ood_test": 0.8288185063113274, "ood_validation": 0.8340759601103331, "train": 0.8776100578873416, "id_test_conf": [0.8753336427305409, 0.8790178337682744], "id_test_balanced": 0.5361366271972656, "id_test_balanced_conf": [0.535342436793726, 0.5369308176008053], "ood_test_conf": [0.8272085698609257, 0.8304194503477762], "ood_test_balanced": 0.527015745639801, "ood_test_balanced_conf": [0.5264661928790155, 0.5275652984005865], "features": ["PHYSHLTH", "HIGH_BLOOD_PRESS", "CHOL_CHK_PAST_5_YEARS", "TOLDHI", "BMI5", "BMI5CAT", "SMOKE100", "DRNK_PER_WEEK", "TOTINDA", "MARITAL", "EDUCA", "HEALTH_COV", "IYEAR", "STATE", "PRACE1", "SEX", "PRACE1"]}