{"validation": 0.7818986742707891, "id_test": 0.7809485963952378, "ood_test": 0.38094114396174483, "ood_validation": 0.37794357146001145, "train": 0.7808031902160849, "id_test_conf": [0.7798004404195475, 0.7820935010996275], "id_test_balanced": 0.5259382128715515, "id_test_balanced_conf": [0.5255654162645805, 0.5263110094785225], "ood_test_conf": [0.379888511762645, 0.38199461946057545], "ood_test_balanced": 0.5108234882354736, "ood_test_balanced_conf": [0.5105922263255342, 0.511054750145413], "features": ["ESP", "ANC", "NATIVITY", "DEYE", "PINCP", "ESR", "SEX", "CIT", "RAC1P", "DIVISION", "DIS"]}