{"validation": 0.7885642626217848, "id_test": 0.7877200059107555, "ood_test": 0.5001974624546234, "ood_validation": 0.4994938157489326, "train": 0.7876554852182178, "id_test_conf": [0.7865847768579354, 0.7888519052862872], "id_test_balanced": 0.5568323731422424, "id_test_balanced_conf": [0.5563065512792673, 0.5573581950052175], "ood_test_conf": [0.49911323937841023, 0.5012816841322312], "ood_test_balanced": 0.5971945524215698, "ood_test_balanced_conf": [0.5966773767000996, 0.5977117281430401], "features": ["ESP", "ANC", "NATIVITY", "DEYE", "PINCP", "ESR", "SEX", "CIT", "RAC1P", "DIVISION", "DIS"]}