{"validation": 0.7793087197797041, "id_test": 0.7781789281563635, "ood_test": 0.3729081512256733, "ood_validation": 0.3695805273119415, "train": 0.7782314579048881, "id_test_conf": [0.777025614933133, 0.7793290221769237], "id_test_balanced": 0.5084938406944275, "id_test_balanced_conf": [0.5082828768182662, 0.5087048045705888], "ood_test_conf": [0.37185996897602597, 0.37395723367606487], "ood_test_balanced": 0.5057845115661621, "ood_test_balanced_conf": [0.5056147912869347, 0.5059542318453896], "features": ["ANC", "DEYE", "DREM", "ESR", "AGEP", "SEX", "ST", "CIT", "DIS"]}