{"validation": 0.7792667852813905, "id_test": 0.7781210187267115, "ood_test": 0.37336910073275076, "ood_validation": 0.3700757075575509, "train": 0.7782074953404045, "id_test_conf": [0.7769675984674265, 0.779271220453827], "id_test_balanced": 0.5084502100944519, "id_test_balanced_conf": [0.5082390106713865, 0.5086614095175173], "ood_test_conf": [0.37232065481229343, 0.37441844358883375], "ood_test_balanced": 0.5060963034629822, "ood_test_balanced_conf": [0.5059229583112755, 0.5062696486146888], "features": ["ANC", "DEYE", "DREM", "ESR", "AGEP", "SEX", "ST", "CIT", "DIS"]}