{"validation": 0.5812964930924548, "id_test": 0.5955414012738853, "ood_test": 0.5570671724769443, "ood_validation": 0.5438493231312537, "train": 0.5810649316159873, "id_test_conf": [0.5634108343393368, 0.6270727132463175], "id_test_balanced": 0.5116254091262817, "id_test_balanced_conf": [0.5033425001427532, 0.5199083181098103], "ood_test_conf": [0.5491504891209198, 0.5649621326667209], "ood_test_balanced": 0.5058257579803467, "ood_test_balanced_conf": [0.5042041810462251, 0.5074473349144683], "features": ["OFREMP31", "CMJHLD31", "MCRPB31", "PRVHMO31", "HASFSA31", "GOVBAT31", "GOVCAT31", "VAPRAT31", "IHS31", "BSNTY31", "IHSAT31", "RETPLN31", "SICPAY31", "EMPST31", "MORJOB31", "DIFFWG31", "TEMPJB31", "SELFCM31", "CHOIC31", "MORE31", "UNION31", "NWK31", "STJBYY31", "OCCCAT31", "PAYVAC31", "YRSINUS", "PRIDK31", "PRING31", "TRIAT31X", "MCDAT31X", "PUB31X", "RACEV1X", "RACEBX", "RACEWX", "HISPANX", "HISPNCAT", "HIDEG", "PRIEU31", "TRILI31X", "DENTIN31", "DNTINS31", "PMEDIN31", "HELD31X", "OFFER31X", "TRIST31X", "TRIPR31X", "TRICH31X", "VACMPM31", "VASPMH31", "ASDALY31", "ASWNFL31", "ADLHLP31", "WLKLIM31", "LFTDIF31", "WLKDIF31", "STNDIF31", "BENDIF31", "RCHDIF31", "ASACUT31", "ASTHEP31", "FCRP1231", "FAMSZE31", "FAMS1231", "BEGRFM31", "BEGRFY31", "ENDRFM31", "INSCOP31", "INSC1231", "MNHLTH31", "ASATAK31", "UNABLE31", "VAPRHT31", "VALOCT31", "VANTWK31", "VANEED31", "VAOUT31", "VAPAST31", "VACARE31", "VAPCOT31", "VAPCSN31", "VAPCOU31", "VASPCL31", "VACTDY31", "VARECM31", "VACOPD31", "VARTHR31", "VANECK31", "VATMD31", "VABIPL31", "VAMOOD31", "VAPROS31", "VARHAB31", "VAGCNS31", "VARXMD31", "REFPRS31", "DAPID31X", "INSCOV19"]}