{"validation": 0.8146692611952637, "id_test": 0.8120644045378237, "ood_test": 0.7869593682229223, "ood_validation": 0.7900939053581293, "train": 0.8135649536261284, "id_test_conf": [0.8093159437566466, 0.8147898205632509], "id_test_balanced": 0.5464481115341187, "id_test_balanced_conf": [0.5452052213484422, 0.5476910017197951], "ood_test_conf": [0.7833022160577292, 0.7905824099294958], "ood_test_balanced": 0.562416136264801, "ood_test_balanced_conf": [0.5605834168940782, 0.5642488556355238], "features": ["OCCP", "RELP", "WRK", "ANC", "NATIVITY", "DEAR", "AGEP", "RAC1P", "SCHL", "DIVISION"]}