{"validation": 0.8179505767738817, "id_test": 0.8148751081039833, "ood_test": 0.7889439011416179, "ood_validation": 0.7959860062603572, "train": 0.8158590056246403, "id_test_conf": [0.8121423526593706, 0.8175846108170235], "id_test_balanced": 0.5502465963363647, "id_test_balanced_conf": [0.5489938855404034, 0.5514993071323261], "ood_test_conf": [0.7852990238742625, 0.7925544316145893], "ood_test_balanced": 0.5773869752883911, "ood_test_balanced_conf": [0.5753905645525083, 0.579383386024274], "features": ["OCCP", "RELP", "WRK", "ANC", "NATIVITY", "DEAR", "AGEP", "RAC1P", "SCHL", "DIVISION"]}