{"validation": 0.7820684091449156, "id_test": 0.7810883777771566, "ood_test": 0.41781099113925446, "ood_validation": 0.4149610458206787, "train": 0.7811027222721304, "id_test_conf": [0.7799404840621192, 0.7822330186024138], "id_test_balanced": 0.5274221897125244, "id_test_balanced_conf": [0.5270384351332905, 0.5278059442917583], "ood_test_conf": [0.41674179963384006, 0.41888076478657527], "ood_test_balanced": 0.5357076525688171, "ood_test_balanced_conf": [0.5353273093339521, 0.5360879958036822], "features": ["ANC", "NATIVITY", "DEAR", "DEYE", "DREM", "ESR", "SEX", "ST", "MAR", "RAC1P", "DIS"]}