{"validation": 0.7375132837407014, "id_test": 0.7409766454352441, "ood_test": 0.6405912747727124, "ood_validation": 0.6503825779870512, "train": 0.7398751825786748, "id_test_conf": [0.7117433451779285, 0.7686945841018666], "id_test_balanced": 0.7611687779426575, "id_test_balanced_conf": [0.7425903883576394, 0.7797471675276756], "ood_test_conf": [0.6329266150760531, 0.6482024067646441], "ood_test_balanced": 0.6672754287719727, "ood_test_balanced_conf": [0.6627932739444077, 0.6717575835995376], "features": ["CMJHLD31", "MCDMC31", "PRVHMO31", "FSAGT31", "PFSAMT31", "MCARE31", "GOVAAT31", "GOVBAT31", "VAPROG31", "VAPRAT31", "IHS31", "BSNTY31", "IHSAT31", "RETPLN31", "VAPROX31", "EMPST31", "RNDFLG31", "MORJOB31", "HRHOW31", "HOUR31", "SSNLJB31", "CHOIC31", "INDCAT31", "NUMEMP31", "STJBYY31", "OCCCAT31", "PAYVAC31", "PAYDR31", "PRIDK31", "PRING31", "MCARE31X", "MCDAT31X", "PUB31X", "PUBAT31X", "INSAT31X", "SEX", "RACEV1X", "RACEV2X", "RACEBX", "RACETHX", "EDUCYR", "HWELLSPK", "BORNUSA", "PRIEU31", "MCRPD31X", "TRILI31X", "PRIOG31", "PRINEO31", "PRSTX31", "PRIV31", "PRIVAT31", "VERFLG31", "PMEDIN31", "PMDINS31", "PMEDUP31", "MARRY31X", "FTSTU31X", "REFRL31X", "DISVW31X", "HELD31X", "OFFER31X", "TRIPR31X", "TRIEX31X", "VACMPM31", "ASPREV31", "ASDALY31", "ASPKFL31", "ASEVFL31", "ASWNFL31", "IADLHP31", "LFTDIF31", "STPDIF31", "WLKDIF31", "MILDIF31", "RCHDIF31", "ACTLIM31", "WRKLIM31", "SCHLIM31", "RUSIZE31", "FMRS1231", "FAMS1231", "RESP31", "BEGRFM31", "ENDRFM31", "ENDRFY31", "INSCOP31", "ELGRND31", "PSTATS31", "SPOUID31", "ACTDTY31", "RTHLTH31", "CHBRON31", "ASATAK31", "VALOCT31", "VANTWK31", "VANEED31", "VAPAST31", "VACOMP31", "VAPROB31", "VACARE31", "VAPCCO31", "VAPCSN31", "VAPCRF31", "VAPCSO31", "VAPCUN31", "VASPCL31", "VAPACT31", "VACTDY31", "VARECM31", "VAGERD31", "VABACK31", "VARTHR31", "VANECK31", "VATMD31", "VACOST31", "VAPTSD31", "VADEPR31", "VAMOOD31", "VAPROS31", "VARXMD31", "VALCOH31", "REFPRS31", "DAPID31X", "AGE31X", "INSCOV19"]}