{"id_test": 0.9661822576147244, "id_test_conf": [0.9652887890383144, 0.9670589252554596], "id_test_balanced": 0.5005336403846741, "id_test_balanced_conf": [0.5004516256893112, 0.5006156550800369], "ood_test": 0.9484753470121202, "ood_test_conf": [0.9473931380744737, 0.9495416288937227], "ood_test_balanced": 0.5011156797409058, "ood_test_balanced_conf": [0.500994318081066, 0.5012370414007455], "validation": 0.9666282442180412, "validation_conf": [0.9657403970193642, 0.9674992738037493], "validation_balanced": 0.5009146332740784, "validation_balanced_conf": [0.5008089344423206, 0.5010203321058362], "features": ["ENG", "POBP", "RELP", "WKW", "DIS", "MIG", "ANC", "NATIVITY", "DEAR", "DEYE", "DREM", "DPHY", "AGEP", "SEX", "RAC1P", "SCHL"]}