{"validation": 0.28187919463087246, "id_test": 0.2550335570469799, "ood_test": 0.5256456783402891, "ood_validation": 0.525040827436037, "train": 0.29656040268456374, "id_test_conf": [0.2065218173693059, 0.3084892588080364], "id_test_balanced": 0.5, "id_test_balanced_conf": [0.5, 0.5], "ood_test_conf": [0.5202463589663913, 0.5310404916007475], "ood_test_balanced": 0.49714407324790955, "ood_test_balanced_conf": [0.49641873144893905, 0.49786941504688004], "features": ["FAMILY_SIZE_AVG", "ORIGIN", "TANF_ASSISTANCE", "CHILD_SUPPORT_AMT", "ALIMONY_AMT", "INCOME", "UNEMPLOYMENT_COMP_AMOUNT", "VA_BENEFITS_AMOUNT", "FOOD_ASSISTANCE", "GENDER", "AGE", "LIVING_OWNERSHIP", "SNAP_ASSISTANCE", "MEDICARE_ASSISTANCE", "MEDICAID_ASSISTANCE", "DAYS_SICK", "HOSPITAL_NIGHTS", "HEALTH_MEDICAL_CARE_PAY", "HEALTH_HEARING", "HEALTH_ERRANDS_DIFFICULTY", "CITIZENSHIP_STATUS"]}