{"validation": 0.40238808177146873, "id_test": 0.4020774804081029, "ood_test": 0.5842733243094199, "ood_validation": 0.5834620390455532, "train": 0.40126888189602195, "id_test_conf": [0.3962269120339078, 0.40794908904104504], "id_test_balanced": 0.5000625848770142, "id_test_balanced_conf": [0.4999303050612798, 0.5001948646927485], "ood_test_conf": [0.5829305657562862, 0.5856151413494648], "ood_test_balanced": 0.5000095963478088, "ood_test_balanced_conf": [0.4999844104002477, 0.5000347822953699], "features": ["AGEG5YR", "DRNK_PER_WEEK", "RFBING5", "DIABETES", "POVERTY", "EMPLOY1", "IYEAR", "MEDCOST", "PRACE1", "SEX", "IYEAR", "STATE", "MEDCOST", "PRACE1", "SEX", "BMI5CAT"]}