{"validation": 0.8029432053345597, "id_test": 0.7949425287356322, "ood_test": 0.7195139183269748, "ood_validation": 0.7227638830012717, "train": 0.7912691113921141, "id_test_conf": [0.7826333797751348, 0.8068543607358444], "id_test_balanced": 0.674441397190094, "id_test_balanced_conf": [0.6668106871657073, 0.6820721072144806], "ood_test_conf": [0.7134177952407743, 0.7255498862906293], "ood_test_balanced": 0.6614711284637451, "ood_test_balanced_conf": [0.6580477844225243, 0.6648944725049659], "features": ["VCF0004", "VCF0901b", "VCF0218", "VCF0302", "VCF9201", "VCF9203", "VCF9204", "VCF9205", "VCF9206", "VCF0428", "VCF0875", "VCF0809", "VCF0843", "VCF9239", "VCF0601", "VCF0612", "VCF0615", "VCF0617", "VCF0743", "VCF0717", "VCF0718", "VCF0720", "VCF0721", "VCF0724", "VCF0725", "VCF0101", "VCF0115", "VCF0112"]}