{"validation": 0.7392779166534823, "id_test": 0.7393238659376266, "ood_test": 0.7002674184242073, "ood_validation": 0.6943687018375815, "train": 0.738608505659655, "id_test_conf": [0.7371517839430535, 0.7414871638460601], "id_test_balanced": 0.6791917085647583, "id_test_balanced_conf": [0.6776730416552164, 0.6807103754743002], "ood_test_conf": [0.6969941452387048, 0.7035253795387877], "ood_test_balanced": 0.6496074795722961, "ood_test_balanced_conf": [0.6475580694852396, 0.6516568896593526], "features": ["ENG", "FER", "HINS1", "HINS2", "NWLK", "RELP", "WRK", "SEX", "ST", "MAR", "ACS_YEAR", "DIVISION"]}