{"id_test": 0.8456375838926175, "id_test_conf": [0.7995231772926141, 0.8847174565229574], "id_test_balanced": 0.7665955424308777, "id_test_balanced_conf": [0.7352023991197347, 0.7979886857420206], "ood_test": 0.7631101433496643, "ood_test_conf": [0.7584892984225301, 0.7676847282455616], "ood_test_balanced": 0.7644143104553223, "ood_test_balanced_conf": [0.7611844785278663, 0.7676441423827782], "validation": 0.8322147651006712, "validation_conf": [0.7848511670326137, 0.8728279049905929], "validation_balanced": 0.771083652973175, "validation_balanced_conf": [0.7392847322672605, 0.8028825736790896], "features": ["MARITAL_STATUS", "ORIGIN", "HOUSEHOLD_INC", "RECEIVED_WORK_COMP", "TANF_ASSISTANCE", "UNEMPLOYMENT_COMP", "ALIMONY_AMT", "INCOME_FROM_ASSISTANCE", "INCOME", "VA_BENEFITS_AMOUNT", "RETIREMENT_INCOME_AMOUNT", "DISABILITY_BENEFITS_AMOUNT", "FOOD_ASSISTANCE", "RACE", "GENDER", "AGE", "LIVING_OWNERSHIP", "SNAP_ASSISTANCE", "WIC_ASSISTANCE", "MEDICAID_ASSISTANCE", "DAYS_SICK", "HOSPITAL_NIGHTS", "VISIT_DOCTOR_NUM", "HEALTH_OVER_THE_COUNTER_PRODUCTS_PAY", "HEALTH_SEEING", "HEALTH_CORE_DISABILITY", "HEALTH_SUPPLEMENTAL_DISABILITY", "HEALTH_INSURANCE_PREMIUMS", "CITIZENSHIP_STATUS"]}