{"validation": 0.9261539370049678, "id_test": 0.9260803932930542, "ood_test": 0.45120671563483733, "ood_validation": 0.5518867924528302, "train": 0.9256926864983744, "id_test_conf": [0.9250888084372084, 0.9270628525152976], "id_test_balanced": 0.8792039155960083, "id_test_balanced_conf": [0.8783969740290195, 0.8800108571629971], "ood_test_conf": [0.4286942998756706, 0.4738694997049344], "ood_test_balanced": 0.5130353569984436, "ood_test_balanced_conf": [0.5094584700884297, 0.5166122439084575], "features": ["Average_confidence(CONCENTRATING)", "Average_confidence(CONFUSED)", "Average_confidence(FRUSTRATED)", "attempt_count", "skill_id", "type", "overlap_time", "first_action", "school_id"]}