{"id_test": 0.9722182629442568, "id_test_conf": [0.971404758739469, 0.9730147408233066], "id_test_balanced": 0.6317511796951294, "id_test_balanced_conf": [0.6306640169164166, 0.6328383424738422], "ood_test": 0.9612678854111276, "ood_test_conf": [0.9603216457118916, 0.9621977347712667], "ood_test_balanced": 0.6619771122932434, "ood_test_balanced_conf": [0.6608282293519006, 0.6631259952345863], "validation": 0.9731352718078382, "validation_conf": [0.9723347203997054, 0.9739187622952947], "validation_balanced": 0.6363543272018433, "validation_balanced_conf": [0.6352569732582196, 0.6374516811454669], "features": ["ENG", "WKHP", "WRK", "OCCP", "ESP", "ANC", "NATIVITY", "DPHY", "FER", "AGEP", "SEX", "ST", "CIT", "RAC1P", "SCHL"]}