{"validation": 0.7171597633136094, "id_test": 0.7153009821790198, "ood_test": 0.7123078341742304, "ood_validation": 0.7078838174273859, "train": 0.7174183208437787, "id_test_conf": [0.7130688566896958, 0.7175252057277381], "id_test_balanced": 0.6874691247940063, "id_test_balanced_conf": [0.685875888785813, 0.6890623608021997], "ood_test_conf": [0.7090728966249407, 0.7155265385429985], "ood_test_balanced": 0.6979918479919434, "ood_test_balanced_conf": [0.6957094393623993, 0.7002742566214875], "features": ["COW", "ENG", "HINS1", "HINS3", "RELP", "WRK", "AGEP", "CIT", "RAC1P", "DIVISION"]}