{"id_test": 0.8345245968357328, "id_test_conf": [0.8319084655202619, 0.8371160209044448], "id_test_balanced": 0.6392026543617249, "id_test_balanced_conf": [0.637415130790323, 0.6409901779331267], "ood_test": 0.8046564916731453, "ood_test_conf": [0.8011134492840972, 0.8081633155634333], "ood_test_balanced": 0.6403819918632507, "ood_test_balanced_conf": [0.638000527410768, 0.6427634563157335], "validation": 0.837841962684574, "validation_conf": [0.8352467534562463, 0.8404122186760812], "validation_balanced": 0.6390911936759949, "validation_balanced_conf": [0.6373111868416891, 0.6408712005103007], "features": ["WIF", "NWLA", "NWLK", "RELP", "WKHP", "WKW", "MIL", "ANC", "DEAR", "DREM", "PUBCOV", "ST", "MAR", "CIT", "DIVISION"]}