{"validation": 0.7569471252729171, "id_test": 0.7572461016605914, "ood_test": 0.738522743739379, "ood_validation": 0.7315945465323058, "train": 0.7585393193542084, "id_test_conf": [0.7551242575852348, 0.7593585033996808], "id_test_balanced": 0.7081590294837952, "id_test_balanced_conf": [0.7066476911818609, 0.7096703677857295], "ood_test_conf": [0.7353810390366708, 0.7416462093692422], "ood_test_balanced": 0.7107539176940918, "ood_test_balanced_conf": [0.7085782824177295, 0.7129295529704541], "features": ["COW", "ENG", "HINS3", "HINS4", "NWLA", "NWLK", "OCCP", "WRK", "AGEP", "SEX", "CIT", "ACS_YEAR", "DIVISION"]}