{"validation": 0.8279471428389739, "id_test": 0.8244009767512845, "ood_test": 0.8006465076312451, "ood_validation": 0.8068495672988399, "train": 0.8255455328782324, "id_test_conf": [0.8217232266322317, 0.827054769135926], "id_test_balanced": 0.591638445854187, "id_test_balanced_conf": [0.5900767304911279, 0.5932001612172462], "ood_test_conf": [0.7970766720427254, 0.8041806024866032], "ood_test_balanced": 0.6144235730171204, "ood_test_balanced_conf": [0.6121946360589936, 0.6166525099752471], "features": ["HUPAC", "NWLA", "NWLK", "OCCP", "RELP", "WKHP", "WKW", "WRK", "DIS", "MIL", "NATIVITY", "DEYE", "SEX", "MAR", "CIT", "RAC1P", "DIVISION"]}