{"validation": 0.8335686214659087, "id_test": 0.8310398331383222, "ood_test": 0.8010966078808461, "ood_validation": 0.7996685693242497, "train": 0.8308426785878942, "id_test_conf": [0.8284021099417703, 0.8336531071200275], "id_test_balanced": 0.6398488879203796, "id_test_balanced_conf": [0.6380342540796846, 0.6416635217610747], "ood_test_conf": [0.7975297516138478, 0.8046276697912008], "ood_test_balanced": 0.6540712714195251, "ood_test_balanced_conf": [0.6515842557139695, 0.6565582871250808], "features": ["FER", "NWLA", "OCCP", "POBP", "RELP", "WKHP", "WKW", "WRK", "MIL", "NATIVITY", "DEYE", "PUBCOV", "AGEP", "SEX", "SCHL", "ACS_YEAR", "DIVISION"]}