{"validation": 0.7341454925165333, "id_test": 0.7375139226407452, "ood_test": 0.7321600295082399, "ood_validation": 0.7362181387077653, "train": 0.7370295453844286, "id_test_conf": [0.7353370327994502, 0.7396820948652387], "id_test_balanced": 0.694985568523407, "id_test_balanced_conf": [0.6934345760848373, 0.6965365609619767], "ood_test_conf": [0.7289944221050173, 0.7353078847536707], "ood_test_balanced": 0.7078818678855896, "ood_test_balanced_conf": [0.7056741079874337, 0.7100896277837455], "features": ["HINS1", "HINS2", "HINS3", "NWLK", "WKHP", "WRK", "AGEP", "CIT", "RAC1P", "DIVISION"]}