{"validation": 0.9215350261391544, "id_test": 0.9222068585883078, "ood_test": 0.9096861774335223, "ood_validation": 0.9260057471264368, "train": 0.9222999733775675, "id_test_conf": [0.9215320946475707, 0.9228776120674004], "id_test_balanced": 0.8800362944602966, "id_test_balanced_conf": [0.8794995996484067, 0.8805729892721865], "ood_test_conf": [0.9045303921342402, 0.914650621897277], "ood_test_balanced": 0.8831652998924255, "ood_test_balanced_conf": [0.8794582522474229, 0.8868723475374282], "features": ["Average_confidence(CONCENTRATING)", "Average_confidence(CONFUSED)", "attempt_count", "type", "first_action", "school_id"]}