{"validation": 0.9155748729904143, "id_test": 0.9161189276329155, "ood_test": 0.8809390721073225, "ood_validation": 0.8943965517241379, "train": 0.9163916364604452, "id_test_conf": [0.9154207026444656, 0.9168132002031992], "id_test_balanced": 0.8702090978622437, "id_test_balanced_conf": [0.8696585887670517, 0.8707596069574356], "ood_test_conf": [0.8751382457754306, 0.8865621955270485], "ood_test_balanced": 0.8459138870239258, "ood_test_balanced_conf": [0.8418695319909603, 0.8499582420568913], "features": ["Average_confidence(CONCENTRATING)", "Average_confidence(CONFUSED)", "attempt_count", "type", "first_action", "school_id"]}