{"validation": 0.8292952802472433, "id_test": 0.8267792643841888, "ood_test": 0.798539220099022, "ood_validation": 0.7959860062603572, "train": 0.8282735947143007, "id_test_conf": [0.8241156893576022, 0.829418705623929], "id_test_balanced": 0.6202651262283325, "id_test_balanced_conf": [0.618525069928728, 0.622005182527937], "ood_test_conf": [0.7949555292199777, 0.8020874212895834], "ood_test_balanced": 0.6279412508010864, "ood_test_balanced_conf": [0.6255880746804178, 0.6302944269217551], "features": ["FER", "NWLK", "POBP", "RELP", "WKHP", "WKW", "MIL", "ANC", "NATIVITY", "DEAR", "DREM", "PUBCOV", "AGEP", "SEX", "ST", "DIVISION"]}