{"validation": 0.8276673407353708, "id_test": 0.8237396347357175, "ood_test": 0.7882278325627071, "ood_validation": 0.7819922666175658, "train": 0.8250065975854427, "id_test_conf": [0.821057974888467, 0.8263973858015761], "id_test_balanced": 0.6537137031555176, "id_test_balanced_conf": [0.6517948095267638, 0.6556325967842713], "ood_test_conf": [0.7845785114654378, 0.79184289214294], "ood_test_balanced": 0.6688442230224609, "ood_test_balanced_conf": [0.6662136817444115, 0.6714747643005103], "features": ["FER", "NWLK", "POBP", "RELP", "WKHP", "WKW", "MIL", "ANC", "NATIVITY", "DEAR", "DREM", "PUBCOV", "AGEP", "SEX", "ST", "DIVISION"]}