{"validation": 0.8762469523216195, "id_test": 0.8745019920318725, "ood_test": 0.8299042127941518, "ood_validation": 0.8258500177704063, "train": 0.87505191628787, "id_test_conf": [0.8726890757733733, 0.8762981878344661], "id_test_balanced": 0.5121307969093323, "id_test_balanced_conf": [0.5116669979674043, 0.5125945958512602], "ood_test_conf": [0.8283552885564062, 0.8314447418183002], "ood_test_balanced": 0.5121099352836609, "ood_test_balanced_conf": [0.5117434855084866, 0.5124763850588352], "features": ["PHYSHLTH", "HIGH_BLOOD_PRESS", "BMI5CAT", "CVDSTRK3", "FRUIT_ONCE_PER_DAY", "VEG_ONCE_PER_DAY", "DRNK_PER_WEEK", "INCOME", "IYEAR", "MEDCOST", "SEX", "IYEAR", "STATE", "SEX", "PRACE1"]}