{"id_test": 0.8758389261744967, "id_test_conf": [0.8329410290398116, 0.9110522325021173], "id_test_balanced": 0.821479320526123, "id_test_balanced_conf": [0.792052973471582, 0.8509056675806641], "ood_test": 0.7750559487086434, "ood_test_conf": [0.7705162701960847, 0.7795472630399332], "ood_test_balanced": 0.776384711265564, "ood_test_balanced_conf": [0.7732138039125129, 0.779555618618615], "validation": 0.8456375838926175, "validation_conf": [0.7995231772926141, 0.8847174565229574], "validation_balanced": 0.7985091209411621, "validation_balanced_conf": [0.7674958088994026, 0.8295224329829216], "features": ["LIVING_QUARTERS_TYPE", "FAMILY_SIZE_AVG", "ORIGIN", "HOUSEHOLD_INC", "UNEMPLOYMENT_COMP", "SEVERANCE_PAY_PENSION", "ALIMONY_AMT", "INCOME_FROM_ASSISTANCE", "INCOME", "RETIREMENT_INCOME_AMOUNT", "EDUCATION", "GENDER", "WIC_ASSISTANCE", "MEDICARE_ASSISTANCE", "MEDICAID_ASSISTANCE", "HEALTHDISAB", "DAYS_SICK", "HOSPITAL_NIGHTS", "TRANSPORTATION_ASSISTANCE", "VISIT_DOCTOR_NUM", "HEALTH_OVER_THE_COUNTER_PRODUCTS_PAY", "HEALTH_MEDICAL_CARE_PAY", "HEALTH_SEEING", "HEALTH_COGNITIVE", "HEALTH_SUPPLEMENTAL_DISABILITY", "HEALTH_INSURANCE_PREMIUMS", "SOCIAL_SEC_BENEFITS", "CITIZENSHIP_STATUS"]}