{"validation": 0.8357943200172968, "id_test": 0.8315739939970493, "ood_test": 0.8082572936699538, "ood_validation": 0.8094273614435648, "train": 0.832985701522055, "id_test_conf": [0.8289395540837865, 0.834183945145521], "id_test_balanced": 0.6263332366943359, "id_test_balanced_conf": [0.6245940540730953, 0.6280724193155766], "ood_test_conf": [0.8047387973951624, 0.8117391423743059], "ood_test_balanced": 0.6483364105224609, "ood_test_balanced_conf": [0.6459368623653426, 0.6507359586795792], "features": ["ENG", "FER", "WIF", "NWLA", "NWLK", "OCCP", "POBP", "WKHP", "WKW", "WRK", "DIS", "DREM", "PUBCOV", "AGEP", "SEX", "SCHL", "ACS_YEAR", "DIVISION"]}