{"validation": 0.9238725118732322, "id_test": 0.9250129423857506, "ood_test": 0.45120671563483733, "ood_validation": 0.5518867924528302, "train": 0.924129412724628, "id_test_conf": [0.9240066395857076, 0.9260099929126794], "id_test_balanced": 0.8783514499664307, "id_test_balanced_conf": [0.8775346960034222, 0.8791682039294392], "ood_test_conf": [0.4286942998756706, 0.4738694997049344], "ood_test_balanced": 0.5130353569984436, "ood_test_balanced_conf": [0.5094584700884297, 0.5166122439084575], "features": ["Average_confidence(CONFUSED)", "Average_confidence(FRUSTRATED)", "attempt_count", "skill_id", "problem_type", "bottom_hint", "position", "first_action", "school_id"]}