{"validation": 0.7888238458374205, "id_test": 0.7881733495342244, "ood_test": 0.7799264928666465, "ood_validation": 0.7711914641375223, "train": 0.7885332360854126, "id_test_conf": [0.7861502614542207, 0.7901858590469049], "id_test_balanced": 0.7379109263420105, "id_test_balanced_conf": [0.7364577345410361, 0.7393641181429849], "ood_test_conf": [0.7769620590055857, 0.7828695180282816], "ood_test_balanced": 0.7640577554702759, "ood_test_balanced_conf": [0.7619581101322547, 0.7661574008082971], "features": ["ENG", "FER", "HINS1", "HINS3", "NWLA", "OCCP", "POBP", "RELP", "WKW", "WRK", "MAR", "CIT", "SCHL", "ACS_YEAR", "DIVISION"]}