{"validation": 0.7945701357466063, "id_test": 0.7946410490076954, "ood_test": 0.7857095809566466, "ood_validation": 0.7783046828689982, "train": 0.7947533586525994, "id_test_conf": [0.792640714450126, 0.7966305673169637], "id_test_balanced": 0.7436871528625488, "id_test_balanced_conf": [0.7422479425393976, 0.7451263631857], "ood_test_conf": [0.7827731432323327, 0.7886241670693925], "ood_test_balanced": 0.7673740386962891, "ood_test_balanced_conf": [0.7652973467530683, 0.7694507306395099], "features": ["ENG", "FER", "HINS1", "HINS3", "NWLA", "OCCP", "POBP", "RELP", "WKW", "WRK", "MAR", "CIT", "SCHL", "ACS_YEAR", "DIVISION"]}