{"validation": 0.9135411117696931, "id_test": 0.9145014743065507, "ood_test": 0.45015739769150054, "ood_validation": 0.5518867924528302, "train": 0.9137112513516834, "id_test_conf": [0.9134335934502027, 0.9155603330180653], "id_test_balanced": 0.8601039052009583, "id_test_balanced_conf": [0.8592511126329191, 0.8609566977689974], "ood_test_conf": [0.42765126218488786, 0.4728171357220796], "ood_test_balanced": 0.5121042728424072, "ood_test_balanced_conf": [0.5086542048305273, 0.5155543408542872], "features": ["Average_confidence(FRUSTRATED)", "attempt_count", "skill_id", "problem_type", "bottom_hint", "ms_first_response", "school_id"]}