{"id_test": 0.9717039010937936, "id_test_conf": [0.970883231954871, 0.9725075632191531], "id_test_balanced": 0.582422137260437, "id_test_balanced_conf": [0.5815166607347783, 0.5833276137860958], "ood_test": 0.9603571886975815, "ood_test_conf": [0.9594004861168985, 0.9612975340795362], "ood_test_balanced": 0.6157161593437195, "ood_test_balanced_conf": [0.6146940868580714, 0.6167382318293676], "validation": 0.9722614709600654, "validation_conf": [0.9714485693594161, 0.9730573445058458], "validation_balanced": 0.5854904651641846, "validation_balanced_conf": [0.5845717247680295, 0.5864092055603396], "features": ["POBP", "WKW", "OCCP", "MIG", "MIL", "DEAR", "FER", "AGEP", "ST", "CIT", "RAC1P", "SCHL"]}