{"id_test": 0.826613928880297, "id_test_conf": [0.823949362555708, 0.8292543736574859], "id_test_balanced": 0.6034157276153564, "id_test_balanced_conf": [0.6017842883151024, 0.6050471669156104], "ood_test": 0.806784238307623, "ood_test_conf": [0.8032556440857404, 0.8102763604951619], "ood_test_balanced": 0.636099100112915, "ood_test_balanced_conf": [0.6337647766433656, 0.6384334235824645], "validation": 0.8298294478995765, "validation_conf": [0.8271843029930553, 0.8324502328962603], "validation_balanced": 0.6033183336257935, "validation_balanced_conf": [0.6016925402637571, 0.6049441269878298], "features": ["FER", "HUPAC", "WIF", "WKHP", "WRK", "DIS", "ANC", "DEAR", "DREM", "AGEP", "RAC1P", "SCHL", "ACS_YEAR", "DIVISION"]}