{"validation": 0.825301741132181, "id_test": 0.8230274202574147, "ood_test": 0.79763901959982, "ood_validation": 0.7998526974774443, "train": 0.8229462431917688, "id_test_conf": [0.8203415653798608, 0.8256894190709004], "id_test_balanced": 0.5854702591896057, "id_test_balanced_conf": [0.5839466127241031, 0.5869939056551083], "ood_test_conf": [0.7940494565507595, 0.8011932001974804], "ood_test_balanced": 0.6123289465904236, "ood_test_balanced_conf": [0.6100863392697647, 0.6145715539110824], "features": ["FER", "HUPAC", "WIF", "WKHP", "WRK", "DIS", "ANC", "DEAR", "DREM", "AGEP", "RAC1P", "SCHL", "ACS_YEAR", "DIVISION"]}