{"validation": 0.790462930734424, "id_test": 0.7895909275010126, "ood_test": 0.7797157197244141, "ood_validation": 0.7734439834024897, "train": 0.7908288987701355, "id_test_conf": [0.7875727609209573, 0.7915984634214697], "id_test_balanced": 0.7344218492507935, "id_test_balanced_conf": [0.7329786472511478, 0.7358650512504391], "ood_test_conf": [0.7767502814455898, 0.7826597654453599], "ood_test_balanced": 0.7531337738037109, "ood_test_balanced_conf": [0.7510661339806393, 0.7552014136267826], "features": ["HINS2", "HINS4", "NWLK", "OCCP", "WKW", "AGEP", "RAC1P", "SCHL", "DIVISION"]}