{"validation": 0.7887036040882195, "id_test": 0.7872114216281896, "ood_test": 0.7849455283160544, "ood_validation": 0.779253112033195, "train": 0.7893432838418414, "id_test_conf": [0.7851850146537566, 0.7892272853829538], "id_test_balanced": 0.7485578656196594, "id_test_balanced_conf": [0.7470927673554979, 0.750022963883821], "ood_test_conf": [0.7820053429708391, 0.7878639205697865], "ood_test_balanced": 0.7682093381881714, "ood_test_balanced_conf": [0.7661271734908223, 0.7702915028855205], "features": ["HINS2", "HINS4", "NWLK", "OCCP", "WKW", "AGEP", "RAC1P", "SCHL", "DIVISION"]}