{"id_test": 0.645518667602201, "id_test_conf": [0.6397873467955486, 0.6512187493241306], "id_test_balanced": 0.6124003529548645, "id_test_balanced_conf": [0.6085525712184608, 0.6162481346912682], "ood_test": 0.5465811233245569, "ood_test_conf": [0.5452257695693967, 0.5479359572445999], "ood_test_balanced": 0.5838972330093384, "ood_test_balanced_conf": [0.583050891548628, 0.5847435744700488], "validation": 0.6445215849920602, "validation_conf": [0.6387867724174334, 0.6502253726133316], "validation_balanced": 0.6110501885414124, "validation_balanced_conf": [0.6071994788758457, 0.614900898206979], "features": ["AGEG5YR", "FRUIT_ONCE_PER_DAY", "RFBING5", "SMOKE100", "SMOKDAY2", "CHCOCNCR", "POVERTY", "EMPLOY1", "PRACE1", "SEX", "IYEAR", "STATE", "BMI5CAT"]}