{"validation": 0.781357519554456, "id_test": 0.7804194240208314, "ood_test": 0.37979671759934563, "ood_validation": 0.3769862229851666, "train": 0.7802805067782856, "id_test_conf": [0.7792702769322195, 0.7815653259652264], "id_test_balanced": 0.5202534198760986, "id_test_balanced_conf": [0.5199269210064085, 0.5205799187457888], "ood_test_conf": [0.37874470062874055, 0.3808495859760906], "ood_test_balanced": 0.5098493099212646, "ood_test_balanced_conf": [0.5096209892886691, 0.5100776305538602], "features": ["ESP", "NATIVITY", "DEYE", "DREM", "SEX", "RAC1P", "SCHL", "ACS_YEAR", "DIS"]}