{"validation": 0.7806566143683566, "id_test": 0.7799381766916542, "ood_test": 0.37350359528388744, "ood_validation": 0.3699436594920551, "train": 0.779769055792588, "id_test_conf": [0.7787881306245789, 0.7810849831866639], "id_test_balanced": 0.5138310790061951, "id_test_balanced_conf": [0.5135700357647147, 0.5140921222476754], "ood_test_conf": [0.3724550726220414, 0.3745530139286875], "ood_test_balanced": 0.5063632726669312, "ood_test_balanced_conf": [0.5061931891203858, 0.5065333562134765], "features": ["ESP", "NATIVITY", "DEYE", "DREM", "SEX", "RAC1P", "SCHL", "ACS_YEAR", "DIS"]}