{"validation": 0.7583520551846343, "id_test": 0.7599103888213852, "ood_test": 0.7513140388086048, "ood_validation": 0.7428571428571429, "train": 0.7594474588311422, "id_test_conf": [0.7577964331996432, 0.7620148042418036], "id_test_balanced": 0.7121552228927612, "id_test_balanced_conf": [0.7106466024857946, 0.7136638432997279], "ood_test_conf": [0.7482229755396484, 0.7543858840061255], "ood_test_balanced": 0.7291921377182007, "ood_test_balanced_conf": [0.7270243468368426, 0.7313599285995588], "features": ["ENG", "HINS2", "HINS4", "NWLA", "WKHP", "SCHL", "ACS_YEAR", "DIVISION"]}