{"validation": 0.7678005252665886, "id_test": 0.7658085257189146, "ood_test": 0.7631041614522269, "ood_validation": 0.7558980438648488, "train": 0.7680107078187803, "id_test_conf": [0.7637124346468183, 0.7678948599273893], "id_test_balanced": 0.7236944437026978, "id_test_balanced_conf": [0.7221901874663308, 0.7251986999390647], "ood_test_conf": [0.7600629641064043, 0.7661252381851895], "ood_test_balanced": 0.741155207157135, "ood_test_balanced_conf": [0.7390194236161187, 0.7432909906981513], "features": ["HINS1", "HINS3", "NWLA", "NWLK", "OCCP", "RELP", "WKW", "AGEP", "DIVISION"]}