{"validation": 0.923256637952034, "id_test": 0.9234193169781097, "ood_test": 0.45120671563483733, "ood_validation": 0.5518867924528302, "train": 0.9230163794053994, "id_test_conf": [0.9224116266156603, 0.9244179390625635], "id_test_balanced": 0.8746687769889832, "id_test_balanced_conf": [0.8738520193751902, 0.8754855346027761], "ood_test_conf": [0.4286942998756706, 0.4738694997049344], "ood_test_balanced": 0.5130353569984436, "ood_test_balanced_conf": [0.5094584700884297, 0.5166122439084575], "features": ["Average_confidence(FRUSTRATED)", "attempt_count", "hint_count", "skill_id", "problem_type", "ms_first_response", "tutor_mode", "position", "school_id"]}