{"id_test": 0.6522043386983905, "id_test_conf": [0.6377308499665052, 0.6664701585726545], "id_test_balanced": 0.6224537491798401, "id_test_balanced_conf": [0.6129040818661451, 0.6320034164935351], "ood_test": 0.615072202166065, "ood_test_conf": [0.6108316623975623, 0.6192996329235144], "ood_test_balanced": 0.6128983497619629, "ood_test_balanced_conf": [0.6101111991843209, 0.6156855003396049], "validation": 0.6549230051329912, "validation_conf": [0.6404721972696102, 0.6691623810514679], "validation_balanced": 0.6285953521728516, "validation_balanced_conf": [0.6190080543980002, 0.6381826499477029], "features": ["age", "weight", "admission_type_id", "discharge_disposition_id", "time_in_hospital", "payer_code", "medical_specialty", "num_medications", "number_outpatient", "number_emergency", "number_inpatient", "max_glu_serum", "repaglinide", "chlorpropamide", "glimepiride", "acetohexamide", "glipizide", "glyburide", "tolbutamide", "rosiglitazone", "acarbose", "miglitol", "troglitazone", "examide", "citoglipton", "insulin", "glimepiride-pioglitazone", "metformin-rosiglitazone", "metformin-pioglitazone", "change", "diabetesMed", "admission_source_id"]}