{"validation": 0.9201735947849479, "id_test": 0.9210141745905883, "ood_test": 0.9098458835742235, "ood_validation": 0.9281609195402298, "train": 0.9210493334152485, "id_test_conf": [0.9203347230175796, 0.921689627075779], "id_test_balanced": 0.879414439201355, "id_test_balanced_conf": [0.8788752588897478, 0.8799536195129621], "ood_test_conf": [0.904694059348675, 0.9148062907946815], "ood_test_balanced": 0.8834487199783325, "ood_test_balanced_conf": [0.8797435520309955, 0.8871538879256695], "features": ["Average_confidence(CONCENTRATING)", "Average_confidence(FRUSTRATED)", "attempt_count", "hint_count", "tutor_mode", "type", "school_id"]}