{"id_test": 0.7811742434831923, "id_test_conf": [0.7800265109659845, 0.7823187221164029], "id_test_balanced": 0.5227400660514832, "id_test_balanced_conf": [0.5223973131476669, 0.5230828189552994], "ood_test": 0.37505150529969666, "ood_test_conf": [0.37400210564208963, 0.376101789975734], "ood_test_balanced": 0.5071995854377747, "ood_test_balanced_conf": [0.507012864909775, 0.5073863059657743], "validation": 0.7823319974200299, "validation_conf": [0.7811864443020999, 0.7834742832421342], "validation_balanced": 0.5230568647384644, "validation_balanced_conf": [0.5227143925457495, 0.5233993369311792], "features": ["ESP", "MIG", "ANC", "NATIVITY", "DEAR", "DEYE", "DREM", "SEX", "MAR", "CIT", "RAC1P", "ACS_YEAR", "DIS"]}