{"validation": 0.7551688130873652, "id_test": 0.7564866848926691, "ood_test": 0.7366521321020669, "ood_validation": 0.734202726733847, "train": 0.756183535937563, "id_test_conf": [0.7543626127128773, 0.7586013426306806], "id_test_balanced": 0.6928987503051758, "id_test_balanced_conf": [0.6914142028288915, 0.69438329778146], "ood_test_conf": [0.7335033129373181, 0.7397828553491481], "ood_test_balanced": 0.7187486886978149, "ood_test_balanced_conf": [0.7165305181313306, 0.7209668592642993], "features": ["COW", "HINS1", "HINS4", "NWLK", "POBP", "WRK", "AGEP", "CIT", "RAC1P", "SCHL", "DIVISION"]}