{"id_test": 0.6545110365026073, "id_test_conf": [0.6489073036987969, 0.6600826899510389], "id_test_balanced": 0.6064754724502563, "id_test_balanced_conf": [0.6029694609576837, 0.609981483942829], "ood_test": 0.5895173776848236, "ood_test_conf": [0.5881919002395419, 0.5908418769678478], "ood_test_balanced": 0.6175304055213928, "ood_test_balanced_conf": [0.6166635946824681, 0.6183972163603175], "validation": 0.651439388527752, "validation_conf": [0.6458244133106091, 0.6570229223955728], "validation_balanced": 0.6039409041404724, "validation_balanced_conf": [0.600439261267893, 0.6074425470130518], "features": ["DRNK_PER_WEEK", "RFBING5", "TOTINDA", "SMOKE100", "SMOKDAY2", "CHCSCNCR", "DIABETES", "POVERTY", "EMPLOY1", "IYEAR", "MEDCOST", "SEX", "MEDCOST", "BMI5CAT"]}