{"validation": 0.8215371310109759, "id_test": 0.8178257109426668, "ood_test": 0.7908056794467859, "ood_validation": 0.796538390719941, "train": 0.8186522484253232, "id_test_conf": [0.8151096961087607, 0.8205182546972964], "id_test_balanced": 0.550746500492096, "id_test_balanced_conf": [0.5495279938960448, 0.5519650070881471], "ood_test_conf": [0.7871724345586789, 0.7944043558110606], "ood_test_balanced": 0.5638121366500854, "ood_test_balanced_conf": [0.5620195364346727, 0.5656047368654982], "features": ["FER", "WIF", "NWLA", "NWLK", "OCCP", "WKHP", "DEAR", "DREM", "AGEP", "CIT", "SCHL", "ACS_YEAR", "DIVISION"]}