{"validation": 0.7704838148277062, "id_test": 0.7695549817739976, "ood_test": 0.756214514365507, "ood_validation": 0.7455838767042087, "train": 0.7705587193651251, "id_test_conf": [0.767470530435653, 0.7716295386181447], "id_test_balanced": 0.7138900756835938, "id_test_balanced_conf": [0.7124103733687661, 0.7153697779984214], "ood_test_conf": [0.7531437971333866, 0.7592656384125904], "ood_test_balanced": 0.7296267747879028, "ood_test_balanced_conf": [0.727490868261084, 0.7317626813147217], "features": ["COW", "HINS1", "HINS2", "HINS4", "NWLA", "OCCP", "POBP", "RELP", "WRK", "ST", "CIT", "ACS_YEAR", "DIVISION"]}