{"id_test": 0.8248275862068966, "id_test_conf": [0.8131998524698618, 0.8360174072454685], "id_test_balanced": 0.7524054050445557, "id_test_balanced_conf": [0.7441427743434906, 0.7606680357456207], "ood_test": 0.787103763364891, "ood_test_conf": [0.7815347511105946, 0.7925940590562071], "ood_test_balanced": 0.7533308863639832, "ood_test_balanced_conf": [0.7495998694933951, 0.7570619032345712], "validation": 0.8190388595079329, "validation_conf": [0.8072690065710889, 0.8303785759297314], "validation_balanced": 0.7462217807769775, "validation_balanced_conf": [0.7379074951261282, 0.7545360664278269], "features": ["VCF0901b", "VCF0218", "VCF0301", "VCF0302", "VCF9010", "VCF9201", "VCF9202", "VCF9204", "VCF9206", "VCF0429", "VCF0875", "VCF9052", "VCF0809", "VCF0822", "VCF0870", "VCF0843", "VCF9045", "VCF0838", "VCF0803", "VCF0846", "VCF0601", "VCF0606", "VCF0612", "VCF0616", "VCF0718", "VCF0720", "VCF0721", "VCF0701", "VCF0725", "VCF0726", "VCF0745", "VCF0101", "VCF0104", "VCF0105a", "VCF0115", "VCF0140a", "VCF0112"]}