{"validation": 0.8107610945044837, "id_test": 0.8119540229885057, "ood_test": 0.7820168621355565, "ood_validation": 0.7910131411615091, "train": 0.8108978043453271, "id_test_conf": [0.800019236080843, 0.8234684032832591], "id_test_balanced": 0.7589489221572876, "id_test_balanced_conf": [0.7503880287520588, 0.7675098155625164], "ood_test_conf": [0.7764011937277633, 0.7875552123837447], "ood_test_balanced": 0.7575972080230713, "ood_test_balanced_conf": [0.753710956601426, 0.7614834594447166], "features": ["VCF0901b", "VCF0218", "VCF0301", "VCF0302", "VCF9010", "VCF9201", "VCF9202", "VCF9204", "VCF9206", "VCF0429", "VCF0875", "VCF9052", "VCF0809", "VCF0822", "VCF0870", "VCF0843", "VCF9045", "VCF0838", "VCF0803", "VCF0846", "VCF0601", "VCF0606", "VCF0612", "VCF0616", "VCF0718", "VCF0720", "VCF0721", "VCF0701", "VCF0725", "VCF0726", "VCF0745", "VCF0101", "VCF0104", "VCF0105a", "VCF0115", "VCF0140a", "VCF0112"]}