{"id_test": 0.8255556399351964, "id_test_conf": [0.8236753985800326, 0.8274239285513089], "id_test_balanced": 0.788620114326477, "id_test_balanced_conf": [0.7872427228512242, 0.7899975058017299], "ood_test": 0.806062362503458, "ood_test_conf": [0.8032314807976295, 0.8088698333423805], "ood_test_balanced": 0.7794246673583984, "ood_test_balanced_conf": [0.7774450082471595, 0.7814043264696374], "validation": 0.8255925070404708, "validation_conf": [0.8237124149827639, 0.8274606449275917], "validation_balanced": 0.789448618888855, "validation_balanced_conf": [0.7880727289128118, 0.7908245088648982], "features": ["COW", "ENG", "FER", "HINS1", "HINS2", "HINS3", "NWLA", "NWLK", "OCCP", "POBP", "RELP", "WKHP", "WKW", "WRK", "AGEP", "SEX", "ST", "MAR", "CIT", "RAC1P", "SCHL", "DIVISION", "ACS_YEAR"]}