{"validation": 0.964360080315312, "id_test": 0.9637219967155207, "ood_test": 0.9436223725788608, "ood_validation": 0.9456545654565457, "train": 0.9638480952255534, "id_test_conf": [0.962798220658797, 0.9646290630738494], "id_test_balanced": 0.6135636568069458, "id_test_balanced_conf": [0.612494366557803, 0.6146329470560886], "ood_test_conf": [0.9424938118616712, 0.9447351810493925], "ood_test_balanced": 0.6041452288627625, "ood_test_balanced_conf": [0.6030840752995573, 0.6052063824259676], "features": ["ENG", "RELP", "WKW", "WRK", "ESP", "MIL", "DEAR", "DEYE", "DPHY", "SEX", "RAC1P", "DIVISION", "ACS_YEAR", "SCHL"]}