{"validation": 0.761965636173781, "id_test": 0.7638087282300526, "ood_test": 0.7422244470498347, "ood_validation": 0.7401304090100771, "train": 0.76354357922449, "id_test_conf": [0.761706517547486, 0.7659012555113293], "id_test_balanced": 0.7083431482315063, "id_test_balanced_conf": [0.7068531529861503, 0.7098331434768624], "ood_test_conf": [0.7390970375931616, 0.7453333341371211], "ood_test_balanced": 0.7142096757888794, "ood_test_balanced_conf": [0.712044521230273, 0.7163748303474858], "features": ["ENG", "HINS1", "NWLK", "POBP", "RELP", "AGEP", "ST", "MAR", "SCHL", "ACS_YEAR", "DIVISION"]}