{"id_test": 0.7872683778857837, "id_test_conf": [0.785242166960678, 0.7892840434982844], "id_test_balanced": 0.7369428873062134, "id_test_balanced_conf": [0.7354879805492237, 0.738397794063203], "ood_test": 0.7630119482025003, "ood_test_conf": [0.7599703485742808, 0.7660334342775286], "ood_test_balanced": 0.7279789447784424, "ood_test_balanced_conf": [0.7259137635305524, 0.7300441260263324], "validation": 0.7874442299781667, "validation_conf": [0.7854186182861519, 0.7894592898287838], "validation_balanced": 0.7377667427062988, "validation_balanced_conf": [0.7363138258550316, 0.7392196595575661], "features": ["COW", "ENG", "FER", "HINS2", "HINS3", "NWLK", "OCCP", "POBP", "RELP", "WKW", "WRK", "SEX", "ST", "MAR", "CIT", "ACS_YEAR", "DIVISION"]}