{"id_test": 0.7893061462130417, "id_test_conf": [0.7872869880114854, 0.7913146842200609], "id_test_balanced": 0.7402436137199402, "id_test_balanced_conf": [0.7387912055826746, 0.7416960218572057], "ood_test": 0.7668058647626826, "ood_test_conf": [0.7637809795060371, 0.7698103460017383], "ood_test_balanced": 0.7350008487701416, "ood_test_balanced_conf": [0.7329238784546033, 0.7370778190856799], "validation": 0.7891212859538651, "validation_conf": [0.7871014784315824, 0.7911304800075445], "validation_balanced": 0.7408588528633118, "validation_balanced_conf": [0.7394074747036211, 0.7423102310230024], "features": ["COW", "ENG", "FER", "HINS2", "HINS3", "NWLK", "OCCP", "POBP", "RELP", "WKW", "WRK", "SEX", "ST", "MAR", "CIT", "ACS_YEAR", "DIVISION"]}