{"validation": 0.7769388982058665, "id_test": 0.7770605508302957, "ood_test": 0.7700069818603364, "ood_validation": 0.7678719620628335, "train": 0.7776616674168574, "id_test_conf": [0.7750001193349689, 0.7791108120849329], "id_test_balanced": 0.720123291015625, "id_test_balanced_conf": [0.7186593671631999, 0.7215872148680501], "ood_test_conf": [0.766996462441677, 0.7729968521666162], "ood_test_balanced": 0.7439428567886353, "ood_test_balanced_conf": [0.7418434998625889, 0.7460422137146816], "features": ["HINS2", "HINS3", "HINS4", "NWLA", "NWLK", "POBP", "WKHP", "WKW", "WRK", "MAR", "CIT", "SCHL", "DIVISION"]}