{"id_test": 0.9665478883277042, "id_test_conf": [0.9656590275101172, 0.9674199346236212], "id_test_balanced": 0.5438628196716309, "id_test_balanced_conf": [0.5431511650630273, 0.5445744742802344], "ood_test": 0.9487503896437282, "ood_test_conf": [0.9476708836208456, 0.94981395869088], "ood_test_balanced": 0.5423848628997803, "ood_test_balanced_conf": [0.5416746984387282, 0.5430950273608324], "validation": 0.9670062715351627, "validation_conf": [0.9661232242603537, 0.967872487140686], "validation_balanced": 0.5412247776985168, "validation_balanced_conf": [0.5405337164807134, 0.5419158389163203], "features": ["ENG", "RELP", "WKHP", "WRK", "NATIVITY", "DEAR", "DREM", "DPHY", "FER", "SEX", "ST", "CIT", "RAC1P", "DIVISION", "ACS_YEAR", "SCHL"]}