{"id_test": 0.8165517241379311, "id_test_conf": [0.8047241452070713, 0.8279526478495638], "id_test_balanced": 0.7447293996810913, "id_test_balanced_conf": [0.7363516396656632, 0.7531071596965194], "ood_test": 0.7673684706325656, "ood_test_conf": [0.7616252503858594, 0.7730383980541894], "ood_test_balanced": 0.7308627367019653, "ood_test_balanced_conf": [0.7270656486181543, 0.7346598247857764], "validation": 0.8123706599218211, "validation_conf": [0.8004440704844309, 0.8238761792742831], "validation_balanced": 0.7403631210327148, "validation_balanced_conf": [0.7319543567299843, 0.7487718853354454], "features": ["VCF0004", "VCF0301", "VCF9008", "VCF9010", "VCF9011", "VCF9201", "VCF9202", "VCF9204", "VCF0428", "VCF0875", "VCF0809", "VCF0870", "VCF9239", "VCF0803", "VCF0846", "VCF0601", "VCF0612", "VCF0615", "VCF0617", "VCF0743", "VCF0720", "VCF0721", "VCF0701", "VCF0725", "VCF0726", "VCF0101", "VCF0104", "VCF0105a", "VCF0112"]}