{"validation": 0.7303610416732589, "id_test": 0.7279832422033212, "ood_test": 0.701874563633729, "ood_validation": 0.6937759336099585, "train": 0.7292866279626271, "id_test_conf": [0.7257818103573456, 0.7301763064246577], "id_test_balanced": 0.6364029049873352, "id_test_balanced_conf": [0.6349820302729495, 0.6378237797017209], "ood_test_conf": [0.6986062503323167, 0.7051274419213371], "ood_test_balanced": 0.6554415822029114, "ood_test_balanced_conf": [0.6533429113961756, 0.6575402530096471], "features": ["COW", "HINS1", "HINS2", "HINS3", "POBP", "RELP", "WKW", "WRK", "SEX", "CIT", "DIVISION"]}