{"validation": 0.7920007594215739, "id_test": 0.7923627987039287, "ood_test": 0.7932710674342321, "ood_validation": 0.7892116182572614, "train": 0.7932044587433343, "id_test_conf": [0.7903543613535129, 0.7943605035322328], "id_test_balanced": 0.7597659230232239, "id_test_balanced_conf": [0.7583105515898205, 0.7612212944566272], "ood_test_conf": [0.7903725380010889, 0.7961471660530828], "ood_test_balanced": 0.7784675359725952, "ood_test_balanced_conf": [0.7764107061224058, 0.7805243658227846], "features": ["ENG", "HINS1", "HINS2", "HINS3", "NWLK", "OCCP", "POBP", "RELP", "WKHP", "WRK", "AGEP", "CIT", "ACS_YEAR", "DIVISION"]}