{"validation": 0.7679303863846402, "id_test": 0.7674862934042199, "ood_test": 0.4722222222222222, "ood_validation": 0.4605263157894737, "train": 0.7663455447909203, "id_test_conf": [0.7648050702401279, 0.7701513973401991], "id_test_balanced": 0.6194934844970703, "id_test_balanced_conf": [0.618144799026195, 0.6208421699679456], "ood_test_conf": [0.4342679536594908, 0.510417089983581], "ood_test_balanced": 0.502754807472229, "ood_test_balanced_conf": [0.499981104102917, 0.505528510841541], "features": ["Average_confidence(CONCENTRATING)", "Average_confidence(FRUSTRATED)", "attempt_count", "hint_count", "skill_id", "bottom_hint", "ms_first_response", "tutor_mode", "position", "type", "school_id"]}