{"validation": 0.9281434638588621, "id_test": 0.9296394749958465, "ood_test": 0.5950292397660819, "ood_validation": 0.5394736842105263, "train": 0.9276359511126341, "id_test_conf": [0.9280060259994521, 0.9312469897629749], "id_test_balanced": 0.886066198348999, "id_test_balanced_conf": [0.8847381771169602, 0.8873942195810378], "ood_test_conf": [0.5571657637152532, 0.6320692684854906], "ood_test_balanced": 0.6184573173522949, "ood_test_balanced_conf": [0.6025249415263534, 0.6343896931782365], "features": ["Average_confidence(CONCENTRATING)", "Average_confidence(FRUSTRATED)", "attempt_count", "hint_count", "skill_id", "bottom_hint", "ms_first_response", "tutor_mode", "position", "type", "school_id"]}