{"validation": 0.804552770751897, "id_test": 0.7993103448275862, "ood_test": 0.7610098440958976, "ood_validation": 0.7630351844001696, "train": 0.794286699620646, "id_test_conf": [0.7870940759839731, 0.8111233724924121], "id_test_balanced": 0.733147144317627, "id_test_balanced_conf": [0.7245034492947161, 0.7417908393405378], "ood_test_conf": [0.7552142717466508, 0.766733870303955], "ood_test_balanced": 0.7289841175079346, "ood_test_balanced_conf": [0.72507588471286, 0.7328923503030091], "features": ["VCF0004", "VCF0224", "VCF0301", "VCF9202", "VCF9204", "VCF9205", "VCF0875", "VCF9052", "VCF0809", "VCF0843", "VCF9045", "VCF0838", "VCF0803", "VCF0606", "VCF0617", "VCF0310", "VCF0717", "VCF0721", "VCF0675", "VCF0726", "VCF0104", "VCF0105a", "VCF0140a", "VCF0112"]}