{"validation": 0.8149109084665573, "id_test": 0.8117973241084601, "ood_test": 0.7812921968984001, "ood_validation": 0.7867795986006261, "train": 0.8123487722131958, "id_test_conf": [0.8090473830733996, 0.8145242401492335], "id_test_balanced": 0.5118978023529053, "id_test_balanced_conf": [0.5113022027607076, 0.512493401945103], "ood_test_conf": [0.7776006872740869, 0.7849502708888468], "ood_test_balanced": 0.5068283677101135, "ood_test_balanced_conf": [0.5062028116057626, 0.5074539238144644], "features": ["ENG", "NWLA", "POBP", "MIL", "ANC", "AGEP", "ST", "SCHL", "DIVISION"]}