{"id_test": 0.6544925427428155, "id_test_conf": [0.6488368899738886, 0.6601155260222195], "id_test_balanced": 0.6034473180770874, "id_test_balanced_conf": [0.5999504721071571, 0.6069441640470177], "ood_test": 0.5904487665816033, "ood_test_conf": [0.5891132568065348, 0.5917832723216343], "ood_test_balanced": 0.6199541687965393, "ood_test_balanced_conf": [0.6190867668727879, 0.6208215707202908], "validation": 0.657257184430702, "validation_conf": [0.6516119610304512, 0.662869153450637], "validation_balanced": 0.6082601547241211, "validation_balanced_conf": [0.6047798490896821, 0.6117404603585601], "features": ["VEG_ONCE_PER_DAY", "DRNK_PER_WEEK", "TOTINDA", "DIABETES", "EMPLOY1", "IYEAR", "STATE", "PRACE1", "SEX", "BMI5CAT"]}