{"id_test": 0.6542379046926154, "id_test_conf": [0.6485813019053692, 0.6598618918610655], "id_test_balanced": 0.6024568676948547, "id_test_balanced_conf": [0.5989766766037792, 0.6059370587859303], "ood_test": 0.5901230736219356, "ood_test_conf": [0.5887874034428007, 0.5914577433815256], "ood_test_balanced": 0.6198977828025818, "ood_test_balanced_conf": [0.6190315652161371, 0.6207640003890265], "validation": 0.6562022553655875, "validation_conf": [0.6505530274806566, 0.6618184520540813], "validation_balanced": 0.606590986251831, "validation_balanced_conf": [0.6031235500890761, 0.610058422414586], "features": ["VEG_ONCE_PER_DAY", "DRNK_PER_WEEK", "TOTINDA", "DIABETES", "EMPLOY1", "IYEAR", "STATE", "PRACE1", "SEX", "BMI5CAT"]}