{"validation": 0.6085485631138596, "id_test": 0.6101127682793743, "ood_test": 0.4473986711727246, "ood_validation": 0.4515828677839851, "train": 0.6108668270301978, "id_test_conf": [0.6043177099690711, 0.6158845442697551], "id_test_balanced": 0.5168334245681763, "id_test_balanced_conf": [0.515269343610853, 0.5183975055254996], "ood_test_conf": [0.44604910406638315, 0.4487488221789442], "ood_test_balanced": 0.5223357677459717, "ood_test_balanced_conf": [0.5219131518778158, 0.5227583836141275], "features": ["VEG_ONCE_PER_DAY", "DRNK_PER_WEEK", "TOTINDA", "DIABETES", "EMPLOY1", "IYEAR", "STATE", "PRACE1", "SEX", "BMI5CAT"]}