{"validation": 0.8337848321823292, "id_test": 0.8291575520170932, "ood_test": 0.795777241294652, "ood_validation": 0.7994844411710551, "train": 0.8313832036603086, "id_test_conf": [0.8265083344404622, 0.8317824597386094], "id_test_balanced": 0.6582326292991638, "id_test_balanced_conf": [0.6563278660317883, 0.6601373925665394], "ood_test_conf": [0.7921756212363782, 0.7993437006774388], "ood_test_balanced": 0.6691721677780151, "ood_test_balanced_conf": [0.6665850868076086, 0.6717592487484216], "features": ["ENG", "FER", "WIF", "NWLA", "NWLK", "OCCP", "POBP", "DIS", "MIL", "ANC", "DEYE", "DREM", "PUBCOV", "SEX", "ST", "CIT", "RAC1P", "SCHL", "ACS_YEAR", "DIVISION"]}