{"validation": 0.8348531674869956, "id_test": 0.8296026860660325, "ood_test": 0.7958590777036704, "ood_validation": 0.7969066470263303, "train": 0.8314197685916779, "id_test_conf": [0.8269561762152154, 0.832224853105979], "id_test_balanced": 0.6537482142448425, "id_test_balanced_conf": [0.651863266066648, 0.655633162423037], "ood_test_conf": [0.7922579851515473, 0.799424999832191], "ood_test_balanced": 0.6700933575630188, "ood_test_balanced_conf": [0.6675035261828453, 0.6726831889431923], "features": ["ENG", "FER", "WIF", "NWLA", "NWLK", "OCCP", "POBP", "DIS", "MIL", "ANC", "DEYE", "DREM", "PUBCOV", "SEX", "ST", "CIT", "RAC1P", "SCHL", "ACS_YEAR", "DIVISION"]}