{"validation": 0.7675283992026073, "id_test": 0.7672197752126367, "ood_test": 0.7471907892136844, "ood_validation": 0.7460580912863071, "train": 0.7687677544036459, "id_test_conf": [0.7651280417541807, 0.7693016999642868], "id_test_balanced": 0.7052860856056213, "id_test_balanced_conf": [0.7038151747221127, 0.7067569964891299], "ood_test_conf": [0.7440830169227569, 0.7502796590311687], "ood_test_balanced": 0.7155461311340332, "ood_test_balanced_conf": [0.7134149865992367, 0.7176772756688297], "features": ["COW", "ENG", "HINS3", "NWLA", "WKW", "WRK", "AGEP", "SEX", "MAR", "RAC1P", "SCHL", "DIVISION"]}