{"id_test": 0.8744187180904686, "id_test_conf": [0.8725539526869281, 0.8762658121500327], "id_test_balanced": 0.5156727433204651, "id_test_balanced_conf": [0.5151221069612074, 0.5162233796797228], "ood_test": 0.8256812768431516, "ood_test_conf": [0.8240644005829937, 0.8272892966441686], "ood_test_balanced": 0.5137736201286316, "ood_test_balanced_conf": [0.5133616721665021, 0.5141855680907611], "validation": 0.8746219635133817, "validation_conf": [0.8727584774030455, 0.8764677686516655], "validation_balanced": 0.5143738389015198, "validation_balanced_conf": [0.5138468434254173, 0.5149008343776222], "features": ["HIGH_BLOOD_PRESS", "BMI5", "BMI5CAT", "SMOKDAY2", "CVDSTRK3", "FRUIT_ONCE_PER_DAY", "VEG_ONCE_PER_DAY", "HEALTH_COV", "MENTHLTH", "PRACE1", "IYEAR", "PRACE1", "PRACE1"]}