{"validation": 0.7364505844845909, "id_test": 0.7590233545647559, "ood_test": 0.6891883053175486, "ood_validation": 0.6868746321365509, "train": 0.7575355198512814, "id_test_conf": [0.7303964719677261, 0.7860204385950506], "id_test_balanced": 0.7455641627311707, "id_test_balanced_conf": [0.7261872261017561, 0.7649410993605852], "ood_test_conf": [0.68178382972737, 0.6965207357808674], "ood_test_balanced": 0.682112455368042, "ood_test_balanced_conf": [0.676945936344564, 0.68727897439152], "features": ["JOBORG31", "MCRPHO31", "FSAGT31", "HASFSA31", "MCARE31", "GOVAAT31", "GOVTB31", "GOVBAT31", "VACMPY31", "EMPST31", "RNDFLG31", "MORJOB31", "HRWGIM31", "HOUR31", "TEMPJB31", "SSNLJB31", "CHOIC31", "INDCAT31", "MORE31", "UNION31", "STJBMM31", "PAYDR31", "TRIAT31X", "MCARE31X", "PUBAT31X", "INS31X", "RACEV1X", "RACEV2X", "RACEAX", "RACEBX", "RACETHX", "HISPNCAT", "OTHLGSPK", "BORNUSA", "PRIEU31", "MCRPD31X", "TRILI31X", "PRSTX31", "PRIV31", "DENTIN31", "DNTINS31", "PMEDUP31", "DISVW31X", "HELD31X", "TRIST31X", "TRIPR31X", "TRIEX31X", "TRICH31X", "VASPUN31", "ASPREV31", "ASDALY31", "ASWNFL31", "IADLHP31", "ADLHLP31", "WLKDIF31", "BENDIF31", "WRKLIM31", "SCHLIM31", "VASPOU31", "SOCLIM31", "ASTHEP31", "FAMS1231", "PROXY31", "BEGRFM31", "BEGRFY31", "ENDRFY31", "ACTDTY31", "MNHLTH31", "CHBRON31", "ASATAK31", "COGLIM31", "VAWAIT31", "VALOCT31", "VANTWK31", "VANEED31", "VACOMP31", "VAMREC31", "VAGTRC31", "VACARC31", "VAPROB31", "VAREP31", "VAPCOT31", "VAPCCO31", "VAPCRF31", "VAPCOU31", "VASPCL31", "VACTDY31", "VAMOBL31", "VACOPD31", "VADERM31", "VAHRLS31", "VAGOUT31", "VANECK31", "VAFIBR31", "VAPTSD31", "VAMOOD31", "VAPROS31", "VAMNHC31", "VARXMD31", "VALCOH31", "DAPID31X", "AGE31X", "INSCOV19"]}