{"validation": 0.8038629570016096, "id_test": 0.8041379310344827, "ood_test": 0.7435824972916961, "ood_validation": 0.7490462060194998, "train": 0.7973330267846879, "id_test_conf": [0.7920268845039988, 0.8158391852986363], "id_test_balanced": 0.6962227821350098, "id_test_balanced_conf": [0.6883278474956751, 0.7041177167743444], "ood_test_conf": [0.737652290435932, 0.7494459434694798], "ood_test_balanced": 0.6930099129676819, "ood_test_balanced_conf": [0.6894371649064124, 0.6965826610289514], "features": ["VCF0901b", "VCF0218", "VCF0224", "VCF9010", "VCF9201", "VCF9203", "VCF9204", "VCF9205", "VCF9206", "VCF0523", "VCF0429", "VCF9052", "VCF0809", "VCF0839", "VCF0822", "VCF0843", "VCF9045", "VCF9239", "VCF0612", "VCF0616", "VCF0310", "VCF0743", "VCF0701", "VCF0675", "VCF0724", "VCF0745", "VCF0101", "VCF0105a", "VCF0115", "VCF0112"]}