{"id_test": 0.8745233339386236, "id_test_conf": [0.8726449494588295, 0.8763837718121776], "id_test_balanced": 0.5383825302124023, "id_test_balanced_conf": [0.5375355543708429, 0.5392295060539618], "ood_test": 0.8289958208955224, "ood_test_conf": [0.8273761384141541, 0.8306063897968697], "ood_test_balanced": 0.5416205525398254, "ood_test_balanced_conf": [0.5409182329301256, 0.5423228721495252], "validation": 0.8770655529326312, "validation_conf": [0.8752034177745476, 0.8789096191995418], "validation_balanced": 0.5419074296951294, "validation_balanced_conf": [0.5410347515891771, 0.5427801078010817], "features": ["PHYSHLTH", "HIGH_BLOOD_PRESS", "BMI5", "SMOKE100", "SMOKDAY2", "CVDSTRK3", "VEG_ONCE_PER_DAY", "DRNK_PER_WEEK", "TOTINDA", "INCOME", "MARITAL", "CHECKUP1", "EDUCA", "MENTHLTH", "IYEAR", "STATE", "MEDCOST", "SEX", "IYEAR", "MEDCOST", "PRACE1", "PRACE1"]}