{"validation": 0.8119107840882962, "id_test": 0.8043678160919541, "ood_test": 0.741415854175498, "ood_validation": 0.7524374735057228, "train": 0.8012989998850443, "id_test_conf": [0.7922618485354873, 0.8160636793365021], "id_test_balanced": 0.7031121850013733, "id_test_balanced_conf": [0.695060463771224, 0.7111639062315226], "ood_test_conf": [0.7354697836635382, 0.7472957587962379], "ood_test_balanced": 0.6912059783935547, "ood_test_balanced_conf": [0.6876115519739687, 0.6948004048131406], "features": ["VCF0901b", "VCF0218", "VCF0224", "VCF9008", "VCF9011", "VCF9204", "VCF9205", "VCF0429", "VCF0809", "VCF0839", "VCF0822", "VCF0870", "VCF0838", "VCF9239", "VCF0803", "VCF0846", "VCF0606", "VCF0617", "VCF0743", "VCF0717", "VCF0718", "VCF0701", "VCF0675", "VCF0726", "VCF0745", "VCF0101", "VCF0105a", "VCF0115", "VCF0112"]}