{"validation": 0.7886870544952863, "id_test": 0.7885057471264367, "ood_test": 0.7311007489049032, "ood_validation": 0.7278507842306062, "train": 0.7829348200942637, "id_test_conf": [0.7760636279457727, 0.8005592749779127], "id_test_balanced": 0.6954248547554016, "id_test_balanced_conf": [0.6870331934653222, 0.703816516045481], "ood_test_conf": [0.7250817061256823, 0.7370564570509857], "ood_test_balanced": 0.6888233423233032, "ood_test_balanced_conf": [0.6849682827480137, 0.6926784018985928], "features": ["VCF0901b", "VCF0301", "VCF9008", "VCF9011", "VCF9202", "VCF9204", "VCF9205", "VCF0521", "VCF0523", "VCF0875", "VCF9052", "VCF0809", "VCF0839", "VCF0843", "VCF0838", "VCF9239", "VCF0803", "VCF0606", "VCF0616", "VCF0718", "VCF0720", "VCF0721", "VCF0724", "VCF0104", "VCF0105a", "VCF0112"]}