{"validation": 0.794895378247873, "id_test": 0.7887356321839081, "ood_test": 0.7148509255334181, "ood_validation": 0.7117422636710471, "train": 0.7825324749971261, "id_test_conf": [0.7762981833052399, 0.8007841781979133], "id_test_balanced": 0.6633037328720093, "id_test_balanced_conf": [0.6557768078055233, 0.6708306579384953], "ood_test_conf": [0.7087251982693115, 0.7209177770139841], "ood_test_balanced": 0.6580104827880859, "ood_test_balanced_conf": [0.6545220096642151, 0.6614989559119567], "features": ["VCF0901b", "VCF0301", "VCF9008", "VCF9011", "VCF9202", "VCF9204", "VCF9205", "VCF0521", "VCF0523", "VCF0875", "VCF9052", "VCF0809", "VCF0839", "VCF0843", "VCF0838", "VCF9239", "VCF0803", "VCF0606", "VCF0616", "VCF0718", "VCF0720", "VCF0721", "VCF0724", "VCF0104", "VCF0105a", "VCF0112"]}