{"id_test": 0.9878749429744526, "id_test_conf": [0.9872884784181089, 0.9884411111764674], "id_test_balanced": 0.49998196959495544, "id_test_balanced_conf": [0.49996625780215254, 0.49999768138775835], "ood_test": 0.9242124373149209, "ood_test_conf": [0.9227846311967565, 0.9256219093923391], "ood_test_balanced": 0.500123143196106, "ood_test_balanced_conf": [0.5000736502630025, 0.5001726361292094], "validation": 0.9886589634107223, "validation_conf": [0.9880910811249181, 0.9892065110282448], "validation_balanced": 0.5006116628646851, "validation_balanced_conf": [0.5005175452482945, 0.5007057804810756], "features": ["O2Sat", "Temp", "SBP", "DBP", "Resp", "EtCO2", "HCO3", "FiO2", "PaCO2", "Alkalinephos", "Chloride", "Creatinine", "Bilirubin_direct", "Glucose", "Phosphate", "Potassium", "Bilirubin_total", "TroponinI", "Hgb", "PTT", "WBC", "Platelets", "Gender", "Unit2", "ICULOS"]}