{"id_test": 0.8402731851248919, "id_test_conf": [0.8376935813253726, 0.8428276559349019], "id_test_balanced": 0.65723717212677, "id_test_balanced_conf": [0.655403657683637, 0.6590706865699031], "ood_test": 0.8123491141208724, "ood_test_conf": [0.8088590834224896, 0.8158020095976515], "ood_test_balanced": 0.6682329177856445, "ood_test_balanced_conf": [0.6657606884418056, 0.6707051471294835], "validation": 0.8418609383545093, "validation_conf": [0.8392916117838142, 0.8444050140048475], "validation_balanced": 0.6556523442268372, "validation_balanced_conf": [0.6538218728266656, 0.6574828156270087], "features": ["ENG", "FER", "HUPAC", "WIF", "OCCP", "POBP", "WKHP", "DIS", "NATIVITY", "DEYE", "PUBCOV", "AGEP", "SEX", "ST", "CIT", "SCHL", "DIVISION"]}