{"validation": 0.8291680974728782, "id_test": 0.8253166810805311, "ood_test": 0.8041450141167805, "ood_validation": 0.8029828760817529, "train": 0.8265232473474527, "id_test_conf": [0.8226443673498864, 0.82796496929371], "id_test_balanced": 0.5622222423553467, "id_test_balanced_conf": [0.5609620327339507, 0.5634824519767426], "ood_test_conf": [0.8005985226875003, 0.807655347990489], "ood_test_balanced": 0.579411506652832, "ood_test_balanced_conf": [0.5776077785040252, 0.5812152348016388], "features": ["ENG", "FER", "HUPAC", "WIF", "OCCP", "POBP", "WKHP", "DIS", "NATIVITY", "DEYE", "PUBCOV", "AGEP", "SEX", "ST", "CIT", "SCHL", "DIVISION"]}