{"id_test": 0.8398407691916365, "id_test_conf": [0.8372583775289888, 0.842398059893488], "id_test_balanced": 0.6606858968734741, "id_test_balanced_conf": [0.6588352633314207, 0.6625365304155275], "ood_test": 0.8118171774622529, "ood_test_conf": [0.8083234113152593, 0.8152738717866219], "ood_test_balanced": 0.6690614223480225, "ood_test_balanced_conf": [0.6665815439261497, 0.6715413007698953], "validation": 0.8429801467689216, "validation_conf": [0.8404181306960037, 0.8455168290123198], "validation_balanced": 0.662039041519165, "validation_balanced_conf": [0.6601892294036225, 0.6638888536347076], "features": ["ENG", "FER", "HUPAC", "WIF", "OCCP", "POBP", "WKHP", "DIS", "NATIVITY", "DEYE", "PUBCOV", "AGEP", "SEX", "ST", "CIT", "SCHL", "DIVISION"]}