{"validation": 0.7785439144056983, "id_test": 0.7774939993849619, "ood_test": 0.368908772345964, "ood_validation": 0.36570711739073025, "train": 0.7774806308844009, "id_test_conf": [0.7763394222542466, 0.7786453652433503], "id_test_balanced": 0.5059443116188049, "id_test_balanced_conf": [0.5057655307484674, 0.5061230924891424], "ood_test_conf": [0.36786292062478615, 0.3699555525973724], "ood_test_balanced": 0.503094494342804, "ood_test_balanced_conf": [0.5029610601376043, 0.5032279285480036], "features": ["ANC", "DREM", "ESR", "AGEP", "SEX", "ST", "DIS"]}