{"validation": 0.7771520884378601, "id_test": 0.7763418014225751, "ood_test": 0.36390435236594254, "ood_validation": 0.3603481667326907, "train": 0.7762166056078891, "id_test_conf": [0.7751851083036365, 0.7774952966096376], "id_test_balanced": 0.500451922416687, "id_test_balanced_conf": [0.5004046510857734, 0.5004991937476007], "ood_test_conf": [0.3628615255598349, 0.3649481431511571], "ood_test_balanced": 0.5000819563865662, "ood_test_balanced_conf": [0.5000536701225792, 0.5001102426505531], "features": ["ANC", "DREM", "ESR", "AGEP", "SEX", "ST", "DIS"]}