{"validation": 0.7792008882126119, "id_test": 0.7780790843121358, "ood_test": 0.37271619082086915, "ood_validation": 0.36930542717549186, "train": 0.7780816918768654, "id_test_conf": [0.77692558656419, 0.7792293640134408], "id_test_balanced": 0.5095599293708801, "id_test_balanced_conf": [0.5093311965133762, 0.509788662228384], "ood_test_conf": [0.3716681186759797, 0.37376516452624503], "ood_test_balanced": 0.5053744912147522, "ood_test_balanced_conf": [0.5051994297807687, 0.5055495526487357], "features": ["ANC", "DREM", "ESR", "AGEP", "SEX", "ST", "DIS"]}