{"id_test": 0.7793730605333259, "id_test_conf": [0.7782219616979548, 0.7805209263398462], "id_test_balanced": 0.5205351710319519, "id_test_balanced_conf": [0.520195729075931, 0.5208746129879728], "ood_test": 0.40191006716168814, "ood_test_conf": [0.40084724886190276, 0.4029735802322054], "ood_test_balanced": 0.5241553783416748, "ood_test_balanced_conf": [0.5238188265805366, 0.524491930102813], "validation": 0.7803910292123702, "validation_conf": [0.7792418278690338, 0.7815369857337784], "validation_balanced": 0.5209647417068481, "validation_balanced_conf": [0.5206231848342577, 0.5213062985794386], "features": ["ANC", "DREM", "ESR", "AGEP", "SEX", "ST", "DIS"]}