{"id_test": 0.8355038917433993, "id_test_conf": [0.8328939021978866, 0.8380891015227625], "id_test_balanced": 0.6416403651237488, "id_test_balanced_conf": [0.6398473796364851, 0.6434333506110125], "ood_test": 0.8105282540202136, "ood_test_conf": [0.8070254800769059, 0.8139941097560822], "ood_test_balanced": 0.6493576169013977, "ood_test_balanced_conf": [0.6469710623426362, 0.6517441714601592], "validation": 0.8355908275783128, "validation_conf": [0.8329813681346507, 0.8381755005021053], "validation_balanced": 0.6378369927406311, "validation_balanced_conf": [0.6360476940893568, 0.6396262913919054], "features": ["ENG", "FER", "HUPAC", "NWLA", "RELP", "WKW", "DEAR", "DEYE", "DREM", "PUBCOV", "CIT", "SCHL", "DIVISION"]}