{"validation": 0.7004081890959719, "id_test": 0.7008847205346294, "ood_test": 0.6726956567559379, "ood_validation": 0.6654416123295791, "train": 0.7001312372292886, "id_test_conf": [0.6986203211113667, 0.7031417473203962], "id_test_balanced": 0.5962411761283875, "id_test_balanced_conf": [0.5948664670670405, 0.5976158851897344], "ood_test_conf": [0.6693445596424428, 0.6760335507165696], "ood_test_balanced": 0.6514381170272827, "ood_test_balanced_conf": [0.6490991075476632, 0.6537771265069022], "features": ["COW", "FER", "HINS2", "HINS3", "HINS4", "NWLA", "POBP", "WKW", "WRK", "CIT", "DIVISION"]}