{"validation": 0.7171914058791887, "id_test": 0.7182753645200486, "ood_test": 0.6848809790412457, "ood_validation": 0.6825133372851215, "train": 0.7172276748386035, "id_test_conf": [0.7160502406818761, 0.7204924772043901], "id_test_balanced": 0.6308485865592957, "id_test_balanced_conf": [0.6293969299132004, 0.6323002432053909], "ood_test_conf": [0.6815626081774451, 0.688185214774036], "ood_test_balanced": 0.6292775273323059, "ood_test_balanced_conf": [0.6272714477218687, 0.6312836069427431], "features": ["COW", "HINS4", "NWLK", "WKHP", "WKW", "RAC1P", "ACS_YEAR", "DIVISION"]}