{"id_test": 0.8213359108714453, "id_test_conf": [0.8186401565603022, 0.8240079343167974], "id_test_balanced": 0.5685430765151978, "id_test_balanced_conf": [0.5671619018004276, 0.5699242512299679], "ood_test": 0.7964728507713081, "ood_test_conf": [0.7928757217461958, 0.8000347362611469], "ood_test_balanced": 0.5803079605102539, "ood_test_balanced_conf": [0.5783790242578835, 0.5822368967626244], "validation": 0.8248566014219034, "validation_conf": [0.8221815358100387, 0.8275076752673945], "validation_balanced": 0.5695200562477112, "validation_balanced_conf": [0.5681348737701774, 0.570905238725245], "features": ["ENG", "FER", "WIF", "OCCP", "POBP", "RELP", "WKHP", "WKW", "NATIVITY", "DEYE", "AGEP", "SEX", "CIT", "ACS_YEAR", "DIVISION"]}