{"validation": 0.8195912345631907, "id_test": 0.8138830950806328, "ood_test": 0.78984410164082, "ood_validation": 0.7952494936475787, "train": 0.8165410210836573, "id_test_conf": [0.8111447698860332, 0.8165982409489925], "id_test_balanced": 0.5834334492683411, "id_test_balanced_conf": [0.581838918258436, 0.5850279802782461], "ood_test_conf": [0.7862048346366982, 0.7934489146422302], "ood_test_balanced": 0.6099725365638733, "ood_test_balanced_conf": [0.6076706840842963, 0.6122743890434503], "features": ["ENG", "FER", "WIF", "OCCP", "POBP", "RELP", "WKHP", "WKW", "NATIVITY", "DEYE", "AGEP", "SEX", "CIT", "ACS_YEAR", "DIVISION"]}