{"id_test": 0.6561698157219501, "id_test_conf": [0.6417320766260315, 0.6703944692950577], "id_test_balanced": 0.625044584274292, "id_test_balanced_conf": [0.6155801290087402, 0.6345090395398438], "ood_test": 0.6145228378590488, "ood_test_conf": [0.6102812043681498, 0.6187514249330539], "ood_test_balanced": 0.6124939918518066, "ood_test_balanced_conf": [0.6096792269684375, 0.6153087567351758], "validation": 0.6437237517498834, "validation_conf": [0.629175729470908, 0.6580756416240117], "validation_balanced": 0.6154705286026001, "validation_balanced_conf": [0.6059089159220457, 0.6250321412831545], "features": ["gender", "age", "weight", "admission_type_id", "discharge_disposition_id", "time_in_hospital", "num_procedures", "number_outpatient", "number_inpatient", "diag_1", "diag_3", "number_diagnoses", "nateglinide", "glyburide", "tolbutamide", "miglitol", "troglitazone", "tolazamide", "examide", "insulin", "glipizide-metformin", "metformin-pioglitazone", "change", "diabetesMed", "admission_source_id"]}