{"validation": 0.7800145555801664, "id_test": 0.7807184082624544, "ood_test": 0.7534349435523179, "ood_validation": 0.7530527563722584, "train": 0.7810228909686795, "id_test_conf": [0.778670029838237, 0.7827564820498267], "id_test_balanced": 0.7103994488716125, "id_test_balanced_conf": [0.7089736967091449, 0.7118252010340802], "ood_test_conf": [0.7503526204352975, 0.7564978862538803], "ood_test_balanced": 0.7176856994628906, "ood_test_balanced_conf": [0.7155999761633575, 0.7197714227624238], "features": ["ENG", "FER", "NWLA", "NWLK", "OCCP", "WRK", "ST", "MAR", "CIT", "SCHL", "ACS_YEAR", "DIVISION"]}