{"validation": 0.6353184725148793, "id_test": 0.6352580215880527, "ood_test": 0.4996529264088296, "ood_validation": 0.5013622559652928, "train": 0.6314605080148421, "id_test_conf": [0.629489158825892, 0.6409978196931203], "id_test_balanced": 0.5932016372680664, "id_test_balanced_conf": [0.5894777544867247, 0.5969255200494081], "ood_test_conf": [0.4982911730056377, 0.5010146836895177], "ood_test_balanced": 0.5511967539787292, "ood_test_balanced_conf": [0.5504417751112487, 0.5519517328462098], "features": ["AGEG5YR", "FRUIT_ONCE_PER_DAY", "DRNK_PER_WEEK", "RFBING5", "CHCSCNCR", "CHCOCNCR", "DIABETES", "EMPLOY1", "STATE", "PRACE1", "IYEAR", "STATE", "PRACE1", "SEX", "BMI5CAT"]}