{"id_test": 0.8742261914588045, "id_test_conf": [0.8723459241700906, 0.8760885264329251], "id_test_balanced": 0.532116174697876, "id_test_balanced_conf": [0.5313358578458428, 0.5328964915499091], "ood_test": 0.8289337313432836, "ood_test_conf": [0.8273138173764516, 0.8305445334526202], "ood_test_balanced": 0.5335997939109802, "ood_test_balanced_conf": [0.5329684573027771, 0.5342311305191834], "validation": 0.8766776169173118, "validation_conf": [0.8748129857096482, 0.8785241978955725], "validation_balanced": 0.5349245667457581, "validation_balanced_conf": [0.5341221157007385, 0.5357270177907776], "features": ["PHYSHLTH", "HIGH_BLOOD_PRESS", "BMI5", "CVDSTRK3", "DRNK_PER_WEEK", "INCOME", "MARITAL", "EDUCA", "MENTHLTH", "MEDCOST", "IYEAR", "PRACE1", "SEX", "PRACE1"]}