{"validation": 0.8758623872262858, "id_test": 0.8740943561660693, "ood_test": 0.8292811352297709, "ood_validation": 0.8256525688109624, "train": 0.8747375343224347, "id_test_conf": [0.8722789473995576, 0.8758930627418048], "id_test_balanced": 0.5096871256828308, "id_test_balanced_conf": [0.5092667373351287, 0.5101075140305329], "ood_test_conf": [0.8277299765338961, 0.8308239145906509], "ood_test_balanced": 0.5078373551368713, "ood_test_balanced_conf": [0.5075382527237525, 0.5081364575499902], "features": ["PHYSHLTH", "CHOL_CHK_PAST_5_YEARS", "BMI5CAT", "SMOKDAY2", "CVDSTRK3", "FRUIT_ONCE_PER_DAY", "RFBING5", "TOTINDA", "CHECKUP1", "EDUCA", "STATE", "PRACE1", "SEX", "PRACE1", "IYEAR"]}