{"id_test": 0.6461394914858876, "id_test_conf": [0.6316134291087937, 0.6604661683441434], "id_test_balanced": 0.619755744934082, "id_test_balanced_conf": [0.6100346650741995, 0.6294768247939646], "ood_test": 0.608283628943651, "ood_test_conf": [0.6040299714566509, 0.6125249508935078], "ood_test_balanced": 0.6068264245986938, "ood_test_balanced_conf": [0.6039170624129474, 0.6097357867844403], "validation": 0.6364909006066263, "validation_conf": [0.6218846445722129, 0.6509109031891259], "validation_balanced": 0.6119073629379272, "validation_balanced_conf": [0.6021429683454335, 0.621671757530421], "features": ["race", "gender", "age", "weight", "admission_type_id", "discharge_disposition_id", "payer_code", "medical_specialty", "num_procedures", "number_inpatient", "diag_1", "diag_3", "number_diagnoses", "metformin", "repaglinide", "nateglinide", "glimepiride", "glipizide", "tolbutamide", "pioglitazone", "acarbose", "miglitol", "troglitazone", "citoglipton", "glimepiride-pioglitazone", "metformin-rosiglitazone", "change", "admission_source_id"]}