{"validation": 0.8063922740859968, "id_test": 0.8128735632183908, "ood_test": 0.7609627431585888, "ood_validation": 0.7676981771937261, "train": 0.8042591102425566, "id_test_conf": [0.8009600052462861, 0.8243654651563923], "id_test_balanced": 0.7199194431304932, "id_test_balanced_conf": [0.7117959848977625, 0.7280429013632238], "ood_test_conf": [0.7551667896151697, 0.7666871634978675], "ood_test_balanced": 0.7192369103431702, "ood_test_balanced_conf": [0.7155145268933848, 0.7229592937929555], "features": ["VCF0004", "VCF0302", "VCF9011", "VCF9202", "VCF9203", "VCF9204", "VCF9205", "VCF9206", "VCF0521", "VCF0428", "VCF0429", "VCF0875", "VCF9052", "VCF0839", "VCF0822", "VCF0870", "VCF0838", "VCF9239", "VCF0803", "VCF0846", "VCF0601", "VCF0612", "VCF0616", "VCF0617", "VCF0743", "VCF0717", "VCF0718", "VCF0720", "VCF0721", "VCF0701", "VCF0724", "VCF0725", "VCF0726", "VCF0105a", "VCF0115", "VCF0140a", "VCF0112"]}