{"id_test": 0.8140229885057472, "id_test_conf": [0.8021361154469252, 0.8254866435453909], "id_test_balanced": 0.73665452003479, "id_test_balanced_conf": [0.7283060785569251, 0.745002961512655], "ood_test": 0.765013423767133, "ood_test_conf": [0.7592506064064127, 0.7707035952655784], "ood_test_balanced": 0.7273685336112976, "ood_test_balanced_conf": [0.7235805754549801, 0.7311564917676151], "validation": 0.8126005978385836, "validation_conf": [0.8006793195008391, 0.8241004935888557], "validation_balanced": 0.7339188456535339, "validation_balanced_conf": [0.7255939152278006, 0.7422437760792673], "features": ["VCF0004", "VCF0302", "VCF9011", "VCF9202", "VCF9203", "VCF9204", "VCF9205", "VCF9206", "VCF0521", "VCF0428", "VCF0429", "VCF0875", "VCF9052", "VCF0839", "VCF0822", "VCF0870", "VCF0838", "VCF9239", "VCF0803", "VCF0846", "VCF0601", "VCF0612", "VCF0616", "VCF0617", "VCF0743", "VCF0717", "VCF0718", "VCF0720", "VCF0721", "VCF0701", "VCF0724", "VCF0725", "VCF0726", "VCF0105a", "VCF0115", "VCF0140a", "VCF0112"]}