{"id_test": 0.9324675452335236, "id_test_conf": [0.9318351385552492, 0.9330958435394723], "id_test_balanced": 0.8959347009658813, "id_test_balanced_conf": [0.8954245613329113, 0.8964448405988514], "ood_test": 0.9098458835742235, "ood_test_conf": [0.904694059348675, 0.9148062907946815], "ood_test_balanced": 0.8834103941917419, "ood_test_balanced_conf": [0.8797054274939, 0.8871153608895839], "validation": 0.9319972410945843, "validation_conf": [0.9313628072161528, 0.9326275710844723], "validation_balanced": 0.8956612348556519, "validation_balanced_conf": [0.8951506430958398, 0.8961718266154639], "features": ["Average_confidence(BORED)", "Average_confidence(CONCENTRATING)", "Average_confidence(CONFUSED)", "Average_confidence(FRUSTRATED)", "attempt_count", "hint_count", "problem_type", "ms_first_response", "tutor_mode", "overlap_time", "school_id"]}