{"validation": 0.8721236301653983, "id_test": 0.8730522663850969, "ood_test": 0.8271351540885747, "ood_validation": 0.8272080046180489, "train": 0.8722791860561585, "id_test_conf": [0.8712483872114565, 0.8748398135881673], "id_test_balanced": 0.5185390710830688, "id_test_balanced_conf": [0.5179463445441798, 0.5191317976219579], "ood_test_conf": [0.8255964217817366, 0.8286657740264654], "ood_test_balanced": 0.5201795101165771, "ood_test_balanced_conf": [0.5197040232736617, 0.5206549969594926], "features": ["HIGH_BLOOD_PRESS", "CHOL_CHK_PAST_5_YEARS", "TOLDHI", "BMI5CAT", "SMOKDAY2", "FRUIT_ONCE_PER_DAY", "RFBING5", "EDUCA", "PRACE1", "SEX", "SEX", "PRACE1", "IYEAR"]}