{"id_test": 0.8736330039972848, "id_test_conf": [0.8718326208956557, 0.8754170296148708], "id_test_balanced": 0.5064988732337952, "id_test_balanced_conf": [0.5061538336839294, 0.5068439127836609], "ood_test": 0.8262970422348509, "ood_test_conf": [0.8247553882179919, 0.8278306046949552], "ood_test_balanced": 0.5092505812644958, "ood_test_balanced_conf": [0.5089237199974014, 0.5095774425315903], "validation": 0.8729004668562249, "validation_conf": [0.87109566902066, 0.8746889392667582], "validation_balanced": 0.5054822564125061, "validation_balanced_conf": [0.5051624388492201, 0.5058020739757921], "features": ["HIGH_BLOOD_PRESS", "CHOL_CHK_PAST_5_YEARS", "TOLDHI", "BMI5CAT", "SMOKDAY2", "FRUIT_ONCE_PER_DAY", "RFBING5", "EDUCA", "PRACE1", "SEX", "SEX", "PRACE1", "IYEAR"]}