{"validation": 0.7845774135366895, "id_test": 0.7863191069258809, "ood_test": 0.7795708131891294, "ood_validation": 0.7765263781861292, "train": 0.7850644280659398, "id_test_conf": [0.784289636115608, 0.7883380673056009], "id_test_balanced": 0.7423951625823975, "id_test_balanced_conf": [0.7409315727767535, 0.7438587523880414], "ood_test_conf": [0.776604685016945, 0.7825155599007078], "ood_test_balanced": 0.7618605494499207, "ood_test_balanced_conf": [0.7597628896823153, 0.763958209217526], "features": ["ENG", "FER", "HINS1", "HINS2", "POBP", "RELP", "WKHP", "MAR", "RAC1P", "SCHL", "ACS_YEAR", "DIVISION"]}