{"id_test": 0.8762153952820377, "id_test_conf": [0.8743477978358628, 0.8780649647334411], "id_test_balanced": 0.550047755241394, "id_test_balanced_conf": [0.5491046666796319, 0.5509908438031562], "ood_test": 0.8322531343283582, "ood_test_conf": [0.830645705202385, 0.8338513595043096], "ood_test_balanced": 0.5498344302177429, "ood_test_balanced_conf": [0.5490945778624154, 0.5505742825730704], "validation": 0.8792033279957739, "validation_conf": [0.8773550556628558, 0.8810334285898772], "validation_balanced": 0.5543137192726135, "validation_balanced_conf": [0.5533472004323267, 0.5552802381129004], "features": ["PHYSHLTH", "HIGH_BLOOD_PRESS", "CHOL_CHK_PAST_5_YEARS", "TOLDHI", "BMI5", "BMI5CAT", "SMOKE100", "CVDSTRK3", "MICHD", "FRUIT_ONCE_PER_DAY", "DRNK_PER_WEEK", "MARITAL", "CHECKUP1", "MENTHLTH", "IYEAR", "STATE", "IYEAR", "STATE", "MEDCOST", "PRACE1"]}