{"validation": 0.8070820878362842, "id_test": 0.8080459770114943, "ood_test": 0.7382600913758184, "ood_validation": 0.7418397626112759, "train": 0.8015863892401426, "id_test_conf": [0.7960221329008906, 0.8196547229378622], "id_test_balanced": 0.6936198472976685, "id_test_balanced_conf": [0.6859440984576941, 0.7012955961376428], "ood_test_conf": [0.7322912510406286, 0.744163632080266], "ood_test_balanced": 0.6823875904083252, "ood_test_balanced_conf": [0.6789677565963939, 0.6858074242202565], "features": ["VCF0218", "VCF0302", "VCF9010", "VCF9201", "VCF9203", "VCF9205", "VCF0523", "VCF0428", "VCF0429", "VCF0875", "VCF9052", "VCF0809", "VCF0843", "VCF9045", "VCF0838", "VCF0846", "VCF0617", "VCF0310", "VCF0720", "VCF0721", "VCF0701", "VCF0724", "VCF0101", "VCF0140a", "VCF0112"]}