{"validation": 0.7913172800050629, "id_test": 0.7909895200486027, "ood_test": 0.7663052785498807, "ood_validation": 0.7607587433313574, "train": 0.792149181685643, "id_test_conf": [0.7889762449007676, 0.792992113141042], "id_test_balanced": 0.7307054400444031, "id_test_balanced_conf": [0.7292743755341508, 0.7321365045546554], "ood_test_conf": [0.7632781686618451, 0.7693120227466119], "ood_test_balanced": 0.7324813604354858, "ood_test_balanced_conf": [0.7304166330257431, 0.7345460878452286], "features": ["COW", "ENG", "HINS3", "NWLK", "OCCP", "RELP", "AGEP", "ST", "CIT", "RAC1P", "SCHL", "ACS_YEAR", "DIVISION"]}