{"validation": 0.7769895263107933, "id_test": 0.7758518124746862, "ood_test": 0.7693087958266918, "ood_validation": 0.7647895672791938, "train": 0.7768587392207879, "id_test_conf": [0.7737874485224838, 0.7779060505958463], "id_test_balanced": 0.7286370396614075, "id_test_balanced_conf": [0.7271563366893679, 0.7301177426334471], "ood_test_conf": [0.766295122392306, 0.772301873606822], "ood_test_balanced": 0.7420165538787842, "ood_test_balanced_conf": [0.7399210419133305, 0.7441120658442378], "features": ["ENG", "HINS1", "HINS2", "HINS4", "NWLK", "OCCP", "POBP", "RELP", "WKHP", "WKW", "ST", "CIT", "ACS_YEAR", "DIVISION"]}