{"id_test": 0.7802547770700637, "id_test_conf": [0.7524264579953798, 0.8063182867168229], "id_test_balanced": 0.768698513507843, "id_test_balanced_conf": [0.7498786573857069, 0.7875183696299791], "ood_test": 0.715220092877232, "ood_test_conf": [0.70799316902736, 0.7223650461517015], "ood_test_balanced": 0.7150062322616577, "ood_test_balanced_conf": [0.7099465890415013, 0.7200658754818141], "validation": 0.7534537725823592, "validation_conf": [0.7246169168390129, 0.7806944634340311], "validation_balanced": 0.746993899345398, "validation_balanced_conf": [0.7274215654283762, 0.7665662332624197], "features": ["JOBORG31", "MCRPB31", "MCDMC31", "PRVHMO31", "FSAGT31", "PFSAMT31", "GOVTA31", "GOVTB31", "GOVTC31", "IHS31", "BSNTY31", "IHSAT31", "RETPLN31", "SICPAY31", "MORJOB31", "DIFFWG31", "NHRWG31", "SSNLJB31", "SELFCM31", "STJBMM31", "STJBYY31", "PRIDK31", "MCDAT31X", "PUBAT31X", "INS31X", "INSAT31X", "RACEAX", "EDUCYR", "HWELLSPK", "BORNUSA", "TRICR31X", "PRIEU31", "TRILI31X", "PRIOG31", "PRINEO31", "PRIV31", "VERFLG31", "DNTINS31", "PMEDPY31", "HRWG31X", "HELD31X", "TRIEX31X", "TRICH31X", "ASPREV31", "ASDALY31", "ASEVFL31", "ASWNFL31", "ADLHLP31", "AIDHLP31", "WLKLIM31", "WLKDIF31", "MILDIF31", "STNDIF31", "RCHDIF31", "HSELIM31", "ASACUT31", "ASSTIL31", "RUSIZE31", "RUCLAS31", "FMRS1231", "PROXY31", "BEGRFY31", "INSCOP31", "SPOUID31", "ACTDTY31", "MNHLTH31", "CHBRON31", "ASATAK31", "UNABLE31", "VAPRHT31", "VAWAIT31", "VANTWK31", "VANEED31", "VAOUT31", "VAPAST31", "VAMREC31", "VAGTRC31", "VAREP31", "VAPROV31", "VAPCRC31", "VAPCUN31", "VAPACT31", "VACTDY31", "VARECM31", "VAMOBL31", "VADERM31", "VAJTPN31", "VAGOUT31", "VANECK31", "VATMD31", "VAPTSD31", "VAMOOD31", "VAPROS31", "VAGCNS31", "VARXMD31", "VACRGV31", "VALCOH31", "REFPRS31", "MOPID31X", "DAPID31X", "INSCOV19"]}