{"validation": 0.8250172453437572, "id_test": 0.8232183908045977, "ood_test": 0.7831001836936555, "ood_validation": 0.7905892327257312, "train": 0.8198356132888838, "id_test_conf": [0.8115510895059224, 0.8344499694181859], "id_test_balanced": 0.7452082633972168, "id_test_balanced_conf": [0.7369856982305646, 0.753430828563869], "ood_test_conf": [0.7774943466589709, 0.7886284047852969], "ood_test_balanced": 0.7469183206558228, "ood_test_balanced_conf": [0.7432057012291625, 0.750630940082483], "features": ["VCF0218", "VCF9008", "VCF9010", "VCF9011", "VCF9202", "VCF9203", "VCF9204", "VCF9205", "VCF0521", "VCF0428", "VCF0429", "VCF0875", "VCF9052", "VCF0809", "VCF0870", "VCF0838", "VCF0803", "VCF0601", "VCF0606", "VCF0612", "VCF0615", "VCF0310", "VCF0717", "VCF0720", "VCF0721", "VCF0701", "VCF0675", "VCF0726", "VCF0101", "VCF0140a", "VCF0112"]}