{"validation": 0.6064478008789098, "id_test": 0.6031980501495624, "ood_test": 0.4973025341348367, "ood_validation": 0.4964810705866038, "train": 0.6078059363892351, "id_test_conf": [0.5973417173033775, 0.6090322311525002], "id_test_balanced": 0.5655091404914856, "id_test_balanced_conf": [0.5616623636335134, 0.5693559173494578], "ood_test_conf": [0.49594156023651914, 0.49866353813615427], "ood_test_balanced": 0.5450121164321899, "ood_test_balanced_conf": [0.5442253653006628, 0.5457988675637171], "features": ["AGEG5YR", "TOTINDA", "SMOKE100", "CHCOCNCR", "IYEAR", "STATE", "PRACE1", "SEX", "PRACE1", "BMI5CAT"]}