{"id_test": 0.6642022770959634, "id_test_conf": [0.658538603588303, 0.6698306634351436], "id_test_balanced": 0.6267628073692322, "id_test_balanced_conf": [0.6230183398677036, 0.6305072748707607], "ood_test": 0.5904184550597545, "ood_test_conf": [0.5890786294874457, 0.5917572704626013], "ood_test_balanced": 0.6202782392501831, "ood_test_balanced_conf": [0.6194086726964452, 0.621147805803921], "validation": 0.6586447820782966, "validation_conf": [0.6529590114889053, 0.6642964591347178], "validation_balanced": 0.6213387846946716, "validation_balanced_conf": [0.6175807155109942, 0.625096853878349], "features": ["AGEG5YR", "VEG_ONCE_PER_DAY", "RFBING5", "SMOKE100", "DIABETES", "POVERTY", "IYEAR", "PRACE1", "SEX", "IYEAR", "SEX", "BMI5CAT"]}