{"id_test": 0.6649785598107348, "id_test_conf": [0.6593180273795605, 0.6706036381619048], "id_test_balanced": 0.6279696226119995, "id_test_balanced_conf": [0.6242201679106801, 0.6317190773133189], "ood_test": 0.592855682944418, "ood_test_conf": [0.591517080383096, 0.5941932481062666], "ood_test_balanced": 0.6215381026268005, "ood_test_balanced_conf": [0.6206640320888255, 0.6224121731647756], "validation": 0.6586817492883812, "validation_conf": [0.6529961221205605, 0.6643332749749684], "validation_balanced": 0.6218057870864868, "validation_balanced_conf": [0.6180409196857363, 0.6255706544872374], "features": ["AGEG5YR", "VEG_ONCE_PER_DAY", "RFBING5", "SMOKE100", "DIABETES", "POVERTY", "IYEAR", "PRACE1", "SEX", "IYEAR", "SEX", "BMI5CAT"]}