{"validation": 0.6495878156075561, "id_test": 0.6517447878160579, "ood_test": 0.5668097381136936, "ood_validation": 0.567583514099783, "train": 0.6492414895730808, "id_test_conf": [0.6460330190742656, 0.6574239477393242], "id_test_balanced": 0.5926041603088379, "id_test_balanced_conf": [0.5893358422676102, 0.5958724783500656], "ood_test_conf": [0.5654598118218789, 0.5681589180018187], "ood_test_balanced": 0.6067380905151367, "ood_test_balanced_conf": [0.6059159209555947, 0.6075602600746788], "features": ["AGEG5YR", "VEG_ONCE_PER_DAY", "RFBING5", "SMOKE100", "DIABETES", "POVERTY", "IYEAR", "PRACE1", "SEX", "IYEAR", "SEX", "BMI5CAT"]}