{"validation": 0.7978845711657853, "id_test": 0.7983908045977012, "ood_test": 0.7265790589232726, "ood_validation": 0.7380245866892751, "train": 0.7945740889757443, "id_test_conf": [0.786154800764701, 0.810224814683546], "id_test_balanced": 0.6802553534507751, "id_test_balanced_conf": [0.6725857534445823, 0.687924953456968], "ood_test_conf": [0.72052933122338, 0.7325666928711452], "ood_test_balanced": 0.6678011417388916, "ood_test_balanced_conf": [0.6644376561883837, 0.6711646272893995], "features": ["VCF0004", "VCF0901b", "VCF9008", "VCF9011", "VCF9202", "VCF9203", "VCF9204", "VCF9205", "VCF9206", "VCF0521", "VCF0523", "VCF0429", "VCF0875", "VCF0822", "VCF0870", "VCF0843", "VCF9045", "VCF0838", "VCF0612", "VCF0616", "VCF0743", "VCF0717", "VCF0720", "VCF0701", "VCF0675", "VCF0724", "VCF0745", "VCF0101", "VCF0112"]}