{"validation": 0.6238917405506299, "id_test": 0.6323769535805925, "ood_test": 0.5885457541987129, "ood_validation": 0.5861581920903954, "train": 0.6203628091460569, "id_test_conf": [0.6177408769449505, 0.6468324374721857], "id_test_balanced": 0.5768934488296509, "id_test_balanced_conf": [0.5691262706555427, 0.5846606270037591], "ood_test_conf": [0.5842588146669574, 0.5928226069558231], "ood_test_balanced": 0.5852015018463135, "ood_test_balanced_conf": [0.5826772581785917, 0.5877257455140352], "features": ["gender", "discharge_disposition_id", "medical_specialty", "num_lab_procedures", "number_inpatient", "diag_1", "diag_3", "max_glu_serum", "A1Cresult", "metformin", "nateglinide", "glipizide", "tolbutamide", "rosiglitazone", "miglitol", "troglitazone", "tolazamide", "examide", "citoglipton", "glyburide-metformin", "glipizide-metformin", "metformin-pioglitazone", "diabetesMed", "admission_source_id"]}