{"id_test": 0.6335432703522277, "id_test_conf": [0.6189160226240644, 0.6479883329320533], "id_test_balanced": 0.6025279760360718, "id_test_balanced_conf": [0.5929373213648796, 0.6121186307072639], "ood_test": 0.6134829697064825, "ood_test_conf": [0.6092392815056453, 0.6177137299717912], "ood_test_balanced": 0.6122728586196899, "ood_test_balanced_conf": [0.6093431706912815, 0.6152025465480984], "validation": 0.6334577694820346, "validation_conf": [0.6188281416655993, 0.6479052861989874], "validation_balanced": 0.6055456399917603, "validation_balanced_conf": [0.595914503596723, 0.6151767763867975], "features": ["gender", "discharge_disposition_id", "medical_specialty", "num_lab_procedures", "number_inpatient", "diag_1", "diag_3", "max_glu_serum", "A1Cresult", "metformin", "nateglinide", "glipizide", "tolbutamide", "rosiglitazone", "miglitol", "troglitazone", "tolazamide", "examide", "citoglipton", "glyburide-metformin", "glipizide-metformin", "metformin-pioglitazone", "diabetesMed", "admission_source_id"]}