{"validation": 0.7804090011402189, "id_test": 0.7794070074403633, "ood_test": 0.4394560551280938, "ood_validation": 0.43646287248558474, "train": 0.7793439698830502, "id_test_conf": [0.7782559717578517, 0.7805548097009662], "id_test_balanced": 0.5235544443130493, "id_test_balanced_conf": [0.5231883537123213, 0.5239205349137773], "ood_test_conf": [0.43838002050665864, 0.4405325185781373], "ood_test_balanced": 0.5434744358062744, "ood_test_balanced_conf": [0.5429839332296978, 0.543964938382851], "features": ["MIG", "DREM", "PINCP", "FER", "MAR", "CIT", "ACS_YEAR", "DIS"]}