{"validation": 0.7815532138799196, "id_test": 0.7808068181364346, "ood_test": 0.39986208195119805, "ood_validation": 0.3971015449623663, "train": 0.7806641574200704, "id_test_conf": [0.779658396348834, 0.7819519902943332], "id_test_balanced": 0.522687554359436, "id_test_balanced_conf": [0.5223418185650371, 0.5230332901538349], "ood_test_conf": [0.39880016854010863, 0.4009247046393572], "ood_test_balanced": 0.5250463485717773, "ood_test_balanced_conf": [0.5247460617072648, 0.5253466354362899], "features": ["MIG", "DREM", "PINCP", "FER", "MAR", "CIT", "ACS_YEAR", "DIS"]}