{"validation": 0.7858621016992058, "id_test": 0.7865722458485217, "ood_test": 0.7584012857161676, "ood_validation": 0.7599288678126852, "train": 0.7873371499450608, "id_test_conf": [0.7845436427608528, 0.7885903292038093], "id_test_balanced": 0.7029687762260437, "id_test_balanced_conf": [0.701598902400583, 0.7043386500515044], "ood_test_conf": [0.7553398210760551, 0.7614429897723951], "ood_test_balanced": 0.7160599231719971, "ood_test_balanced_conf": [0.7140461465669796, 0.7180736997770145], "features": ["COW", "ENG", "FER", "HINS1", "HINS4", "NWLK", "OCCP", "POBP", "WRK", "AGEP", "MAR", "CIT", "RAC1P", "SCHL", "DIVISION"]}