{"validation": 0.8758089167831941, "id_test": 0.8754430750219505, "ood_test": 0.8275708471651756, "ood_validation": 0.8234028188032745, "train": 0.8757000541649602, "id_test_conf": [0.8735847734695276, 0.8772836567035459], "id_test_balanced": 0.529782772064209, "id_test_balanced_conf": [0.5290406122419518, 0.5305249318864662], "ood_test_conf": [0.8259608641356219, 0.8291719222772623], "ood_test_balanced": 0.5256345272064209, "ood_test_balanced_conf": [0.5250901331182104, 0.5261789212946314], "features": ["CHOL_CHK_PAST_5_YEARS", "TOLDHI", "BMI5", "SMOKE100", "SMOKDAY2", "CVDSTRK3", "VEG_ONCE_PER_DAY", "DRNK_PER_WEEK", "TOTINDA", "INCOME", "MARITAL", "HEALTH_COV", "MENTHLTH", "STATE", "PRACE1", "SEX", "PRACE1", "SEX", "PRACE1", "IYEAR"]}