{"id_test": 0.8390776822505978, "id_test_conf": [0.8364903869718004, 0.8416399330883071], "id_test_balanced": 0.6547676920890808, "id_test_balanced_conf": [0.6529372051730752, 0.6565981790050864], "ood_test": 0.8072343385572242, "ood_test_conf": [0.8037088214985225, 0.8107233299465587], "ood_test_balanced": 0.6536615490913391, "ood_test_balanced_conf": [0.6512235602270812, 0.6560995379555971], "validation": 0.8422297684001678, "validation_conf": [0.8396628459741337, 0.8447714125839991], "validation_balanced": 0.6558269262313843, "validation_balanced_conf": [0.6539980526198633, 0.6576557998429052], "features": ["ENG", "FER", "HUPAC", "POBP", "WKW", "DIS", "MIL", "ANC", "NATIVITY", "DEAR", "DEYE", "PUBCOV", "AGEP", "SEX", "ST", "CIT", "RAC1P", "SCHL", "DIVISION"]}