{"validation": 0.8347132664351941, "id_test": 0.8329857048379712, "ood_test": 0.8067024018986046, "ood_validation": 0.8016939790093905, "train": 0.8330445233681707, "id_test_conf": [0.8303599880540562, 0.835586828328106], "id_test_balanced": 0.6378190517425537, "id_test_balanced_conf": [0.6360278291278518, 0.6396102743572556], "ood_test_conf": [0.8031732489767753, 0.8101950925378195], "ood_test_balanced": 0.6395882964134216, "ood_test_balanced_conf": [0.6372298453655094, 0.6419467474613338], "features": ["ENG", "HUPAC", "OCCP", "POBP", "WKW", "WRK", "MIL", "NATIVITY", "DREM", "PUBCOV", "AGEP", "SEX", "ST", "CIT", "SCHL", "ACS_YEAR", "DIVISION"]}