{"id_test": 0.973073466984786, "id_test_conf": [0.9722720374357631, 0.9738578380461052], "id_test_balanced": 0.6581838726997375, "id_test_balanced_conf": [0.6570348592428491, 0.659332886156626], "ood_test": 0.9616040486275372, "ood_test_conf": [0.9606617061501003, 0.9625299885249614], "ood_test_balanced": 0.6794904470443726, "ood_test_balanced_conf": [0.6783091550623067, 0.6806717390264384], "validation": 0.9736992141989539, "validation_conf": [0.9729067498086086, 0.9744745964185723], "validation_balanced": 0.6599267721176147, "validation_balanced_conf": [0.6587754010525532, 0.6610781431826763], "features": ["ENG", "POBP", "RELP", "WKHP", "WKW", "WRK", "OCCP", "ESP", "MIG", "DEAR", "DEYE", "DREM", "FER", "AGEP", "CIT", "RAC1P", "DIVISION", "ACS_YEAR", "SCHL"]}