{"validation": 0.7684401451027811, "id_test": 0.7617896009673518, "ood_test": 0.75, "ood_validation": 1.0, "train": 0.7649682491684306, "id_test_conf": [0.7405037455619081, 0.7821423119470953], "id_test_balanced": 0.6365313529968262, "id_test_balanced_conf": [0.6257954636588693, 0.647267242334783], "ood_test_conf": [0.5512845484713915, 0.8930920081707734], "ood_test_balanced": 0.6499999761581421, "ood_test_balanced_conf": [0.5651294881105423, 0.7348704642057419], "features": ["Average_confidence(BORED)", "Average_confidence(CONCENTRATING)", "Average_confidence(FRUSTRATED)", "hint_count", "ms_first_response", "type", "school_id"]}