{"validation": 0.6043288468534013, "id_test": 0.6050200072753729, "ood_test": 0.45447004007939246, "ood_validation": 0.4589799296503207, "train": 0.6073564117371554, "id_test_conf": [0.5992122264664788, 0.6108055827929997], "id_test_balanced": 0.5149295330047607, "id_test_balanced_conf": [0.5130697539052926, 0.5167893121042288], "ood_test_conf": [0.4531185420391565, 0.45582204352327144], "ood_test_balanced": 0.5256255865097046, "ood_test_balanced_conf": [0.5251248074881733, 0.5261263655312359], "features": ["FRUIT_ONCE_PER_DAY", "CHCSCNCR", "CHCOCNCR", "DIABETES", "POVERTY", "IYEAR", "PRACE1", "SEX", "IYEAR", "MEDCOST", "PRACE1", "BMI5CAT"]}