{"id_test": 0.644598035649327, "id_test_conf": [0.6389067695070614, 0.6502587254705275], "id_test_balanced": 0.580968976020813, "id_test_balanced_conf": [0.5778020306816325, 0.5841359213599935], "ood_test": 0.5702615506050226, "ood_test_conf": [0.5689172337718752, 0.5716050874981461], "ood_test_balanced": 0.608005940914154, "ood_test_balanced_conf": [0.6071756155590993, 0.6088362662692088], "validation": 0.6468897781011277, "validation_conf": [0.6412065240242266, 0.6525419710589933], "validation_balanced": 0.5863889455795288, "validation_balanced_conf": [0.5832219917979091, 0.5895558993611485], "features": ["FRUIT_ONCE_PER_DAY", "CHCSCNCR", "CHCOCNCR", "DIABETES", "POVERTY", "IYEAR", "PRACE1", "SEX", "IYEAR", "MEDCOST", "PRACE1", "BMI5CAT"]}