{"validation": 0.7836091510299655, "id_test": 0.7841167982989065, "ood_test": 0.7627353084533204, "ood_validation": 0.7628927089508002, "train": 0.7849212457964929, "id_test_conf": [0.782079826532049, 0.7861433405595815], "id_test_balanced": 0.7233508825302124, "id_test_balanced_conf": [0.7219076164136641, 0.7247941486467607], "ood_test_conf": [0.7596925031575236, 0.765758021374864], "ood_test_balanced": 0.7315136194229126, "ood_test_balanced_conf": [0.7294214173499495, 0.7336058214958757], "features": ["COW", "ENG", "HINS3", "NWLA", "OCCP", "WRK", "SEX", "MAR", "CIT", "RAC1P", "SCHL", "ACS_YEAR", "DIVISION"]}