{"validation": 0.8840850149167659, "id_test": 0.8851140585987929, "ood_test": 0.8712768505949053, "ood_validation": 0.9001436781609196, "train": 0.8850586717454076, "id_test_conf": [0.8843114329920735, 0.8859130270258835], "id_test_balanced": 0.8234472274780273, "id_test_balanced_conf": [0.822844713642262, 0.8240497413137927], "ood_test_conf": [0.8652851187769823, 0.8770954391930015], "ood_test_balanced": 0.8334444165229797, "ood_test_balanced_conf": [0.8293152496591211, 0.8375735833868384], "features": ["Average_confidence(CONCENTRATING)", "Average_confidence(CONFUSED)", "attempt_count", "problem_type", "tutor_mode", "type", "school_id"]}