{"id_test": 0.8, "id_test_conf": [0.7877985964418148, 0.8117972267242634], "id_test_balanced": 0.7127869129180908, "id_test_balanced_conf": [0.70441362420097, 0.7211602016352117], "ood_test": 0.7524845744430314, "ood_test_conf": [0.7466215535772452, 0.7582783904669301], "ood_test_balanced": 0.7100942730903625, "ood_test_balanced_conf": [0.7063433290971443, 0.7138452170835808], "validation": 0.8146700390894458, "validation_conf": [0.8027968587928414, 0.826119023856698], "validation_balanced": 0.7329721450805664, "validation_balanced_conf": [0.7247152880951763, 0.7412290020659565], "features": ["VCF0004", "VCF0224", "VCF0301", "VCF9011", "VCF9201", "VCF9203", "VCF0521", "VCF0523", "VCF0428", "VCF0429", "VCF9052", "VCF0839", "VCF0822", "VCF0870", "VCF9045", "VCF0838", "VCF0615", "VCF0617", "VCF0743", "VCF0717", "VCF0718", "VCF0724", "VCF0101", "VCF0112"]}