{"validation": 0.8024833295010347, "id_test": 0.7958620689655173, "ood_test": 0.7160284489661344, "ood_validation": 0.7130139889783806, "train": 0.7896597310035637, "id_test_conf": [0.7835722932725421, 0.8077532807196581], "id_test_balanced": 0.6728529930114746, "id_test_balanced_conf": [0.6653135927580297, 0.6803923932649195], "ood_test_conf": [0.7099101220687511, 0.7220875770259036], "ood_test_balanced": 0.6564724445343018, "ood_test_balanced_conf": [0.6530942780384794, 0.6598506110301241], "features": ["VCF0004", "VCF0224", "VCF0301", "VCF9011", "VCF9201", "VCF9203", "VCF0521", "VCF0523", "VCF0428", "VCF0429", "VCF9052", "VCF0839", "VCF0822", "VCF0870", "VCF9045", "VCF0838", "VCF0615", "VCF0617", "VCF0743", "VCF0717", "VCF0718", "VCF0724", "VCF0101", "VCF0112"]}