{"id_test": 0.6697101877864853, "id_test_conf": [0.6640691711835431, 0.6753147329133552], "id_test_balanced": 0.6363124251365662, "id_test_balanced_conf": [0.6325214528013021, 0.6401033974718302], "ood_test": 0.6011680954529504, "ood_test_conf": [0.5998339210243074, 0.602501139610804], "ood_test_balanced": 0.6263374090194702, "ood_test_balanced_conf": [0.6254518318362534, 0.627222986202687], "validation": 0.6614173228346457, "validation_conf": [0.655742415035254, 0.667057540972888], "validation_balanced": 0.628063440322876, "validation_balanced_conf": [0.6242526266584173, 0.6318742539873347], "features": ["AGEG5YR", "DRNK_PER_WEEK", "TOTINDA", "SMOKE100", "CHCOCNCR", "DIABETES", "POVERTY", "STATE", "MEDCOST", "PRACE1", "IYEAR", "STATE", "BMI5CAT"]}