{"validation": 0.7802866816441477, "id_test": 0.7815727521263669, "ood_test": 0.7663184518712703, "ood_validation": 0.7662122110254891, "train": 0.781204044226709, "id_test_conf": [0.7795272222537567, 0.7836079459709973], "id_test_balanced": 0.7202811241149902, "id_test_balanced_conf": [0.7188342318567448, 0.7217280163732357], "ood_test_conf": [0.7632914004507733, 0.7693251365918785], "ood_test_balanced": 0.7320659160614014, "ood_test_balanced_conf": [0.7300043016299606, 0.7341275304928422], "features": ["COW", "HINS2", "HINS4", "NWLA", "NWLK", "RELP", "WKHP", "WKW", "WRK", "AGEP", "MAR", "CIT", "SCHL", "ACS_YEAR", "DIVISION"]}