{"validation": 0.7906781001803627, "id_test": 0.79143884163629, "ood_test": 0.7793600400468971, "ood_validation": 0.7799644339063426, "train": 0.7918367120920986, "id_test_conf": [0.7894271455438023, 0.7934398391613606], "id_test_balanced": 0.7348299026489258, "id_test_balanced_conf": [0.7333927979157306, 0.7362670073821209], "ood_test_conf": [0.7763929093291113, 0.7823058054455013], "ood_test_balanced": 0.7481875419616699, "ood_test_balanced_conf": [0.7461438234476373, 0.7502312604757025], "features": ["COW", "HINS2", "HINS4", "NWLA", "NWLK", "RELP", "WKHP", "WKW", "WRK", "AGEP", "MAR", "CIT", "SCHL", "ACS_YEAR", "DIVISION"]}