{"validation": 0.8248184465895939, "id_test": 0.8222897695477438, "ood_test": 0.7952248455337779, "ood_validation": 0.8046400294605045, "train": 0.8228460870754096, "id_test_conf": [0.8195995866249421, 0.8249561510051435], "id_test_balanced": 0.5665109753608704, "id_test_balanced_conf": [0.5651629100670107, 0.56785904065473], "ood_test_conf": [0.7916196707290862, 0.7987949254621041], "ood_test_balanced": 0.5709880590438843, "ood_test_balanced_conf": [0.5691629180172458, 0.5728132000705227], "features": ["ENG", "WIF", "NWLA", "RELP", "WKHP", "NATIVITY", "DREM", "PUBCOV", "AGEP", "MAR", "CIT", "DIVISION"]}