{"validation": 0.8731790260565861, "id_test": 0.8734633854920613, "ood_test": 0.8269367494973022, "ood_validation": 0.8275104027636021, "train": 0.8733134258625427, "id_test_conf": [0.8716479572018903, 0.8752622095601951], "id_test_balanced": 0.5004100203514099, "id_test_balanced_conf": [0.5003244900432765, 0.5004955506595433], "ood_test_conf": [0.8253819082617272, 0.828483320611024], "ood_test_balanced": 0.5004163980484009, "ood_test_balanced_conf": [0.5003445406127139, 0.5004882554840878], "features": ["CHOL_CHK_PAST_5_YEARS", "TOLDHI", "BMI5CAT", "SMOKE100", "VEG_ONCE_PER_DAY", "CHECKUP1", "EDUCA", "MENTHLTH", "IYEAR", "SEX", "MEDCOST", "PRACE1", "PRACE1"]}