{"id_test": 0.7751677852348994, "id_test_conf": [0.7234731579947753, 0.8212988735489352], "id_test_balanced": 0.6457444429397583, "id_test_balanced_conf": [0.6137335613369942, 0.6777553245425224], "ood_test": 0.6741365753341801, "ood_test_conf": [0.6690544911074849, 0.6791880552173186], "ood_test_balanced": 0.6818846464157104, "ood_test_balanced_conf": [0.6784837013063952, 0.6852855915250257], "validation": 0.7248322147651006, "validation_conf": [0.6703758807635969, 0.7747554166843915], "validation_balanced": 0.6131508350372314, "validation_balanced_conf": [0.5798876795917749, 0.646413990482688], "features": ["SEVERANCE_PAY_PENSION", "FOSTER_CHILD_CARE_AMT", "CHILD_SUPPORT_AMT", "INCOME_FROM_ASSISTANCE", "INCOME", "SURVIVOR_INCOME_AMOUNT", "GENDER", "AGE", "LIVING_OWNERSHIP", "MEDICAID_ASSISTANCE", "HEALTHDISAB", "DAYS_SICK", "PRESCRIPTION_MEDS", "VISIT_DENTIST_NUM", "HEALTH_HEARING", "HEALTH_COGNITIVE", "HEALTH_SUPPLEMENTAL_DISABILITY", "SOCIAL_SEC_BENEFITS", "CITIZENSHIP_STATUS"]}