{"validation": 0.7503971141980191, "id_test": 0.7502278250303767, "ood_test": 0.7154957779504947, "ood_validation": 0.703734439834025, "train": 0.7511492157013202, "id_test_conf": [0.748085729378579, 0.7523607361285789], "id_test_balanced": 0.6793349981307983, "id_test_balanced_conf": [0.6778611370711587, 0.680808859190438], "ood_test_conf": [0.7122714517234896, 0.7187036270960938], "ood_test_balanced": 0.6774976253509521, "ood_test_balanced_conf": [0.675340931257233, 0.6796543194446713], "features": ["COW", "ENG", "FER", "HINS1", "HINS3", "NWLK", "OCCP", "RELP", "WRK", "AGEP", "ST", "CIT", "RAC1P", "ACS_YEAR", "DIVISION"]}