{"validation": 0.7848178970350916, "id_test": 0.7849331713244229, "ood_test": 0.7846030219599267, "ood_validation": 0.774510966212211, "train": 0.7853816440330569, "id_test_conf": [0.78289897002142, 0.786956913123736], "id_test_balanced": 0.748473048210144, "id_test_balanced_conf": [0.7470024631591514, 0.7499436332611367], "ood_test_conf": [0.781661161509031, 0.7875231155521548], "ood_test_balanced": 0.7624887228012085, "ood_test_balanced_conf": [0.7604186328453943, 0.7645588127570226], "features": ["FER", "HINS1", "HINS2", "NWLA", "OCCP", "RELP", "WKHP", "WKW", "AGEP", "CIT", "RAC1P", "ACS_YEAR", "DIVISION"]}