{"validation": 0.8239281671690386, "id_test": 0.8190466500483289, "ood_test": 0.7902942018904211, "ood_validation": 0.795617749953968, "train": 0.8204232629272931, "id_test_conf": [0.8163376394567304, 0.8217320992036451], "id_test_balanced": 0.5690372586250305, "id_test_balanced_conf": [0.567624657615088, 0.5704498596349731], "ood_test_conf": [0.7866577499679004, 0.7938961462050033], "ood_test_balanced": 0.5918510556221008, "ood_test_balanced_conf": [0.5897150283912197, 0.593987082852982], "features": ["ENG", "FER", "WIF", "NWLA", "NWLK", "OCCP", "POBP", "RELP", "DIS", "ANC", "NATIVITY", "DEYE", "CIT", "RAC1P", "ACS_YEAR", "DIVISION"]}