{"validation": 0.7850916867852414, "id_test": 0.7838320866165317, "ood_test": 0.4075038178112357, "ood_validation": 0.4052335049958185, "train": 0.7843506481998498, "id_test_conf": [0.7826893796081345, 0.7849715089663247], "id_test_balanced": 0.5439988970756531, "id_test_balanced_conf": [0.5435208519169827, 0.5444769422343234], "ood_test_conf": [0.40643862606792125, 0.40856966470365697], "ood_test_balanced": 0.52789306640625, "ood_test_balanced_conf": [0.5275366271677194, 0.5282495056447806], "features": ["ESP", "ANC", "NATIVITY", "DEYE", "ESR", "FER", "SEX", "ST", "CIT", "RAC1P", "DIVISION", "DIS"]}