{"validation": 0.7844846350001298, "id_test": 0.7834746456541969, "ood_test": 0.45064477910492656, "ood_validation": 0.44803908622738675, "train": 0.7836986667578575, "id_test_conf": [0.7823312587274853, 0.7846147520610791], "id_test_balanced": 0.5429399013519287, "id_test_balanced_conf": [0.5424659343477106, 0.5434138683561468], "ood_test_conf": [0.4495660235661467, 0.4517238842227134], "ood_test_balanced": 0.558053731918335, "ood_test_balanced_conf": [0.5575906430825125, 0.5585168207541574], "features": ["ANC", "NATIVITY", "DREM", "ESR", "FER", "AGEP", "ST", "MAR", "RAC1P", "DIVISION", "DIS"]}