{"validation": 0.7843728096712934, "id_test": 0.7834047549632375, "ood_test": 0.45643538087022867, "ood_validation": 0.4537941810819138, "train": 0.7835903359975878, "id_test_conf": [0.782261235239655, 0.7845449949762471], "id_test_balanced": 0.5385352969169617, "id_test_balanced_conf": [0.5380885581194889, 0.5389820357144345], "ood_test_conf": [0.4553554336395992, 0.4575156366652473], "ood_test_balanced": 0.5623096823692322, "ood_test_balanced_conf": [0.561836821923498, 0.5627825428149663], "features": ["ANC", "NATIVITY", "DREM", "ESR", "FER", "AGEP", "ST", "MAR", "RAC1P", "DIVISION", "DIS"]}