{"validation": 0.7098831030818279, "id_test": 0.7547770700636943, "ood_test": 0.6512525345019294, "ood_validation": 0.660977045320777, "train": 0.7353605098924446, "id_test_conf": [0.7260017322148011, 0.781949559909501], "id_test_balanced": 0.7649382948875427, "id_test_balanced_conf": [0.7459600093215704, 0.7839165804535151], "ood_test_conf": [0.643637403157444, 0.6588100768309355], "ood_test_balanced": 0.6741710305213928, "ood_test_balanced_conf": [0.6694976092688739, 0.6788444517739117], "features": ["FCSZ1231", "JOBORG31", "MCRPHO31", "MCDHMO31", "MCDMC31", "FSAGT31", "HASFSA31", "MCAID31", "MCARE31", "GOVAAT31", "GOVBAT31", "GOVTC31", "GOVCAT31", "VAPRAT31", "IHS31", "BSNTY31", "IHSAT31", "RETPLN31", "VACMPY31", "EMPST31", "HRWGIM31", "HRHOW31", "DIFFWG31", "NHRWG31", "CHOIC31", "NUMEMP31", "MORE31", "UNION31", "STJBMM31", "PAYDR31", "PRIDK31", "PRING31", "TRIAT31X", "MCDAT31X", "PUB31X", "INS31X", "INSAT31X", "RACEV1X", "RACEV2X", "RACEBX", "RACEWX", "HISPANX", "HISPNCAT", "EDUCYR", "WHTLGSPK", "PRIEU31", "MCRPD31X", "TRILI31X", "PRSTX31", "PRIV31", "PRIVAT31", "DNTINS31", "PMEDUP31", "PMEDPY31", "DISVW31X", "OFFER31X", "TRIST31X", "TRIPR31X", "TRIEX31X", "TRICH31X", "VACMPM31", "VASPMH31", "AIDHLP31", "WLKLIM31", "WLKDIF31", "MILDIF31", "ACTLIM31", "WRKLIM31", "SCHLIM31", "VASPOU31", "ASACUT31", "ASSTIL31", "FCRP1231", "FAMSZE31", "FMRS1231", "REGION31", "PROXY31", "BEGRFM31", "ENDRFM31", "SPOUID31", "SPOUIN31", "ACTDTY31", "RTHLTH31", "UNABLE31", "VAPRHT31", "VAWAIT31", "VALOCT31", "VANTWK31", "VANEED31", "VAOUT31", "VACOMP31", "VAMREC31", "VAPROB31", "VAREP31", "VACARE31", "VAPCPR31", "VAPROV31", "VAPCOT31", "VAPCCO31", "VAPCSN31", "VAPCUN31", "VASPCL31", "VAPACT31", "VACTDY31", "VARECM31", "VAMOBL31", "VADERM31", "VAHRLS31", "VABACK31", "VAJTPN31", "VAGOUT31", "VANECK31", "VAFIBR31", "VACOST31", "VADEPR31", "VAPROS31", "VAGCNS31", "MOPID31X", "DAPID31X", "AGE31X", "INSCOV19"]}