{"validation": 0.7683637629338986, "id_test": 0.7694094268934791, "ood_test": 0.761035949994072, "ood_validation": 0.7564908120924718, "train": 0.7690240585765784, "id_test_conf": [0.7673245190357326, 0.7714844456042849], "id_test_balanced": 0.7031824588775635, "id_test_balanced_conf": [0.7017257706518285, 0.7046391471032984], "ood_test_conf": [0.7579857771573733, 0.7640661605535071], "ood_test_balanced": 0.7370195388793945, "ood_test_balanced_conf": [0.7348855595104397, 0.7391535182483494], "features": ["ENG", "FER", "HINS1", "HINS3", "POBP", "WKHP", "WKW", "SEX", "RAC1P", "SCHL", "ACS_YEAR", "DIVISION"]}