{"validation": 0.8255815432357841, "id_test": 0.822811212290787, "ood_test": 0.8010966078808461, "ood_validation": 0.8044559013073099, "train": 0.8230352708507547, "id_test_conf": [0.8201240870801312, 0.825474497440581], "id_test_balanced": 0.5983679294586182, "id_test_balanced_conf": [0.5967397868167609, 0.5999960721004755], "ood_test_conf": [0.7975297516138478, 0.8046276697912008], "ood_test_balanced": 0.6239671111106873, "ood_test_balanced_conf": [0.6216665831813589, 0.6262676390400156], "features": ["HUPAC", "OCCP", "RELP", "WKHP", "WRK", "DIS", "ANC", "NATIVITY", "DEYE", "AGEP", "MAR", "RAC1P", "SCHL", "DIVISION"]}