{"validation": 0.8750203245422913, "id_test": 0.8744593671750512, "ood_test": 0.8260141788105554, "ood_validation": 0.8224744704194447, "train": 0.8743281461661269, "id_test_conf": [0.872594857503175, 0.8763062035773451], "id_test_balanced": 0.516852855682373, "id_test_balanced_conf": [0.5162824058311526, 0.5174233055335935], "ood_test_conf": [0.8243985119306095, 0.8276209801656629], "ood_test_balanced": 0.5146905183792114, "ood_test_balanced_conf": [0.5142695094551891, 0.5151115273032337], "features": ["BMI5", "BMI5CAT", "CVDSTRK3", "DRNK_PER_WEEK", "RFBING5", "INCOME", "MARITAL", "CHECKUP1", "HEALTH_COV", "MENTHLTH", "PRACE1", "SEX", "MEDCOST", "PRACE1", "PRACE1", "IYEAR"]}