{"validation": 0.7676802835173876, "id_test": 0.7672577460510328, "ood_test": 0.741499914373411, "ood_validation": 0.7407231772377001, "train": 0.7679213177831588, "id_test_conf": [0.7651661302862122, 0.769339551714151], "id_test_balanced": 0.7033001184463501, "id_test_balanced_conf": [0.7018340611667372, 0.704766175725963], "ood_test_conf": [0.7383696841241669, 0.7446116777038958], "ood_test_balanced": 0.709333062171936, "ood_test_balanced_conf": [0.707191024380736, 0.7114750999631361], "features": ["COW", "HINS3", "NWLK", "OCCP", "RELP", "AGEP", "MAR", "SCHL", "DIVISION"]}