{"validation": 0.7794269144187111, "id_test": 0.7774329755303454, "ood_test": 0.7581938704529645, "ood_validation": 0.7654207328300497, "0": 0.660185371750957, "1": 0.8146089255170269, "2": 0.795025557910485, "3": 0.7872182183859885, "4": 0.8056492411467117, "5": 0.7729879982492648, "7": 0.7502847815109274, "8": 0.7773891615826395, "9": 0.7763489007298616, "id_test_conf": [0.7745088980324465, 0.7803365695017177], "id_test_balanced": 0.6886759996414185, "id_test_balanced_conf": [0.6865002137701959, 0.690851785512641], "ood_test_conf": [0.7543724705826917, 0.7619845841642803], "ood_test_balanced": 0.7089343667030334, "ood_test_balanced_conf": [0.7061405926896259, 0.711728140716441], "features": ["DIVISION", "AGEP", "SEX", "RAC1P", "POBP", "DIS", "ANC", "NATIVITY", "DEAR", "DEYE", "DREM", "ST", "MAR", "ENG", "FER", "CIT", "SCHL", "HUPAC", "OCCP", "MIL", "WIF", "WKHP", "WKW", "WRK", "NWLA", "NWLK"]}