{"validation": 0.7816907678024089, "id_test": 0.7794933102711502, "ood_test": 0.7476165145873399, "ood_validation": 0.7589762474682379, "0": 0.6457787628450534, "1": 0.8142201834862385, "2": 0.798204712629348, "3": 0.7927071985250984, "4": 0.8232318222398571, "5": 0.770216000798581, "7": 0.7493452961140535, "8": 0.7858548121062777, "9": 0.777925043657368, "id_test_conf": [0.7765788128849543, 0.7823871718129258], "id_test_balanced": 0.6978901624679565, "id_test_balanced_conf": [0.6957164712343364, 0.7000638537015766], "ood_test_conf": [0.7437407590623972, 0.751462842557843], "ood_test_balanced": 0.7099400758743286, "ood_test_balanced_conf": [0.7071267692511901, 0.7127533824974671], "features": ["DIVISION", "AGEP", "SEX", "RAC1P", "POBP", "DIS", "ANC", "NATIVITY", "DEAR", "DEYE", "DREM", "ST", "MAR", "ENG", "FER", "CIT", "SCHL", "HUPAC", "OCCP", "MIL", "WIF", "WKHP", "WKW", "WRK", "NWLA", "NWLK"]}