{"validation": 0.7997507217622445, "id_test": 0.7988757185735361, "ood_test": 0.7726789148492165, "ood_validation": 0.7733382434174185, "0": 0.6617973000201491, "1": 0.8186518426372259, "2": 0.8082782695424511, "3": 0.8044288946618621, "4": 0.8366481499851205, "5": 0.7844675998802129, "7": 0.7895435275327939, "8": 0.8081715387214086, "9": 0.7992656606815027, "id_test_conf": [0.7960565928316828, 0.8016727752161537], "id_test_balanced": 0.6211432218551636, "id_test_balanced_conf": [0.6192120212037117, 0.6230744225066155], "ood_test_conf": [0.768937107514065, 0.776388311994457], "ood_test_balanced": 0.6311132907867432, "ood_test_balanced_conf": [0.6285365086793899, 0.6336900728940964], "features": ["DIVISION", "AGEP", "SEX", "RAC1P", "POBP", "DIS", "ANC", "NATIVITY", "DEAR", "DEYE", "DREM", "ST", "MAR", "ENG", "FER", "CIT", "SCHL", "HUPAC", "OCCP", "MIL", "WIF", "WKHP", "WKW", "WRK", "NWLA", "NWLK"]}