{"id_test": 0.6448539458621072, "id_test_conf": [0.6391202942087485, 0.6505565011851977], "id_test_balanced": 0.6091693639755249, "id_test_balanced_conf": [0.6053576535871252, 0.6129810743639246], "ood_test": 0.5339942333360941, "ood_test_conf": [0.532636181902359, 0.5353519054023721], "ood_test_balanced": 0.5757635235786438, "ood_test_balanced_conf": [0.5749419854336884, 0.5765850617235992], "validation": 0.6498762878983715, "validation_conf": [0.6441605454298105, 0.6555598554262976], "validation_balanced": 0.6139999032020569, "validation_balanced_conf": [0.6101948290271685, 0.6178049773769453], "features": ["AGEG5YR", "FRUIT_ONCE_PER_DAY", "VEG_ONCE_PER_DAY", "SMOKDAY2", "CHCSCNCR", "CHCOCNCR", "POVERTY", "IYEAR", "STATE", "PRACE1", "IYEAR", "STATE", "PRACE1", "SEX", "BMI5CAT"]}