{"validation": 0.40108571217548655, "id_test": 0.4021566527567488, "ood_test": 0.583995100069146, "ood_validation": 0.5874878657606435, "train": 0.4015417993814338, "id_test_conf": [0.39630880882159536, 0.40802549893191337], "id_test_balanced": 0.4999849498271942, "id_test_balanced_conf": [0.49991113937154297, 0.5000587602828455], "ood_test_conf": [0.5826529506552219, 0.585336312107344], "ood_test_balanced": 0.5000119209289551, "ood_test_balanced_conf": [0.499998561512366, 0.5000252803455442], "features": ["AGEG5YR", "FRUIT_ONCE_PER_DAY", "VEG_ONCE_PER_DAY", "SMOKDAY2", "CHCSCNCR", "CHCOCNCR", "POVERTY", "IYEAR", "STATE", "PRACE1", "IYEAR", "STATE", "PRACE1", "SEX", "BMI5CAT"]}