{"validation": 0.5983603530411019, "id_test": 0.5983603530411019, "ood_test": 0.42034434341119165, "ood_validation": 0.41564970184440436, "train": 0.598490513779255, "id_test_conf": [0.5924926833899187, 0.6042069094575537], "id_test_balanced": 0.504249632358551, "id_test_balanced_conf": [0.5030981434416026, 0.5054011212754994], "ood_test_conf": [0.41900114906420005, 0.42168842670497747], "ood_test_balanced": 0.5015985369682312, "ood_test_balanced_conf": [0.5013550438464154, 0.501842030090047], "features": ["AGEG5YR", "FRUIT_ONCE_PER_DAY", "VEG_ONCE_PER_DAY", "SMOKDAY2", "CHCSCNCR", "CHCOCNCR", "POVERTY", "IYEAR", "STATE", "PRACE1", "IYEAR", "STATE", "PRACE1", "SEX", "BMI5CAT"]}