{"id_test": 0.9249735822472702, "id_test_conf": [0.9222388474441079, 0.9276412207516175], "id_test_balanced": 0.8785247206687927, "id_test_balanced_conf": [0.8763291092123836, 0.8807203321252018], "ood_test": 0.4979919678714859, "ood_test_conf": [0.43422890694776667, 0.5618033919062781], "ood_test_balanced": 0.5078740119934082, "ood_test_balanced_conf": [0.5001419972628355, 0.5156060267239809], "validation": 0.9266785888473419, "validation_conf": [0.923971942910485, 0.9293178627300509], "validation_balanced": 0.8821498155593872, "validation_balanced_conf": [0.879977012150921, 0.8843226189678535], "features": ["Average_confidence(FRUSTRATED)", "attempt_count", "skill_id", "problem_type", "position", "first_action", "school_id"]}