{"validation": 0.7639338037528083, "id_test": 0.7619481571486432, "ood_test": 0.7369946384581945, "ood_validation": 0.7301719027860106, "train": 0.7626916051681679, "id_test_conf": [0.7598403106860905, 0.7640463885561743], "id_test_balanced": 0.6955143213272095, "id_test_balanced_conf": [0.6940458166529424, 0.6969828260014765], "ood_test_conf": [0.7338471164802269, 0.7401240383072483], "ood_test_balanced": 0.6954033374786377, "ood_test_balanced_conf": [0.6933276177849621, 0.6974790571723133], "features": ["COW", "HINS2", "HINS4", "NWLK", "OCCP", "WKHP", "WKW", "WRK", "SEX", "ST", "CIT", "ACS_YEAR", "DIVISION"]}