{"validation": 0.8155897907564957, "id_test": 0.8108045977011494, "ood_test": 0.7709010409307145, "ood_validation": 0.7732089868588385, "train": 0.8112139326359352, "id_test_conf": [0.7988434223910057, 0.8223469279692728], "id_test_balanced": 0.7271925806999207, "id_test_balanced_conf": [0.7188887335546315, 0.7354964278452099], "ood_test_conf": [0.7651876807252381, 0.776540137768838], "ood_test_balanced": 0.7289986610412598, "ood_test_balanced_conf": [0.7253349415911362, 0.7326623804913833], "features": ["VCF0901b", "VCF0218", "VCF0301", "VCF0302", "VCF9008", "VCF9011", "VCF9201", "VCF9202", "VCF9203", "VCF9205", "VCF9206", "VCF0521", "VCF0523", "VCF0429", "VCF0875", "VCF9045", "VCF0803", "VCF0846", "VCF0601", "VCF0615", "VCF0310", "VCF0717", "VCF0721", "VCF0701", "VCF0675", "VCF0725", "VCF0104", "VCF0115", "VCF0112"]}