{"validation": 0.7876847134765687, "id_test": 0.7876291008505468, "ood_test": 0.782337210680929, "ood_validation": 0.7714285714285715, "train": 0.7880554344790816, "id_test_conf": [0.7856041329266751, 0.789643510206492], "id_test_balanced": 0.7609437704086304, "id_test_balanced_conf": [0.7594795903167687, 0.762407950500492], "ood_test_conf": [0.7793843441531864, 0.7852684838851941], "ood_test_balanced": 0.7701721787452698, "ood_test_balanced_conf": [0.7680771981971338, 0.7722671592934057], "features": ["COW", "ENG", "FER", "HINS1", "HINS2", "HINS4", "NWLA", "NWLK", "OCCP", "POBP", "RELP", "WKW", "WRK", "SEX", "ST", "CIT", "SCHL", "DIVISION"]}