{"validation": 0.7758440654368256, "id_test": 0.7742190664236533, "ood_test": 0.7492326540290604, "ood_validation": 0.7365737996443391, "train": 0.775070147446095, "id_test_conf": [0.7721494299664055, 0.7762786370365765], "id_test_balanced": 0.6991045475006104, "id_test_balanced_conf": [0.6976822335785254, 0.7005268614226953], "ood_test_conf": [0.7461331097701395, 0.7523131395304183], "ood_test_balanced": 0.7112727165222168, "ood_test_balanced_conf": [0.7091940536117182, 0.7133513794327154], "features": ["COW", "ENG", "FER", "HINS1", "HINS2", "HINS4", "NWLA", "NWLK", "OCCP", "POBP", "RELP", "WKW", "WRK", "SEX", "ST", "CIT", "SCHL", "DIVISION"]}