{"validation": 0.8098413428374339, "id_test": 0.7963218390804597, "ood_test": 0.7345862182657434, "ood_validation": 0.7452310300974989, "train": 0.7920163237153696, "id_test_conf": [0.7840417859124145, 0.8082027047758875], "id_test_balanced": 0.7018771767616272, "id_test_balanced_conf": [0.6935943042859435, 0.7101600492373109], "ood_test_conf": [0.7285913660433809, 0.7405167792537444], "ood_test_balanced": 0.6878054738044739, "ood_test_balanced_conf": [0.6840799458883703, 0.6915310017205775], "features": ["VCF0004", "VCF0901b", "VCF9010", "VCF9011", "VCF9201", "VCF9202", "VCF9203", "VCF0521", "VCF0809", "VCF0839", "VCF0870", "VCF0843", "VCF9239", "VCF0606", "VCF0612", "VCF0616", "VCF0310", "VCF0718", "VCF0721", "VCF0724", "VCF0745", "VCF0101", "VCF0104", "VCF0115", "VCF0112"]}