{"id_test": 0.7420382165605095, "id_test_conf": [0.7128388424968819, 0.7697155045710924], "id_test_balanced": 0.7375125885009766, "id_test_balanced_conf": [0.7176768650859594, 0.7573483119159937], "ood_test": 0.6509909084963046, "ood_test_conf": [0.6433745122913782, 0.6585498153560637], "ood_test_balanced": 0.660247802734375, "ood_test_balanced_conf": [0.6550283226929605, 0.6654672827757895], "validation": 0.7215727948990436, "validation_conf": [0.6917395991057349, 0.7500119088132441], "validation_balanced": 0.7168023586273193, "validation_balanced_conf": [0.6964826963469386, 0.7371220209077001], "features": ["FCSZ1231", "JOBORG31", "OFREMP31", "MCDHMO31", "FSAGT31", "MCARE31", "GOVTA31", "GOVBAT31", "GOVTC31", "VAPROG31", "IHS31", "BSNTY31", "RNDFLG31", "HRHOW31", "DIFFWG31", "TEMPJB31", "SSNLJB31", "SELFCM31", "CHOIC31", "NWK31", "STJBMM31", "OCCCAT31", "PAYDR31", "PRING31", "TRIAT31X", "MCAID31X", "MCARE31X", "PUBAT31X", "INSAT31X", "RACEV2X", "RACEAX", "RACEWX", "RACETHX", "HISPANX", "HISPNCAT", "EDUCYR", "TRICR31X", "PRIEU31", "MCRPD31X", "TRILI31X", "PRIOG31", "PRIEUO31", "VERFLG31", "DNTINS31", "PMEDIN31", "FTSTU31X", "REFRL31X", "HRWG31X", "HELD31X", "OFFER31X", "TRIST31X", "TRIPR31X", "TRIEX31X", "VASPUN31", "VACMPM31", "VASPMH31", "ASDALY31", "ASPKFL31", "ASEVFL31", "IADLHP31", "ADLHLP31", "WLKLIM31", "WLKDIF31", "MILDIF31", "ACTLIM31", "HSELIM31", "ASACUT31", "SOCLIM31", "RUSIZE31", "RUCLAS31", "FAMSZE31", "FMRS1231", "FAMS1231", "ENDRFY31", "PSTATS31", "SPOUID31", "ACTDTY31", "RTHLTH31", "MNHLTH31", "CHBRON31", "COGLIM31", "UNABLE31", "VALOCT31", "VAOUT31", "VAPAST31", "VACOMP31", "VACARC31", "VAPCPR31", "VAPROV31", "VAPCSN31", "VAPCRF31", "VAPCSO31", "VACTDY31", "VARECM31", "VACOPD31", "VAJTPN31", "VANECK31", "VAFIBR31", "VAPTSD31", "VABIPL31", "VAMOOD31", "VAMNHC31", "VARXMD31", "VACRGV31", "MOPID31X", "INSCOV19"]}