{"validation": 0.8043097174318894, "id_test": 0.8038046780072904, "ood_test": 0.7960769848902004, "ood_validation": 0.7867219917012448, "train": 0.8033276825119074, "id_test_conf": [0.8018379274864408, 0.8057602754799813], "id_test_balanced": 0.7592852115631104, "id_test_balanced_conf": [0.7578589895903133, 0.7607114335359074], "ood_test_conf": [0.7931929087272243, 0.7989384152813214], "ood_test_balanced": 0.7778749465942383, "ood_test_balanced_conf": [0.7758327087014913, 0.7799171844869852], "features": ["COW", "FER", "HINS1", "HINS2", "HINS3", "HINS4", "NWLK", "OCCP", "POBP", "WKHP", "WKW", "WRK", "AGEP", "SEX", "CIT", "SCHL", "ACS_YEAR", "DIVISION"]}