{"validation": 0.9725899209241219, "id_test": 0.9719827719765749, "ood_test": 0.9607544724987929, "ood_validation": 0.9608910891089109, "train": 0.9716975724176824, "id_test_conf": [0.971165978536792, 0.9727825479351906], "id_test_balanced": 0.6159822344779968, "id_test_balanced_conf": [0.6149428692529909, 0.6170215997030027], "ood_test_conf": [0.9598023173670809, 0.9616902559783417], "ood_test_balanced": 0.6484659314155579, "ood_test_balanced_conf": [0.6473464750521817, 0.649585387778934], "features": ["ENG", "RELP", "WKW", "WRK", "OCCP", "NATIVITY", "DEAR", "MAR", "CIT", "RAC1P", "ACS_YEAR", "SCHL"]}