{"validation": 0.8032465272284277, "id_test": 0.8038110064803564, "ood_test": 0.7914926690466467, "ood_validation": 0.7850622406639004, "train": 0.8030136307938389, "id_test_conf": [0.8018442797141959, 0.8057665799657384], "id_test_balanced": 0.7497562170028687, "id_test_balanced_conf": [0.748340554239694, 0.7511718797660433], "ood_test_conf": [0.7885850884483501, 0.794377955063631], "ood_test_balanced": 0.7690746188163757, "ood_test_balanced_conf": [0.7670280431071297, 0.7711211945256218], "features": ["ENG", "FER", "HINS1", "NWLK", "OCCP", "POBP", "RELP", "WKHP", "WKW", "CIT", "RAC1P", "SCHL", "DIVISION"]}