{"validation": 0.8030756573742999, "id_test": 0.8032984001620089, "ood_test": 0.8017151664449158, "ood_validation": 0.7932424422050978, "train": 0.8030065112334797, "id_test_conf": [0.8013297518173406, 0.8052559140677554], "id_test_balanced": 0.7690602540969849, "id_test_balanced_conf": [0.7676291788625531, 0.7704913293314166], "ood_test_conf": [0.798860783153486, 0.8045464719839015], "ood_test_balanced": 0.7911747694015503, "ood_test_balanced_conf": [0.7891467068204656, 0.793202831982635], "features": ["ENG", "FER", "HINS1", "NWLK", "OCCP", "POBP", "RELP", "WKHP", "WKW", "CIT", "RAC1P", "SCHL", "DIVISION"]}