{"validation": 0.650031422128572, "id_test": 0.6544802602395386, "ood_test": 0.5992071296628373, "ood_validation": 0.5996529284164859, "train": 0.649292318782317, "id_test_conf": [0.6487786823372448, 0.6601486412274375], "id_test_balanced": 0.6214836835861206, "id_test_balanced_conf": [0.6176506560388952, 0.625316711133346], "ood_test_conf": [0.5978718746634661, 0.6005412763006023], "ood_test_balanced": 0.6212407350540161, "ood_test_balanced_conf": [0.6203417304565665, 0.6221397396514657], "features": ["BMI5CAT", "AGEG5YR", "FRUIT_ONCE_PER_DAY", "VEG_ONCE_PER_DAY", "DRNK_PER_WEEK", "RFBING5", "TOTINDA", "SMOKE100", "SMOKDAY2", "CHCSCNCR", "DIABETES", "POVERTY", "EMPLOY1", "IYEAR", "STATE", "MEDCOST", "PRACE1", "SEX"]}