{"validation": 0.8250172453437572, "id_test": 0.8255172413793104, "ood_test": 0.775846639348123, "ood_validation": 0.7842306061890632, "train": 0.8176227152546269, "id_test_conf": [0.8139065719997541, 0.8366890593200376], "id_test_balanced": 0.7497568130493164, "id_test_balanced_conf": [0.741538597792387, 0.7579750283062459], "ood_test_conf": [0.7701760349518245, 0.7814416214119415], "ood_test_balanced": 0.7366464138031006, "ood_test_balanced_conf": [0.7329509870614856, 0.7403418405447155], "features": ["VCF0901b", "VCF0218", "VCF0301", "VCF0302", "VCF9008", "VCF9010", "VCF9011", "VCF9206", "VCF0521", "VCF0523", "VCF0428", "VCF0429", "VCF9052", "VCF0870", "VCF9045", "VCF0838", "VCF0606", "VCF0612", "VCF0615", "VCF0617", "VCF0310", "VCF0743", "VCF0717", "VCF0718", "VCF0721", "VCF0701", "VCF0675", "VCF0726", "VCF0745", "VCF0101", "VCF0105a", "VCF0115", "VCF0112"]}