{"validation": 0.7934753029775654, "id_test": 0.7932044856217092, "ood_test": 0.7712452740709516, "ood_validation": 0.7619442797866034, "train": 0.7943625738951036, "id_test_conf": [0.7911990305740771, 0.7951991772154328], "id_test_balanced": 0.7298693656921387, "id_test_balanced_conf": [0.728449180861935, 0.7312895505223423], "ood_test_conf": [0.768240377199208, 0.7742294270160738], "ood_test_balanced": 0.7331394553184509, "ood_test_balanced_conf": [0.7311224762909114, 0.7351564343459904], "features": ["COW", "FER", "HINS4", "NWLK", "OCCP", "POBP", "RELP", "WKHP", "WKW", "WRK", "SEX", "ST", "MAR", "CIT", "RAC1P", "ACS_YEAR", "DIVISION"]}