{"validation": 0.8132448141223753, "id_test": 0.8097624255990232, "ood_test": 0.779839600638324, "ood_validation": 0.7865954704474314, "train": 0.8103361112082643, "id_test_conf": [0.8070012747212868, 0.8125007020407042], "id_test_balanced": 0.5084769129753113, "id_test_balanced_conf": [0.5079262953263242, 0.5090275306242984], "ood_test_conf": [0.7761394479702792, 0.7835064906254097], "ood_test_balanced": 0.5060310363769531, "ood_test_balanced_conf": [0.5053702026850079, 0.5066918700688984], "features": ["ENG", "RELP", "WKHP", "WKW", "WRK", "DIS", "DREM", "AGEP", "SEX", "RAC1P", "DIVISION"]}