{"validation": 0.7850080478270867, "id_test": 0.7832183908045977, "ood_test": 0.7342094107672743, "ood_validation": 0.7367528613819415, "train": 0.7859236693872859, "id_test_conf": [0.770670429980427, 0.7953849237785581], "id_test_balanced": 0.6972716450691223, "id_test_balanced_conf": [0.6886980761401356, 0.7058452139981091], "ood_test_conf": [0.728211920582199, 0.7401427131381559], "ood_test_balanced": 0.6930251717567444, "ood_test_balanced_conf": [0.6891589585784823, 0.6968913849350065], "features": ["VCF0901b", "VCF0218", "VCF0301", "VCF0302", "VCF9008", "VCF9011", "VCF9201", "VCF9202", "VCF0521", "VCF0429", "VCF0875", "VCF9052", "VCF0809", "VCF0843", "VCF0838", "VCF9239", "VCF0846", "VCF0601", "VCF0612", "VCF0616", "VCF0617", "VCF0743", "VCF0717", "VCF0720", "VCF0725", "VCF0726", "VCF0745", "VCF0105a", "VCF0112"]}