{"validation": 0.8163989469266283, "id_test": 0.8130691356768581, "ood_test": 0.7820082654773108, "ood_validation": 0.7860430859878476, "train": 0.8137080337923557, "id_test_conf": [0.8103262622224476, 0.8157888900333233], "id_test_balanced": 0.5246714949607849, "id_test_balanced_conf": [0.5237906705855857, 0.5255523193359841], "ood_test_conf": [0.7783210408391437, 0.78566196922069], "ood_test_balanced": 0.5238262414932251, "ood_test_balanced_conf": [0.5226193349226378, 0.5250331480638124], "features": ["NWLK", "OCCP", "POBP", "WKHP", "WKW", "DIS", "MIL", "ANC", "NATIVITY", "DEYE", "DREM", "SEX", "CIT", "SCHL", "DIVISION"]}