{"validation": 0.8158774975517316, "id_test": 0.8132090349493819, "ood_test": 0.7818650517615287, "ood_validation": 0.7875161112134045, "train": 0.8133296662416656, "id_test_conf": [0.8104669418340084, 0.8159279986151821], "id_test_balanced": 0.521016538143158, "id_test_balanced_conf": [0.5202171031595207, 0.5218159731267952], "ood_test_conf": [0.7781769688364437, 0.7855196308441401], "ood_test_balanced": 0.5138444900512695, "ood_test_balanced_conf": [0.5129371650307439, 0.5147518150717951], "features": ["NWLK", "OCCP", "POBP", "WKHP", "WKW", "DIS", "MIL", "ANC", "NATIVITY", "DEYE", "DREM", "SEX", "CIT", "SCHL", "DIVISION"]}