{"id_test": 0.652091669698072, "id_test_conf": [0.646427130282947, 0.6577240475424773], "id_test_balanced": 0.5994491577148438, "id_test_balanced_conf": [0.5959851932199672, 0.6029131222097203], "ood_test": 0.5868929657984076, "ood_test_conf": [0.5855557374946213, 0.5882292295398515], "ood_test_balanced": 0.6182820796966553, "ood_test_balanced_conf": [0.6174225769867189, 0.6191415824065917], "validation": 0.6540196435067297, "validation_conf": [0.6483622278354864, 0.6596444897339824], "validation_balanced": 0.6034820079803467, "validation_balanced_conf": [0.6000333227030933, 0.6069306932576001], "features": ["VEG_ONCE_PER_DAY", "SMOKE100", "CHCOCNCR", "DIABETES", "POVERTY", "EMPLOY1", "STATE", "SEX", "STATE", "PRACE1", "SEX", "BMI5CAT", "IYEAR"]}