{"validation": 0.7508021390374332, "id_test": 0.7509239570676387, "ood_test": 0.725902701848217, "ood_validation": 0.729460580912863, "train": 0.7496145549127735, "id_test_conf": [0.7487838363491417, 0.7530548676643476], "id_test_balanced": 0.6922277212142944, "id_test_balanced_conf": [0.6907231798744761, 0.6937322625541128], "ood_test_conf": [0.7227143963947871, 0.7290737339562938], "ood_test_balanced": 0.6928842067718506, "ood_test_balanced_conf": [0.6907111902488395, 0.6950572232948616], "features": ["ENG", "FER", "HINS1", "HINS2", "HINS3", "NWLK", "POBP", "WKHP", "WKW", "SEX", "ST", "MAR", "CIT", "DIVISION"]}