{"validation": 0.7436888902952251, "id_test": 0.7429690664236533, "ood_test": 0.738193410704641, "ood_validation": 0.7434499110847659, "train": 0.7433398490494991, "id_test_conf": [0.7408068125496265, 0.7451224023397857], "id_test_balanced": 0.7311829924583435, "id_test_balanced_conf": [0.7296415275405161, 0.7327244573761709], "ood_test_conf": [0.7350504481515779, 0.7413181593884911], "ood_test_balanced": 0.7349966168403625, "ood_test_balanced_conf": [0.7327779947174713, 0.7372152389632538], "features": ["ENG", "FER", "HINS1", "HINS2", "HINS3", "NWLK", "POBP", "WKHP", "WKW", "SEX", "ST", "MAR", "CIT", "DIVISION"]}