{"validation": 0.8300710951708701, "id_test": 0.8254947347001068, "ood_test": 0.7948361225909407, "ood_validation": 0.797090775179525, "train": 0.8262148301002515, "id_test_conf": [0.8228234811479155, 0.8281419495545258], "id_test_balanced": 0.5879876017570496, "id_test_balanced_conf": [0.5864669602294452, 0.5895082432846539], "ood_test_conf": [0.791228452468367, 0.7984087441395493], "ood_test_balanced": 0.6004754900932312, "ood_test_balanced_conf": [0.5983079563640058, 0.6026430238224566], "features": ["WIF", "NWLA", "WKW", "WRK", "DIS", "MIL", "ANC", "DEYE", "DREM", "PUBCOV", "AGEP", "ST", "DIVISION"]}