{"id_test": 0.8310398331383222, "id_test_conf": [0.8284021099417703, 0.8336531071200275], "id_test_balanced": 0.6338677406311035, "id_test_balanced_conf": [0.6320832489221356, 0.6356522323400714], "ood_test": 0.801608085437211, "ood_test_conf": [0.7980446233315628, 0.8051356922494513], "ood_test_balanced": 0.6373590230941772, "ood_test_balanced_conf": [0.6349704222707078, 0.6397476239176467], "validation": 0.8360868403983365, "validation_conf": [0.8334805057949586, 0.8386683517490096], "validation_balanced": 0.6371227502822876, "validation_balanced_conf": [0.6353405017522163, 0.6389049988123588], "features": ["WIF", "NWLA", "WKW", "WRK", "DIS", "MIL", "ANC", "DEYE", "DREM", "PUBCOV", "AGEP", "ST", "DIVISION"]}