{"validation": 0.7049773755656109, "id_test": 0.7075865735115431, "ood_test": 0.6650683036714047, "ood_validation": 0.6620035566093657, "train": 0.7070862566380012, "id_test_conf": [0.7053368387003864, 0.7098286896284517], "id_test_balanced": 0.6002330183982849, "id_test_balanced_conf": [0.5988817559299059, 0.6015842808666639], "ood_test_conf": [0.6616980272325372, 0.6684259602844878], "ood_test_balanced": 0.6158073544502258, "ood_test_balanced_conf": [0.6136832036776468, 0.6179315052228048], "features": ["COW", "FER", "HINS4", "POBP", "AGEP", "CIT", "SCHL", "DIVISION"]}