{"validation": 0.7363541435939626, "id_test": 0.73844420818145, "ood_test": 0.7121102343533875, "ood_validation": 0.702786010669828, "train": 0.738045269329013, "id_test_conf": [0.7362697835649155, 0.7406098810170109], "id_test_balanced": 0.6735482811927795, "id_test_balanced_conf": [0.6720402461662889, 0.6750563162192702], "ood_test_conf": [0.7088746455096474, 0.7153296051341635], "ood_test_balanced": 0.6932666301727295, "ood_test_balanced_conf": [0.6909939780365676, 0.6955392823088914], "features": ["COW", "FER", "HINS4", "POBP", "AGEP", "CIT", "SCHL", "DIVISION"]}