{"validation": 0.5980555247495472, "id_test": 0.5982182463403815, "ood_test": 0.4159792681374874, "ood_validation": 0.41690238611713665, "train": 0.5991054059174441, "id_test_conf": [0.5923473107623674, 0.6040680781072975], "id_test_balanced": 0.5003203749656677, "id_test_balanced_conf": [0.5000989287460107, 0.5005418211853248], "ood_test_conf": [0.4146373323186835, 0.4173221426473048], "ood_test_balanced": 0.5001878142356873, "ood_test_balanced_conf": [0.5001448541603896, 0.500230774310985], "features": ["AGEG5YR", "FRUIT_ONCE_PER_DAY", "RFBING5", "TOTINDA", "CHCSCNCR", "CHCOCNCR", "DIABETES", "PRACE1", "IYEAR", "STATE", "MEDCOST", "SEX", "BMI5CAT"]}