{"id_test": 0.6693774951944403, "id_test_conf": [0.663735085513874, 0.6749835049363438], "id_test_balanced": 0.6340895891189575, "id_test_balanced_conf": [0.6303247048333287, 0.6378544734045863], "ood_test": 0.6005491475486964, "ood_test_conf": [0.5992146296506291, 0.6018825420912681], "ood_test_balanced": 0.6262059211730957, "ood_test_balanced_conf": [0.6253220991615671, 0.6270897431846243], "validation": 0.6618978965657462, "validation_conf": [0.6562248935851382, 0.6675361065545837], "validation_balanced": 0.625999391078949, "validation_balanced_conf": [0.6222267965646461, 0.6297719855932519], "features": ["AGEG5YR", "FRUIT_ONCE_PER_DAY", "RFBING5", "TOTINDA", "CHCSCNCR", "CHCOCNCR", "DIABETES", "PRACE1", "IYEAR", "STATE", "MEDCOST", "SEX", "BMI5CAT"]}