{"validation": 0.8019365250134481, "id_test": 0.8025326549210207, "ood_test": 0.788041258842592, "ood_validation": 0.7854179016004742, "train": 0.8024662157084398, "id_test_conf": [0.800561145670544, 0.8044930578787014], "id_test_balanced": 0.7509279251098633, "id_test_balanced_conf": [0.7495061397529207, 0.7523497104668059], "ood_test_conf": [0.7851163509704822, 0.7909441365097342], "ood_test_balanced": 0.7607326507568359, "ood_test_balanced_conf": [0.7586948732100427, 0.7627704283036292], "features": ["ENG", "HINS1", "HINS3", "HINS4", "NWLA", "NWLK", "OCCP", "WKHP", "WRK", "AGEP", "SEX", "MAR", "RAC1P", "SCHL", "DIVISION"]}