{"validation": 0.7733000031642565, "id_test": 0.7736178614823815, "ood_test": 0.7681363702230243, "ood_validation": 0.761470065204505, "train": 0.7747640063506478, "id_test_conf": [0.7715462949428936, 0.7756793842653391], "id_test_balanced": 0.7290792465209961, "id_test_balanced_conf": [0.727591542371083, 0.7305669506709092], "ood_test_conf": [0.7651174264862117, 0.7711348080733224], "ood_test_balanced": 0.7393710017204285, "ood_test_balanced_conf": [0.7372797776013613, 0.7414622258394956], "features": ["ENG", "HINS4", "NWLK", "OCCP", "WKHP", "SEX", "MAR", "DIVISION"]}