{"validation": 0.7796901240262709, "id_test": 0.7790375852167211, "ood_test": 0.36965582844364125, "ood_validation": 0.3661472776090497, "train": 0.778841504859034, "id_test_conf": [0.7778858628839009, 0.7801860784049721], "id_test_balanced": 0.5160579085350037, "id_test_balanced_conf": [0.5157601080829045, 0.5163557089871028], "ood_test_conf": [0.36860953555222126, 0.3707030445735306], "ood_test_balanced": 0.5035563111305237, "ood_test_balanced_conf": [0.5034141300307238, 0.5036984922303236], "features": ["ESP", "DREM", "ESR", "AGEP", "DIS"]}