{"validation": 0.7797041021923755, "id_test": 0.7790355883398365, "ood_test": 0.3696594964768541, "ood_validation": 0.3661362736035917, "train": 0.7788395079786603, "id_test_conf": [0.7778838622989941, 0.7801840852592342], "id_test_balanced": 0.5160946846008301, "id_test_balanced_conf": [0.5157964613422519, 0.5163929078594083], "ood_test_conf": [0.36861320142592385, 0.3707067147402712], "ood_test_balanced": 0.5035548806190491, "ood_test_balanced_conf": [0.5034125473556924, 0.5036972138824057], "features": ["ESP", "DREM", "ESR", "AGEP", "DIS"]}