{"id_test": 0.9665416911969757, "id_test_conf": [0.9656527520494158, 0.9674138160531985], "id_test_balanced": 0.562777578830719, "id_test_balanced_conf": [0.5619429716188461, 0.5636121860425919], "ood_test": 0.9497038707666355, "ood_test_conf": [0.9486338014314935, 0.9507579687265231], "ood_test_balanced": 0.5568574666976929, "ood_test_balanced_conf": [0.5560542670136783, 0.5576606663817074], "validation": 0.9675392280806128, "validation_conf": [0.9666629999801436, 0.9683986046805695], "validation_balanced": 0.5662139058113098, "validation_balanced_conf": [0.5653641379182227, 0.5670636737043969], "features": ["ENG", "RELP", "WKHP", "WRK", "MIG", "ANC", "DEAR", "DPHY", "FER", "AGEP", "SEX", "MAR", "CIT", "RAC1P", "SCHL"]}