{"validation": 0.7657184444514761, "id_test": 0.7647010429323613, "ood_test": 0.752025398163639, "ood_validation": 0.7453467694131595, "train": 0.7668256965500984, "id_test_conf": [0.7626015548533404, 0.7667908148312375], "id_test_balanced": 0.703738808631897, "id_test_balanced_conf": [0.7022614551405423, 0.7052161621232517], "ood_test_conf": [0.7489372552927671, 0.7550942685128773], "ood_test_balanced": 0.7253677845001221, "ood_test_balanced_conf": [0.7232209566514939, 0.7275146123487503], "features": ["HINS3", "NWLK", "OCCP", "POBP", "WKW", "WRK", "AGEP", "CIT", "ACS_YEAR", "DIVISION"]}