{"id_test": 0.8206896551724138, "id_test_conf": [0.8089608738404064, 0.8319861542160163], "id_test_balanced": 0.7517061829566956, "id_test_balanced_conf": [0.7433561187051236, 0.7600562472082675], "ood_test": 0.7816871555743959, "ood_test_conf": [0.7760685061503414, 0.7872285774659904], "ood_test_balanced": 0.7458220720291138, "ood_test_balanced_conf": [0.7420951073011384, 0.7495490367570892], "validation": 0.8227178661761324, "validation_conf": [0.8110369477136398, 0.8339636423734231], "validation_balanced": 0.754353404045105, "validation_balanced_conf": [0.7460437621921301, 0.7626630458980799], "features": ["VCF0301", "VCF0302", "VCF9011", "VCF9204", "VCF9205", "VCF0521", "VCF0523", "VCF9052", "VCF0839", "VCF9239", "VCF0803", "VCF0601", "VCF0617", "VCF0310", "VCF0743", "VCF0718", "VCF0720", "VCF0701", "VCF0725", "VCF0726", "VCF0745", "VCF0101", "VCF0104", "VCF0112"]}