{"validation": 0.8764546174730997, "id_test": 0.8746173606731376, "ood_test": 0.8302420787973726, "ood_validation": 0.8274296094459582, "train": 0.8751807455948069, "id_test_conf": [0.8728051509678197, 0.876412844753085], "id_test_balanced": 0.5172935724258423, "id_test_balanced_conf": [0.516737671464216, 0.5178494733874686], "ood_test_conf": [0.8286943693417836, 0.8317813844290378], "ood_test_balanced": 0.5128719210624695, "ood_test_balanced_conf": [0.5124985796614783, 0.5132452624634607], "features": ["PHYSHLTH", "BMI5CAT", "SMOKDAY2", "MICHD", "VEG_ONCE_PER_DAY", "TOTINDA", "INCOME", "HEALTH_COV", "IYEAR", "PRACE1", "STATE", "MEDCOST", "PRACE1", "PRACE1"]}