{"id_test": 0.8123569211985552, "id_test_conf": [0.8096100840465548, 0.8150806919511169], "id_test_balanced": 0.5356591939926147, "id_test_balanced_conf": [0.5345718690962531, 0.5367465188889764], "ood_test": 0.7831539752035681, "ood_test_conf": [0.7794736401467904, 0.7868006529446794], "ood_test_balanced": 0.5441399216651917, "ood_test_balanced_conf": [0.5425288512324914, 0.5457509920978919], "validation": 0.8160046803260966, "validation_conf": [0.8132782852623478, 0.818707738773974], "validation_balanced": 0.534720778465271, "validation_balanced_conf": [0.5336539993854239, 0.5357875575451181], "features": ["OCCP", "RELP", "WKW", "WRK", "DIS", "DEYE", "SEX", "DIVISION"]}