{"validation": 0.7694079675980129, "id_test": 0.7702068144997974, "ood_test": 0.7536984099801083, "ood_validation": 0.7449911084765857, "train": 0.7688887869297529, "id_test_conf": [0.7681244118670422, 0.7722792986918212], "id_test_balanced": 0.7084842920303345, "id_test_balanced_conf": [0.7070180165022611, 0.7099505675584078], "ood_test_conf": [0.7506171795547144, 0.7567602398227109], "ood_test_balanced": 0.7239577770233154, "ood_test_balanced_conf": [0.7218319240724668, 0.7260836299741641], "features": ["ENG", "FER", "HINS1", "HINS3", "HINS4", "POBP", "RELP", "WKHP", "SEX", "CIT", "SCHL", "ACS_YEAR", "DIVISION"]}