{"validation": 0.7843116159858241, "id_test": 0.7843699372215471, "ood_test": 0.7749864973455758, "ood_validation": 0.7708358032009485, "train": 0.7842298573793848, "id_test_conf": [0.7823338232493278, 0.7863956123860709], "id_test_balanced": 0.7291263341903687, "id_test_balanced_conf": [0.7276730992645025, 0.7305795691162348], "ood_test_conf": [0.7719988121413163, 0.7779531521494836], "ood_test_balanced": 0.7478034496307373, "ood_test_balanced_conf": [0.7457242518803104, 0.7498826473811642], "features": ["ENG", "FER", "HINS1", "HINS3", "HINS4", "POBP", "RELP", "WKHP", "SEX", "CIT", "SCHL", "ACS_YEAR", "DIVISION"]}