{"validation": 0.7840837895136538, "id_test": 0.7854394491697043, "ood_test": 0.7729182858874208, "ood_validation": 0.7709543568464731, "train": 0.7844418620656376, "id_test_conf": [0.7834069719307086, 0.7874614483017167], "id_test_balanced": 0.727249264717102, "id_test_balanced_conf": [0.7258033509831876, 0.7286951784510165], "ood_test_conf": [0.7699210439158959, 0.7758946558286804], "ood_test_balanced": 0.7437968254089355, "ood_test_balanced_conf": [0.7417215937795117, 0.7458720570383593], "features": ["ENG", "FER", "HINS1", "HINS3", "HINS4", "POBP", "RELP", "WKHP", "SEX", "CIT", "SCHL", "ACS_YEAR", "DIVISION"]}