{"id_test": 0.8758389261744967, "id_test_conf": [0.8329410290398116, 0.9110522325021173], "id_test_balanced": 0.821479320526123, "id_test_balanced_conf": [0.7920529752969742, 0.8509056657552719], "ood_test": 0.7637754793443416, "ood_test_conf": [0.7591590210395064, 0.7683455604429175], "ood_test_balanced": 0.7678552865982056, "ood_test_balanced_conf": [0.7646822830103338, 0.7710282901860773], "validation": 0.8523489932885906, "validation_conf": [0.8068981296050279, 0.8906223129483003], "validation_balanced": 0.795950174331665, "validation_balanced_conf": [0.76530503295362, 0.8265953157097101], "features": ["FAMILY_SIZE_AVG", "HOUSEHOLD_INC", "RECEIVED_WORK_COMP", "TANF_ASSISTANCE", "FOSTER_CHILD_CARE_AMT", "CHILD_SUPPORT_AMT", "ALIMONY_AMT", "INCOME_FROM_ASSISTANCE", "INCOME", "VA_BENEFITS_AMOUNT", "EDUCATION", "RACE", "AGE", "SNAP_ASSISTANCE", "WIC_ASSISTANCE", "MEDICARE_ASSISTANCE", "MEDICAID_ASSISTANCE", "DAYS_SICK", "VISIT_DENTIST_NUM", "HEALTH_HEARING", "HEALTH_SEEING", "HEALTH_INSURANCE_PREMIUMS", "SOCIAL_SEC_BENEFITS", "CITIZENSHIP_STATUS"]}