{"validation": 0.8239027306141656, "id_test": 0.8219336623085923, "ood_test": 0.8001964073816441, "ood_validation": 0.8035352605413367, "train": 0.821434362768633, "id_test_conf": [0.8192413960813041, 0.8246021534279427], "id_test_balanced": 0.6069118976593018, "id_test_balanced_conf": [0.6052170044160448, 0.6086067909025588], "ood_test_conf": [0.7966235995119847, 0.8037335281408116], "ood_test_balanced": 0.6354519128799438, "ood_test_balanced_conf": [0.6330633040703834, 0.6378405216895043], "features": ["HUPAC", "WIF", "NWLA", "NWLK", "OCCP", "RELP", "WKHP", "WRK", "DIS", "MIL", "ANC", "NATIVITY", "SEX", "ACS_YEAR", "DIVISION"]}