{"validation": 0.8208884988617142, "id_test": 0.8164903087958488, "ood_test": 0.7935676582511559, "ood_validation": 0.7994844411710551, "train": 0.8180815175400385, "id_test_conf": [0.8137666849207594, 0.819190560415428], "id_test_balanced": 0.534726619720459, "id_test_balanced_conf": [0.5337251021782867, 0.5357281372626312], "ood_test_conf": [0.7899518808257584, 0.7971485381907347], "ood_test_balanced": 0.5517498254776001, "ood_test_balanced_conf": [0.5502012506569736, 0.5532984002982266], "features": ["HUPAC", "WIF", "NWLA", "NWLK", "OCCP", "RELP", "WKHP", "WRK", "DIS", "MIL", "ANC", "NATIVITY", "SEX", "ACS_YEAR", "DIVISION"]}