{"id_test": 0.6493678119865705, "id_test_conf": [0.6437453989347421, 0.6549592139619327], "id_test_balanced": 0.5884791612625122, "id_test_balanced_conf": [0.58530796344392, 0.5916503590811044], "ood_test": 0.5704697227151773, "ood_test_conf": [0.5691360384787665, 0.5718026369288383], "ood_test_balanced": 0.607037365436554, "ood_test_balanced_conf": [0.6062087948538829, 0.607865936019225], "validation": 0.6420101435816844, "validation_conf": [0.6363622450645978, 0.6476285591684479], "validation_balanced": 0.5815478563308716, "validation_balanced_conf": [0.5783898659097031, 0.5847058467520401], "features": ["FRUIT_ONCE_PER_DAY", "RFBING5", "TOTINDA", "CHCOCNCR", "DIABETES", "POVERTY", "STATE", "SEX", "IYEAR", "SEX", "BMI5CAT"]}