{"id_test": 0.6476534038145582, "id_test_conf": [0.6420249227958245, 0.6532512298385733], "id_test_balanced": 0.5859345197677612, "id_test_balanced_conf": [0.582786998199299, 0.5890820413362234], "ood_test": 0.5700076756391809, "ood_test_conf": [0.568673817475115, 0.5713407688293852], "ood_test_balanced": 0.6069597005844116, "ood_test_balanced_conf": [0.6061333616578486, 0.6077860395109747], "validation": 0.6417958425601828, "validation_conf": [0.6361472234051351, 0.6474150232925613], "validation_balanced": 0.5809096097946167, "validation_balanced_conf": [0.5777655014814809, 0.5840537181077525], "features": ["FRUIT_ONCE_PER_DAY", "RFBING5", "TOTINDA", "CHCOCNCR", "DIABETES", "POVERTY", "STATE", "SEX", "IYEAR", "SEX", "BMI5CAT"]}