{"id_test": 0.6481534395313951, "id_test_conf": [0.6425267201696506, 0.6537494000418133], "id_test_balanced": 0.5877280831336975, "id_test_balanced_conf": [0.584539826111868, 0.590916340155527], "ood_test": 0.5716257833583844, "ood_test_conf": [0.5702925394858853, 0.5729582445756158], "ood_test_balanced": 0.607542872428894, "ood_test_balanced_conf": [0.6067107673734426, 0.6083749774843454], "validation": 0.641295806843346, "validation_conf": [0.6356455109429611, 0.6469167681719408], "validation_balanced": 0.5816801190376282, "validation_balanced_conf": [0.5784929020330309, 0.5848673360422254], "features": ["FRUIT_ONCE_PER_DAY", "RFBING5", "TOTINDA", "CHCOCNCR", "DIABETES", "POVERTY", "STATE", "SEX", "IYEAR", "SEX", "BMI5CAT"]}