{"validation": 0.8209012171391507, "id_test": 0.8203947703108307, "ood_test": 0.7917877163550063, "ood_validation": 0.7939605965752163, "train": 0.8205631635342708, "id_test_conf": [0.8176935466151363, 0.8230723327967058], "id_test_balanced": 0.5830798149108887, "id_test_balanced_conf": [0.5815505364257842, 0.5846090933959931], "ood_test_conf": [0.7881606531451307, 0.7953800940799312], "ood_test_balanced": 0.6045692563056946, "ood_test_balanced_conf": [0.6023317527817562, 0.606806759829633], "features": ["ENG", "HUPAC", "POBP", "WKHP", "MIL", "ANC", "DEYE", "DREM", "SEX", "MAR", "SCHL", "ACS_YEAR", "DIVISION"]}