{"validation": 0.8393427194220815, "id_test": 0.8385180851605026, "ood_test": 0.8126560006546912, "ood_validation": 0.8103480022095378, "train": 0.838022123373258, "id_test_conf": [0.8359272069358034, 0.8410839603906529], "id_test_balanced": 0.6592831611633301, "id_test_balanced_conf": [0.6574300624290481, 0.661136259897612], "ood_test_conf": [0.8091681298129695, 0.8161066996978762], "ood_test_balanced": 0.6646206378936768, "ood_test_balanced_conf": [0.6621679217647761, 0.6670733540225774], "features": ["ENG", "HUPAC", "OCCP", "POBP", "RELP", "WKHP", "WRK", "DIS", "MIL", "PUBCOV", "AGEP", "MAR", "SCHL", "DIVISION"]}