{"validation": 0.8362903328373205, "id_test": 0.8348807040748842, "ood_test": 0.8109169769630509, "ood_validation": 0.812189283741484, "train": 0.8339491079746526, "id_test_conf": [0.8322668023399878, 0.8374698721926858], "id_test_balanced": 0.6029504537582397, "id_test_balanced_conf": [0.601398067290429, 0.6045028402260505], "ood_test_conf": [0.8074169131923115, 0.8143800761987646], "ood_test_balanced": 0.6109157800674438, "ood_test_balanced_conf": [0.6088342006364837, 0.612997359498404], "features": ["ENG", "HUPAC", "OCCP", "POBP", "RELP", "WKHP", "WRK", "DIS", "MIL", "PUBCOV", "AGEP", "MAR", "SCHL", "DIVISION"]}