{"id_test": 0.8219917019337251, "id_test_conf": [0.821023290307702, 0.8229570154732807], "id_test_balanced": 0.725851833820343, "id_test_balanced_conf": [0.7252211760869249, 0.7264824915537611], "ood_test": 0.7650877614811252, "ood_test_conf": [0.7575475678332466, 0.7725041071185047], "ood_test_balanced": 0.6929115056991577, "ood_test_balanced_conf": [0.6886378097534179, 0.6971852016448975], "validation": 0.8221743324439781, "validation_conf": [0.821206308366987, 0.8231392566758786], "validation_balanced": 0.726639986038208, "validation_balanced_conf": [0.7260093222011347, 0.7272706498752813], "features": ["Average_confidence(FRUSTRATED)", "hint_count", "problem_type", "bottom_hint", "tutor_mode", "position", "overlap_time", "school_id"]}