{"validation": 0.9724349916957934, "id_test": 0.9718588293620054, "ood_test": 0.9598621119606873, "ood_validation": 0.9592409240924092, "train": 0.9713412357445964, "id_test_conf": [0.9710403108020168, 0.9726603350939205], "id_test_balanced": 0.6080503463745117, "id_test_balanced_conf": [0.6070381841715425, 0.6090625085774809], "ood_test_conf": [0.9588997785329719, 0.9608081061929438], "ood_test_balanced": 0.6432266235351562, "ood_test_balanced_conf": [0.6421170147066004, 0.6443362323637121], "features": ["RELP", "WRK", "OCCP", "DIS", "MIG", "MIL", "NATIVITY", "DEYE", "DPHY", "FER", "AGEP", "MAR", "CIT", "DIVISION", "ACS_YEAR", "SCHL"]}