{"validation": 0.9720011898564735, "id_test": 0.9711275679360456, "ood_test": 0.9589025187792997, "ood_validation": 0.9583058305830583, "train": 0.9707114494071643, "id_test_conf": [0.9702989546042659, 0.9719391958665765], "id_test_balanced": 0.6316287517547607, "id_test_balanced_conf": [0.630537274775561, 0.6327202287339605], "ood_test_conf": [0.9579293824181061, 0.9598593508161288], "ood_test_balanced": 0.6698190569877625, "ood_test_balanced_conf": [0.6686455921735615, 0.6709925218019634], "features": ["RELP", "WRK", "OCCP", "DIS", "MIG", "MIL", "NATIVITY", "DEYE", "DPHY", "FER", "AGEP", "MAR", "CIT", "DIVISION", "ACS_YEAR", "SCHL"]}