{"id_test": 0.9371487736620574, "id_test_conf": [0.936220823358951, 0.9380672054930576], "id_test_balanced": 0.899167537689209, "id_test_balanced_conf": [0.8984025750099681, 0.8999325003684499], "ood_test": 0.5849947534102833, "ood_test_conf": [0.5624954347421307, 0.6072321008434514], "ood_test_balanced": 0.631344199180603, "ood_test_balanced_conf": [0.6213312217593193, 0.6413571766018867], "validation": 0.9358357780061973, "validation_conf": [0.9348989210010556, 0.9367631453730999], "validation_balanced": 0.8977228403091431, "validation_balanced_conf": [0.8969537495053373, 0.8984919311129488], "features": ["Average_confidence(BORED)", "Average_confidence(CONCENTRATING)", "Average_confidence(FRUSTRATED)", "attempt_count", "hint_count", "skill_id", "bottom_hint", "ms_first_response", "type", "overlap_time", "first_action", "school_id"]}