{"validation": 0.9267001793741834, "id_test": 0.926777956987263, "ood_test": 0.45120671563483733, "ood_validation": 0.5518867924528302, "train": 0.9263316600070403, "id_test_conf": [0.9257906547927472, 0.9277561185090679], "id_test_balanced": 0.8805339336395264, "id_test_balanced_conf": [0.8797297456196975, 0.8813381216593552], "ood_test_conf": [0.4286942998756706, 0.4738694997049344], "ood_test_balanced": 0.5130353569984436, "ood_test_balanced_conf": [0.5094584700884297, 0.5166122439084575], "features": ["Average_confidence(BORED)", "Average_confidence(CONCENTRATING)", "attempt_count", "hint_count", "skill_id", "tutor_mode", "position", "type", "first_action", "school_id"]}