{"validation": 0.919554738652553, "id_test": 0.9193077510767947, "ood_test": 0.45015739769150054, "ood_validation": 0.5518867924528302, "train": 0.9191520890742911, "id_test_conf": [0.9182758677718994, 0.920330654677041], "id_test_balanced": 0.8678326606750488, "id_test_balanced_conf": [0.8670017386449035, 0.8686635827051942], "ood_test_conf": [0.42765126218488786, 0.4728171357220796], "ood_test_balanced": 0.5121042728424072, "ood_test_balanced_conf": [0.5086542048305273, 0.5155543408542872], "features": ["Average_confidence(BORED)", "Average_confidence(CONCENTRATING)", "attempt_count", "hint_count", "skill_id", "tutor_mode", "position", "type", "first_action", "school_id"]}