{"validation": 0.8349676319839241, "id_test": 0.8322098997812484, "ood_test": 0.8011375260853554, "ood_validation": 0.7989320567114712, "train": 0.8331446794845299, "id_test_conf": [0.8295793809428577, 0.8348158827704669], "id_test_balanced": 0.6713939905166626, "id_test_balanced_conf": [0.6694609861494973, 0.6733269948838279], "ood_test_conf": [0.7975709410154976, 0.8046683119236668], "ood_test_balanced": 0.6797244548797607, "ood_test_balanced_conf": [0.6771341794729233, 0.6823147302865982], "features": ["FER", "HUPAC", "WIF", "OCCP", "POBP", "WKW", "MIL", "NATIVITY", "PUBCOV", "ST", "MAR", "ACS_YEAR", "DIVISION"]}