{"validation": 0.8347768578223765, "id_test": 0.8331891946889148, "ood_test": 0.8075616841932975, "ood_validation": 0.8051924139200883, "train": 0.8340842392427562, "id_test_conf": [0.8305647408107252, 0.8357890402055829], "id_test_balanced": 0.6501107215881348, "id_test_balanced_conf": [0.6482629426172934, 0.6519585005589761], "ood_test_conf": [0.8040384096641784, 0.8110483940452051], "ood_test_balanced": 0.6586158275604248, "ood_test_balanced_conf": [0.6561544786952436, 0.661077176425606], "features": ["FER", "HUPAC", "WIF", "OCCP", "POBP", "WKW", "MIL", "NATIVITY", "PUBCOV", "ST", "MAR", "ACS_YEAR", "DIVISION"]}