{"validation": 0.8306052628232032, "id_test": 0.8266012107646131, "ood_test": 0.8026310405499407, "ood_validation": 0.8075860799116185, "train": 0.8279858446022212, "id_test_conf": [0.8239365682228051, 0.8292417327005124], "id_test_balanced": 0.5756909847259521, "id_test_balanced_conf": [0.5742970434459858, 0.5770849260059185], "ood_test_conf": [0.7990743942169988, 0.8061517097127561], "ood_test_balanced": 0.5843216776847839, "ood_test_balanced_conf": [0.5824300701334141, 0.5862132852361538], "features": ["ENG", "WIF", "OCCP", "POBP", "WKW", "WRK", "MIL", "ANC", "NATIVITY", "DEAR", "DEYE", "DREM", "PUBCOV", "AGEP", "MAR", "RAC1P", "SCHL", "ACS_YEAR", "DIVISION"]}