{"id_test": 0.778131634819533, "id_test_conf": [0.7502190878929332, 0.8042928945090383], "id_test_balanced": 0.7688802480697632, "id_test_balanced_conf": [0.7499860583245754, 0.7877744378149509], "ood_test": 0.69664464647786, "ood_test_conf": [0.6892881724451589, 0.7039262329486846], "ood_test_balanced": 0.702747106552124, "ood_test_balanced_conf": [0.6976642155926674, 0.7078299975115806], "validation": 0.7470775770456961, "validation_conf": [0.7180260893751602, 0.7745733765802071], "validation_balanced": 0.7431365847587585, "validation_balanced_conf": [0.7234227993711829, 0.7628503701463342], "features": ["CMJHLD31", "MCRPB31", "MCRPHO31", "PRVHMO31", "FSAGT31", "MCAID31", "GOVTC31", "GOVCAT31", "IHSAT31", "SICPAY31", "RNDFLG31", "MORJOB31", "HRWGIM31", "DIFFWG31", "NHRWG31", "HOUR31", "TEMPJB31", "SSNLJB31", "SELFCM31", "CHOIC31", "NUMEMP31", "UNION31", "STJBMM31", "STJBYY31", "OCCCAT31", "PAYVAC31", "PAYDR31", "PRIDK31", "TRIAT31X", "MCAID31X", "MCARE31X", "PUB31X", "PUBAT31X", "RACEV1X", "RACEV2X", "RACEAX", "RACEBX", "HISPANX", "HISPNCAT", "EDUCYR", "HWELLSPK", "BORNUSA", "TRICR31X", "PRIEU31", "TRILI31X", "PRIVAT31", "PMDINS31", "PMEDUP31", "MARRY31X", "FTSTU31X", "HRWG31X", "DISVW31X", "HELD31X", "TRIST31X", "TRIPR31X", "VASPMH31", "ASPREV31", "IADLHP31", "WLKLIM31", "LFTDIF31", "STPDIF31", "WLKDIF31", "MILDIF31", "RCHDIF31", "ASTHEP31", "ASSTIL31", "FCRP1231", "RUSIZE31", "RUCLAS31", "FAMS1231", "REGION31", "PROXY31", "BEGRFM31", "BEGRFY31", "ENDRFM31", "ENDRFY31", "ELGRND31", "RTHLTH31", "CHBRON31", "COGLIM31", "UNABLE31", "VALOCT31", "VANEED31", "VAPAST31", "VAMREC31", "VAPROB31", "VAREP31", "VAPCPR31", "VAPCCO31", "VAPCSN31", "VAPCSO31", "VAPCOU31", "VAPCUN31", "VASPCL31", "VACTDY31", "VAMOBL31", "VACOPD31", "VADERM31", "VAGERD31", "VABACK31", "VAJTPN31", "VAGOUT31", "VANECK31", "VAFIBR31", "VATMD31", "VACOST31", "VABIPL31", "VAPROS31", "VAGCNS31", "REFPRS31", "DAPID31X", "INSCOV19"]}