{"validation": 0.8742154726675555, "id_test": 0.873849630906312, "ood_test": 0.8255171702395019, "ood_validation": 0.8215039243818044, "train": 0.8740273426345309, "id_test_conf": [0.8719812919081431, 0.8757003255184185], "id_test_balanced": 0.5137220025062561, "id_test_balanced_conf": [0.5131963249633554, 0.5142476800491568], "ood_test_conf": [0.8238996985986726, 0.8271257898901707], "ood_test_balanced": 0.5124543309211731, "ood_test_balanced_conf": [0.5120611689833459, 0.5128474928590003], "features": ["HIGH_BLOOD_PRESS", "BMI5", "BMI5CAT", "SMOKDAY2", "CVDSTRK3", "FRUIT_ONCE_PER_DAY", "VEG_ONCE_PER_DAY", "HEALTH_COV", "MENTHLTH", "PRACE1", "IYEAR", "PRACE1", "PRACE1"]}