{"id_test": 0.9878963275547445, "id_test_conf": [0.9873103614869962, 0.9884619962345316], "id_test_balanced": 0.5008664131164551, "id_test_balanced_conf": [0.5007553502341033, 0.5009774759988068], "ood_test": 0.9242645198732161, "ood_test_conf": [0.9228371590129099, 0.9256735444217543], "ood_test_balanced": 0.5003316402435303, "ood_test_balanced_conf": [0.5002603574712703, 0.5004029230157903], "validation": 0.9886660916549644, "validation_conf": [0.9880983813408191, 0.989213466951088], "validation_balanced": 0.5003040432929993, "validation_balanced_conf": [0.5002372865237703, 0.5003708000622282], "features": ["O2Sat", "MAP", "DBP", "Resp", "EtCO2", "HCO3", "FiO2", "PaCO2", "SaO2", "Creatinine", "Bilirubin_direct", "Potassium", "PTT", "WBC", "Platelets", "Age", "Unit1", "HospAdmTime", "set", "ICULOS"]}