{"validation": 0.7960450678316855, "id_test": 0.7905747126436782, "ood_test": 0.731665960152607, "ood_validation": 0.7320898685883849, "train": 0.7841131164501667, "id_test_conf": [0.7781748342663142, 0.8025831956258167], "id_test_balanced": 0.6948776245117188, "id_test_balanced_conf": [0.6865591431967915, 0.703196105826646], "ood_test_conf": [0.7256508081819972, 0.7376176223708921], "ood_test_balanced": 0.6876561641693115, "ood_test_balanced_conf": [0.6838453461695463, 0.6914669821690768], "features": ["VCF0004", "VCF0901b", "VCF0218", "VCF0301", "VCF9205", "VCF9206", "VCF0521", "VCF0523", "VCF0803", "VCF0601", "VCF0616", "VCF0743", "VCF0717", "VCF0720", "VCF0675", "VCF0725", "VCF0726", "VCF0105a", "VCF0112"]}