{"validation": 0.7610290162326362, "id_test": 0.7618785439449169, "ood_test": 0.7491799607435022, "ood_validation": 0.7475992886781269, "train": 0.762616454253265, "id_test_conf": [0.7597704876946153, 0.7639769876973375], "id_test_balanced": 0.6968420743942261, "id_test_balanced_conf": [0.6953698095260188, 0.6983143392624334], "ood_test_conf": [0.7460802030070482, 0.7522606637555914], "ood_test_balanced": 0.7204800844192505, "ood_test_balanced_conf": [0.7183364156400784, 0.7226237531984225], "features": ["HINS1", "HINS3", "NWLK", "RELP", "WKW", "CIT", "RAC1P", "SCHL", "DIVISION"]}