{"validation": 0.8197184173375558, "id_test": 0.8174950399348833, "ood_test": 0.7877981914153607, "ood_validation": 0.7937764684220218, "train": 0.8178573586129491, "id_test_conf": [0.8147771359280458, 0.8201894973334991], "id_test_balanced": 0.5502622127532959, "id_test_balanced_conf": [0.5490453701163642, 0.5514790553902276], "ood_test_conf": [0.7841462120214807, 0.7914159604577657], "ood_test_balanced": 0.557173490524292, "ood_test_balanced_conf": [0.5554308095388114, 0.5589161715097726], "features": ["ENG", "HUPAC", "NWLA", "NWLK", "POBP", "RELP", "WKHP", "WRK", "DIS", "MIL", "ANC", "NATIVITY", "DEAR", "DREM", "AGEP", "SEX", "ACS_YEAR", "DIVISION"]}