{"validation": 0.7749011169825649, "id_test": 0.7762568347509113, "ood_test": 0.7695722622544823, "ood_validation": 0.7675163011262597, "train": 0.7766981535815739, "id_test_conf": [0.7741937857071666, 0.7783097430829764], "id_test_balanced": 0.719016432762146, "id_test_balanced_conf": [0.7175516103603877, 0.7204812551639043], "ood_test_conf": [0.7665597776506117, 0.7725641310313003], "ood_test_balanced": 0.745371401309967, "ood_test_balanced_conf": [0.7432627239311114, 0.7474800786888227], "features": ["FER", "HINS3", "HINS4", "NWLA", "OCCP", "POBP", "WKHP", "WRK", "AGEP", "MAR", "CIT", "RAC1P", "DIVISION"]}