{"validation": 0.7836661076480081, "id_test": 0.7834333232077765, "ood_test": 0.7895957107665555, "ood_validation": 0.786959098992294, "train": 0.7850011430849688, "id_test_conf": [0.7813940410559957, 0.7854622009672739], "id_test_balanced": 0.7652550339698792, "id_test_balanced_conf": [0.763787937015295, 0.7667221309244633], "ood_test_conf": [0.7866785680390269, 0.792490704221517], "ood_test_balanced": 0.7846773862838745, "ood_test_balanced_conf": [0.782613283842802, 0.786741488724947], "features": ["FER", "HINS3", "HINS4", "NWLA", "OCCP", "POBP", "WKHP", "WRK", "AGEP", "MAR", "CIT", "RAC1P", "DIVISION"]}