{"validation": 0.9409719640068417, "id_test": 0.9393858643448083, "ood_test": 0.9290573372206026, "ood_validation": 0.9285478547854785, "15": 0.9335653284380238, "16": 0.9350185395255913, "17": 0.9182041014894095, "18": 0.9187677047574503, "19": 0.9516567890037374, "20": 0.9558759582692775, "21": 0.9616168563735646, "22": 0.9685047834032032, "23": 0.9709686372467389, "id_test_conf": [0.9382105835006674, 0.9405453277402362], "id_test_balanced": 0.7349864840507507, "id_test_balanced_conf": [0.7336649434175342, 0.7363080246839673], "ood_test_conf": [0.9278026720537335, 0.9302967728998217], "ood_test_balanced": 0.6965006589889526, "ood_test_balanced_conf": [0.6951996841374785, 0.6978016338404268], "features": ["SCHL", "WKHP", "WKW", "WRK"]}