{"validation": 0.9382266180808606, "id_test": 0.9366033526477241, "ood_test": 0.9227313566936208, "ood_validation": 0.9234873487348735, "15": 0.9303344241360044, "16": 0.9266715202410984, "17": 0.9141157099019535, "18": 0.9145053257675371, "19": 0.9501164990852086, "20": 0.9544995429068386, "21": 0.9607780638992107, "22": 0.9675731842774732, "23": 0.9703580349708576, "id_test_conf": [0.9354034647438084, 0.9377875244146036], "id_test_balanced": 0.7401766777038574, "id_test_balanced_conf": [0.7388496986567042, 0.7415036567510106], "ood_test_conf": [0.9214269542482647, 0.9240207560673703], "ood_test_balanced": 0.7006838917732239, "ood_test_balanced_conf": [0.6993637622823008, 0.702004021264147], "features": ["SCHL", "WKHP", "WKW", "WRK"]}