{"validation": 0.9461280087256141, "id_test": 0.9446472283332817, "ood_test": 0.9335252519696109, "ood_validation": 0.9336633663366337, "15": 0.9382680181977812, "16": 0.9387603067910536, "17": 0.9250243245266073, "18": 0.9249803648172825, "19": 0.9556287041235985, "20": 0.9604605855585953, "21": 0.9656766119494375, "22": 0.9719445340212834, "23": 0.9738551207327227, "id_test_conf": [0.9435204152905111, 0.9457580320784147], "id_test_balanced": 0.7101279497146606, "id_test_balanced_conf": [0.7088252025214024, 0.7114306969079189], "ood_test_conf": [0.9323074234799141, 0.9347276908566802], "ood_test_balanced": 0.6743946075439453, "ood_test_balanced_conf": [0.6731304338551126, 0.675658781232778], "features": ["SCHL", "WKHP", "WKW", "WRK"]}