{"validation": 0.9597431893111227, "id_test": 0.9585535896879744, "ood_test": 0.9451809474913055, "ood_validation": 0.9451595159515952, "15": 0.9508436427488227, "16": 0.9462438413219783, "17": 0.9494517625926203, "18": 0.9494074145979862, "19": 0.9670049570751693, "20": 0.9697222859451556, "21": 0.9738296748001577, "22": 0.9783582356945788, "23": 0.9797946155981127, "id_test_conf": [0.9575697060779761, 0.9595209544109654], "id_test_balanced": 0.6251217126846313, "id_test_balanced_conf": [0.623996051014401, 0.6262473743548617], "ood_test_conf": [0.9440670052541436, 0.9462790813828008], "ood_test_balanced": 0.5990197658538818, "ood_test_balanced_conf": [0.5979846808314323, 0.6000548508763314], "features": ["SCHL", "WKHP", "WKW", "WRK"]}