{"validation": 0.9425646364740586, "id_test": 0.9410157097263967, "ood_test": 0.9306709206593688, "ood_validation": 0.9299229922992299, "15": 0.9348742916433873, "16": 0.9361190593095509, "17": 0.9197571289574134, "18": 0.9204444169895073, "19": 0.9531188916167571, "20": 0.9576290047010405, "21": 0.9630511915047099, "22": 0.9695080440001433, "23": 0.9720233139050791, "id_test_conf": [0.9398551624129352, 0.9421603802027609], "id_test_balanced": 0.7316750288009644, "id_test_balanced_conf": [0.7303571252617985, 0.7329929323401302], "ood_test_conf": [0.929429387363355, 0.9318971666634366], "ood_test_balanced": 0.6935362219810486, "ood_test_balanced_conf": [0.6922421069536359, 0.6948303370084613], "features": ["SCHL", "WKHP", "WKW", "WRK"]}