{"validation": 0.9408728093007115, "id_test": 0.9391937532922257, "ood_test": 0.9288128548813955, "ood_validation": 0.9285478547854785, "15": 0.9334503950834065, "16": 0.9346968491272032, "17": 0.9180450565077464, "18": 0.9186176831366873, "19": 0.9515786016982283, "20": 0.9557766646237285, "21": 0.9615329771261292, "22": 0.9683972911963883, "23": 0.9709686372467389, "id_test_conf": [0.9380167516829171, 0.9403549444506826], "id_test_balanced": 0.7353290915489197, "id_test_balanced_conf": [0.7340071455645375, 0.7366510375333019], "ood_test_conf": [0.9275562164429483, 0.9300542725884544], "ood_test_balanced": 0.6975499987602234, "ood_test_balanced_conf": [0.696247525147628, 0.6988524723728188], "features": ["SCHL", "WKHP", "WKW", "WRK"]}