{"validation": 0.7530487611935576, "id_test": 0.7536641859052248, "ood_test": 0.7304738443703811, "ood_validation": 0.7289863663307646, "train": 0.7540342197713356, "id_test_conf": [0.7515319111849126, 0.7557871498561934], "id_test_balanced": 0.6927410960197449, "id_test_balanced_conf": [0.6912457605893724, 0.6942364314501174], "ood_test_conf": [0.7273020422498847, 0.733628023364024], "ood_test_balanced": 0.711412787437439, "ood_test_balanced_conf": [0.7091825124667958, 0.7136430624080822], "features": ["ENG", "FER", "HINS1", "HINS4", "NWLA", "NWLK", "POBP", "SEX", "CIT", "RAC1P", "SCHL", "DIVISION"]}