{"validation": 0.7799449419358921, "id_test": 0.7796362393681653, "ood_test": 0.7641316805206096, "ood_validation": 0.7595732068761114, "train": 0.7800206150825513, "id_test_conf": [0.77758427100502, 0.7816779428560082], "id_test_balanced": 0.7300856709480286, "id_test_balanced_conf": [0.7286149538983591, 0.7315563879976981], "ood_test_conf": [0.7610949790778916, 0.7671481826848175], "ood_test_balanced": 0.7391249537467957, "ood_test_balanced_conf": [0.7370038682641461, 0.7412460392294452], "features": ["COW", "ENG", "FER", "HINS2", "HINS3", "HINS4", "NWLA", "NWLK", "OCCP", "POBP", "WKHP", "WKW", "AGEP", "SEX", "ST", "MAR", "CIT", "ACS_YEAR", "DIVISION"]}