{"id_test": 0.9879177121350365, "id_test_conf": [0.9873322450130995, 0.9884828808349844], "id_test_balanced": 0.5008772015571594, "id_test_balanced_conf": [0.5007668074956746, 0.5009875956186443], "ood_test": 0.9242124373149209, "ood_test_conf": [0.9227846311967565, 0.9256219093923391], "ood_test_balanced": 0.5000330209732056, "ood_test_balanced_conf": [0.500002498019021, 0.5000635439273902], "validation": 0.9886874763876909, "validation_conf": [0.9881202823247124, 0.9892343343831168], "validation_balanced": 0.5012485980987549, "validation_balanced_conf": [0.5011168827713118, 0.5013803134261979], "features": ["HR", "O2Sat", "SBP", "MAP", "Resp", "BaseExcess", "HCO3", "FiO2", "PaCO2", "AST", "Alkalinephos", "Calcium", "Chloride", "Bilirubin_direct", "Lactate", "Magnesium", "Phosphate", "Hct", "WBC", "Fibrinogen", "Platelets", "Age", "Unit1", "Unit2", "ICULOS"]}