{"validation": 0.7988043228328351, "id_test": 0.7903448275862069, "ood_test": 0.7215863595685554, "ood_validation": 0.7359050445103857, "train": 0.7903494654557995, "id_test_conf": [0.7779402326008196, 0.8023583387668582], "id_test_balanced": 0.6666894555091858, "id_test_balanced_conf": [0.6591170402988792, 0.6742618707194924], "ood_test_conf": [0.7155036519988491, 0.7276083433813363], "ood_test_balanced": 0.6626790165901184, "ood_test_balanced_conf": [0.6592985471338033, 0.6660594860464335], "features": ["VCF0302", "VCF9011", "VCF9201", "VCF9202", "VCF9203", "VCF9205", "VCF0521", "VCF0429", "VCF0875", "VCF9052", "VCF0839", "VCF0822", "VCF0870", "VCF0803", "VCF0846", "VCF0612", "VCF0616", "VCF0717", "VCF0720", "VCF0721", "VCF0701", "VCF0725", "VCF0726", "VCF0745", "VCF0105a", "VCF0112"]}