{"validation": 0.7928259369970108, "id_test": 0.7924137931034483, "ood_test": 0.7513541519476238, "ood_validation": 0.7617634590928359, "train": 0.7950051730083918, "id_test_conf": [0.7800518576924044, 0.8043818401430001], "id_test_balanced": 0.7096366882324219, "id_test_balanced_conf": [0.7011096302978694, 0.7181637461669743], "ood_test_conf": [0.7454824182403648, 0.7571569912168209], "ood_test_balanced": 0.7130745649337769, "ood_test_balanced_conf": [0.7092280025593937, 0.71692112730816], "features": ["VCF0302", "VCF9011", "VCF9201", "VCF9202", "VCF9203", "VCF9205", "VCF0521", "VCF0429", "VCF0875", "VCF9052", "VCF0839", "VCF0822", "VCF0870", "VCF0803", "VCF0846", "VCF0612", "VCF0616", "VCF0717", "VCF0720", "VCF0721", "VCF0701", "VCF0725", "VCF0726", "VCF0745", "VCF0105a", "VCF0112"]}