{"validation": 0.7705407714457488, "id_test": 0.7706877784528149, "ood_test": 0.7532636903742541, "ood_validation": 0.750800237107291, "train": 0.7713149748877285, "id_test_conf": [0.7686068919947743, 0.7727587288007081], "id_test_balanced": 0.720677375793457, "id_test_balanced_conf": [0.7191906927223317, 0.7221640588645823], "ood_test_conf": [0.7501806578344975, 0.7563273556072729], "ood_test_balanced": 0.7289656400680542, "ood_test_balanced_conf": [0.7268114431109279, 0.7311198370251805], "features": ["COW", "ENG", "HINS1", "NWLA", "NWLK", "WKHP", "WRK", "SEX", "ST", "CIT", "SCHL", "DIVISION"]}