{"id_test": 0.9339781583013187, "id_test_conf": [0.9333059542145021, 0.9346456086867864], "id_test_balanced": 0.9000830054283142, "id_test_balanced_conf": [0.8995421505474951, 0.9006238603091333], "ood_test": 0.9125170687300865, "ood_test_conf": [0.9070779659408309, 0.9177363485007614], "ood_test_balanced": 0.8856069445610046, "ood_test_balanced_conf": [0.8816733771469444, 0.8895405119750649], "validation": 0.9341952421875738, "validation_conf": [0.9335240592257315, 0.9348616690475828], "validation_balanced": 0.9001060724258423, "validation_balanced_conf": [0.8995654180529528, 0.9006467267987318], "features": ["Average_confidence(BORED)", "Average_confidence(CONCENTRATING)", "attempt_count", "bottom_hint", "ms_first_response", "position", "type", "overlap_time", "first_action", "school_id"]}