{"validation": 0.6345453246660476, "id_test": 0.6392242303021645, "ood_test": 0.5449873549973692, "ood_validation": 0.546548534378872, "train": 0.6392197656975498, "id_test_conf": [0.6335670585067428, 0.6448524977605455], "id_test_balanced": 0.5632756352424622, "id_test_balanced_conf": [0.5606922573084012, 0.5658590131765231], "ood_test_conf": [0.5436458350816648, 0.5463283833389396], "ood_test_balanced": 0.5931613445281982, "ood_test_balanced_conf": [0.5924090302770492, 0.5939136587793473], "features": ["FRUIT_ONCE_PER_DAY", "VEG_ONCE_PER_DAY", "RFBING5", "TOTINDA", "SMOKE100", "CHCSCNCR", "DIABETES", "POVERTY", "STATE", "SEX", "STATE", "MEDCOST", "SEX", "BMI5CAT", "IYEAR"]}