{"id_test": 0.6430881017257039, "id_test_conf": [0.6373952779445071, 0.6487507071468636], "id_test_balanced": 0.6107036471366882, "id_test_balanced_conf": [0.6068590580113232, 0.6145482362620532], "ood_test": 0.5461782321727038, "ood_test_conf": [0.54483299392348, 0.5475229628181649], "ood_test_balanced": 0.5828630328178406, "ood_test_balanced_conf": [0.5820175921311602, 0.5837084735045209], "validation": 0.6426754832146491, "validation_conf": [0.6369811455402106, 0.6483396886044712], "validation_balanced": 0.6095250844955444, "validation_balanced_conf": [0.6056736282445491, 0.6133765407465398], "features": ["AGEG5YR", "FRUIT_ONCE_PER_DAY", "TOTINDA", "CHCOCNCR", "POVERTY", "EMPLOY1", "MEDCOST", "IYEAR", "STATE", "MEDCOST", "BMI5CAT"]}