{"validation": 0.6269074262461851, "id_test": 0.6265940054495913, "ood_test": 0.4900274900919941, "ood_validation": 0.49806204859391806, "train": 0.6282976452689661, "id_test_conf": [0.6208483493551329, 0.632312927603528], "id_test_balanced": 0.5807997584342957, "id_test_balanced_conf": [0.5771430788375437, 0.5844564380310476], "ood_test_conf": [0.4886770599187362, 0.49137802988539075], "ood_test_balanced": 0.5438855290412903, "ood_test_balanced_conf": [0.5431541402311996, 0.544616917851381], "features": ["AGEG5YR", "FRUIT_ONCE_PER_DAY", "TOTINDA", "CHCOCNCR", "POVERTY", "EMPLOY1", "MEDCOST", "IYEAR", "STATE", "MEDCOST", "BMI5CAT"]}