{"id_test": 0.6526708654070446, "id_test_conf": [0.6382015258569048, 0.6669318988715008], "id_test_balanced": 0.6190693378448486, "id_test_balanced_conf": [0.6097057701833546, 0.6284329055063427], "ood_test": 0.6002589860304505, "ood_test_conf": [0.5959909308173357, 0.60451561998572], "ood_test_balanced": 0.5981387495994568, "ood_test_balanced_conf": [0.5953204642189667, 0.6009570349799469], "validation": 0.6420905272981802, "validation_conf": [0.6275290458122984, 0.6564581072418585], "validation_balanced": 0.6136842370033264, "validation_balanced_conf": [0.6041213483735919, 0.623247125633061], "features": ["gender", "admission_type_id", "time_in_hospital", "payer_code", "num_procedures", "number_outpatient", "number_emergency", "number_inpatient", "diag_1", "diag_3", "number_diagnoses", "max_glu_serum", "metformin", "repaglinide", "chlorpropamide", "acetohexamide", "glyburide", "tolbutamide", "rosiglitazone", "acarbose", "miglitol", "citoglipton", "glyburide-metformin", "glipizide-metformin", "glimepiride-pioglitazone", "metformin-rosiglitazone", "metformin-pioglitazone", "admission_source_id"]}