{"id_test": 0.8381609195402299, "id_test_conf": [0.8268748561847923, 0.8489909025425852], "id_test_balanced": 0.7769037485122681, "id_test_balanced_conf": [0.768747411314398, 0.7850600857101381], "ood_test": 0.7969007583250907, "ood_test_conf": [0.7914252057731673, 0.8022949002148152], "ood_test_balanced": 0.7660004496574402, "ood_test_balanced_conf": [0.7622861362667754, 0.7697147630481049], "validation": 0.8321453207633939, "validation_conf": [0.820700633117939, 0.8431420261511875], "validation_balanced": 0.7690090537071228, "validation_balanced_conf": [0.7607905217446387, 0.7772275856696069], "features": ["VCF0224", "VCF0301", "VCF9010", "VCF9011", "VCF9201", "VCF9202", "VCF9204", "VCF9205", "VCF0428", "VCF0429", "VCF0875", "VCF9052", "VCF0809", "VCF0839", "VCF0843", "VCF9239", "VCF0846", "VCF0612", "VCF0617", "VCF0310", "VCF0743", "VCF0717", "VCF0718", "VCF0720", "VCF0701", "VCF0726", "VCF0101", "VCF0104", "VCF0105a", "VCF0140a", "VCF0112"]}