{"validation": 0.8139802253391585, "id_test": 0.8094252873563218, "ood_test": 0.7403325326173991, "ood_validation": 0.7486222975837219, "train": 0.8047476721462237, "id_test_conf": [0.7974326611764575, 0.8210009420822657], "id_test_balanced": 0.6988599896430969, "id_test_balanced_conf": [0.6910930277779699, 0.706626951508224], "ood_test_conf": [0.7343786008779298, 0.7462205958464944], "ood_test_balanced": 0.6858839988708496, "ood_test_balanced_conf": [0.6824232224235312, 0.6893447753181681], "features": ["VCF0224", "VCF0301", "VCF9010", "VCF9011", "VCF9201", "VCF9202", "VCF9204", "VCF9205", "VCF0428", "VCF0429", "VCF0875", "VCF9052", "VCF0809", "VCF0839", "VCF0843", "VCF9239", "VCF0846", "VCF0612", "VCF0617", "VCF0310", "VCF0743", "VCF0717", "VCF0718", "VCF0720", "VCF0701", "VCF0726", "VCF0101", "VCF0104", "VCF0105a", "VCF0140a", "VCF0112"]}