{"validation": 0.82248792825937, "id_test": 0.8245977011494253, "ood_test": 0.795911638641609, "ood_validation": 0.8050021195421789, "train": 0.8160420738015864, "id_test_conf": [0.812964293581392, 0.8357935089105484], "id_test_balanced": 0.7834055423736572, "id_test_balanced_conf": [0.7750150922313332, 0.7917959925159812], "ood_test_conf": [0.7904264296667698, 0.8013157090101332], "ood_test_balanced": 0.7732150554656982, "ood_test_balanced_conf": [0.7693994663469493, 0.7770306445844471], "features": ["VCF0224", "VCF0301", "VCF9010", "VCF9011", "VCF9201", "VCF9202", "VCF9204", "VCF9205", "VCF0428", "VCF0429", "VCF0875", "VCF9052", "VCF0809", "VCF0839", "VCF0843", "VCF9239", "VCF0846", "VCF0612", "VCF0617", "VCF0310", "VCF0743", "VCF0717", "VCF0718", "VCF0720", "VCF0701", "VCF0726", "VCF0101", "VCF0104", "VCF0105a", "VCF0140a", "VCF0112"]}