{"id_test": 0.8324137931034483, "id_test_conf": [0.8209773674470149, 0.8434019742868883], "id_test_balanced": 0.7728188037872314, "id_test_balanced_conf": [0.7645693715848029, 0.78106823598966], "ood_test": 0.792802976779238, "ood_test_conf": [0.7872877448691199, 0.7982379250327961], "ood_test_balanced": 0.7625907063484192, "ood_test_balanced_conf": [0.7588402698142453, 0.766341142882593], "validation": 0.8250172453437572, "validation_conf": [0.8133928235197356, 0.8362033949375738], "validation_balanced": 0.763042688369751, "validation_balanced_conf": [0.7547153776325285, 0.7713699991069735], "features": ["VCF0224", "VCF0301", "VCF9010", "VCF9011", "VCF9201", "VCF9202", "VCF9204", "VCF9205", "VCF0428", "VCF0429", "VCF0875", "VCF9052", "VCF0809", "VCF0839", "VCF0843", "VCF9239", "VCF0846", "VCF0612", "VCF0617", "VCF0310", "VCF0743", "VCF0717", "VCF0718", "VCF0720", "VCF0701", "VCF0726", "VCF0101", "VCF0104", "VCF0105a", "VCF0140a", "VCF0112"]}