{"validation": 0.7695725089390247, "id_test": 0.7685803969218307, "ood_test": 0.7587569653936848, "ood_validation": 0.7536455245998814, "train": 0.7696948793748709, "id_test_conf": [0.7664928955446723, 0.7706580396079711], "id_test_balanced": 0.7090874910354614, "id_test_balanced_conf": [0.7076135558192618, 0.7105614262516611], "ood_test_conf": [0.755697015918641, 0.7617971270567561], "ood_test_balanced": 0.7380497455596924, "ood_test_balanced_conf": [0.7358976745000109, 0.7402018166193739], "features": ["HINS1", "HINS4", "OCCP", "POBP", "WKW", "AGEP", "SEX", "ACS_YEAR", "DIVISION"]}