{"validation": 0.8189934755236751, "id_test": 0.8154728595411304, "ood_test": 0.7842792258275707, "ood_validation": 0.7875161112134045, "train": 0.8172357547796725, "id_test_conf": [0.8127434743857183, 0.8181789477324302], "id_test_balanced": 0.5871647000312805, "id_test_balanced_conf": [0.5855554221337661, 0.5887739779287949], "ood_test_conf": [0.780605697781313, 0.7879189625692455], "ood_test_balanced": 0.5947117209434509, "ood_test_balanced_conf": [0.5924817419145256, 0.5969416999723762], "features": ["ENG", "WIF", "NWLK", "POBP", "RELP", "WKHP", "WKW", "WRK", "DIS", "ANC", "NATIVITY", "PUBCOV", "ST", "MAR", "RAC1P", "ACS_YEAR", "DIVISION"]}