{"id_test": 0.8355704697986577, "id_test_conf": [0.7885098367165799, 0.8758098484250081], "id_test_balanced": 0.7252252101898193, "id_test_balanced_conf": [0.6942820151150226, 0.756168405264616], "ood_test": 0.699570555857981, "ood_test_conf": [0.6945967250187547, 0.7045093092617052], "ood_test_balanced": 0.7052603960037231, "ood_test_balanced_conf": [0.7018666856084019, 0.7086541063990444], "validation": 0.785234899328859, "validation_conf": [0.7342026981016121, 0.8304959336686918], "validation_balanced": 0.6769025325775146, "validation_balanced_conf": [0.6450873731821776, 0.7087176919728517], "features": ["MARITAL_STATUS", "FAMILY_SIZE_AVG", "TANF_ASSISTANCE", "SEVERANCE_PAY_PENSION", "FOSTER_CHILD_CARE_AMT", "ALIMONY_AMT", "INCOME_FROM_ASSISTANCE", "INCOME", "SAVINGS_INV_AMOUNT", "UNEMPLOYMENT_COMP_AMOUNT", "RETIREMENT_INCOME_AMOUNT", "SURVIVOR_INCOME_AMOUNT", "FOOD_ASSISTANCE", "RACE", "AGE", "LIVING_OWNERSHIP", "MEDICARE_ASSISTANCE", "HEALTHDISAB", "PRESCRIPTION_MEDS", "VISIT_DENTIST_NUM", "TRANSPORTATION_ASSISTANCE", "VISIT_DOCTOR_NUM", "HEALTH_MEDICAL_CARE_PAY", "HEALTH_HEARING", "HEALTH_COGNITIVE", "HEALTH_SELF_CARE", "HEALTH_CORE_DISABILITY", "HEALTH_SUPPLEMENTAL_DISABILITY", "CITIZENSHIP_STATUS"]}