{"validation": 0.5949259573839507, "id_test": 0.5953691052106799, "ood_test": 0.5506894379910283, "ood_validation": 0.5472888642351962, "train": 0.5937912569819508, "id_test_conf": [0.5894947219109219, 0.6012230174552847], "id_test_balanced": 0.5761090517044067, "id_test_balanced_conf": [0.5720304153487086, 0.5801876880601049], "ood_test_conf": [0.5493351534951774, 0.5520431568034416], "ood_test_balanced": 0.5602759718894958, "ood_test_balanced_conf": [0.559327599501703, 0.5612243442772887], "features": ["AGEG5YR", "DRNK_PER_WEEK", "RFBING5", "TOTINDA", "IYEAR", "STATE", "MEDCOST", "PRACE1", "SEX", "BMI5CAT"]}