{"id_test": 0.9667771821646578, "id_test_conf": [0.9658912252374159, 0.967646316046392], "id_test_balanced": 0.5422134399414062, "id_test_balanced_conf": [0.5415160546521656, 0.5429108252306469], "ood_test": 0.9487442775852479, "ood_test_conf": [0.9476647114049893, 0.9498079070102289], "ood_test_balanced": 0.5381738543510437, "ood_test_balanced_conf": [0.5374969560094178, 0.5388507526926696], "validation": 0.9671240177486924, "validation_conf": [0.9662424717544033, 0.9679887276938182], "validation_balanced": 0.5430765151977539, "validation_balanced_conf": [0.542372348861536, 0.5437806815339719], "features": ["ENG", "POBP", "RELP", "WKW", "WRK", "ESP", "MIG", "MIL", "DEAR", "DREM", "DPHY", "SEX", "MAR", "CIT", "RAC1P", "DIVISION", "ACS_YEAR", "SCHL"]}