{"validation": 0.8914410038221653, "id_test": 0.8928288236334921, "ood_test": 0.8538688812584844, "ood_validation": 0.8735632183908046, "train": 0.8926460649996928, "id_test_conf": [0.892050127823254, 0.8936037888457684], "id_test_balanced": 0.8373504281044006, "id_test_balanced_conf": [0.8367570294789038, 0.8379438267298974], "ood_test_conf": [0.8475600401615591, 0.8600127734157758], "ood_test_balanced": 0.8118677139282227, "ood_test_balanced_conf": [0.807601639451459, 0.8161337884049863], "features": ["Average_confidence(BORED)", "Average_confidence(CONCENTRATING)", "Average_confidence(CONFUSED)", "attempt_count", "ms_first_response", "tutor_mode", "type", "school_id"]}