{"validation": 0.8739679232854889, "id_test": 0.8738922972051807, "ood_test": 0.829575640203609, "ood_validation": 0.8292769097903745, "train": 0.8739788166384075, "id_test_conf": [0.8720794761852813, 0.8756884948658417], "id_test_balanced": 0.5284666419029236, "id_test_balanced_conf": [0.5277462656272109, 0.5291870181786362], "ood_test_conf": [0.8280301669227599, 0.8311127765149254], "ood_test_balanced": 0.5244696140289307, "ood_test_balanced_conf": [0.5239546208491084, 0.524984607208753], "features": ["CHOL_CHK_PAST_5_YEARS", "BMI5CAT", "CVDSTRK3", "MICHD", "FRUIT_ONCE_PER_DAY", "DRNK_PER_WEEK", "RFBING5", "INCOME", "MARITAL", "CHECKUP1", "EDUCA", "HEALTH_COV", "MENTHLTH", "STATE", "MEDCOST", "PRACE1", "SEX", "IYEAR", "STATE", "PRACE1"]}