{"validation": 0.7258045122298517, "id_test": 0.7245595382746051, "ood_test": 0.6740656821804482, "ood_validation": 0.6667457024303497, "train": 0.7251659846391529, "id_test_conf": [0.7223496026490446, 0.7267612319962058], "id_test_balanced": 0.6510764360427856, "id_test_balanced_conf": [0.6495763143198565, 0.6525765577657148], "ood_test_conf": [0.6707181356367243, 0.6773999207908563], "ood_test_balanced": 0.6183934211730957, "ood_test_balanced_conf": [0.616371562872082, 0.6204152794741095], "features": ["COW", "FER", "HINS2", "HINS3", "HINS4", "NWLA", "NWLK", "RELP", "WKW", "ST", "CIT", "RAC1P", "DIVISION"]}