{"validation": 0.8740691359630581, "id_test": 0.873321192806738, "ood_test": 0.8269472420713067, "ood_validation": 0.8230230399189805, "train": 0.8736726790111287, "id_test_conf": [0.8714495465406542, 0.8751752197181935], "id_test_balanced": 0.5442958474159241, "id_test_balanced_conf": [0.5433751488872803, 0.5452165459445678], "ood_test_conf": [0.8253349763798364, 0.8285506168280817], "ood_test_balanced": 0.5464445948600769, "ood_test_balanced_conf": [0.5457031243515666, 0.5471860653685872], "features": ["TOLDHI", "BMI5", "BMI5CAT", "SMOKDAY2", "CVDSTRK3", "RFBING5", "INCOME", "MENTHLTH", "STATE", "SEX", "IYEAR", "MEDCOST", "SEX", "PRACE1"]}