{"id_test": 0.9665602825891613, "id_test_conf": [0.9656715784556886, 0.9674321717402913], "id_test_balanced": 0.5212384462356567, "id_test_balanced_conf": [0.5207335469615646, 0.5217433455097489], "ood_test": 0.9484264505442788, "ood_test_conf": [0.9473437619782062, 0.9494932138176579], "ood_test_balanced": 0.5153964161872864, "ood_test_balanced_conf": [0.5149536454502959, 0.5158391869242769], "validation": 0.9668265536303017, "validation_conf": [0.9659412206420809, 0.9676950616327668], "validation_balanced": 0.5192837119102478, "validation_balanced_conf": [0.5188004008657299, 0.5197670229547657], "features": ["RELP", "WKHP", "WRK", "DIS", "MIG", "ANC", "NATIVITY", "DEYE", "CIT", "DIVISION", "ACS_YEAR", "SCHL"]}