{"validation": 0.9196870182359717, "id_test": 0.9203932580588084, "ood_test": 0.8810987782480236, "ood_validation": 0.8951149425287356, "train": 0.9206493825643546, "id_test_conf": [0.9197113841410669, 0.9210711388094828], "id_test_balanced": 0.8774595856666565, "id_test_balanced_conf": [0.8769186882313806, 0.8780004831019323], "ood_test_conf": [0.875301205074366, 0.8867185730609471], "ood_test_balanced": 0.8462355136871338, "ood_test_balanced_conf": [0.8421912334952504, 0.8502797938790172], "features": ["Average_confidence(BORED)", "Average_confidence(CONCENTRATING)", "Average_confidence(CONFUSED)", "Average_confidence(FRUSTRATED)", "attempt_count", "problem_type", "ms_first_response", "tutor_mode", "type", "overlap_time", "first_action", "school_id"]}