{"id_test": 0.9337634422695072, "id_test_conf": [0.9331366656704104, 0.9343860981213777], "id_test_balanced": 0.8985863327980042, "id_test_balanced_conf": [0.8980803406843916, 0.8990923249116167], "ood_test": 0.9101652958556257, "ood_test_conf": [0.9050214080347108, 0.915117614315424], "ood_test_balanced": 0.8838238716125488, "ood_test_balanced_conf": [0.8801234887028113, 0.8875242545222863], "validation": 0.933255459241432, "validation_conf": [0.9326264671133804, 0.9338803354666603], "validation_balanced": 0.898269534111023, "validation_balanced_conf": [0.8977629559894558, 0.8987761122325901], "features": ["Average_confidence(BORED)", "Average_confidence(CONCENTRATING)", "Average_confidence(CONFUSED)", "Average_confidence(FRUSTRATED)", "attempt_count", "problem_type", "ms_first_response", "tutor_mode", "type", "overlap_time", "first_action", "school_id"]}