{"validation": 0.7519063120520258, "id_test": 0.7509919060466592, "ood_test": 0.44123819517313745, "ood_validation": 0.5424528301886793, "train": 0.7512566094543166, "id_test_conf": [0.7493590849435314, 0.7526193567540231], "id_test_balanced": 0.5909761786460876, "id_test_balanced_conf": [0.5902496225049254, 0.5917027347872499], "ood_test_conf": [0.41878949563875517, 0.4638679893778687], "ood_test_balanced": 0.5041899681091309, "ood_test_balanced_conf": [0.5021437289565802, 0.5062362072616815], "features": ["Average_confidence(CONCENTRATING)", "Average_confidence(FRUSTRATED)", "attempt_count", "skill_id", "ms_first_response", "tutor_mode", "overlap_time", "school_id"]}