{"validation": 0.884956928051022, "id_test": 0.8845365999490667, "ood_test": 0.44805876180482684, "ood_validation": 0.5518867924528302, "train": 0.8845238770790284, "id_test_conf": [0.8833272973390307, 0.8857376703913523], "id_test_balanced": 0.8108698129653931, "id_test_balanced_conf": [0.8099555362807587, 0.8117840896500275], "ood_test_conf": [0.42556548757963675, 0.4707121070747577], "ood_test_balanced": 0.5102421045303345, "ood_test_balanced_conf": [0.5070624526357278, 0.5134217564249411], "features": ["Average_confidence(CONCENTRATING)", "Average_confidence(FRUSTRATED)", "attempt_count", "skill_id", "ms_first_response", "tutor_mode", "overlap_time", "school_id"]}