{"id_test": 0.9094975695995099, "id_test_conf": [0.9084110503335514, 0.9105753203079763], "features": ["Average_confidence(CONCENTRATING)", "Average_confidence(FRUSTRATED)", "attempt_count", "skill_id", "ms_first_response", "tutor_mode", "overlap_time", "school_id"], "ood_test": 0.5849947534102833, "ood_test_conf": [0.5624954347421309, 0.6072321008434514], "validation": 0.9096079603752832, "validation_conf": [0.9085220314247049, 0.91068511836128]}