{"id_test": 0.7770700636942676, "id_test_conf": [0.7491157774098198, 0.8032798219561283], "id_test_balanced": 0.7660006880760193, "id_test_balanced_conf": [0.7470846100524068, 0.7849167660996318], "ood_test": 0.6962522074694225, "ood_test_conf": [0.6888931509218894, 0.703536526066932], "ood_test_balanced": 0.7029452323913574, "ood_test_balanced_conf": [0.6978714884724468, 0.708018976310268], "validation": 0.7502656748140276, "validation_conf": [0.7213205076043754, 0.777634919653879], "validation_balanced": 0.7458441853523254, "validation_balanced_conf": [0.7262056919187307, 0.7654826787859201], "features": ["FCSZ1231", "MCRPD31", "MCRPB31", "MCDHMO31", "PFSAMT31", "GOVCAT31", "VAPROG31", "BSNTY31", "IHSAT31", "MORJOB31", "HRWGIM31", "HRHOW31", "DIFFWG31", "NHRWG31", "HOUR31", "TEMPJB31", "SSNLJB31", "SELFCM31", "CHOIC31", "MORE31", "NWK31", "STJBMM31", "PAYVAC31", "MCAID31X", "MCDAT31X", "PUB31X", "INS31X", "RACEV1X", "RACEV2X", "RACEAX", "RACEWX", "HISPANX", "HISPNCAT", "HIDEG", "HWELLSPK", "PRIEU31", "TRILI31X", "PRIEUO31", "DENTIN31", "DNTINS31", "PMEDIN31", "PMDINS31", "PMEDUP31", "PMEDPY31", "MARRY31X", "FTSTU31X", "REFRL31X", "HRWG31X", "DISVW31X", "HELD31X", "TRIPR31X", "TRIEX31X", "TRICH31X", "VACMPM31", "VASPMH31", "ASMRCN31", "ASPREV31", "ASEVFL31", "IADLHP31", "ADLHLP31", "WLKLIM31", "LFTDIF31", "WLKDIF31", "MILDIF31", "FNGRDF31", "WRKLIM31", "SCHLIM31", "SOCLIM31", "RUCLAS31", "FAMSZE31", "FMRS1231", "REGION31", "RESP31", "PROXY31", "ENDRFM31", "ENDRFY31", "INSCOP31", "ELGRND31", "RTHLTH31", "MNHLTH31", "CHBRON31", "COGLIM31", "UNABLE31", "VAPRHT31", "VANTWK31", "VAOUT31", "VAPAST31", "VACOMP31", "VAMREC31", "VACARE31", "VAPCCO31", "VAPCSN31", "VAPCRF31", "VAPCSO31", "VAPACT31", "VACTDY31", "VARECM31", "VACOPD31", "VAGERD31", "VAGOUT31", "VANECK31", "VAFIBR31", "VADEPR31", "VAMOOD31", "VAPROS31", "VARHAB31", "VAMNHC31", "VAGCNS31", "VARXMD31", "VALCOH31", "DAPID31X", "INSCOV19"]}