{"validation": 0.8061623361692343, "id_test": 0.7995402298850575, "ood_test": 0.7479157835240922, "ood_validation": 0.7477744807121661, "train": 0.7934820094263708, "id_test_conf": [0.7873289100241465, 0.8113479966899274], "id_test_balanced": 0.7030438184738159, "id_test_balanced_conf": [0.6948369608074426, 0.7112506761401892], "ood_test_conf": [0.7420178742785524, 0.7537457424151649], "ood_test_balanced": 0.7054024934768677, "ood_test_balanced_conf": [0.7016316200792789, 0.7091733668744564], "features": ["VCF0004", "VCF0901b", "VCF0218", "VCF0224", "VCF0301", "VCF0302", "VCF9008", "VCF9010", "VCF9011", "VCF9201", "VCF9202", "VCF9203", "VCF9204", "VCF9205", "VCF9206", "VCF0521", "VCF9052", "VCF0809", "VCF0839", "VCF0843", "VCF9045", "VCF0838", "VCF0803", "VCF0606", "VCF0615", "VCF0616", "VCF0743", "VCF0717", "VCF0718", "VCF0675", "VCF0724", "VCF0104", "VCF0105a", "VCF0115", "VCF0140a", "VCF0112"]}