{"validation": 0.7953356856590006, "id_test": 0.7942258308006278, "ood_test": 0.5620674013329633, "ood_validation": 0.5623266869140368, "train": 0.7943500266708335, "id_test_conf": [0.7931034588959385, 0.7953447976927444], "id_test_balanced": 0.5663289427757263, "id_test_balanced_conf": [0.5657911248912569, 0.5668667606601957], "ood_test_conf": [0.5609913403871655, 0.5631430226594755], "ood_test_balanced": 0.6445841193199158, "ood_test_balanced_conf": [0.6440160084806849, 0.6451522301591467], "features": ["MIG", "ANC", "DEAR", "DEYE", "PINCP", "ESR", "FER", "AGEP", "ST", "MAR", "CIT", "RAC1P", "DIS"]}