{"validation": 0.803714837199, "id_test": 0.8038932766302147, "ood_test": 0.7917824821172162, "ood_validation": 0.7902786010669828, "train": 0.8037129298335685, "id_test_conf": [0.8019268587467767, 0.8058485382088566], "id_test_balanced": 0.7507846355438232, "id_test_balanced_conf": [0.7493677933490835, 0.7522014777385629], "ood_test_conf": [0.7888763707810955, 0.7946662766714958], "ood_test_balanced": 0.7666729688644409, "ood_test_balanced_conf": [0.7646374584548176, 0.7687084792740643], "features": ["FER", "HINS3", "OCCP", "POBP", "WKHP", "WKW", "AGEP", "CIT", "SCHL", "ACS_YEAR", "DIVISION"]}