{"id_test": 0.6337765337065547, "id_test_conf": [0.6191510626652275, 0.648219501114348], "id_test_balanced": 0.5987023115158081, "id_test_balanced_conf": [0.5893186736665667, 0.6080859493650496], "ood_test": 0.5954520483440591, "ood_test_conf": [0.5911759388255774, 0.5997172842639571], "ood_test_balanced": 0.5942177176475525, "ood_test_balanced_conf": [0.5912666404573247, 0.5971687948377803], "validation": 0.6325244983667756, "validation_conf": [0.617887803097078, 0.6469803570572914], "validation_balanced": 0.6014484763145447, "validation_balanced_conf": [0.5919766126945615, 0.6109203399345279], "features": ["gender", "age", "payer_code", "medical_specialty", "num_lab_procedures", "number_emergency", "number_inpatient", "max_glu_serum", "repaglinide", "nateglinide", "glimepiride", "glipizide", "tolbutamide", "rosiglitazone", "acarbose", "troglitazone", "examide", "metformin-rosiglitazone", "metformin-pioglitazone", "change", "diabetesMed", "admission_source_id"]}