{"validation": 0.9206776709749572, "id_test": 0.92137487790031, "ood_test": 0.9114982578397213, "ood_validation": 0.9012539184952978, "train": 0.9214787006446521, "id_test_conf": [0.9203763624752318, 0.9223647404209057], "id_test_balanced": 0.8794369697570801, "id_test_balanced_conf": [0.8786466802738141, 0.8802272592403461], "ood_test_conf": [0.9038527104567067, 0.9187224420587233], "ood_test_balanced": 0.8860784769058228, "ood_test_balanced_conf": [0.8806509660370648, 0.8915059877745807], "features": ["Average_confidence(CONCENTRATING)", "attempt_count", "hint_count", "problem_type", "ms_first_response", "tutor_mode", "type", "first_action", "school_id"]}