{"validation": 0.9205325669955691, "id_test": 0.9211625306134005, "ood_test": 0.9114982578397213, "ood_validation": 0.9012539184952978, "train": 0.9213066105596953, "id_test_conf": [0.9201627926840236, 0.9221536200239493], "id_test_balanced": 0.8793398141860962, "id_test_balanced_conf": [0.8785488738934509, 0.8801307544787415], "ood_test_conf": [0.9038527104567067, 0.9187224420587233], "ood_test_balanced": 0.8860784769058228, "ood_test_balanced_conf": [0.8806509660370648, 0.8915059877745807], "features": ["Average_confidence(CONCENTRATING)", "attempt_count", "hint_count", "problem_type", "ms_first_response", "tutor_mode", "type", "first_action", "school_id"]}