{"validation": 0.9206847492178541, "id_test": 0.9213394866858251, "ood_test": 0.9114982578397213, "ood_validation": 0.9012539184952978, "train": 0.9214906452006774, "id_test_conf": [0.9203407673622147, 0.9223295538359044], "id_test_balanced": 0.8794193267822266, "id_test_balanced_conf": [0.8786289280606434, 0.8802097255038097], "ood_test_conf": [0.9038527104567067, 0.9187224420587233], "ood_test_balanced": 0.8860784769058228, "ood_test_balanced_conf": [0.8806509660370648, 0.8915059877745807], "features": ["Average_confidence(CONCENTRATING)", "attempt_count", "hint_count", "problem_type", "ms_first_response", "tutor_mode", "type", "first_action", "school_id"]}