{"id_test": 0.6274784231397248, "id_test_conf": [0.6128062539509374, 0.6419766872962365], "id_test_balanced": 0.6016011834144592, "id_test_balanced_conf": [0.5917664692364633, 0.6114358975924552], "ood_test": 0.562568670538377, "ood_test_conf": [0.5582487246181442, 0.566881489061392], "ood_test_balanced": 0.5604588985443115, "ood_test_balanced_conf": [0.5575990131590516, 0.5633187839295715], "validation": 0.6166588894073728, "validation_conf": [0.601910868028765, 0.6312477377120777], "validation_balanced": 0.5925880074501038, "validation_balanced_conf": [0.5827101848088205, 0.602465830091387], "features": ["race", "admission_type_id", "discharge_disposition_id", "time_in_hospital", "payer_code", "num_medications", "diag_1", "diag_2", "diag_3", "number_diagnoses", "max_glu_serum", "metformin", "repaglinide", "glimepiride", "glipizide", "glyburide", "pioglitazone", "tolazamide", "insulin", "glyburide-metformin", "glimepiride-pioglitazone", "change", "diabetesMed", "admission_source_id"]}