{"id_test": 0.7785234899328859, "id_test_conf": [0.7270452674730299, 0.8243690332968755], "id_test_balanced": 0.682610273361206, "id_test_balanced_conf": [0.6487068834900857, 0.7165136632323265], "ood_test": 0.6373918829008649, "ood_test_conf": [0.6321830885047601, 0.6425765331877432], "ood_test_balanced": 0.6407322883605957, "ood_test_balanced_conf": [0.6371018994320184, 0.644362677289173], "validation": 0.761744966442953, "validation_conf": [0.7092271851975407, 0.8089751365552451], "validation_balanced": 0.656931459903717, "validation_balanced_conf": [0.624059263318777, 0.689803656488657], "features": ["ORIGIN", "RECEIVED_WORK_COMP", "TANF_ASSISTANCE", "UNEMPLOYMENT_COMP", "SEVERANCE_PAY_PENSION", "CHILD_SUPPORT_AMT", "ALIMONY_AMT", "UNEMPLOYMENT_COMP_AMOUNT", "RETIREMENT_INCOME_AMOUNT", "DISABILITY_BENEFITS_AMOUNT", "RACE", "GENDER", "WIC_ASSISTANCE", "MEDICARE_ASSISTANCE", "MEDICAID_ASSISTANCE", "HEALTHDISAB", "PRESCRIPTION_MEDS", "VISIT_DENTIST_NUM", "VISIT_DOCTOR_NUM", "HEALTH_MEDICAL_CARE_PAY", "HEALTH_SEEING", "HEALTH_COGNITIVE", "HEALTH_ERRANDS_DIFFICULTY", "HEALTH_SUPPLEMENTAL_DISABILITY", "HEALTH_INSURANCE_PREMIUMS", "SOCIAL_SEC_BENEFITS", "CITIZENSHIP_STATUS"]}