{"validation": 0.8282142266651404, "id_test": 0.8240194332807651, "ood_test": 0.8020172674823028, "ood_validation": 0.8064813109924508, "train": 0.8251290106165483, "id_test_conf": [0.8213394258599604, 0.8266755112094295], "id_test_balanced": 0.6004635095596313, "id_test_balanced_conf": [0.598830695624929, 0.6020963234943337], "ood_test_conf": [0.798456527286054, 0.8055421036349695], "ood_test_balanced": 0.6330438852310181, "ood_test_balanced_conf": [0.6306871564406902, 0.635400614021346], "features": ["ENG", "HUPAC", "WIF", "NWLA", "NWLK", "POBP", "WKW", "ANC", "NATIVITY", "DREM", "RAC1P", "SCHL", "ACS_YEAR", "DIVISION"]}