{"id_test": 0.6448674905350382, "id_test_conf": [0.6392293173308443, 0.6504755873657619], "id_test_balanced": 0.579523503780365, "id_test_balanced_conf": [0.5764961379719898, 0.5825508695887401], "ood_test": 0.5627752244700132, "ood_test_conf": [0.5614387978169655, 0.5641109651794363], "ood_test_balanced": 0.6033128499984741, "ood_test_balanced_conf": [0.6025074209400918, 0.6041182790568564], "validation": 0.6409029216372598, "validation_conf": [0.635251312949479, 0.6465252773500663], "validation_balanced": 0.5758041143417358, "validation_balanced_conf": [0.5728100512176753, 0.5787981774657964], "features": ["DRNK_PER_WEEK", "RFBING5", "SMOKDAY2", "CHCSCNCR", "DIABETES", "EMPLOY1", "IYEAR", "MEDCOST", "BMI5CAT"]}