{"validation": 0.7740024681201152, "id_test": 0.7740481976508709, "ood_test": 0.757149820184163, "ood_validation": 0.750800237107291, "train": 0.7744357155118607, "id_test_conf": [0.7719780120246205, 0.7761083237103987], "id_test_balanced": 0.70533287525177, "id_test_balanced_conf": [0.7038908357988112, 0.7067749147047289], "ood_test_conf": [0.7540830471802684, 0.7601969284054478], "ood_test_balanced": 0.7327204942703247, "ood_test_balanced_conf": [0.7305774096166715, 0.7348635789239779], "features": ["COW", "ENG", "FER", "HINS1", "HINS3", "HINS4", "NWLA", "NWLK", "OCCP", "POBP", "WKW", "AGEP", "SEX", "ST", "MAR", "ACS_YEAR", "DIVISION"]}