{"validation": 0.813750287422396, "id_test": 0.8179310344827586, "ood_test": 0.7897414158541755, "ood_validation": 0.7901653242899533, "train": 0.8062708357282447, "id_test_conf": [0.8061361418019836, 0.8292973966140209], "id_test_balanced": 0.7665602564811707, "id_test_balanced_conf": [0.7580762905813754, 0.7750442223809659], "ood_test_conf": [0.7841970929102329, 0.7952062970179847], "ood_test_balanced": 0.7662535905838013, "ood_test_balanced_conf": [0.762405752716586, 0.7701014284510166], "features": ["VCF0901b", "VCF0302", "VCF9008", "VCF9201", "VCF9202", "VCF9203", "VCF9206", "VCF0523", "VCF0428", "VCF0875", "VCF9052", "VCF0809", "VCF0839", "VCF0822", "VCF0870", "VCF0838", "VCF0606", "VCF0615", "VCF0616", "VCF0617", "VCF0310", "VCF0717", "VCF0718", "VCF0720", "VCF0701", "VCF0724", "VCF0745", "VCF0104", "VCF0105a", "VCF0112"]}