{"validation": 0.8112209703380088, "id_test": 0.8119540229885057, "ood_test": 0.7630351844001696, "ood_validation": 0.7744807121661721, "train": 0.8084837337625015, "id_test_conf": [0.800019236080843, 0.8234684032832591], "id_test_balanced": 0.7145576477050781, "id_test_balanced_conf": [0.7065100354328752, 0.7226052599772811], "ood_test_conf": [0.7572560946277893, 0.768742171719787], "ood_test_balanced": 0.718433141708374, "ood_test_balanced_conf": [0.7147919081244618, 0.7220743752922862], "features": ["VCF0901b", "VCF0302", "VCF9008", "VCF9201", "VCF9202", "VCF9203", "VCF9206", "VCF0523", "VCF0428", "VCF0875", "VCF9052", "VCF0809", "VCF0839", "VCF0822", "VCF0870", "VCF0838", "VCF0606", "VCF0615", "VCF0616", "VCF0617", "VCF0310", "VCF0717", "VCF0718", "VCF0720", "VCF0701", "VCF0724", "VCF0745", "VCF0104", "VCF0105a", "VCF0112"]}