{"validation": 0.8227835221997533, "id_test": 0.822200742737956, "ood_test": 0.7912148614918777, "ood_validation": 0.7871478549070153, "train": 0.8220511972630354, "id_test_conf": [0.819510038617531, 0.8248676519823774], "id_test_balanced": 0.6873770952224731, "id_test_balanced_conf": [0.6853553103934974, 0.6893988800514489], "ood_test_conf": [0.7875841884336428, 0.7948109172928997], "ood_test_balanced": 0.6845577955245972, "ood_test_balanced_conf": [0.6819004129944369, 0.6872151780547574], "features": ["FER", "HUPAC", "POBP", "WKW", "WRK", "ANC", "DEAR", "DEYE", "PUBCOV", "AGEP", "SEX", "CIT", "SCHL", "ACS_YEAR", "DIVISION"]}