{"id_test": 0.9878891993613139, "id_test_conf": [0.9873030670799577, 0.9884550345992967], "id_test_balanced": 0.5002803802490234, "id_test_balanced_conf": [0.5002153293658921, 0.5003454311321548], "ood_test": 0.9242198776803917, "ood_test_conf": [0.9227921351585159, 0.9256292858370916], "ood_test_balanced": 0.5000370144844055, "ood_test_balanced_conf": [0.5000074483744538, 0.5000665805943573], "validation": 0.9886589634107223, "validation_conf": [0.9880910811249181, 0.9892065110282448], "validation_balanced": 0.500300407409668, "validation_balanced_conf": [0.5002332818684226, 0.5003675329509133], "features": ["O2Sat", "Resp", "HCO3", "FiO2", "PaCO2", "AST", "Alkalinephos", "Chloride", "Creatinine", "Glucose", "Phosphate", "Hct", "Fibrinogen", "HospAdmTime", "set", "ICULOS"]}