{"validation": 0.8739865298026231, "id_test": 0.8747341428463685, "ood_test": 0.8292860227744068, "ood_validation": 0.8302097363863767, "train": 0.8739412771798566, "id_test_conf": [0.8729404226882153, 0.8765114571416797], "id_test_balanced": 0.5319001078605652, "id_test_balanced_conf": [0.531156354470877, 0.5326438612502534], "ood_test_conf": [0.8277548489514621, 0.8308090308157373], "ood_test_balanced": 0.5291359424591064, "ood_test_balanced_conf": [0.5285859959840309, 0.529685888934182], "features": ["HIGH_BLOOD_PRESS", "CHOL_CHK_PAST_5_YEARS", "TOLDHI", "BMI5CAT", "SMOKE100", "CVDSTRK3", "MICHD", "VEG_ONCE_PER_DAY", "RFBING5", "TOTINDA", "CHECKUP1", "EDUCA", "IYEAR", "MEDCOST", "PRACE1", "SEX", "MEDCOST", "PRACE1", "SEX", "PRACE1"]}