{"validation": 0.794895378247873, "id_test": 0.7873563218390804, "ood_test": 0.73260797889878, "ood_validation": 0.7295464179737177, "train": 0.7843717668697552, "id_test_conf": [0.7748909373687423, 0.7994346725561152], "id_test_balanced": 0.6912448406219482, "id_test_balanced_conf": [0.6829019081778824, 0.699587773066014], "ood_test_conf": [0.7265993390580721, 0.7385528704506268], "ood_test_balanced": 0.6890944242477417, "ood_test_balanced_conf": [0.6852756014466286, 0.6929132470488548], "features": ["VCF0901b", "VCF0302", "VCF9010", "VCF9011", "VCF9203", "VCF9204", "VCF9206", "VCF0521", "VCF0523", "VCF0428", "VCF0875", "VCF0809", "VCF0839", "VCF0822", "VCF0870", "VCF0838", "VCF0606", "VCF0612", "VCF0617", "VCF0717", "VCF0718", "VCF0720", "VCF0724", "VCF0745", "VCF0115", "VCF0140a", "VCF0112"]}