{"validation": 0.7514982754801759, "id_test": 0.7508796577561766, "ood_test": 0.7128084203870322, "ood_validation": 0.7108476585655009, "train": 0.7523935566396625, "id_test_conf": [0.7487394111403182, 0.753010695877318], "id_test_balanced": 0.6703696250915527, "id_test_balanced_conf": [0.6689299895660952, 0.6718092606170103], "ood_test_conf": [0.709575136134668, 0.7160254331609197], "ood_test_balanced": 0.666682243347168, "ood_test_balanced_conf": [0.6646013653231785, 0.6687631213711575], "features": ["COW", "FER", "HINS2", "NWLA", "NWLK", "OCCP", "WRK", "SEX", "ST", "RAC1P", "DIVISION"]}