{"validation": 0.7812739296902192, "id_test": 0.7824270959902795, "ood_test": 0.7694932223261451, "ood_validation": 0.7677534084173089, "train": 0.7821335423847204, "id_test_conf": [0.7803844274240856, 0.7844593971369588], "id_test_balanced": 0.7328011989593506, "id_test_balanced_conf": [0.7313359271688387, 0.7342664707498625], "ood_test_conf": [0.766480380899644, 0.7724854539774424], "ood_test_balanced": 0.7410308122634888, "ood_test_balanced_conf": [0.7389418942993506, 0.7431197302276269], "features": ["ENG", "HINS2", "HINS3", "HINS4", "POBP", "RELP", "WKHP", "WRK", "ST", "MAR", "RAC1P", "SCHL", "ACS_YEAR", "DIVISION"]}