{"id_test": 0.8013806406779796, "id_test_conf": [0.8002729213598923, 0.802484872127625], "id_test_balanced": 0.6079864501953125, "id_test_balanced_conf": [0.6073200498556253, 0.6086528505349997], "ood_test": 0.5583602424325418, "ood_test_conf": [0.5572832199727586, 0.5594368515308821], "ood_test_balanced": 0.6358106136322021, "ood_test_balanced_conf": [0.6352155071811285, 0.6364057200832758], "validation": 0.801837529778486, "validation_conf": [0.8007307637564433, 0.8029408026339206], "validation_balanced": 0.6076308488845825, "validation_balanced_conf": [0.6069649513263721, 0.608296746442793], "features": ["ESP", "MIG", "ANC", "NATIVITY", "DEAR", "DREM", "PINCP", "FER", "AGEP", "SEX", "ST", "MAR", "RAC1P", "SCHL", "DIS"]}