{"validation": 0.9208305550413098, "id_test": 0.9215171333643518, "ood_test": 0.9100055897149245, "ood_validation": 0.9281609195402298, "train": 0.9215821916405562, "id_test_conf": [0.920839652982267, 0.9221906098623978], "id_test_balanced": 0.8788840174674988, "id_test_balanced_conf": [0.8783456693636253, 0.8794223655713722], "ood_test_conf": [0.9048577313117038, 0.9149619549378666], "ood_test_balanced": 0.8835787773132324, "ood_test_balanced_conf": [0.8798763009067625, 0.8872812537197023], "features": ["Average_confidence(CONCENTRATING)", "Average_confidence(FRUSTRATED)", "attempt_count", "hint_count", "first_action", "school_id"]}