{"validation": 0.7716716486548632, "id_test": 0.7751724137931034, "ood_test": 0.7354340351372992, "ood_validation": 0.7401441288681645, "train": 0.7749166570870215, "id_test_conf": [0.7624690531612299, 0.7875052411160675], "id_test_balanced": 0.7052288055419922, "id_test_balanced_conf": [0.6963549477234483, 0.7141026633605361], "ood_test_conf": [0.7294451386160814, 0.7413584077253408], "ood_test_balanced": 0.70145583152771, "ood_test_balanced_conf": [0.6974533770047128, 0.7054582860507072], "features": ["VCF0004", "VCF0224", "VCF0301", "VCF9008", "VCF9011", "VCF9203", "VCF0875", "VCF0839", "VCF0822", "VCF0843", "VCF9045", "VCF0838", "VCF9239", "VCF0803", "VCF0846", "VCF0601", "VCF0606", "VCF0615", "VCF0616", "VCF0617", "VCF0718", "VCF0675", "VCF0725", "VCF0745", "VCF0104", "VCF0115", "VCF0112"]}