{"validation": 0.7877673028282364, "id_test": 0.7855172413793103, "ood_test": 0.7203146342612218, "ood_validation": 0.7244595167443832, "train": 0.7814691343832625, "id_test_conf": [0.7730149296972246, 0.7976350110821802], "id_test_balanced": 0.6693114042282104, "id_test_balanced_conf": [0.6614553212374449, 0.677167487218976], "ood_test_conf": [0.7142236755024309, 0.726345218200737], "ood_test_balanced": 0.6658541560173035, "ood_test_balanced_conf": [0.6623029482690618, 0.6694053637655452], "features": ["VCF0004", "VCF0224", "VCF0301", "VCF9008", "VCF9011", "VCF9203", "VCF0875", "VCF0839", "VCF0822", "VCF0843", "VCF9045", "VCF0838", "VCF9239", "VCF0803", "VCF0846", "VCF0601", "VCF0606", "VCF0615", "VCF0616", "VCF0617", "VCF0718", "VCF0675", "VCF0725", "VCF0745", "VCF0104", "VCF0115", "VCF0112"]}