{"validation": 0.7819447520804987, "id_test": 0.7834902794653706, "ood_test": 0.7783983875854619, "ood_validation": 0.7779490219324244, "train": 0.7827830045019354, "id_test_conf": [0.7814511895305917, 0.7855189629150514], "id_test_balanced": 0.7422536611557007, "id_test_balanced_conf": [0.7407824060716667, 0.7437249162397347], "ood_test_conf": [0.775426696794884, 0.7813487867012152], "ood_test_balanced": 0.7553384304046631, "ood_test_balanced_conf": [0.7532520447159186, 0.7574248160934076], "features": ["HINS2", "HINS3", "HINS4", "RELP", "WKHP", "AGEP", "MAR", "RAC1P", "SCHL", "DIVISION"]}