{"validation": 0.8215752858432854, "id_test": 0.8192374217835885, "ood_test": 0.7922173575023528, "ood_validation": 0.8005892100902228, "train": 0.8209256332887135, "id_test_conf": [0.8165295097193564, 0.8219217582929224], "id_test_balanced": 0.5801247954368591, "id_test_balanced_conf": [0.5786096286028624, 0.5816399622708559], "ood_test_conf": [0.788593008806507, 0.7958069695416728], "ood_test_balanced": 0.6036752462387085, "ood_test_balanced_conf": [0.6014500572672113, 0.6059004352102056], "features": ["HUPAC", "WIF", "NWLA", "RELP", "WKHP", "ST", "MAR", "RAC1P", "ACS_YEAR", "DIVISION"]}