{"validation": 0.8237501112849276, "id_test": 0.8206236963931424, "ood_test": 0.7957363230901427, "ood_validation": 0.8027987479285583, "train": 0.8228174710421642, "id_test_conf": [0.8179238005634629, 0.8232999140698671], "id_test_balanced": 0.592103898525238, "id_test_balanced_conf": [0.5905032845097594, 0.5937045125407167], "ood_test_conf": [0.7921344393637484, 0.7993030510150991], "ood_test_balanced": 0.6101405024528503, "ood_test_balanced_conf": [0.6078965879231691, 0.6123844169825315], "features": ["HUPAC", "WIF", "NWLA", "RELP", "WKHP", "ST", "MAR", "RAC1P", "ACS_YEAR", "DIVISION"]}