{"validation": 0.8227708039223167, "id_test": 0.8197079920638958, "ood_test": 0.7913785343099144, "ood_validation": 0.795617749953968, "train": 0.8204407505031652, "id_test_conf": [0.8170027944743139, 0.8223895792722632], "id_test_balanced": 0.5614031553268433, "id_test_balanced_conf": [0.5600801912299357, 0.5627261194237508], "ood_test_conf": [0.7877488915302653, 0.7949735403388295], "ood_test_balanced": 0.5691242218017578, "ood_test_balanced_conf": [0.5672662050044164, 0.5709822385990992], "features": ["FER", "WIF", "NWLA", "POBP", "DREM", "PUBCOV", "AGEP", "SEX", "DIVISION"]}