{"validation": 0.7324811963557546, "id_test": 0.7333057006363166, "ood_test": 0.6710053501557135, "ood_validation": 0.6867816091954023, "train": 0.7330341381499458, "id_test_conf": [0.732194359825332, 0.734414826731556], "id_test_balanced": 0.5866372585296631, "id_test_balanced_conf": [0.586159050312126, 0.5871154667472002], "ood_test_conf": [0.6626973192778446, 0.6792338372294399], "ood_test_balanced": 0.5741928219795227, "ood_test_balanced_conf": [0.57107429608237, 0.5773113478766754], "features": ["ms_first_response", "tutor_mode", "type", "first_action", "school_id"]}