{"id_test": 0.9730052985467729, "id_test_conf": [0.9722028989383458, 0.9737906422336344], "id_test_balanced": 0.660535454750061, "id_test_balanced_conf": [0.6593812894658185, 0.6616896200343035], "ood_test": 0.961872979200665, "ood_test_conf": [0.9609337683793829, 0.9627957776460359], "ood_test_balanced": 0.683952271938324, "ood_test_balanced_conf": [0.6827645530924201, 0.6851399907842278], "validation": 0.9738975236112144, "validation_conf": [0.9731079253471291, 0.9746700322244229], "validation_balanced": 0.6669241189956665, "validation_balanced_conf": [0.6657595931272954, 0.6680886448640376], "features": ["ENG", "RELP", "WKHP", "WKW", "WRK", "OCCP", "DIS", "MIG", "ANC", "DREM", "FER", "AGEP", "SEX", "CIT", "RAC1P", "ACS_YEAR", "SCHL"]}