{"id_test": 0.6316497093023256, "id_test_conf": [0.6259189600781725, 0.6373526515419976], "id_test_balanced": 0.5791861414909363, "id_test_balanced_conf": [0.5756517095537856, 0.5827205734280869], "ood_test": 0.5310174836951529, "ood_test_conf": [0.5296632907195791, 0.5323713327453576], "ood_test_balanced": 0.5738332271575928, "ood_test_balanced_conf": [0.573023301929934, 0.5746431523852515], "validation": 0.6369417493368218, "validation_conf": [0.6312277693468198, 0.6426268031344315], "validation_balanced": 0.5845029354095459, "validation_balanced_conf": [0.5809766168845818, 0.58802925393451], "features": ["SMOKE100", "SMOKDAY2", "CHCSCNCR", "CHCOCNCR", "POVERTY", "EMPLOY1", "IYEAR", "STATE", "MEDCOST", "PRACE1", "SEX", "SEX", "BMI5CAT"]}