{"id_test": 0.9337765486870646, "id_test_conf": [0.9331498293759957, 0.9343991471257354], "features": ["Average_confidence(BORED)", "Average_confidence(CONCENTRATING)", "Average_confidence(CONFUSED)", "Average_confidence(FRUSTRATED)", "attempt_count", "problem_type", "ms_first_response", "type", "overlap_time", "first_action", "school_id"], "ood_test": 0.9101652958556257, "ood_test_conf": [0.9050214080347108, 0.915117614315424], "validation": 0.933345566009761, "validation_conf": [0.932716966021301, 0.9339700492349194]}