{"validation": 0.8001839503334099, "id_test": 0.791264367816092, "ood_test": 0.7266261598605812, "ood_validation": 0.7261551504874947, "train": 0.7896884699390735, "id_test_conf": [0.7788786742089704, 0.8032577312146564], "id_test_balanced": 0.6724995970726013, "id_test_balanced_conf": [0.664777340888977, 0.6802218532562256], "ood_test_conf": [0.7205767477730232, 0.7326134652709286], "ood_test_balanced": 0.6711627244949341, "ood_test_balanced_conf": [0.6676742055080831, 0.6746512434817851], "features": ["VCF0004", "VCF0301", "VCF0302", "VCF9011", "VCF9201", "VCF9203", "VCF9205", "VCF9206", "VCF0809", "VCF0870", "VCF0843", "VCF9239", "VCF0803", "VCF0846", "VCF0601", "VCF0617", "VCF0310", "VCF0717", "VCF0720", "VCF0675", "VCF0724", "VCF0725", "VCF0726", "VCF0104", "VCF0115", "VCF0112"]}