{"validation": 0.7566370281302408, "id_test": 0.7553918590522479, "ood_test": 0.7446088182213382, "ood_validation": 0.7345583876704209, "train": 0.757230902372633, "id_test_conf": [0.7532645905053105, 0.7575097533715356], "id_test_balanced": 0.7131688594818115, "id_test_balanced_conf": [0.7116464231372811, 0.7146912958263419], "ood_test_conf": [0.7414907706609086, 0.7477081609254537], "ood_test_balanced": 0.7353541851043701, "ood_test_balanced_conf": [0.7331468799570575, 0.7375614902516827], "features": ["COW", "ENG", "FER", "HINS1", "HINS3", "NWLK", "OCCP", "POBP", "RELP", "WRK", "AGEP", "ACS_YEAR", "DIVISION"]}