{"validation": 0.7779577888175173, "id_test": 0.77786426690968, "ood_test": 0.7657519990515209, "ood_validation": 0.7598103141671606, "train": 0.7792912556768605, "id_test_conf": [0.7758064640052251, 0.7799118700440976], "id_test_balanced": 0.7294681072235107, "id_test_balanced_conf": [0.7279925864259712, 0.7309436280210503], "ood_test_conf": [0.762722437200975, 0.7687612375709945], "ood_test_balanced": 0.7414748668670654, "ood_test_balanced_conf": [0.7393553678784519, 0.743594365855679], "features": ["COW", "ENG", "FER", "HINS1", "HINS3", "NWLK", "OCCP", "POBP", "RELP", "WRK", "AGEP", "ACS_YEAR", "DIVISION"]}