{"validation": 0.7735025155839635, "id_test": 0.7736368469015796, "ood_test": 0.7529870506250741, "ood_validation": 0.749021932424422, "train": 0.7741453956616563, "id_test_conf": [0.7715653412190194, 0.7756983081301063], "id_test_balanced": 0.6934823989868164, "id_test_balanced_conf": [0.6920767913968302, 0.6948880065768026], "ood_test_conf": [0.7499028734695224, 0.756051881649441], "ood_test_balanced": 0.7146544456481934, "ood_test_balanced_conf": [0.7125887446198612, 0.7167201466765255], "features": ["COW", "ENG", "FER", "HINS1", "HINS3", "NWLK", "OCCP", "POBP", "RELP", "WRK", "AGEP", "ACS_YEAR", "DIVISION"]}