{"id_test": 0.8523489932885906, "id_test_conf": [0.8068981296050279, 0.8906223129483003], "id_test_balanced": 0.7970602512359619, "id_test_balanced_conf": [0.7660678326338529, 0.8280526698380709], "ood_test": 0.7681304058549567, "ood_test_conf": [0.7635430463826842, 0.7726706211057042], "ood_test_balanced": 0.7711924314498901, "ood_test_balanced_conf": [0.7680161610944196, 0.7743687018053607], "validation": 0.8288590604026845, "validation_conf": [0.7811984732340315, 0.8698398492126302], "validation_balanced": 0.7759790420532227, "validation_balanced_conf": [0.7439513777941466, 0.8080067063122988], "features": ["MARITAL_STATUS", "FAMILY_SIZE_AVG", "HOUSEHOLD_INC", "RECEIVED_WORK_COMP", "UNEMPLOYMENT_COMP", "SEVERANCE_PAY_PENSION", "CHILD_SUPPORT_AMT", "ALIMONY_AMT", "INCOME_FROM_ASSISTANCE", "INCOME", "SAVINGS_INV_AMOUNT", "VA_BENEFITS_AMOUNT", "RETIREMENT_INCOME_AMOUNT", "SURVIVOR_INCOME_AMOUNT", "DISABILITY_BENEFITS_AMOUNT", "RACE", "LIVING_OWNERSHIP", "SNAP_ASSISTANCE", "MEDICARE_ASSISTANCE", "MEDICAID_ASSISTANCE", "DAYS_SICK", "HOSPITAL_NIGHTS", "VISIT_DENTIST_NUM", "TRANSPORTATION_ASSISTANCE", "VISIT_DOCTOR_NUM", "HEALTH_HEARING", "HEALTH_COGNITIVE", "HEALTH_AMBULATORY", "HEALTH_INSURANCE_PREMIUMS", "SOCIAL_SEC_BENEFITS", "CITIZENSHIP_STATUS"]}