{"validation": 0.762649115590292, "id_test": 0.7641504657756176, "ood_test": 0.7220560920024766, "ood_validation": 0.7180794309425015, "train": 0.7635388328509172, "id_test_conf": [0.7620492962762256, 0.7662419393201589], "id_test_balanced": 0.6982700824737549, "id_test_balanced_conf": [0.6968037104280665, 0.6997364545194432], "ood_test_conf": [0.7188542237000439, 0.7252409812856283], "ood_test_balanced": 0.6765561699867249, "ood_test_balanced_conf": [0.6744875563168898, 0.6786247836565599], "features": ["COW", "ENG", "FER", "HINS1", "NWLA", "NWLK", "WRK", "SEX", "ST", "MAR", "SCHL", "ACS_YEAR", "DIVISION"]}