{"validation": 0.7712115938360282, "id_test": 0.7725230356419603, "ood_test": 0.7441345786513154, "ood_validation": 0.7419087136929461, "train": 0.7728709943573528, "id_test_conf": [0.7704479699232789, 0.7745880978266843], "id_test_balanced": 0.7109544277191162, "id_test_balanced_conf": [0.7094918387988582, 0.7124170166393742], "ood_test_conf": [0.7410146593791247, 0.747235829363422], "ood_test_balanced": 0.7097315788269043, "ood_test_balanced_conf": [0.707611755602993, 0.7118514020508155], "features": ["COW", "ENG", "FER", "HINS1", "NWLA", "NWLK", "WRK", "SEX", "ST", "MAR", "SCHL", "ACS_YEAR", "DIVISION"]}