{"validation": 0.7693953105717811, "id_test": 0.7708966180639936, "ood_test": 0.7422112737284452, "ood_validation": 0.7382335506816835, "train": 0.7715443829437484, "id_test_conf": [0.7688163911394831, 0.7729669012060716], "id_test_balanced": 0.7067803740501404, "id_test_balanced_conf": [0.7053209039266222, 0.7082398441736586], "ood_test_conf": [0.7390838128851633, 0.7453202132105372], "ood_test_balanced": 0.7101818919181824, "ood_test_balanced_conf": [0.7080407054442912, 0.7123230783920735], "features": ["COW", "ENG", "FER", "HINS1", "NWLA", "NWLK", "WRK", "SEX", "ST", "MAR", "SCHL", "ACS_YEAR", "DIVISION"]}