{"validation": 0.8742398621183051, "id_test": 0.8740122272446424, "ood_test": 0.8247060147414618, "ood_validation": 0.820997552536079, "train": 0.8737814154228881, "id_test_conf": [0.8721449080090173, 0.8758618943920473], "id_test_balanced": 0.5027976632118225, "id_test_balanced_conf": [0.502568444814242, 0.503026881609403], "ood_test_conf": [0.8230856078846237, 0.8263175916974275], "ood_test_balanced": 0.5015838742256165, "ood_test_balanced_conf": [0.501445606481575, 0.5017221419696579], "features": ["BMI5", "BMI5CAT", "SMOKDAY2", "FRUIT_ONCE_PER_DAY", "VEG_ONCE_PER_DAY", "RFBING5", "TOTINDA", "EDUCA", "HEALTH_COV", "MENTHLTH", "STATE", "SEX", "IYEAR", "STATE", "MEDCOST", "SEX", "PRACE1"]}