{"validation": 0.691817215727949, "id_test": 0.7388535031847133, "ood_test": 0.6413107462881811, "ood_validation": 0.6303708063566804, "train": 0.7203558624352676, "id_test_conf": [0.7095529882458829, 0.7666521029700296], "id_test_balanced": 0.7169922590255737, "id_test_balanced_conf": [0.6974005777761341, 0.7365839402750134], "ood_test_conf": [0.6336492998202401, 0.6489183909911043], "ood_test_balanced": 0.6231523752212524, "ood_test_balanced_conf": [0.6180642134416848, 0.62824053700082], "features": ["JOBORG31", "MCRPD31", "MCRPB31", "MCRPHO31", "MCDMC31", "PFSAMT31", "MCARE31", "GOVTC31", "VAPRAT31", "VAPROX31", "EMPST31", "RNDFLG31", "MORJOB31", "HRHOW31", "HOUR31", "TEMPJB31", "SSNLJB31", "CHOIC31", "INDCAT31", "UNION31", "PAYVAC31", "YRSINUS", "PRIDK31", "PRING31", "TRIAT31X", "MCDAT31X", "RACEAX", "RACEWX", "HISPANX", "HISPNCAT", "WHTLGSPK", "TRILI31X", "PRIOG31", "PRIV31", "PRIVAT31", "VERFLG31", "DNTINS31", "OFFER31X", "TRIST31X", "TRIPR31X", "TRIEX31X", "TRICH31X", "VACMPM31", "VASPMH31", "ASMRCN31", "ASDALY31", "ASPKFL31", "ASEVFL31", "IADLHP31", "ADLHLP31", "WLKLIM31", "LFTDIF31", "WLKDIF31", "MILDIF31", "RCHDIF31", "FNGRDF31", "HSELIM31", "SCHLIM31", "VASPOU31", "ASACUT31", "SOCLIM31", "FMRS1231", "FAMS1231", "ENDRFM31", "ENDRFY31", "SPOUIN31", "RTHLTH31", "MNHLTH31", "CHBRON31", "VAPRHT31", "VANEED31", "VACOMP31", "VAMREC31", "VACARC31", "VAPCPR31", "VAPROV31", "VAPCRC31", "VAPCRF31", "VAPCOU31", "VARECM31", "VAMOBL31", "VACOPD31", "VADERM31", "VAHRLS31", "VANECK31", "VATMD31", "VACOST31", "VAPTSD31", "VABIPL31", "VADEPR31", "VAMOOD31", "VAMNHC31", "VARXMD31", "VACRGV31", "VALCOH31", "REFPRS31", "MOPID31X", "AGE31X", "INSCOV19"]}