{"validation": 0.785696741689481, "id_test": 0.784848496950769, "ood_test": 0.46184206182592247, "ood_validation": 0.45847088340155817, "train": 0.7849200087163828, "id_test_conf": [0.7837077302803763, 0.7859859671935682], "id_test_balanced": 0.5537729263305664, "id_test_balanced_conf": [0.5532469080097507, 0.5542989446513821], "ood_test_conf": [0.4607611346388552, 0.46292325928214983], "ood_test_balanced": 0.565290629863739, "ood_test_balanced_conf": [0.5648020010523033, 0.5657792586751748], "features": ["ESP", "DEAR", "ESR", "AGEP", "SEX", "ST", "MAR", "DIVISION", "ACS_YEAR", "DIS"]}