{"id_test": 0.7925464573407192, "id_test_conf": [0.7914207247121945, 0.7936688044036898], "id_test_balanced": 0.582028329372406, "id_test_balanced_conf": [0.5814150788076222, 0.5826415799371898], "ood_test": 0.5513286227635695, "ood_test_conf": [0.5502499434611879, 0.5524069385093968], "ood_test_balanced": 0.6278638243675232, "ood_test_balanced_conf": [0.6272608912619763, 0.6284667574730701], "validation": 0.793907915835465, "validation_conf": [0.7927849043427662, 0.7950275259902421], "validation_balanced": 0.5830119848251343, "validation_balanced_conf": [0.5823979953757953, 0.5836259742744733], "features": ["ESP", "DEAR", "ESR", "AGEP", "SEX", "ST", "MAR", "DIVISION", "ACS_YEAR", "DIS"]}