{"validation": 0.8194004604016432, "id_test": 0.8156254769293382, "ood_test": 0.7840746348050247, "ood_validation": 0.7943288528816056, "train": 0.8172150876445508, "id_test_conf": [0.812896953985679, 0.8183306916153339], "id_test_balanced": 0.5555716156959534, "id_test_balanced_conf": [0.5542643497441895, 0.5568788816477173], "ood_test_conf": [0.780399866128074, 0.7877156365393211], "ood_test_balanced": 0.5709249377250671, "ood_test_balanced_conf": [0.5689403404714539, 0.5729095349786804], "features": ["ENG", "OCCP", "POBP", "WKHP", "WKW", "ANC", "DEYE", "DREM", "AGEP", "MAR", "CIT", "RAC1P", "ACS_YEAR", "DIVISION"]}