{"validation": 0.8352728706424002, "id_test": 0.8336088925064863, "ood_test": 0.8076639797045706, "ood_validation": 0.8062971828392561, "train": 0.8336883841161938, "id_test_conf": [0.8309870477835677, 0.8362060977902619], "id_test_balanced": 0.6109198927879333, "id_test_balanced_conf": [0.6092960659437813, 0.6125437196320854], "ood_test_conf": [0.8041414067604766, 0.8111499757814054], "ood_test_balanced": 0.6242337226867676, "ood_test_balanced_conf": [0.6219964477932081, 0.6264709975803271], "features": ["HUPAC", "NWLK", "OCCP", "POBP", "WKHP", "WKW", "DIS", "MIL", "ANC", "NATIVITY", "DEAR", "DEYE", "PUBCOV", "AGEP", "SEX", "ST", "MAR", "CIT", "DIVISION"]}