{"validation": 0.6153930011991715, "id_test": 0.6126453488372093, "ood_test": 0.4550851220184329, "ood_validation": 0.4548492103132912, "train": 0.6101655651699939, "id_test_conf": [0.6068600350269782, 0.6184068707362927], "id_test_balanced": 0.5278599858283997, "id_test_balanced_conf": [0.5254952611355111, 0.5302247105212882], "ood_test_conf": [0.45373421975911904, 0.4564365222999881], "ood_test_balanced": 0.5245195031166077, "ood_test_balanced_conf": [0.5239924150588923, 0.5250465911743231], "features": ["FRUIT_ONCE_PER_DAY", "DRNK_PER_WEEK", "CHCSCNCR", "CHCOCNCR", "EMPLOY1", "IYEAR", "SEX", "PRACE1", "SEX", "BMI5CAT"]}