{"id_test": 0.7928184487646821, "id_test_conf": [0.7908116242657618, 0.7948145239965146], "id_test_balanced": 0.7412109375, "id_test_balanced_conf": [0.7397688638209365, 0.7426530111790635], "ood_test": 0.7753421770230928, "ood_test_conf": [0.7723561458377409, 0.778307150571823], "ood_test_balanced": 0.7524355053901672, "ood_test_balanced_conf": [0.7503391790715978, 0.7545318317087367], "validation": 0.7917855899756352, "validation_conf": [0.7897751086120337, 0.7937853599612931], "validation_balanced": 0.7408938407897949, "validation_balanced_conf": [0.7394513229699805, 0.7423363586096093], "features": ["COW", "ENG", "FER", "HINS2", "HINS3", "HINS4", "NWLK", "OCCP", "POBP", "WRK", "MAR", "RAC1P", "SCHL", "ACS_YEAR", "DIVISION"]}