{"validation": 0.8163480738168822, "id_test": 0.8147860812941955, "ood_test": 0.7824174475224027, "ood_validation": 0.7888050082857669, "train": 0.8146253366358356, "id_test_conf": [0.8120528248042509, 0.8174960916403213], "id_test_balanced": 0.5615430474281311, "id_test_balanced_conf": [0.5601590941241011, 0.5629270007321611], "ood_test_conf": [0.7787326786924113, 0.7860686467363477], "ood_test_balanced": 0.5763781666755676, "ood_test_balanced_conf": [0.5743092953972518, 0.5784470379538834], "features": ["HUPAC", "NWLA", "OCCP", "POBP", "WKW", "DEAR", "AGEP", "ST", "CIT", "SCHL", "ACS_YEAR", "DIVISION"]}