{"id_test": 0.8355704697986577, "id_test_conf": [0.7885098367165799, 0.8758098484250081], "id_test_balanced": 0.7598388195037842, "id_test_balanced_conf": [0.7278667238354682, 0.7918109151721001], "ood_test": 0.7486844492832517, "ood_test_conf": [0.743972236440464, 0.7533529421847274], "ood_test_balanced": 0.752426028251648, "ood_test_balanced_conf": [0.7491733595263212, 0.7556786969769747], "validation": 0.8557046979865772, "validation_conf": [0.8105959549889452, 0.8935641170497503], "validation_balanced": 0.7802069187164307, "validation_balanced_conf": [0.7500031151995062, 0.8104107222333551], "features": ["LIVING_QUARTERS_TYPE", "ORIGIN", "HOUSEHOLD_INC", "TANF_ASSISTANCE", "UNEMPLOYMENT_COMP", "SEVERANCE_PAY_PENSION", "FOSTER_CHILD_CARE_AMT", "ALIMONY_AMT", "INCOME_FROM_ASSISTANCE", "UNEMPLOYMENT_COMP_AMOUNT", "VA_BENEFITS_AMOUNT", "RETIREMENT_INCOME_AMOUNT", "DISABILITY_BENEFITS_AMOUNT", "FOOD_ASSISTANCE", "EDUCATION", "LIVING_OWNERSHIP", "WIC_ASSISTANCE", "MEDICARE_ASSISTANCE", "VISIT_DOCTOR_NUM", "HEALTH_OVER_THE_COUNTER_PRODUCTS_PAY", "HEALTH_MEDICAL_CARE_PAY", "HEALTH_HEARING", "HEALTH_SEEING", "HEALTH_SELF_CARE", "HEALTH_CORE_DISABILITY", "HEALTH_INSURANCE_PREMIUMS", "SOCIAL_SEC_BENEFITS", "CITIZENSHIP_STATUS"]}