{"id_test": 0.6678618956084578, "id_test_conf": [0.6622131797216695, 0.6734745374458441], "id_test_balanced": 0.6341490745544434, "id_test_balanced_conf": [0.630357774333097, 0.6379403747757897], "ood_test": 0.6013956214738287, "ood_test_conf": [0.6000615738629616, 0.6027285362718307], "ood_test_balanced": 0.6275585889816284, "ood_test_balanced_conf": [0.6266774239426013, 0.6284397540206555], "validation": 0.6633026505489631, "validation_conf": [0.6576352527844297, 0.6689349532753845], "validation_balanced": 0.6296252608299255, "validation_balanced_conf": [0.6258234871923923, 0.6334270344674587], "features": ["AGEG5YR", "FRUIT_ONCE_PER_DAY", "RFBING5", "SMOKE100", "SMOKDAY2", "CHCSCNCR", "CHCOCNCR", "DIABETES", "EMPLOY1", "STATE", "PRACE1", "SEX", "BMI5CAT", "IYEAR"]}