{"validation": 0.8135203495056335, "id_test": 0.8103448275862069, "ood_test": 0.7716075549903443, "ood_validation": 0.7761763459092836, "train": 0.8089435567306587, "id_test_conf": [0.7983731426511533, 0.821898292044346], "id_test_balanced": 0.7315739393234253, "id_test_balanced_conf": [0.723197608590126, 0.7399502700567245], "ood_test_conf": [0.7659002343316952, 0.7772404181587118], "ood_test_balanced": 0.73261958360672, "ood_test_balanced_conf": [0.7288954461831599, 0.73634372103028], "features": ["VCF0901b", "VCF0218", "VCF0224", "VCF9008", "VCF9010", "VCF9011", "VCF9202", "VCF9204", "VCF9205", "VCF0428", "VCF0429", "VCF0875", "VCF0839", "VCF0843", "VCF0838", "VCF9239", "VCF0846", "VCF0601", "VCF0616", "VCF0617", "VCF0310", "VCF0717", "VCF0718", "VCF0720", "VCF0721", "VCF0701", "VCF0724", "VCF0725", "VCF0726", "VCF0745", "VCF0104", "VCF0115", "VCF0112"]}