{"validation": 0.8086916532536215, "id_test": 0.8110344827586207, "ood_test": 0.7779661815270124, "ood_validation": 0.7901653242899533, "train": 0.8020462122082999, "id_test_conf": [0.7990785720432547, 0.822571236135915], "id_test_balanced": 0.7569501399993896, "id_test_balanced_conf": [0.7483806599490345, 0.7655196200497448], "ood_test_conf": [0.7723142466082897, 0.7835419116230482], "ood_test_balanced": 0.7506097555160522, "ood_test_balanced_conf": [0.7467317667324096, 0.7544877442996949], "features": ["VCF0901b", "VCF0218", "VCF0224", "VCF9008", "VCF9010", "VCF9011", "VCF9202", "VCF9204", "VCF9205", "VCF0428", "VCF0429", "VCF0875", "VCF0839", "VCF0843", "VCF0838", "VCF9239", "VCF0846", "VCF0601", "VCF0616", "VCF0617", "VCF0310", "VCF0717", "VCF0718", "VCF0720", "VCF0721", "VCF0701", "VCF0724", "VCF0725", "VCF0726", "VCF0745", "VCF0104", "VCF0115", "VCF0112"]}