{"validation": 0.9725713294167224, "id_test": 0.971945589192204, "ood_test": 0.9612495492356871, "ood_validation": 0.9611661166116612, "train": 0.9719655995674382, "id_test_conf": [0.9711282777798853, 0.9727458845194232], "id_test_balanced": 0.6132225394248962, "id_test_balanced_conf": [0.6121924111410044, 0.6142526677087881], "ood_test_conf": [0.9603030975108058, 0.9621796112890333], "ood_test_balanced": 0.6454167366027832, "ood_test_balanced_conf": [0.6443071339349262, 0.6465263392706402], "features": ["RELP", "WKHP", "WKW", "WRK", "OCCP", "DIS", "ESP", "ANC", "NATIVITY", "DEAR", "DEYE", "SEX", "CIT", "DIVISION", "ACS_YEAR", "SCHL"]}