{"validation": 0.7894883397145841, "id_test": 0.7895845990279465, "ood_test": 0.776053536378127, "ood_validation": 0.775103734439834, "train": 0.7911563985466604, "id_test_conf": [0.7875664103958269, 0.791592157233024], "id_test_balanced": 0.7504714727401733, "id_test_balanced_conf": [0.7490114994929172, 0.7519314459874294], "ood_test_conf": [0.7730708225194995, 0.779015138127012], "ood_test_balanced": 0.7540136575698853, "ood_test_balanced_conf": [0.7519165089121088, 0.7561108062276617], "features": ["COW", "ENG", "HINS3", "NWLK", "OCCP", "RELP", "AGEP", "ST", "CIT", "RAC1P", "SCHL", "ACS_YEAR", "DIVISION"]}