{"id_test": 0.9878963275547445, "id_test_conf": [0.9873103614869962, 0.9884619962345316], "id_test_balanced": 0.4999927878379822, "id_test_balanced_conf": [0.4999828507207894, 0.500002724955175], "ood_test": 0.9242421987768039, "ood_test_conf": [0.9228146470677446, 0.9256514151473932], "ood_test_balanced": 0.5000941753387451, "ood_test_balanced_conf": [0.5000559564310243, 0.5001323942464659], "validation": 0.9886803481434487, "validation_conf": [0.9881129819406639, 0.9892273786285765], "validation_balanced": 0.5003112554550171, "validation_balanced_conf": [0.5002452424261719, 0.5003772684838623], "features": ["DBP", "BaseExcess", "HCO3", "pH", "PaCO2", "SaO2", "AST", "BUN", "Alkalinephos", "Calcium", "Chloride", "Bilirubin_direct", "Glucose", "Lactate", "Bilirubin_total", "PTT", "Fibrinogen", "Age", "Unit1", "HospAdmTime", "ICULOS"]}