{"validation": 0.82248792825937, "id_test": 0.8259770114942528, "ood_test": 0.7956761339550658, "ood_validation": 0.8075455701568461, "train": 0.8212150821933556, "id_test_conf": [0.8143777541845553, 0.8371367914830905], "id_test_balanced": 0.7727276086807251, "id_test_balanced_conf": [0.7643619126826525, 0.7810933046787977], "ood_test_conf": [0.7901886332470631, 0.8010825608300612], "ood_test_balanced": 0.7710607051849365, "ood_test_balanced_conf": [0.767261405182071, 0.7748600051878021], "features": ["VCF0004", "VCF0901b", "VCF0218", "VCF0224", "VCF0302", "VCF9008", "VCF9010", "VCF9011", "VCF9201", "VCF9202", "VCF9203", "VCF9204", "VCF9205", "VCF9206", "VCF0521", "VCF0523", "VCF0428", "VCF0429", "VCF0875", "VCF9052", "VCF0809", "VCF0839", "VCF0822", "VCF0870", "VCF0843", "VCF9045", "VCF0838", "VCF9239", "VCF0803", "VCF0846", "VCF0601", "VCF0606", "VCF0612", "VCF0615", "VCF0616", "VCF0617", "VCF0310", "VCF0743", "VCF0717", "VCF0718", "VCF0720", "VCF0721", "VCF0701", "VCF0675", "VCF0724", "VCF0725", "VCF0726", "VCF0745", "VCF0101", "VCF0104", "VCF0105a", "VCF0115", "VCF0140a", "VCF0112"]}