{"validation": 0.8327206020272653, "id_test": 0.8336734617318038, "ood_test": 0.4428121720881427, "ood_validation": 0.5424528301886793, "train": 0.8326027443510654, "id_test_conf": [0.8322543671069922, 0.8350852977605324], "id_test_balanced": 0.7272457480430603, "id_test_balanced_conf": [0.726300077806227, 0.7281914182798936], "ood_test_conf": [0.4203528087056424, 0.46544777840227086], "ood_test_balanced": 0.505586564540863, "ood_test_balanced_conf": [0.5032271013129502, 0.5079460277687758], "features": ["Average_confidence(BORED)", "Average_confidence(CONFUSED)", "Average_confidence(FRUSTRATED)", "skill_id", "problem_type", "bottom_hint", "tutor_mode", "position", "overlap_time", "school_id"]}