{"id_test": 0.8779476752474059, "id_test_conf": [0.8766990272021649, 0.8791880995883289], "id_test_balanced": 0.802612841129303, "id_test_balanced_conf": [0.8016782332258299, 0.8035474490327761], "ood_test": 0.5052465897166841, "ood_test_conf": [0.4825451430862958, 0.5279318688659035], "ood_test_balanced": 0.5581433176994324, "ood_test_balanced_conf": [0.549563258588314, 0.5667233768105507], "validation": 0.8764208488704486, "validation_conf": [0.8751655568737305, 0.877667950471987], "validation_balanced": 0.8012024164199829, "validation_balanced_conf": [0.8002671865711455, 0.8021376462688203], "features": ["Average_confidence(BORED)", "Average_confidence(CONFUSED)", "Average_confidence(FRUSTRATED)", "skill_id", "problem_type", "bottom_hint", "tutor_mode", "position", "overlap_time", "school_id"]}