{"id_test": 0.8335707381594343, "id_test_conf": [0.8309486559946593, 0.8361681837103283], "id_test_balanced": 0.6333701610565186, "id_test_balanced_conf": [0.6316064336406998, 0.6351338884723373], "ood_test": 0.8023855313228856, "ood_test_conf": [0.798827245858389, 0.8059078688680577], "ood_test_balanced": 0.6433368921279907, "ood_test_balanced_conf": [0.6409182213898749, 0.6457555628661066], "validation": 0.8382743841174152, "validation_conf": [0.8356819323718422, 0.8408418505995473], "validation_balanced": 0.6362728476524353, "validation_balanced_conf": [0.634510449692607, 0.6380352456122637], "features": ["ENG", "WIF", "RELP", "WKHP", "WKW", "MIL", "DREM", "PUBCOV", "ST", "RAC1P", "SCHL", "ACS_YEAR", "DIVISION"]}