{"validation": 0.8320042733412186, "id_test": 0.8261179223686219, "ood_test": 0.7993371250869512, "ood_validation": 0.8022463634689744, "train": 0.828019229974341, "id_test_conf": [0.8234503874276704, 0.8287613724800493], "id_test_balanced": 0.6068251729011536, "id_test_balanced_conf": [0.6051654902193695, 0.6084848555829376], "ood_test_conf": [0.7957586623480322, 0.8028800030836954], "ood_test_balanced": 0.6179612874984741, "ood_test_balanced_conf": [0.6156899592280388, 0.6202326157689094], "features": ["ENG", "WIF", "RELP", "WKHP", "WKW", "MIL", "DREM", "PUBCOV", "ST", "RAC1P", "SCHL", "ACS_YEAR", "DIVISION"]}