{"validation": 0.9139095543402208, "id_test": 0.9154023546546911, "ood_test": 0.882923449948043, "ood_validation": 0.9034267912772586, "train": 0.9149796920473683, "id_test_conf": [0.9139327949480007, 0.9168546907881947], "id_test_balanced": 0.8685206770896912, "id_test_balanced_conf": [0.8673669584561139, 0.8696743957232684], "ood_test_conf": [0.8706325303830819, 0.8944320544945505], "ood_test_balanced": 0.8492705821990967, "ood_test_balanced_conf": [0.8408940634503961, 0.8576471009477973], "features": ["Average_confidence(CONCENTRATING)", "attempt_count", "hint_count", "position", "first_action", "school_id"]}