{"validation": 0.9134668932329968, "id_test": 0.915059651728151, "ood_test": 0.8825770696224454, "ood_validation": 0.9034267912772586, "train": 0.91458879407977, "id_test_conf": [0.913587423719318, 0.9165146704749942], "id_test_balanced": 0.8682801127433777, "id_test_balanced_conf": [0.8671248986572028, 0.8694353268295526], "ood_test_conf": [0.8702714990917458, 0.8941010516850624], "ood_test_balanced": 0.8489876985549927, "ood_test_balanced_conf": [0.8405999691598117, 0.8573754279501736], "features": ["Average_confidence(CONCENTRATING)", "attempt_count", "hint_count", "position", "first_action", "school_id"]}