{"validation": 0.9206351472919135, "id_test": 0.9221493185209513, "ood_test": 0.9085555940422584, "ood_validation": 0.9314641744548287, "train": 0.9215464209185745, "id_test_conf": [0.9207337964099557, 0.9235473351295144], "id_test_balanced": 0.8791971206665039, "id_test_balanced_conf": [0.8780749243893661, 0.8803193169436417], "ood_test_conf": [0.8974497241145596, 0.9188249650825836], "ood_test_balanced": 0.8823063373565674, "ood_test_balanced_conf": [0.8745628710277379, 0.8900498036853969], "features": ["Average_confidence(CONCENTRATING)", "attempt_count", "hint_count", "position", "first_action", "school_id"]}