{"validation": 0.9213633962102498, "id_test": 0.9227490486423966, "ood_test": 0.9085555940422584, "ood_validation": 0.9314641744548287, "train": 0.9222666370369577, "id_test_conf": [0.9213384746637586, 0.9241420920405425], "id_test_balanced": 0.8802899122238159, "id_test_balanced_conf": [0.8791707856860012, 0.8814090387616307], "ood_test_conf": [0.8974497241145596, 0.9188249650825836], "ood_test_balanced": 0.8823063373565674, "ood_test_balanced_conf": [0.8745628710277379, 0.8900498036853969], "features": ["Average_confidence(CONCENTRATING)", "attempt_count", "hint_count", "position", "first_action", "school_id"]}