{"id_test": 0.9878963275547445, "id_test_conf": [0.9873103614869962, 0.9884619962345316], "id_test_balanced": 0.5005751848220825, "id_test_balanced_conf": [0.5004842948557052, 0.5006660747884598], "ood_test": 0.9242273180458624, "ood_test_conf": [0.9227996391242655, 0.9256366622778522], "ood_test_balanced": 0.5001311898231506, "ood_test_balanced_conf": [0.5000828725210886, 0.5001795071252126], "validation": 0.9886732198992066, "validation_conf": [0.988105681612717, 0.9892204228178827], "validation_balanced": 0.5006188750267029, "validation_balanced_conf": [0.5005252834441489, 0.5007124666092568], "features": ["Temp", "MAP", "DBP", "Resp", "BaseExcess", "HCO3", "FiO2", "pH", "PaCO2", "SaO2", "BUN", "Calcium", "Chloride", "Creatinine", "Bilirubin_direct", "Glucose", "Lactate", "Magnesium", "Phosphate", "Potassium", "Bilirubin_total", "TroponinI", "Hct", "Hgb", "PTT", "WBC", "Fibrinogen", "Platelets", "HospAdmTime", "set", "ICULOS"]}