{"id_test": 0.7854275912472892, "id_test_conf": [0.7842879346803968, 0.7865639446812273], "id_test_balanced": 0.5473318696022034, "id_test_balanced_conf": [0.546844225875102, 0.5478195133293048], "ood_test": 0.4224755067082214, "ood_test_conf": [0.42140466312176644, 0.42354689939734436], "ood_test_balanced": 0.537644624710083, "ood_test_balanced_conf": [0.5372391289961524, 0.5380501204240136], "validation": 0.7865094722044167, "validation_conf": [0.7853718974265885, 0.7876437313154122], "validation_balanced": 0.5480820536613464, "validation_balanced_conf": [0.547592107373057, 0.5485719999496359], "features": ["ESP", "MIG", "DEYE", "DREM", "ESR", "SEX", "ST", "SCHL", "ACS_YEAR", "DIS"]}