{"id_test": 0.9879034557481752, "id_test_conf": [0.9873176559448364, 0.9884689578189207], "id_test_balanced": 0.4999963939189911, "id_test_balanced_conf": [0.4999893672903545, 0.5000034205476277], "ood_test": 0.9241975565839794, "ood_test_conf": [0.9227696232852091, 0.9256071564908622], "ood_test_balanced": 0.4999798834323883, "ood_test_balanced_conf": [0.4999629280964655, 0.49999683876831114], "validation": 0.9886803481434487, "validation_conf": [0.9881129819406639, 0.9892273786285765], "validation_balanced": 0.5003112554550171, "validation_balanced_conf": [0.5002452424190414, 0.5003772684909927], "features": ["Temp", "SBP", "DBP", "FiO2", "PaCO2", "Chloride", "Creatinine", "Glucose", "Lactate", "Magnesium", "Phosphate", "Hct", "PTT", "Fibrinogen", "Age", "Unit1", "HospAdmTime", "ICULOS"]}