{"validation": 0.7814973012155014, "id_test": 0.7805432303876737, "ood_test": 0.375978295024802, "ood_validation": 0.37230952066552225, "train": 0.7804375114976628, "id_test_conf": [0.779394314936896, 0.7816888992607303], "id_test_balanced": 0.5206602215766907, "id_test_balanced_conf": [0.5203309990791604, 0.520989444074221], "ood_test_conf": [0.37492837575531135, 0.3770290927478632], "ood_test_balanced": 0.5074937343597412, "ood_test_balanced_conf": [0.5072934141318547, 0.5076940545876277], "features": ["ESP", "MIG", "ANC", "NATIVITY", "DEAR", "DEYE", "DREM", "ESR", "ST", "DIVISION", "ACS_YEAR", "DIS"]}