{"validation": 0.8109910324212463, "id_test": 0.8096551724137931, "ood_test": 0.7427346804201403, "ood_validation": 0.7507418397626113, "train": 0.7988849293022187, "id_test_conf": [0.7976677718170428, 0.821225289314209], "id_test_balanced": 0.709336519241333, "id_test_balanced_conf": [0.701324006523937, 0.717349031958729], "ood_test_conf": [0.7367982435572362, 0.7486045893517237], "ood_test_balanced": 0.6944376230239868, "ood_test_balanced_conf": [0.6907927947863937, 0.69808245126158], "features": ["VCF0901b", "VCF0224", "VCF9008", "VCF9011", "VCF9201", "VCF9202", "VCF9204", "VCF9205", "VCF9206", "VCF0521", "VCF0523", "VCF0428", "VCF0875", "VCF0809", "VCF0843", "VCF0838", "VCF9239", "VCF0803", "VCF0606", "VCF0612", "VCF0616", "VCF0310", "VCF0743", "VCF0718", "VCF0721", "VCF0675", "VCF0724", "VCF0101", "VCF0104", "VCF0140a", "VCF0112"]}