{"id_test": 0.8126436781609195, "id_test_conf": [0.8007248030667529, 0.8241412095901012], "id_test_balanced": 0.7381402850151062, "id_test_balanced_conf": [0.7297411496564746, 0.7465394203737378], "ood_test": 0.7652018275163676, "ood_test_conf": [0.7594405688881587, 0.7708903885271604], "ood_test_balanced": 0.7293540835380554, "ood_test_balanced_conf": [0.725532908947207, 0.7331752581289038], "validation": 0.8144401011726834, "validation_conf": [0.802561550034158, 0.8258947693685456], "validation_balanced": 0.7413989305496216, "validation_balanced_conf": [0.7330277556367218, 0.7497701054625213], "features": ["VCF0901b", "VCF0224", "VCF9008", "VCF9011", "VCF9201", "VCF9202", "VCF9204", "VCF9205", "VCF9206", "VCF0521", "VCF0523", "VCF0428", "VCF0875", "VCF0809", "VCF0843", "VCF0838", "VCF9239", "VCF0803", "VCF0606", "VCF0612", "VCF0616", "VCF0310", "VCF0743", "VCF0718", "VCF0721", "VCF0675", "VCF0724", "VCF0101", "VCF0104", "VCF0140a", "VCF0112"]}