{"id_test": 0.7949067658182603, "id_test_conf": [0.7937857649918567, 0.7960243537468165], "id_test_balanced": 0.5829295516014099, "id_test_balanced_conf": [0.5823231209872756, 0.5835359822155443], "ood_test": 0.5038618276342286, "ood_test_conf": [0.502777623818121, 0.5049460040974263], "ood_test_balanced": 0.5978509187698364, "ood_test_balanced_conf": [0.5973167523543816, 0.5983850851852912], "validation": 0.7957390555951603, "validation_conf": [0.7946197361086548, 0.7968549525389359], "validation_balanced": 0.5826953053474426, "validation_balanced_conf": [0.5820904813637026, 0.5833001293311827], "features": ["ESP", "PINCP", "FER", "SEX", "ST", "MAR", "RAC1P", "SCHL", "DIS"]}