{"validation": 0.8271458913604741, "id_test": 0.824083023859185, "ood_test": 0.796329637055526, "ood_validation": 0.7993003130178604, "train": 0.8244199689039106, "id_test_conf": [0.8214033923351436, 0.8267387211840673], "id_test_balanced": 0.5701134204864502, "id_test_balanced_conf": [0.5687480610841885, 0.5714787798887119], "ood_test_conf": [0.7927315820649496, 0.7998924655703458], "ood_test_balanced": 0.5753046274185181, "ood_test_balanced_conf": [0.5734377133171074, 0.5771715415199288], "features": ["ENG", "FER", "NWLK", "POBP", "RELP", "WKHP", "WRK", "DIS", "ANC", "NATIVITY", "DEYE", "PUBCOV", "AGEP", "ST", "MAR", "CIT", "ACS_YEAR", "DIVISION"]}