{"validation": 0.8293461533569894, "id_test": 0.8265884926489291, "ood_test": 0.8006874258357544, "ood_validation": 0.8042717731541152, "train": 0.8273038291432042, "id_test_conf": [0.8239237738951104, 0.8292290917383311], "id_test_balanced": 0.5781010389328003, "id_test_balanced_conf": [0.5766828154865652, 0.5795192623790354], "ood_test_conf": [0.797117860803451, 0.804221245260067], "ood_test_balanced": 0.5882882475852966, "ood_test_balanced_conf": [0.586321022361517, 0.5902554728090763], "features": ["ENG", "FER", "NWLK", "POBP", "RELP", "WKHP", "WRK", "DIS", "ANC", "NATIVITY", "DEYE", "PUBCOV", "AGEP", "ST", "MAR", "CIT", "ACS_YEAR", "DIVISION"]}