{"validation": 0.9721747105922015, "id_test": 0.9716109441328665, "ood_test": 0.9602960681127797, "ood_validation": 0.9608360836083608, "train": 0.9713179963963517, "id_test_conf": [0.9707889877314871, 0.9724158970084098], "id_test_balanced": 0.5803408026695251, "id_test_balanced_conf": [0.5794448855519295, 0.5812367197871208], "ood_test_conf": [0.9593386682179732, 0.9612371130319557], "ood_test_balanced": 0.6146179437637329, "ood_test_balanced_conf": [0.6135995356389321, 0.6156363518885337], "features": ["POBP", "RELP", "WKW", "OCCP", "AGEP", "SEX", "ST", "CIT", "RAC1P", "DIVISION", "ACS_YEAR", "SCHL"]}