{"validation": 0.7357626355456149, "id_test": 0.7362950878967163, "ood_test": 0.44648478488982163, "ood_validation": 0.5424528301886793, "train": 0.7357279384592388, "id_test_conf": [0.7346315382823445, 0.7379535817197554], "id_test_balanced": 0.5686337351799011, "id_test_balanced_conf": [0.5679725658439565, 0.5692949045158457], "ood_test_conf": [0.42400142006255764, 0.4691330722380069], "ood_test_balanced": 0.5085746049880981, "ood_test_balanced_conf": [0.5052779167005792, 0.5118712932756171], "features": ["Average_confidence(BORED)", "Average_confidence(CONCENTRATING)", "skill_id", "type", "first_action", "school_id"]}