{"validation": 0.7424282687807723, "id_test": 0.7430640392997789, "ood_test": 0.44018887722980066, "ood_validation": 0.5424528301886793, "train": 0.7424447726200082, "id_test_conf": [0.7414143391228971, 0.7447085387914407], "id_test_balanced": 0.5807627439498901, "id_test_balanced_conf": [0.5800512640655506, 0.5814742238342296], "ood_test_conf": [0.41774741295061624, 0.462814670718298], "ood_test_balanced": 0.50312340259552, "ood_test_balanced_conf": [0.5010424750577659, 0.5052043301332741], "features": ["Average_confidence(BORED)", "Average_confidence(CONCENTRATING)", "skill_id", "type", "first_action", "school_id"]}