{"validation": 0.822973182452333, "id_test": 0.8233060090129658, "ood_test": 0.5766002098635886, "ood_validation": 0.660377358490566, "train": 0.8235653429995954, "id_test_conf": [0.8218645552138479, 0.8247405437456998], "id_test_balanced": 0.7165553569793701, "id_test_balanced_conf": [0.7156003010319546, 0.7175104129267856], "ood_test_conf": [0.5540522022419145, 0.598912129987978], "ood_test_balanced": 0.6243016719818115, "ood_test_balanced_conf": [0.6145998618751765, 0.6340034820884466], "features": ["Average_confidence(BORED)", "Average_confidence(CONCENTRATING)", "skill_id", "type", "first_action", "school_id"]}