{"validation": 0.706391035719822, "id_test": 0.706823944519696, "ood_test": 0.583420776495278, "ood_validation": 0.5047169811320755, "train": 0.7069579832242926, "id_test_conf": [0.7051058216787238, 0.7085376423452536], "id_test_balanced": 0.656535267829895, "id_test_balanced_conf": [0.6553180984477512, 0.6577524372120388], "ood_test_conf": [0.560911827534833, 0.6056726076827481], "ood_test_balanced": 0.527982234954834, "ood_test_balanced_conf": [0.5202997412905097, 0.5356647286191583], "features": ["Average_confidence(BORED)", "Average_confidence(CONCENTRATING)", "skill_id", "type", "first_action", "school_id"]}