{"validation": 0.5962540135569033, "id_test": 0.5935069568319657, "ood_test": 0.48647268918643993, "ood_validation": 0.48514851485148514, "train": 0.5971931733552147, "id_test_conf": [0.5877295615470332, 0.5992649631559053], "id_test_balanced": 0.5286107063293457, "id_test_balanced_conf": [0.5255416503874585, 0.5316797622712329], "ood_test_conf": [0.4851272884069384, 0.48781823760958104], "ood_test_balanced": 0.534793496131897, "ood_test_balanced_conf": [0.5340243858192116, 0.5355626064445823], "features": ["RFBING5", "EMPLOY1", "IYEAR", "STATE", "MEDCOST", "SEX", "STATE", "BMI5CAT"]}