{"id_test": 0.8557046979865772, "id_test_conf": [0.8105959549889452, 0.8935641170497503], "id_test_balanced": 0.7993124723434448, "id_test_balanced_conf": [0.7685137205570937, 0.830111224129796], "ood_test": 0.7525857376156777, "ood_test_conf": [0.7478975395440675, 0.7572295288899046], "ood_test_balanced": 0.7570083141326904, "ood_test_balanced_conf": [0.7537914114585146, 0.7602252168068663], "validation": 0.825503355704698, "validation_conf": [0.7775516183797588, 0.8668458245188966], "validation_balanced": 0.7736426591873169, "validation_balanced_conf": [0.741429859995842, 0.8058554583787918], "features": ["LIVING_QUARTERS_TYPE", "FAMILY_SIZE_AVG", "HOUSEHOLD_INC", "TANF_ASSISTANCE", "SEVERANCE_PAY_PENSION", "CHILD_SUPPORT_AMT", "INCOME", "SURVIVOR_INCOME_AMOUNT", "FOOD_ASSISTANCE", "RACE", "GENDER", "AGE", "SNAP_ASSISTANCE", "MEDICAID_ASSISTANCE", "HEALTHDISAB", "VISIT_DENTIST_NUM", "TRANSPORTATION_ASSISTANCE", "HEALTH_COGNITIVE", "HEALTH_AMBULATORY", "HEALTH_SELF_CARE", "HEALTH_ERRANDS_DIFFICULTY", "HEALTH_CORE_DISABILITY", "HEALTH_INSURANCE_PREMIUMS", "SOCIAL_SEC_BENEFITS", "CITIZENSHIP_STATUS"]}