{"validation": 0.7907564957461486, "id_test": 0.7944827586206896, "ood_test": 0.7234703970609015, "ood_validation": 0.7367528613819415, "train": 0.7860961030003448, "id_test_conf": [0.7821639587981319, 0.8064048649280646], "id_test_balanced": 0.6788227558135986, "id_test_balanced_conf": [0.6710385759361088, 0.6866069356910884], "ood_test_conf": [0.7174000245459213, 0.7294795288570364], "ood_test_balanced": 0.6686930060386658, "ood_test_balanced_conf": [0.6651663354411721, 0.6722196766361594], "features": ["VCF9201", "VCF9202", "VCF9203", "VCF9206", "VCF0521", "VCF0523", "VCF0875", "VCF9052", "VCF0839", "VCF0870", "VCF0843", "VCF9239", "VCF0803", "VCF0846", "VCF0310", "VCF0743", "VCF0717", "VCF0720", "VCF0675", "VCF0724", "VCF0726", "VCF0745", "VCF0104", "VCF0105a", "VCF0112"]}