{"validation": 0.8182409937146355, "id_test": 0.8170555829265016, "ood_test": 0.7364374818682913, "ood_validation": 0.7235984354628422, "train": 0.8183785159730177, "id_test_conf": [0.8157419478592416, 0.8183637296329009], "id_test_balanced": 0.7203820943832397, "id_test_balanced_conf": [0.7195338026050012, 0.7212303861614783], "ood_test_conf": [0.7258666377007388, 0.7468080103103946], "ood_test_balanced": 0.6581068634986877, "ood_test_balanced_conf": [0.6525221662782132, 0.6636915607191622], "features": ["Average_confidence(BORED)", "Average_confidence(CONFUSED)", "Average_confidence(FRUSTRATED)", "problem_type", "bottom_hint", "position", "type", "overlap_time", "school_id"]}