{"validation": 0.8374818226779163, "id_test": 0.8376226734036311, "ood_test": 0.5073452256033578, "ood_validation": 0.5943396226415094, "train": 0.838005682942729, "id_test_conf": [0.8362285581636094, 0.8390095627664634], "id_test_balanced": 0.740189790725708, "id_test_balanced_conf": [0.7392286925017834, 0.7411508889496327], "ood_test_conf": [0.484641730352162, 0.5300260863629096], "ood_test_balanced": 0.555130660533905, "ood_test_balanced_conf": [0.5448286340758205, 0.5654326869919896], "features": ["Average_confidence(BORED)", "Average_confidence(CONCENTRATING)", "Average_confidence(CONFUSED)", "hint_count", "skill_id", "problem_type", "tutor_mode", "position", "type", "overlap_time", "school_id"]}