{"validation": 0.8628562570587063, "id_test": 0.8622662331191432, "ood_test": 0.44333683105981114, "ood_validation": 0.5377358490566038, "train": 0.8627646376835665, "id_test_conf": [0.860962885509145, 0.8635618264686593], "id_test_balanced": 0.7760962247848511, "id_test_balanced_conf": [0.7751538596488535, 0.7770385899208486], "ood_test_conf": [0.42087396343299993, 0.4659743243902479], "ood_test_balanced": 0.5057812929153442, "ood_test_balanced_conf": [0.502926906067878, 0.5086356797628104], "features": ["Average_confidence(BORED)", "Average_confidence(CONCENTRATING)", "Average_confidence(CONFUSED)", "hint_count", "skill_id", "problem_type", "tutor_mode", "position", "type", "overlap_time", "school_id"]}