{"id_test": 0.8234482758620689, "id_test_conf": [0.8117866058046256, 0.8346739104076936], "id_test_balanced": 0.7554605603218079, "id_test_balanced_conf": [0.747139110006392, 0.7637820106372237], "ood_test": 0.7811219443266921, "ood_test_conf": [0.7754981966452328, 0.7866686198337174], "ood_test_balanced": 0.746324896812439, "ood_test_balanced_conf": [0.74257534080185, 0.750074452823028], "validation": 0.8222579903426075, "validation_conf": [0.810565857388843, 0.8335156068956893], "validation_balanced": 0.7518224716186523, "validation_balanced_conf": [0.7435261368751526, 0.7601188063621521], "features": ["VCF0901b", "VCF0218", "VCF9202", "VCF9205", "VCF0521", "VCF0523", "VCF0429", "VCF0809", "VCF0839", "VCF9045", "VCF0838", "VCF9239", "VCF0803", "VCF0846", "VCF0606", "VCF0612", "VCF0617", "VCF0310", "VCF0743", "VCF0720", "VCF0721", "VCF0701", "VCF0725", "VCF0745", "VCF0101", "VCF0104", "VCF0105a", "VCF0112"]}