{"validation": 0.8091515290871465, "id_test": 0.8048275862068965, "ood_test": 0.7412274504262635, "ood_validation": 0.7524374735057228, "train": 0.8000344867226118, "id_test_conf": [0.7927317954473667, 0.8165126485384713], "id_test_balanced": 0.6955920457839966, "id_test_balanced_conf": [0.6877387410402298, 0.7034453505277634], "ood_test_conf": [0.7352800093733375, 0.7471087773069724], "ood_test_balanced": 0.6888882517814636, "ood_test_balanced_conf": [0.6853603501850739, 0.6924161533778533], "features": ["VCF0901b", "VCF0218", "VCF9202", "VCF9205", "VCF0521", "VCF0523", "VCF0429", "VCF0809", "VCF0839", "VCF9045", "VCF0838", "VCF9239", "VCF0803", "VCF0846", "VCF0606", "VCF0612", "VCF0617", "VCF0310", "VCF0743", "VCF0720", "VCF0721", "VCF0701", "VCF0725", "VCF0745", "VCF0101", "VCF0104", "VCF0105a", "VCF0112"]}