{"id_test": 0.6160185515519087, "id_test_conf": [0.6102953037607011, 0.621717741557035], "id_test_balanced": 0.5856969356536865, "id_test_balanced_conf": [0.5818295149784535, 0.5895643563289196], "ood_test": 0.5486199543375555, "ood_test_conf": [0.547280096165411, 0.5499592818457648], "ood_test_balanced": 0.5769712924957275, "ood_test_balanced_conf": [0.5760898817703128, 0.5778527032211422], "validation": 0.6128077060292544, "validation_conf": [0.6070759562773902, 0.6185160639504923], "validation_balanced": 0.5814185738563538, "validation_balanced_conf": [0.5775463332328945, 0.585290814479813], "features": ["DRNK_PER_WEEK", "RFBING5", "EMPLOY1", "MEDCOST", "SEX", "BMI5CAT", "IYEAR"]}