{"id_test": 0.6161255797359971, "id_test_conf": [0.6104026198531094, 0.6218244596340561], "id_test_balanced": 0.5863048434257507, "id_test_balanced_conf": [0.5824312743730843, 0.5901784124784172], "ood_test": 0.5494506943554889, "ood_test_conf": [0.5481110518725119, 0.5507897971073199], "ood_test_balanced": 0.5773175358772278, "ood_test_balanced_conf": [0.576434194400208, 0.5782008773542475], "validation": 0.6125222975383517, "validation_conf": [0.6067898047068545, 0.6182314577346157], "validation_balanced": 0.5816869735717773, "validation_balanced_conf": [0.5778075253870338, 0.5855664217565208], "features": ["DRNK_PER_WEEK", "RFBING5", "EMPLOY1", "MEDCOST", "SEX", "BMI5CAT", "IYEAR"]}