{"id_test": 0.6160185515519087, "id_test_conf": [0.6102953037607011, 0.621717741557035], "id_test_balanced": 0.5820836424827576, "id_test_balanced_conf": [0.5782657383102924, 0.5859015466552228], "ood_test": 0.5392482273778756, "ood_test_conf": [0.5379061964615972, 0.540589829918897], "ood_test_balanced": 0.5714234113693237, "ood_test_balanced_conf": [0.5705578093964141, 0.5722890133422334], "validation": 0.6106671423474849, "validation_conf": [0.6049298697128683, 0.6163814671143966], "validation_balanced": 0.575734555721283, "validation_balanced_conf": [0.5719065014552325, 0.5795626099873334], "features": ["DRNK_PER_WEEK", "RFBING5", "EMPLOY1", "MEDCOST", "SEX", "BMI5CAT", "IYEAR"]}