{"validation": 0.8213382386755576, "id_test": 0.8282758620689655, "ood_test": 0.7938862983373369, "ood_validation": 0.8037303942348453, "train": 0.8204678698701, "id_test_conf": [0.8167340984656616, 0.8393750182687738], "id_test_balanced": 0.7759310007095337, "id_test_balanced_conf": [0.7675965225696564, 0.784265478849411], "ood_test_conf": [0.7883814731510573, 0.7993105419441423], "ood_test_balanced": 0.765384316444397, "ood_test_balanced_conf": [0.7616177692264319, 0.7691508636623621], "features": ["VCF0901b", "VCF0224", "VCF0301", "VCF9010", "VCF9011", "VCF9203", "VCF9205", "VCF0521", "VCF0523", "VCF0428", "VCF0429", "VCF9052", "VCF0822", "VCF0838", "VCF9239", "VCF0846", "VCF0601", "VCF0615", "VCF0616", "VCF0310", "VCF0743", "VCF0718", "VCF0720", "VCF0701", "VCF0675", "VCF0726", "VCF0101", "VCF0104", "VCF0105a", "VCF0115", "VCF0140a", "VCF0112"]}