{"validation": 0.8057024603357094, "id_test": 0.7970114942528735, "ood_test": 0.7396260185577693, "ood_validation": 0.7443832132259431, "train": 0.7980802391079435, "id_test_conf": [0.784746069905515, 0.8088767957708229], "id_test_balanced": 0.6913816332817078, "id_test_balanced_conf": [0.6833529293350875, 0.699410337228328], "ood_test_conf": [0.7336669851623823, 0.7455193773823737], "ood_test_balanced": 0.6913800239562988, "ood_test_balanced_conf": [0.6877188776247203, 0.6950411702878774], "features": ["VCF0004", "VCF0218", "VCF0302", "VCF9010", "VCF9011", "VCF9201", "VCF9203", "VCF9204", "VCF9205", "VCF0521", "VCF0523", "VCF0428", "VCF0429", "VCF0875", "VCF0809", "VCF0870", "VCF9239", "VCF0803", "VCF0601", "VCF0615", "VCF0743", "VCF0718", "VCF0720", "VCF0724", "VCF0725", "VCF0726", "VCF0745", "VCF0101", "VCF0105a", "VCF0140a", "VCF0112"]}