{"validation": 0.8779438535195631, "id_test": 0.8769152904874246, "ood_test": 0.8295022137976886, "ood_validation": 0.8344578824527902, "train": 0.8776161802925897, "id_test_conf": [0.8750625315214839, 0.8787501866813177], "id_test_balanced": 0.5332512855529785, "id_test_balanced_conf": [0.5324873873626348, 0.5340151837433222], "ood_test_conf": [0.827894812808122, 0.831100603647641], "ood_test_balanced": 0.5305766463279724, "ood_test_balanced_conf": [0.5299959053716157, 0.5311573872843292], "features": ["PHYSHLTH", "HIGH_BLOOD_PRESS", "TOLDHI", "BMI5", "BMI5CAT", "SMOKDAY2", "MICHD", "FRUIT_ONCE_PER_DAY", "INCOME", "MARITAL", "CHECKUP1", "EDUCA", "HEALTH_COV", "STATE", "MEDCOST", "SEX", "IYEAR", "PRACE1", "SEX", "PRACE1"]}