{"validation": 0.8725479792001698, "id_test": 0.8737479694043314, "ood_test": 0.828648758245748, "ood_validation": 0.833312115425419, "train": 0.8727009092792194, "id_test_conf": [0.8718751336565578, 0.8756030930478556], "id_test_balanced": 0.6025583744049072, "id_test_balanced_conf": [0.6012590477685444, 0.60385770104127], "ood_test_conf": [0.8270381937454786, 0.830250334981147], "ood_test_balanced": 0.5901050567626953, "ood_test_balanced_conf": [0.5891206871834583, 0.5910894263419323], "features": ["PHYSHLTH", "HIGH_BLOOD_PRESS", "TOLDHI", "BMI5", "BMI5CAT", "SMOKDAY2", "MICHD", "FRUIT_ONCE_PER_DAY", "INCOME", "MARITAL", "CHECKUP1", "EDUCA", "HEALTH_COV", "STATE", "MEDCOST", "SEX", "IYEAR", "PRACE1", "SEX", "PRACE1"]}