{"validation": 0.8770820608481767, "id_test": 0.8750103174472159, "ood_test": 0.8290913432835821, "ood_validation": 0.8314563273727648, "train": 0.877662554463393, "id_test_conf": [0.8731350260803756, 0.8768676387847705], "id_test_balanced": 0.5194311738014221, "id_test_balanced_conf": [0.5188385341397952, 0.520023813463049], "ood_test_conf": [0.8274720170847274, 0.8307015532523714], "ood_test_balanced": 0.5189511775970459, "ood_test_balanced_conf": [0.5184907951334026, 0.5194115600606892], "features": ["PHYSHLTH", "HIGH_BLOOD_PRESS", "CHOL_CHK_PAST_5_YEARS", "TOLDHI", "BMI5", "BMI5CAT", "SMOKE100", "SMOKDAY2", "CVDSTRK3", "FRUIT_ONCE_PER_DAY", "VEG_ONCE_PER_DAY", "DRNK_PER_WEEK", "RFBING5", "TOTINDA", "INCOME", "MARITAL", "CHECKUP1", "EDUCA", "HEALTH_COV", "MENTHLTH", "IYEAR", "STATE", "MEDCOST", "PRACE1", "SEX"]}