{"validation": 0.7385817802107395, "id_test": 0.7371278857837181, "ood_test": 0.7218980121458023, "ood_validation": 0.7097806757557795, "train": 0.7389842602341703, "id_test_conf": [0.734949976637266, 0.7392970914902537], "id_test_balanced": 0.6665686368942261, "id_test_balanced_conf": [0.6650751805910841, 0.6680620931973681], "ood_test_conf": [0.718695592752653, 0.7250834646149913], "ood_test_balanced": 0.6831851005554199, "ood_test_balanced_conf": [0.6810482560051605, 0.6853219451056793], "features": ["COW", "FER", "HINS4", "NWLK", "OCCP", "POBP", "WKW", "ST", "RAC1P", "ACS_YEAR", "DIVISION"]}