{"validation": 0.6362975086379342, "id_test": 0.6371835903404132, "ood_test": 0.5189797685885115, "ood_validation": 0.5194270183415668, "train": 0.6341549904074341, "id_test_conf": [0.6314679967067165, 0.6428701823912684], "id_test_balanced": 0.6016313433647156, "id_test_balanced_conf": [0.5978172627044842, 0.6054454240249469], "ood_test_conf": [0.5176291256268691, 0.5203302026857419], "ood_test_balanced": 0.5626933574676514, "ood_test_balanced_conf": [0.5618870910676196, 0.5634996238676832], "features": ["AGEG5YR", "FRUIT_ONCE_PER_DAY", "VEG_ONCE_PER_DAY", "DRNK_PER_WEEK", "RFBING5", "TOTINDA", "SMOKDAY2", "CHCOCNCR", "DIABETES", "IYEAR", "STATE", "MEDCOST", "SEX", "BMI5CAT"]}