{"validation": 0.8754470569233254, "id_test": 0.873525204202495, "ood_test": 0.8285351973005822, "ood_validation": 0.8254946096434072, "train": 0.8742962458755393, "id_test_conf": [0.8717063256701892, 0.8753274060454748], "id_test_balanced": 0.5, "id_test_balanced_conf": [0.5, 0.5], "ood_test_conf": [0.8269813733844302, 0.8300806608910338], "ood_test_balanced": 0.5, "ood_test_balanced_conf": [0.5, 0.5], "features": ["PHYSHLTH", "BMI5CAT", "SMOKDAY2", "MICHD", "FRUIT_ONCE_PER_DAY", "VEG_ONCE_PER_DAY", "DRNK_PER_WEEK", "RFBING5", "TOTINDA", "INCOME", "CHECKUP1", "EDUCA", "STATE", "MEDCOST", "PRACE1", "SEX", "IYEAR", "PRACE1"]}