{"validation": 0.8059323982524719, "id_test": 0.8082758620689655, "ood_test": 0.774622014978098, "ood_validation": 0.7825349724459517, "train": 0.8076215656972066, "id_test_conf": [0.7962572048521371, 0.8198791089118111], "id_test_balanced": 0.7498327493667603, "id_test_balanced_conf": [0.7412466801516712, 0.7584188185818493], "ood_test_conf": [0.7689407188302725, 0.7802280253220987], "ood_test_balanced": 0.747169554233551, "ood_test_balanced_conf": [0.7432733539678157, 0.7510657544992864], "features": ["VCF0901b", "VCF0224", "VCF0301", "VCF9201", "VCF9205", "VCF0521", "VCF0523", "VCF0875", "VCF9052", "VCF0809", "VCF0839", "VCF0822", "VCF0870", "VCF9045", "VCF0601", "VCF0606", "VCF0617", "VCF0718", "VCF0721", "VCF0701", "VCF0675", "VCF0726", "VCF0745", "VCF0101", "VCF0115", "VCF0140a", "VCF0112"]}