{"validation": 0.9187480773992182, "id_test": 0.9201623612913875, "ood_test": 0.45015739769150054, "ood_validation": 0.5518867924528302, "train": 0.9189810581441914, "id_test_conf": [0.9191269908136005, 0.9211885857319535], "id_test_balanced": 0.8693270683288574, "id_test_balanced_conf": [0.8684925117145759, 0.870161624943139], "ood_test_conf": [0.42765126218488786, 0.4728171357220796], "ood_test_balanced": 0.5121042728424072, "ood_test_balanced_conf": [0.5086542048305273, 0.5155543408542872], "features": ["Average_confidence(BORED)", "Average_confidence(CONFUSED)", "attempt_count", "hint_count", "skill_id", "bottom_hint", "ms_first_response", "overlap_time", "school_id"]}