{"validation": 0.9190331850273479, "id_test": 0.920364937764006, "ood_test": 0.45015739769150054, "ood_validation": 0.5518867924528302, "train": 0.9194012171481145, "id_test_conf": [0.9193307581379936, 0.9213899669175515], "id_test_balanced": 0.8714507222175598, "id_test_balanced_conf": [0.870617535217898, 0.8722839092172217], "ood_test_conf": [0.42765126218488786, 0.4728171357220796], "ood_test_balanced": 0.5121042728424072, "ood_test_balanced_conf": [0.5086542048305273, 0.5155543408542872], "features": ["Average_confidence(BORED)", "Average_confidence(CONFUSED)", "attempt_count", "hint_count", "skill_id", "bottom_hint", "ms_first_response", "overlap_time", "school_id"]}