{"validation": 0.9189994222819114, "id_test": 0.9204249604225595, "ood_test": 0.45015739769150054, "ood_validation": 0.5518867924528302, "train": 0.9193740193554498, "id_test_conf": [0.9193911340181236, 0.9214496350403584], "id_test_balanced": 0.8711757659912109, "id_test_balanced_conf": [0.8703426281630527, 0.8720089038193691], "ood_test_conf": [0.42765126218488786, 0.4728171357220796], "ood_test_balanced": 0.5121042728424072, "ood_test_balanced_conf": [0.5086542048305273, 0.5155543408542872], "features": ["Average_confidence(BORED)", "Average_confidence(CONFUSED)", "attempt_count", "hint_count", "skill_id", "bottom_hint", "ms_first_response", "overlap_time", "school_id"]}