{"validation": 0.7769135841534032, "id_test": 0.7767441271769947, "ood_test": 0.7624059754185822, "ood_validation": 0.756135151155898, "train": 0.7779250911501492, "id_test_conf": [0.7746826638352353, 0.778795431903701], "id_test_balanced": 0.721430778503418, "id_test_balanced_conf": [0.7199633626756259, 0.72289819433121], "ood_test_conf": [0.7593617371089676, 0.7654301465668337], "ood_test_balanced": 0.742129385471344, "ood_test_balanced_conf": [0.7399863583175466, 0.7442724126251414], "features": ["COW", "ENG", "FER", "HINS2", "HINS3", "HINS4", "NWLK", "OCCP", "POBP", "WRK", "MAR", "RAC1P", "SCHL", "ACS_YEAR", "DIVISION"]}