{"validation": 0.7845710850235738, "id_test": 0.7837117760226813, "ood_test": 0.7753290037017033, "ood_validation": 0.7752222880853586, "train": 0.7845597303426961, "id_test_conf": [0.7816734341426697, 0.7857397032788535], "id_test_balanced": 0.7320400476455688, "id_test_balanced_conf": [0.7305800113081932, 0.7335000839829445], "ood_test_conf": [0.7723429112012399, 0.7782940395742992], "ood_test_balanced": 0.7480374574661255, "ood_test_balanced_conf": [0.7459598300093785, 0.7501150849228725], "features": ["COW", "HINS2", "HINS3", "NWLA", "NWLK", "POBP", "RELP", "WKHP", "WKW", "MAR", "SCHL", "DIVISION"]}