{"validation": 0.8445600714269637, "id_test": 0.8456667391940458, "ood_test": 0.44333683105981114, "ood_validation": 0.5424528301886793, "train": 0.844366727533451, "id_test_conf": [0.8442896721197272, 0.8470362863696539], "id_test_balanced": 0.7469980120658875, "id_test_balanced_conf": [0.7460482956760097, 0.7479477284557652], "ood_test_conf": [0.42087396343299993, 0.4659743243902479], "ood_test_balanced": 0.5060521364212036, "ood_test_balanced_conf": [0.503597485604696, 0.5085067872377113], "features": ["Average_confidence(CONFUSED)", "Average_confidence(FRUSTRATED)", "hint_count", "skill_id", "problem_type", "bottom_hint", "tutor_mode", "type", "first_action", "school_id"]}