{"validation": 0.8453816315659162, "id_test": 0.8465258134945942, "ood_test": 0.44333683105981114, "ood_validation": 0.5424528301886793, "train": 0.8453519441263553, "id_test_conf": [0.845151864827562, 0.8478922235427785], "id_test_balanced": 0.7491787672042847, "id_test_balanced_conf": [0.7482267158525064, 0.7501308185560629], "ood_test_conf": [0.42087396343299993, 0.4659743243902479], "ood_test_balanced": 0.5060521364212036, "ood_test_balanced_conf": [0.503597485604696, 0.5085067872377113], "features": ["Average_confidence(CONFUSED)", "Average_confidence(FRUSTRATED)", "hint_count", "skill_id", "problem_type", "bottom_hint", "tutor_mode", "type", "first_action", "school_id"]}