{"validation": 0.8560469077076597, "id_test": 0.8571760839716993, "ood_test": 0.44438614900314793, "ood_validation": 0.5424528301886793, "train": 0.855943608659402, "id_test_conf": [0.8558420713553855, 0.8585023258491911], "id_test_balanced": 0.7663503885269165, "id_test_balanced_conf": [0.7654014006396755, 0.7672993764141575], "ood_test_conf": [0.4219163483901063, 0.46702734089063613], "ood_test_balanced": 0.50698322057724, "ood_test_balanced_conf": [0.5043489890405908, 0.5096174521138892], "features": ["Average_confidence(CONFUSED)", "Average_confidence(FRUSTRATED)", "hint_count", "skill_id", "problem_type", "bottom_hint", "tutor_mode", "type", "first_action", "school_id"]}