{"validation": 0.8193877421242067, "id_test": 0.816999033423208, "ood_test": 0.7878186505176152, "ood_validation": 0.7989320567114712, "train": 0.8178271528000789, "id_test_conf": [0.8142783018708475, 0.8196963550734245], "id_test_balanced": 0.5633432865142822, "id_test_balanced_conf": [0.561966165881604, 0.5647204071469605], "ood_test_conf": [0.784166797573473, 0.7914362906738395], "ood_test_balanced": 0.5628332495689392, "ood_test_balanced_conf": [0.5610078945150598, 0.5646586046228186], "features": ["ENG", "FER", "NWLA", "OCCP", "POBP", "WKHP", "WRK", "ANC", "DEAR", "DEYE", "AGEP", "ST", "MAR", "CIT", "RAC1P", "ACS_YEAR", "DIVISION"]}