{"validation": 0.7399487390437617, "id_test": 0.7390137707573916, "ood_test": 0.7155484712360527, "ood_validation": 0.7088322465915827, "train": 0.7412000256304173, "id_test_conf": [0.7368408616617874, 0.7411779071550372], "id_test_balanced": 0.6603175401687622, "id_test_balanced_conf": [0.6588545666611754, 0.661780513676349], "ood_test_conf": [0.7123243220505457, 0.7187561393086658], "ood_test_balanced": 0.6715610027313232, "ood_test_balanced_conf": [0.6694620980462059, 0.6736599074164406], "features": ["HINS3", "NWLK", "OCCP", "POBP", "WKW", "WRK", "AGEP", "CIT", "ACS_YEAR", "DIVISION"]}