{"validation": 0.8084617153368591, "id_test": 0.8016091954022988, "ood_test": 0.7421223682351279, "ood_validation": 0.7439593047901654, "train": 0.7986262788826302, "id_test_conf": [0.7894426922774128, 0.8133693382228658], "id_test_balanced": 0.7085499167442322, "id_test_balanced_conf": [0.7002982822060585, 0.7168015512824059], "ood_test_conf": [0.7361814499213966, 0.7479969267091309], "ood_test_balanced": 0.6965802311897278, "ood_test_balanced_conf": [0.692856755242683, 0.7003037071367726], "features": ["VCF0004", "VCF0218", "VCF0302", "VCF9010", "VCF9201", "VCF9202", "VCF9203", "VCF9204", "VCF0523", "VCF0428", "VCF0875", "VCF9052", "VCF0809", "VCF0870", "VCF0843", "VCF9045", "VCF9239", "VCF0612", "VCF0615", "VCF0616", "VCF0617", "VCF0310", "VCF0721", "VCF0725", "VCF0101", "VCF0104", "VCF0105a", "VCF0112"]}