{"validation": 0.8057024603357094, "id_test": 0.8002298850574713, "ood_test": 0.7630351844001696, "ood_validation": 0.7727850784230607, "train": 0.7969019427520405, "id_test_conf": [0.7880334488350861, 0.8120218325452625], "id_test_balanced": 0.7333523035049438, "id_test_balanced_conf": [0.724725732486695, 0.7419788745231927], "ood_test_conf": [0.7572560946277893, 0.768742171719787], "ood_test_balanced": 0.7300601005554199, "ood_test_balanced_conf": [0.7261776810884476, 0.7339425200223922], "features": ["VCF0004", "VCF0218", "VCF0302", "VCF9010", "VCF9201", "VCF9202", "VCF9203", "VCF9204", "VCF0523", "VCF0428", "VCF0875", "VCF9052", "VCF0809", "VCF0870", "VCF0843", "VCF9045", "VCF9239", "VCF0612", "VCF0615", "VCF0616", "VCF0617", "VCF0310", "VCF0721", "VCF0725", "VCF0101", "VCF0104", "VCF0105a", "VCF0112"]}