{"validation": 0.7999540124166475, "id_test": 0.8009195402298851, "ood_test": 0.7468795629033018, "ood_validation": 0.7494701144552777, "train": 0.794804000459823, "id_test_conf": [0.7887380428477858, 0.8126956131281712], "id_test_balanced": 0.72397780418396, "id_test_balanced_conf": [0.7154660156555473, 0.7324895927123726], "ood_test_conf": [0.7409738606517879, 0.7527175993009356], "ood_test_balanced": 0.7116732597351074, "ood_test_balanced_conf": [0.7077461272850633, 0.7156003921851516], "features": ["VCF0004", "VCF0901b", "VCF0218", "VCF0301", "VCF9011", "VCF9201", "VCF9204", "VCF9206", "VCF0875", "VCF9052", "VCF0843", "VCF9045", "VCF0838", "VCF0612", "VCF0616", "VCF0617", "VCF0743", "VCF0718", "VCF0721", "VCF0675", "VCF0101", "VCF0104", "VCF0105a", "VCF0115", "VCF0140a", "VCF0112"]}