{"validation": 0.6183389342294767, "id_test": 0.6166032719081207, "ood_test": 0.5301324560710798, "ood_validation": 0.5280474275412564, "train": 0.6153533674929603, "id_test_conf": [0.610781474206422, 0.6224000396372008], "id_test_balanced": 0.5833930969238281, "id_test_balanced_conf": [0.579494764143601, 0.5872914297040552], "ood_test_conf": [0.5287737511814056, 0.5314908246899585], "ood_test_balanced": 0.5621033906936646, "ood_test_balanced_conf": [0.5612221290799789, 0.5629846523073502], "features": ["AGEG5YR", "VEG_ONCE_PER_DAY", "DRNK_PER_WEEK", "TOTINDA", "SMOKDAY2", "CHCSCNCR", "CHCOCNCR", "EMPLOY1", "PRACE1", "SEX", "IYEAR", "PRACE1", "BMI5CAT"]}