{"validation": 0.6389453081723845, "id_test": 0.6379482255622438, "ood_test": 0.51985492814783, "ood_validation": 0.5180973512688948, "train": 0.6385219037067812, "id_test_conf": [0.6321910663341237, 0.6436757714717106], "id_test_balanced": 0.5837215185165405, "id_test_balanced_conf": [0.5802879849076271, 0.5871550521254539], "ood_test_conf": [0.5184948813475468, 0.5212147533722148], "ood_test_balanced": 0.5682570338249207, "ood_test_balanced_conf": [0.5674821077554952, 0.5690319598943461], "features": ["AGEG5YR", "VEG_ONCE_PER_DAY", "DRNK_PER_WEEK", "TOTINDA", "SMOKDAY2", "CHCSCNCR", "CHCOCNCR", "EMPLOY1", "PRACE1", "SEX", "IYEAR", "PRACE1", "BMI5CAT"]}