{"validation": 0.7959687371452078, "id_test": 0.7959194005670311, "ood_test": 0.7951153324287653, "ood_validation": 0.7892116182572614, "train": 0.796275362444952, "id_test_conf": [0.7939236550066296, 0.7979042828979929], "id_test_balanced": 0.7658136487007141, "id_test_balanced_conf": [0.7643664949550293, 0.7672608024463989], "ood_test_conf": [0.7922262788526917, 0.797981813905591], "ood_test_balanced": 0.7787145376205444, "ood_test_balanced_conf": [0.7766659329878166, 0.7807631422532723], "features": ["FER", "HINS2", "HINS4", "NWLA", "OCCP", "WKHP", "WKW", "WRK", "AGEP", "MAR", "CIT", "RAC1P", "SCHL", "DIVISION"]}