{"validation": 0.8194131786790797, "id_test": 0.8149895711451391, "ood_test": 0.7907852203445312, "ood_validation": 0.7950653654943841, "train": 0.8160481893999854, "id_test_conf": [0.8122574602489866, 0.817698420839725], "id_test_balanced": 0.5460668802261353, "id_test_balanced_conf": [0.5448699399549514, 0.5472638204973191], "ood_test_conf": [0.7871518470097785, 0.7943840275921069], "ood_test_balanced": 0.5676413774490356, "ood_test_balanced_conf": [0.5657945986790582, 0.569488156219013], "features": ["WIF", "NWLA", "NWLK", "OCCP", "WKHP", "WKW", "MIL", "DEAR", "DEYE", "AGEP", "SEX", "RAC1P", "DIVISION"]}