{"validation": 0.8182685337097944, "id_test": 0.8136796052296892, "ood_test": 0.7883505871762347, "ood_validation": 0.7937764684220218, "train": 0.8151197580991323, "id_test_conf": [0.8109401411331657, 0.8163959050571924], "id_test_balanced": 0.5416178107261658, "id_test_balanced_conf": [0.540462976093404, 0.5427726453589276], "ood_test_conf": [0.7847020266933773, 0.7919648715232066], "ood_test_balanced": 0.5639092326164246, "ood_test_balanced_conf": [0.5620769732445479, 0.5657414919883013], "features": ["WIF", "NWLA", "NWLK", "OCCP", "WKHP", "WKW", "MIL", "DEAR", "DEYE", "AGEP", "SEX", "RAC1P", "DIVISION"]}