{"validation": 0.8152924567896525, "id_test": 0.8119626596123518, "ood_test": 0.7841360121117885, "ood_validation": 0.7899097772049346, "train": 0.8127509864582572, "id_test_conf": [0.809213634678623, 0.8146886473185266], "id_test_balanced": 0.5166067481040955, "id_test_balanced_conf": [0.5158826340525411, 0.5173308621556498], "ood_test_conf": [0.7804616154841683, 0.7877766344881882], "ood_test_balanced": 0.5260921120643616, "ood_test_balanced_conf": [0.524883350667078, 0.5273008734616451], "features": ["WIF", "NWLA", "NWLK", "OCCP", "WKHP", "WKW", "MIL", "DEAR", "DEYE", "AGEP", "SEX", "RAC1P", "DIVISION"]}