{"validation": 0.8168949597466519, "id_test": 0.8123569211985552, "ood_test": 0.7846270305658988, "ood_validation": 0.7923034431964647, "train": 0.8137668556384714, "id_test_conf": [0.8096100840465548, 0.8150806919511169], "id_test_balanced": 0.534284770488739, "id_test_balanced_conf": [0.5332189909252338, 0.5353505500522442], "ood_test_conf": [0.7809556146516328, 0.7882646137599904], "ood_test_balanced": 0.5523678660392761, "ood_test_balanced_conf": [0.5506465584575199, 0.5540891736210324], "features": ["WIF", "NWLA", "NWLK", "OCCP", "WKHP", "WKW", "MIL", "DEAR", "DEYE", "AGEP", "SEX", "RAC1P", "DIVISION"]}