{"validation": 0.7925899744598937, "id_test": 0.7913742906094867, "ood_test": 0.5859401841597208, "ood_validation": 0.586150358730578, "train": 0.7914867498250857, "id_test_conf": [0.7902462296407029, 0.7924989795861452], "id_test_balanced": 0.577580451965332, "id_test_balanced_conf": [0.5769793447654229, 0.5781815591652412], "ood_test_conf": [0.5848717838015072, 0.5870079758059771], "ood_test_balanced": 0.6571813821792603, "ood_test_balanced_conf": [0.6565742267703172, 0.6577885375882033], "features": ["ESP", "DEAR", "PINCP", "ESR", "ST", "MAR", "RAC1P", "DIS"]}