{"validation": 0.7927257623591949, "id_test": 0.7913383468255648, "ood_test": 0.5373093998241789, "ood_validation": 0.5367203662133017, "train": 0.7915950805853555, "id_test_conf": [0.7902102146841856, 0.7924631073910408], "id_test_balanced": 0.5743153691291809, "id_test_balanced_conf": [0.5737273664202075, 0.5749033718381543], "ood_test_conf": [0.5362280661940334, 0.5383904691953089], "ood_test_balanced": 0.6206886768341064, "ood_test_balanced_conf": [0.620111518210033, 0.6212658354581799], "features": ["ESP", "DEAR", "PINCP", "ESR", "ST", "MAR", "RAC1P", "DIS"]}