{"id_test": 0.8758389261744967, "id_test_conf": [0.8329410290398116, 0.9110522325021173], "id_test_balanced": 0.8041726350784302, "id_test_balanced_conf": [0.7745561880245805, 0.8337890821322799], "ood_test": 0.7854291417165669, "ood_test_conf": [0.7809642204164051, 0.789843871079276], "ood_test_balanced": 0.7850503921508789, "ood_test_balanced_conf": [0.7819199001230299, 0.7881808841787279], "validation": 0.8657718120805369, "validation_conf": [0.8217332353931428, 0.9023444936749945], "validation_balanced": 0.819759726524353, "validation_balanced_conf": [0.7900837972387671, 0.849435655809939], "features": ["LIVING_QUARTERS_TYPE", "FAMILY_SIZE_AVG", "ORIGIN", "HOUSEHOLD_INC", "RECEIVED_WORK_COMP", "SEVERANCE_PAY_PENSION", "FOSTER_CHILD_CARE_AMT", "CHILD_SUPPORT_AMT", "SAVINGS_INV_AMOUNT", "UNEMPLOYMENT_COMP_AMOUNT", "SURVIVOR_INCOME_AMOUNT", "DISABILITY_BENEFITS_AMOUNT", "EDUCATION", "AGE", "SNAP_ASSISTANCE", "MEDICAID_ASSISTANCE", "HOSPITAL_NIGHTS", "VISIT_DOCTOR_NUM", "HEALTH_OVER_THE_COUNTER_PRODUCTS_PAY", "HEALTH_SEEING", "HEALTH_COGNITIVE", "HEALTH_CORE_DISABILITY", "CITIZENSHIP_STATUS"]}