{"id_test": 0.7916917940341306, "id_test_conf": [0.7905643623360559, 0.7928158500634735], "id_test_balanced": 0.5804807543754578, "id_test_balanced_conf": [0.5798697157867718, 0.5810917929641437], "ood_test": 0.5399931774582242, "ood_test_conf": [0.5389122852922067, 0.5410737863562032], "ood_test_balanced": 0.6230820417404175, "ood_test_balanced_conf": [0.622504745926708, 0.623659337554127], "validation": 0.7927237654783229, "validation_conf": [0.7915983851608762, 0.7938457581702528], "validation_balanced": 0.5808382034301758, "validation_balanced_conf": [0.5802273649501148, 0.5814490419102367], "features": ["ANC", "DEAR", "DREM", "PINCP", "AGEP", "ST", "MAR", "CIT", "RAC1P", "DIVISION", "DIS"]}