{"validation": 0.7882407679205081, "id_test": 0.7876141714358743, "ood_test": 0.49950909488835116, "ood_validation": 0.49991196795633613, "train": 0.787399385310299, "id_test_conf": [0.7864787368100596, 0.7887462776098911], "id_test_balanced": 0.5617144107818604, "id_test_balanced_conf": [0.5611640426411759, 0.5622647789225448], "ood_test_conf": [0.49842487468772534, 0.5005933185660051], "ood_test_balanced": 0.5942627191543579, "ood_test_balanced_conf": [0.5937313148425892, 0.5947941234661266], "features": ["ANC", "DEAR", "DREM", "PINCP", "AGEP", "ST", "MAR", "CIT", "RAC1P", "DIVISION", "DIS"]}