{"id_test": 0.6467442706438705, "id_test_conf": [0.6410605036446498, 0.6523970073051744], "id_test_balanced": 0.585228443145752, "id_test_balanced_conf": [0.5819979559024796, 0.5884589303890243], "ood_test": 0.5778655232927942, "ood_test_conf": [0.5765242540623363, 0.5792059281732636], "ood_test_balanced": 0.6136906147003174, "ood_test_balanced_conf": [0.6128519264247734, 0.6145293029758614], "validation": 0.6504183339396145, "validation_conf": [0.6447476940609325, 0.6560571662447785], "validation_balanced": 0.5917163491249084, "validation_balanced_conf": [0.5884963334724307, 0.5949363647773862], "features": ["SMOKDAY2", "DIABETES", "EMPLOY1", "IYEAR", "STATE", "MEDCOST", "PRACE1", "SEX", "IYEAR", "PRACE1", "BMI5CAT"]}