{"validation": 0.8492086524441173, "id_test": 0.8497713727544275, "ood_test": 0.7872822299651568, "ood_validation": 0.8056426332288401, "train": 0.8496454678815313, "id_test_conf": [0.8484485999037218, 0.8510869672499906], "id_test_balanced": 0.7685644626617432, "id_test_balanced_conf": [0.7676433626038488, 0.7694855627196375], "ood_test_conf": [0.776463745546031, 0.797807923074441], "ood_test_balanced": 0.726069450378418, "ood_test_balanced_conf": [0.7196275430265814, 0.7325113577302546], "features": ["Average_confidence(BORED)", "Average_confidence(CONCENTRATING)", "Average_confidence(CONFUSED)", "hint_count", "tutor_mode", "type", "first_action", "school_id"]}