{"validation": 0.8395462118610655, "id_test": 0.8366103678079055, "ood_test": 0.8075821432955522, "ood_validation": 0.8090591051371755, "train": 0.8379648913067671, "id_test_conf": [0.834007357248696, 0.8391885166597957], "id_test_balanced": 0.6536247134208679, "id_test_balanced_conf": [0.6517834132234566, 0.6554660136182793], "ood_test_conf": [0.8040590090531493, 0.8110687104227374], "ood_test_balanced": 0.6636407375335693, "ood_test_balanced_conf": [0.6611551568144932, 0.6661263182526455], "features": ["ENG", "FER", "HUPAC", "WIF", "NWLA", "RELP", "WRK", "DIS", "NATIVITY", "DREM", "PUBCOV", "ST", "MAR", "RAC1P", "ACS_YEAR", "DIVISION"]}