{"validation": 0.8360995586757729, "id_test": 0.8335961743908022, "ood_test": 0.8073775522730062, "ood_validation": 0.8027987479285583, "train": 0.8343147572883447, "id_test_conf": [0.8309742505151279, 0.8361934597690879], "id_test_balanced": 0.64720618724823, "id_test_balanced_conf": [0.6453739275340922, 0.6490384469623678], "ood_test_conf": [0.8038530158445488, 0.8108655459662218], "ood_test_balanced": 0.6457344889640808, "ood_test_balanced_conf": [0.6433431368181481, 0.6481258411100135], "features": ["ENG", "FER", "HUPAC", "WIF", "NWLA", "RELP", "WRK", "DIS", "NATIVITY", "DREM", "PUBCOV", "ST", "MAR", "RAC1P", "ACS_YEAR", "DIVISION"]}