{"validation": 0.7515868746637977, "id_test": 0.7525187322802754, "ood_test": 0.7365072255667822, "ood_validation": 0.734202726733847, "train": 0.753800856404005, "id_test_conf": [0.7503831638242824, 0.7546450320393564], "id_test_balanced": 0.7025399804115295, "id_test_balanced_conf": [0.7010221415455453, 0.7040578192775138], "ood_test_conf": [0.7333578583273965, 0.7396385079778387], "ood_test_balanced": 0.7115764617919922, "ood_test_balanced_conf": [0.7093820420885458, 0.7137708814954385], "features": ["ENG", "FER", "NWLA", "RELP", "WRK", "SEX", "MAR", "SCHL", "DIVISION"]}