{"validation": 0.4286047596826878, "id_test": 0.423839514812223, "ood_test": 0.4927797833935018, "ood_validation": 0.506002824858757, "train": 0.4278464769015399, "id_test_conf": [0.40898644545353957, 0.43879645812305557], "id_test_balanced": 0.49709203839302063, "id_test_balanced_conf": [0.4919405916333199, 0.5022434851527214], "ood_test_conf": [0.48843014553920355, 0.497130243706566], "ood_test_balanced": 0.49830687046051025, "ood_test_balanced_conf": [0.4969510409748182, 0.4996626999462023], "features": ["gender", "weight", "time_in_hospital", "payer_code", "num_procedures", "number_outpatient", "number_emergency", "number_inpatient", "diag_2", "diag_3", "metformin", "repaglinide", "nateglinide", "acetohexamide", "pioglitazone", "troglitazone", "tolazamide", "examide", "citoglipton", "insulin", "glyburide-metformin", "glimepiride-pioglitazone", "metformin-rosiglitazone", "metformin-pioglitazone", "admission_source_id"]}