{"validation": 0.9196322460157524, "id_test": 0.9194849101102446, "ood_test": 0.45015739769150054, "ood_validation": 0.5518867924528302, "train": 0.9192582001984739, "id_test_conf": [0.9184540525869929, 0.9205067841134624], "id_test_balanced": 0.8684170246124268, "id_test_balanced_conf": [0.8675867746118456, 0.8692472746130079], "ood_test_conf": [0.42765126218488786, 0.4728171357220796], "ood_test_balanced": 0.5121042728424072, "ood_test_balanced_conf": [0.5086542048305273, 0.5155543408542872], "features": ["Average_confidence(CONFUSED)", "Average_confidence(FRUSTRATED)", "attempt_count", "hint_count", "skill_id", "overlap_time", "school_id"]}