{"validation": 0.9677313403237401, "id_test": 0.9669445046943266, "ood_test": 0.9493982678426267, "ood_validation": 0.9504950495049505, "train": 0.9667328729876661, "id_test_conf": [0.9660606738455993, 0.9678115062755616], "id_test_balanced": 0.5590079426765442, "id_test_balanced_conf": [0.5581982159602922, 0.5598176693927962], "ood_test_conf": [0.9483251625769397, 0.9504554127604827], "ood_test_balanced": 0.5450828075408936, "ood_test_balanced_conf": [0.5443576774874237, 0.5458079375943634], "features": ["RELP", "WKHP", "WKW", "WRK", "DIS", "MIG", "DEAR", "DPHY", "FER", "AGEP", "CIT", "RAC1P", "SCHL"]}