{"validation": 0.7971947574154978, "id_test": 0.7908045977011494, "ood_test": 0.7202204323866045, "ood_validation": 0.7219160661297159, "train": 0.7864984480974825, "id_test_conf": [0.7784094417514704, 0.8028080466581485], "id_test_balanced": 0.6735180020332336, "id_test_balanced_conf": [0.6657457301020622, 0.6812902739644051], "ood_test_conf": [0.7141288648238027, 0.7262516509769934], "ood_test_balanced": 0.6636894345283508, "ood_test_balanced_conf": [0.6602119217440486, 0.667166947312653], "features": ["VCF0004", "VCF0218", "VCF0224", "VCF0301", "VCF9008", "VCF9201", "VCF9205", "VCF0521", "VCF0875", "VCF0809", "VCF0870", "VCF0601", "VCF0612", "VCF0616", "VCF0743", "VCF0718", "VCF0720", "VCF0721", "VCF0724", "VCF0725", "VCF0726", "VCF0104", "VCF0140a", "VCF0112"]}