{"validation": 0.7180963832547543, "id_test": 0.7201992203321183, "ood_test": 0.7077235183306767, "ood_validation": 0.7119146413752223, "train": 0.7195296660214235, "id_test_conf": [0.7179786889522859, 0.7224116699167773], "id_test_balanced": 0.6653413772583008, "id_test_balanced_conf": [0.6637851753784344, 0.6668975791381672], "ood_test_conf": [0.7044736625587413, 0.7109574916417054], "ood_test_balanced": 0.675446629524231, "ood_test_balanced_conf": [0.6732298882398754, 0.6776633708085865], "features": ["HINS1", "HINS2", "HINS3", "NWLK", "WKHP", "WRK", "AGEP", "CIT", "RAC1P", "DIVISION"]}