{"validation": 0.7345884884346423, "id_test": 0.7363558120696638, "ood_test": 0.7257577953129323, "ood_validation": 0.7332542975696502, "train": 0.7362527222430095, "id_test_conf": [0.7341758707704366, 0.7385270782825906], "id_test_balanced": 0.685947060585022, "id_test_balanced_conf": [0.6844049497065134, 0.6874891714635305], "ood_test_conf": [0.7225689735804276, 0.7289293547879496], "ood_test_balanced": 0.6945815086364746, "ood_test_balanced_conf": [0.6923958238912746, 0.6967671933816746], "features": ["ENG", "HINS1", "HINS2", "HINS3", "NWLK", "WKHP", "WKW", "AGEP", "MAR", "DIVISION"]}