{"validation": 0.8175486842954366, "id_test": 0.8172210612009868, "ood_test": 0.7269823524714525, "ood_validation": 0.7464080459770115, "train": 0.8176385433917822, "id_test_conf": [0.816244317966524, 0.8181947626145265], "id_test_balanced": 0.718384325504303, "id_test_balanced_conf": [0.717758839278249, 0.7190098117303569], "ood_test_conf": [0.7190874621711604, 0.7347716243492796], "ood_test_balanced": 0.6466550827026367, "ood_test_balanced_conf": [0.6426645146775991, 0.6506456507276743], "features": ["Average_confidence(CONCENTRATING)", "Average_confidence(FRUSTRATED)", "bottom_hint", "position", "school_id"]}