{"validation": 0.6203097852205094, "id_test": 0.6291586574005619, "ood_test": 0.5589813004461824, "ood_validation": 0.5584034707158352, "train": 0.6209296200285568, "id_test_conf": [0.6233705237576683, 0.6349190374441055], "id_test_balanced": 0.6165186166763306, "id_test_balanced_conf": [0.6124575939867646, 0.6205796393658966], "ood_test_conf": [0.5576287162757121, 0.5603332256741413], "ood_test_balanced": 0.5808974504470825, "ood_test_balanced_conf": [0.5799814347340725, 0.5818134661600926], "features": ["AGEG5YR", "DRNK_PER_WEEK", "TOTINDA", "SMOKE100", "CHCSCNCR", "DIABETES", "IYEAR", "STATE", "SEX", "IYEAR", "STATE", "PRACE1", "BMI5CAT"]}