{"id_test": 0.7823779193205945, "id_test_conf": [0.7546348355585595, 0.808342666343701], "id_test_balanced": 0.7728734016418457, "id_test_balanced_conf": [0.7541042257100343, 0.7916425775736571], "ood_test": 0.7273202956373863, "ood_test_conf": [0.7201857110084282, 0.7343682941378331], "ood_test_balanced": 0.730243444442749, "ood_test_balanced_conf": [0.7252781137637794, 0.7352087751217187], "validation": 0.7513283740701382, "validation_conf": [0.7224190882067407, 0.7786549909912449], "validation_balanced": 0.7471361756324768, "validation_balanced_conf": [0.7275275492668152, 0.7667448019981384], "features": ["FCSZ1231", "JOBORG31", "CMJHLD31", "MCRPHO31", "HASFSA31", "MCAID31", "GOVTA31", "GOVTB31", "GOVBAT31", "GOVTC31", "VAPRAT31", "BSNTY31", "RETPLN31", "SICPAY31", "HRHOW31", "DIFFWG31", "NHRWG31", "HOUR31", "CHOIC31", "INDCAT31", "NUMEMP31", "MORE31", "STJBYY31", "PAYVAC31", "YRSINUS", "MCARE31X", "MCDAT31X", "SEX", "RACEV1X", "RACEV2X", "RACEAX", "RACEBX", "RACETHX", "EDUCYR", "OTHLGSPK", "HWELLSPK", "WHTLGSPK", "PRIOG31", "PRINEO31", "PRSTX31", "PRIVAT31", "DNTINS31", "PMEDUP31", "PMEDPY31", "MARRY31X", "REFRL31X", "DISVW31X", "HELD31X", "OFFER31X", "VASPUN31", "VACMPM31", "VASPMH31", "ASDALY31", "ASPKFL31", "ASWNFL31", "LFTDIF31", "STPDIF31", "WLKDIF31", "MILDIF31", "STNDIF31", "BENDIF31", "RCHDIF31", "ACTLIM31", "WRKLIM31", "HSELIM31", "VASPOU31", "ASACUT31", "SOCLIM31", "ASTHEP31", "FCRP1231", "FAMSZE31", "FAMS1231", "REGION31", "RESP31", "PROXY31", "ENDRFM31", "ENDRFY31", "SPOUID31", "CHBRON31", "UNABLE31", "VAPRHT31", "VAOUT31", "VAPAST31", "VACARC31", "VAPCPR31", "VAPROV31", "VAPCOT31", "VAPCRC31", "VAPCOU31", "VAPCUN31", "VAPACT31", "VACTDY31", "VARECM31", "VAMOBL31", "VAGERD31", "VABACK31", "VANECK31", "VACOST31", "VAPTSD31", "VADEPR31", "VACRGV31", "VALCOH31", "AGE31X", "INSCOV19"]}