{"id_test": 0.9201596806387226, "id_test_conf": [0.9052876507821518, 0.9333637438958258], "id_test_balanced": 0.8726625442504883, "id_test_balanced_conf": [0.8615278742462397, 0.8837972142547369], "ood_test": 0.6666666666666666, "ood_test_conf": [0.29929505620854036, 0.9251453685803082], "ood_test_balanced": 0.5, "ood_test_balanced_conf": [0.5, 0.5], "validation": 0.9321357285429142, "validation_conf": [0.9182226372760561, 0.9443292844508067], "validation_balanced": 0.8895405530929565, "validation_balanced_conf": [0.878922471832484, 0.9001586343534291], "features": ["Average_confidence(BORED)", "Average_confidence(CONCENTRATING)", "Average_confidence(CONFUSED)", "attempt_count", "skill_id", "ms_first_response", "tutor_mode", "position", "overlap_time", "school_id"]}