{"id_test": 0.9232643028238412, "id_test_conf": [0.9222556853693985, 0.9242638553406497], "id_test_balanced": 0.8767739534378052, "id_test_balanced_conf": [0.8759579588379711, 0.8775899480376392], "ood_test": 0.587093389296957, "ood_test_conf": [0.5646072720783647, 0.6093110638011783], "ood_test_balanced": 0.6326647996902466, "ood_test_balanced_conf": [0.6224481732957066, 0.6428814260847866], "validation": 0.9230684057842637, "validation_conf": [0.922058616569844, 0.9240691342487891], "validation_balanced": 0.8764336109161377, "validation_balanced_conf": [0.8756168538157363, 0.8772503680165391], "features": ["Average_confidence(BORED)", "Average_confidence(CONCENTRATING)", "Average_confidence(CONFUSED)", "attempt_count", "skill_id", "ms_first_response", "tutor_mode", "position", "overlap_time", "school_id"]}