{"validation": 0.7858984266575609, "id_test": 0.7850621627774161, "ood_test": 0.45015693068762175, "ood_validation": 0.44779699810731105, "train": 0.7850073722327294, "id_test_conf": [0.7839218053068556, 0.7861992213463423], "id_test_balanced": 0.5369769930839539, "id_test_balanced_conf": [0.5365526075835806, 0.5374013785843271], "ood_test_conf": [0.4490782822762122, 0.45123593213344115], "ood_test_balanced": 0.5622880458831787, "ood_test_balanced_conf": [0.5618632207770133, 0.5627128709893441], "features": ["ESP", "ANC", "DREM", "PINCP", "FER", "AGEP", "MAR", "SCHL", "ACS_YEAR", "DIS"]}