{"validation": 0.6120771189523463, "id_test": 0.6104765369225172, "ood_test": 0.45781126667739536, "ood_validation": 0.46149734464445824, "train": 0.6121309403092985, "id_test_conf": [0.6046824125852452, 0.616247302008], "id_test_balanced": 0.5239900350570679, "id_test_balanced_conf": [0.5218613370042294, 0.5261187331099063], "ood_test_conf": [0.45645895190740493, 0.45916404976160624], "ood_test_balanced": 0.5263402462005615, "ood_test_balanced_conf": [0.5257934723142534, 0.5268870200868696], "features": ["DRNK_PER_WEEK", "RFBING5", "SMOKDAY2", "CHCSCNCR", "DIABETES", "POVERTY", "EMPLOY1", "IYEAR", "STATE", "PRACE1", "SEX", "IYEAR", "STATE", "BMI5CAT"]}