{"validation": 0.7436572477296459, "id_test": 0.7433487748076144, "ood_test": 0.7097522098246631, "ood_validation": 0.702786010669828, "train": 0.7440328195911315, "id_test_conf": [0.741187555936374, 0.7455010617757207], "id_test_balanced": 0.6643519401550293, "id_test_balanced_conf": [0.6628959586983547, 0.6658079216117039], "ood_test_conf": [0.70650890646407, 0.7129794755228225], "ood_test_balanced": 0.6738719940185547, "ood_test_balanced_conf": [0.671685985038057, 0.6760580029990524], "features": ["COW", "OCCP", "POBP", "WKW", "WRK", "SEX", "ST", "RAC1P", "ACS_YEAR", "DIVISION"]}