{"validation": 0.7565294434072715, "id_test": 0.7560943195625759, "ood_test": 0.7223854250372146, "ood_validation": 0.7147599288678127, "train": 0.7579499779689159, "id_test_conf": [0.7539690997199353, 0.7582101393754935], "id_test_balanced": 0.6796311140060425, "id_test_balanced_conf": [0.6781842976156622, 0.6810779303964227], "ood_test_conf": [0.7191847064282713, 0.7255691394282376], "ood_test_balanced": 0.6793991327285767, "ood_test_balanced_conf": [0.6773042096802965, 0.6814940557768568], "features": ["COW", "OCCP", "POBP", "WKW", "WRK", "SEX", "ST", "RAC1P", "ACS_YEAR", "DIVISION"]}