{"validation": 0.7575040344271113, "id_test": 0.7579802045362495, "ood_test": 0.7301313380142536, "ood_validation": 0.7236514522821577, "train": 0.7591191679923551, "id_test_conf": [0.7558605228683534, 0.7600904169029824], "id_test_balanced": 0.6631646156311035, "id_test_balanced_conf": [0.6617992032924667, 0.6645300279697404], "ood_test_conf": [0.7269582846751863, 0.7332867944355486], "ood_test_balanced": 0.6858266592025757, "ood_test_balanced_conf": [0.6837628337647765, 0.6878904846403748], "features": ["COW", "OCCP", "POBP", "WKW", "WRK", "SEX", "ST", "RAC1P", "ACS_YEAR", "DIVISION"]}