{"id_test": 0.9722926285129985, "id_test_conf": [0.9714801661701911, 0.9730880617360269], "id_test_balanced": 0.6262204051017761, "id_test_balanced_conf": [0.6251497923559509, 0.6272910178476013], "ood_test": 0.9610845236567224, "ood_test_conf": [0.9601361662453423, 0.9620164974040473], "ood_test_balanced": 0.6640685200691223, "ood_test_balanced_conf": [0.6629145184997469, 0.6652225216384977], "validation": 0.9730609057782404, "validation_conf": [0.9722592948586833, 0.9738454585769994], "validation_balanced": 0.6306747198104858, "validation_balanced_conf": [0.629592960991431, 0.6317564786295407], "features": ["ENG", "POBP", "RELP", "WKW", "WRK", "OCCP", "DIS", "ANC", "DEAR", "DPHY", "ST", "MAR", "RAC1P", "DIVISION", "ACS_YEAR", "SCHL"]}