{"id_test": 0.6615507710212395, "id_test_conf": [0.6559227819812085, 0.6671446047632075], "id_test_balanced": 0.6273235082626343, "id_test_balanced_conf": [0.623542385972105, 0.6311046305531636], "ood_test": 0.6009348385969444, "ood_test_conf": [0.5996105760826036, 0.6022579903446357], "ood_test_balanced": 0.625859797000885, "ood_test_balanced_conf": [0.6249801691703033, 0.6267394248314667], "validation": 0.663902527732315, "validation_conf": [0.6582837539485928, 0.6694866474889787], "validation_balanced": 0.630191445350647, "validation_balanced_conf": [0.6264059078926221, 0.6339769828086719], "features": ["AGEG5YR", "FRUIT_ONCE_PER_DAY", "DRNK_PER_WEEK", "RFBING5", "TOTINDA", "SMOKE100", "SMOKDAY2", "CHCOCNCR", "DIABETES", "POVERTY", "EMPLOY1", "STATE", "IYEAR", "STATE", "MEDCOST", "BMI5CAT"]}