{"validation": 0.9284904683190123, "id_test": 0.9282207583978238, "ood_test": 0.909925736644574, "ood_validation": 0.9281609195402298, "train": 0.9282693195880468, "id_test_conf": [0.9275671057614087, 0.9288703025454479], "id_test_balanced": 0.8900068998336792, "id_test_balanced_conf": [0.8894839263241738, 0.8905298733431846], "ood_test_conf": [0.9047758947359048, 0.9148841234612632], "ood_test_balanced": 0.8834754228591919, "ood_test_balanced_conf": [0.8797718017036096, 0.8871790440147742], "features": ["Average_confidence(BORED)", "Average_confidence(CONCENTRATING)", "Average_confidence(FRUSTRATED)", "attempt_count", "hint_count", "problem_type", "bottom_hint", "tutor_mode", "type", "first_action", "school_id"]}