{"validation": 0.7916762474131984, "id_test": 0.803448275862069, "ood_test": 0.7685930950025905, "ood_validation": 0.7753285290377279, "train": 0.796815725945511, "id_test_conf": [0.7913220300071583, 0.8151656655379844], "id_test_balanced": 0.7430384159088135, "id_test_balanced_conf": [0.734402685072273, 0.7516741467453539], "ood_test_conf": [0.7628601627920764, 0.7742523979468738], "ood_test_balanced": 0.7383337020874023, "ood_test_balanced_conf": [0.7344403918739408, 0.7422270123008639], "features": ["VCF0004", "VCF0901b", "VCF0224", "VCF0301", "VCF0302", "VCF9010", "VCF9011", "VCF9202", "VCF9206", "VCF0523", "VCF0428", "VCF0429", "VCF0875", "VCF0839", "VCF0822", "VCF0870", "VCF0843", "VCF0838", "VCF9239", "VCF0803", "VCF0601", "VCF0612", "VCF0616", "VCF0743", "VCF0721", "VCF0701", "VCF0724", "VCF0726", "VCF0140a", "VCF0112"]}