{"validation": 0.7971947574154978, "id_test": 0.795632183908046, "ood_test": 0.7267203617351985, "ood_validation": 0.7227638830012717, "train": 0.7926773192320956, "id_test_conf": [0.7833375559366378, 0.8075285596963521], "id_test_balanced": 0.6713444590568542, "id_test_balanced_conf": [0.6638458946533501, 0.6788430234603584], "ood_test_conf": [0.7206715811250658, 0.7327070098176927], "ood_test_balanced": 0.6687135696411133, "ood_test_balanced_conf": [0.6653204096015543, 0.6721067296806723], "features": ["VCF0004", "VCF0901b", "VCF0224", "VCF0301", "VCF0302", "VCF9010", "VCF9011", "VCF9202", "VCF9206", "VCF0523", "VCF0428", "VCF0429", "VCF0875", "VCF0839", "VCF0822", "VCF0870", "VCF0843", "VCF0838", "VCF9239", "VCF0803", "VCF0601", "VCF0612", "VCF0616", "VCF0743", "VCF0721", "VCF0701", "VCF0724", "VCF0726", "VCF0140a", "VCF0112"]}