{"validation": 0.794895378247873, "id_test": 0.8025287356321839, "ood_test": 0.7664735528237012, "ood_validation": 0.7702416278083933, "train": 0.7931946200712725, "id_test_conf": [0.7903823114298096, 0.8142675516575838], "id_test_balanced": 0.7448510527610779, "id_test_balanced_conf": [0.7361881555244326, 0.7535139499977231], "ood_test_conf": [0.7607228566920757, 0.7721512019821705], "ood_test_balanced": 0.7395961284637451, "ood_test_balanced_conf": [0.7356473194807768, 0.7435449374467135], "features": ["VCF0004", "VCF0901b", "VCF0224", "VCF0301", "VCF0302", "VCF9010", "VCF9011", "VCF9202", "VCF9206", "VCF0523", "VCF0428", "VCF0429", "VCF0875", "VCF0839", "VCF0822", "VCF0870", "VCF0843", "VCF0838", "VCF9239", "VCF0803", "VCF0601", "VCF0612", "VCF0616", "VCF0743", "VCF0721", "VCF0701", "VCF0724", "VCF0726", "VCF0140a", "VCF0112"]}