{"validation": 0.7609525285854537, "id_test": 0.760492059215407, "ood_test": 0.44123819517313745, "ood_validation": 0.5424528301886793, "train": 0.7607876951694987, "id_test_conf": [0.7588804306603213, 0.7620981139921171], "id_test_balanced": 0.6065891981124878, "id_test_balanced_conf": [0.6058179116470274, 0.6073604845779482], "ood_test_conf": [0.41878949563875517, 0.4638679893778687], "ood_test_balanced": 0.5041899681091309, "ood_test_balanced_conf": [0.5021437287284062, 0.5062362074898555], "features": ["Average_confidence(CONCENTRATING)", "Average_confidence(CONFUSED)", "skill_id", "first_action", "school_id"]}