{"id_test": 0.6418996270172458, "id_test_conf": [0.636155761058397, 0.6476130311000089], "id_test_balanced": 0.6075551509857178, "id_test_balanced_conf": [0.6037174705136568, 0.6113928314577788], "ood_test": 0.5306659784164209, "ood_test_conf": [0.5293073589455504, 0.5320242556624969], "ood_test_balanced": 0.5716800689697266, "ood_test_balanced_conf": [0.5708522109745536, 0.5725079269648995], "validation": 0.6441522951364526, "validation_conf": [0.638416196166415, 0.6498574484605719], "validation_balanced": 0.6096622347831726, "validation_balanced_conf": [0.6058250202424824, 0.6134994493238628], "features": ["AGEG5YR", "FRUIT_ONCE_PER_DAY", "SMOKE100", "SMOKDAY2", "IYEAR", "STATE", "PRACE1", "IYEAR", "MEDCOST", "PRACE1", "BMI5CAT"]}