{"validation": 0.6365449241109347, "id_test": 0.63632335019757, "ood_test": 0.500759835975585, "ood_validation": 0.49771182914990986, "train": 0.6353090523011586, "id_test_conf": [0.6305608462601658, 0.6420565897477513], "id_test_balanced": 0.5821972489356995, "id_test_balanced_conf": [0.5787581668188796, 0.5856363310525193], "ood_test_conf": [0.49939882456406914, 0.5021208389075329], "ood_test_balanced": 0.5553661584854126, "ood_test_balanced_conf": [0.554643235958647, 0.5560890810121782], "features": ["AGEG5YR", "FRUIT_ONCE_PER_DAY", "SMOKE100", "SMOKDAY2", "IYEAR", "STATE", "PRACE1", "IYEAR", "MEDCOST", "PRACE1", "BMI5CAT"]}