{"validation": 0.7831218555200455, "id_test": 0.7821866140137708, "ood_test": 0.7652909328028876, "ood_validation": 0.7560165975103734, "train": 0.7835076175340533, "id_test_conf": [0.7801431387498492, 0.7842197306943524], "id_test_balanced": 0.7289865016937256, "id_test_balanced_conf": [0.7275258007994853, 0.7304472025879659], "ood_test_conf": [0.7622593331246609, 0.768302244449913], "ood_test_balanced": 0.7358072400093079, "ood_test_balanced_conf": [0.7337118535395711, 0.7379026264790446], "features": ["ENG", "FER", "HINS2", "NWLA", "NWLK", "OCCP", "POBP", "RELP", "WKW", "WRK", "AGEP", "SEX", "ST", "DIVISION"]}