{"validation": 0.7824067335379553, "id_test": 0.781604394491697, "ood_test": 0.7600742975326369, "ood_validation": 0.7534084173088322, "train": 0.7834206006852181, "id_test_conf": [0.7795589703656142, 0.7836394814271579], "id_test_balanced": 0.7196487188339233, "id_test_balanced_conf": [0.7182033358328045, 0.7210941018350422], "ood_test_conf": [0.7570199848368585, 0.7631087215702648], "ood_test_balanced": 0.7266836762428284, "ood_test_balanced_conf": [0.7245984531007708, 0.728768899384886], "features": ["ENG", "FER", "HINS2", "NWLA", "NWLK", "OCCP", "POBP", "RELP", "WKW", "WRK", "AGEP", "SEX", "ST", "DIVISION"]}