{"validation": 0.7779807939997724, "id_test": 0.7768090706135604, "ood_test": 0.36606604660603, "ood_validation": 0.36270302390069986, "train": 0.7767844684641418, "id_test_conf": [0.7756532340896802, 0.7779617037954101], "id_test_balanced": 0.5057730078697205, "id_test_balanced_conf": [0.5055846650671447, 0.5059613506722962], "ood_test_conf": [0.3650218982809337, 0.36711114359780195], "ood_test_balanced": 0.5013141632080078, "ood_test_balanced_conf": [0.5012204998647212, 0.5014078265512945], "features": ["ANC", "DEYE", "DREM", "AGEP", "ST", "MAR", "RAC1P", "DIS"]}