{"validation": 0.8103012186709588, "id_test": 0.803448275862069, "ood_test": 0.7476802788375488, "ood_validation": 0.7532852903772785, "train": 0.7992297965283366, "id_test_conf": [0.7913220300071583, 0.8151656655379844], "id_test_balanced": 0.7033553719520569, "id_test_balanced_conf": [0.6952676667645573, 0.7114430771395565], "ood_test_conf": [0.7417805945886211, 0.7535120773919461], "ood_test_balanced": 0.7008489370346069, "ood_test_balanced_conf": [0.6971871175896376, 0.7045107564795763], "features": ["VCF0901b", "VCF0302", "VCF9008", "VCF9010", "VCF9011", "VCF9201", "VCF9203", "VCF9205", "VCF0521", "VCF0523", "VCF0428", "VCF0429", "VCF0809", "VCF0839", "VCF0822", "VCF0870", "VCF0838", "VCF0606", "VCF0612", "VCF0615", "VCF0616", "VCF0617", "VCF0310", "VCF0717", "VCF0718", "VCF0720", "VCF0724", "VCF0726", "VCF0745", "VCF0104", "VCF0105a", "VCF0115", "VCF0112"]}