{"validation": 0.7974246953322602, "id_test": 0.7917241379310345, "ood_test": 0.7683104893787386, "ood_validation": 0.7672742687579482, "train": 0.7840556385791471, "id_test_conf": [0.7793479300299188, 0.8037073923796254], "id_test_balanced": 0.7468118667602539, "id_test_balanced_conf": [0.7379737209156155, 0.7556500126048923], "ood_test_conf": [0.7625751770534548, 0.7739722500793157], "ood_test_balanced": 0.7498337030410767, "ood_test_balanced_conf": [0.7458205302711576, 0.7538468758109957], "features": ["VCF0901b", "VCF0302", "VCF9008", "VCF9010", "VCF9011", "VCF9201", "VCF9203", "VCF9205", "VCF0521", "VCF0523", "VCF0428", "VCF0429", "VCF0809", "VCF0839", "VCF0822", "VCF0870", "VCF0838", "VCF0606", "VCF0612", "VCF0615", "VCF0616", "VCF0617", "VCF0310", "VCF0717", "VCF0718", "VCF0720", "VCF0724", "VCF0726", "VCF0745", "VCF0104", "VCF0105a", "VCF0115", "VCF0112"]}