{"validation": 0.8090371167294245, "id_test": 0.8092534933171325, "ood_test": 0.800358314341795, "ood_validation": 0.7969176052163605, "train": 0.8102091331302412, "id_test_conf": [0.8073074905370405, 0.8111881427552248], "id_test_balanced": 0.764373779296875, "id_test_balanced_conf": [0.7629600361618213, 0.7657875224319287], "ood_test_conf": [0.797496704905637, 0.8031969499893724], "ood_test_balanced": 0.7770941257476807, "ood_test_balanced_conf": [0.7750806323066354, 0.779107619188726], "features": ["ENG", "HINS1", "HINS3", "HINS4", "NWLA", "NWLK", "OCCP", "WKHP", "WRK", "AGEP", "SEX", "MAR", "RAC1P", "SCHL", "DIVISION"]}