{"validation": 0.9221469842730773, "id_test": 0.9222352081811541, "ood_test": 0.4630593132154006, "ood_validation": 0.48598130841121495, "train": 0.9227178721597524, "id_test_conf": [0.9208039986475712, 0.923648503396291], "id_test_balanced": 0.8766449093818665, "id_test_balanced_conf": [0.8754945924808272, 0.8777952262829057], "ood_test_conf": [0.43116771725166536, 0.4951779097472952], "ood_test_balanced": 0.5068737268447876, "ood_test_balanced_conf": [0.5012678185664118, 0.5124796351231634], "features": ["Average_confidence(CONCENTRATING)", "Average_confidence(CONFUSED)", "attempt_count", "skill_id", "ms_first_response", "tutor_mode", "position", "type", "first_action", "school_id"]}