{"id_test": 0.9322279035792549, "id_test_conf": [0.930883598713854, 0.9335538660884458], "id_test_balanced": 0.8914046883583069, "id_test_balanced_conf": [0.890308043807745, 0.8925013329088688], "ood_test": 0.5806451612903226, "ood_test_conf": [0.548718875914421, 0.6120757728089989], "ood_test_balanced": 0.6152680516242981, "ood_test_balanced_conf": [0.6018223319016397, 0.6287137713469565], "validation": 0.9320886200775754, "validation_conf": [0.9307430453476284, 0.9334158582909615], "validation_balanced": 0.8901112079620361, "validation_balanced_conf": [0.8890105130942538, 0.8912119028298184], "features": ["Average_confidence(CONCENTRATING)", "Average_confidence(CONFUSED)", "attempt_count", "skill_id", "ms_first_response", "tutor_mode", "position", "type", "first_action", "school_id"]}