{"validation": 0.9302043867109977, "id_test": 0.9282971210598211, "ood_test": 0.5725047080979284, "ood_validation": 0.5833333333333334, "train": 0.9284307076707964, "id_test_conf": [0.9264593721624661, 0.9301027704538566], "id_test_balanced": 0.8837845325469971, "id_test_balanced_conf": [0.8822958961920813, 0.8852731689019129], "ood_test_conf": [0.5291791094296938, 0.6150189508087005], "ood_test_balanced": 0.6003521084785461, "ood_test_balanced_conf": [0.5833183366060257, 0.6173858803510666], "features": ["Average_confidence(CONCENTRATING)", "Average_confidence(CONFUSED)", "attempt_count", "skill_id", "ms_first_response", "tutor_mode", "position", "type", "first_action", "school_id"]}