{"validation": 0.7416257950194601, "id_test": 0.7412667071688943, "ood_test": 0.6931011315883073, "ood_validation": 0.6917605216360403, "train": 0.7413772235771361, "id_test_conf": [0.7390998391646837, 0.7434247197357559], "id_test_balanced": 0.6639587879180908, "id_test_balanced_conf": [0.6624937145248987, 0.665423861311283], "ood_test_conf": [0.6898063205352669, 0.6963811787532771], "ood_test_balanced": 0.6404635906219482, "ood_test_balanced_conf": [0.6384281370276585, 0.6424990442162379], "features": ["COW", "FER", "HINS1", "HINS2", "HINS3", "HINS4", "RELP", "WKW", "AGEP", "SEX", "ST", "CIT", "RAC1P", "ACS_YEAR", "DIVISION"]}