{"validation": 0.680840426541784, "id_test": 0.6833928209801539, "ood_test": 0.6090289944803783, "ood_validation": 0.602963841138115, "train": 0.6816464853499224, "id_test_conf": [0.6810928372414944, 0.68568607424404], "id_test_balanced": 0.5141821503639221, "id_test_balanced_conf": [0.5136109655641485, 0.5147533351636957], "ood_test_conf": [0.6055470357316413, 0.6125026184370406], "ood_test_balanced": 0.512620210647583, "ood_test_balanced_conf": [0.5117990933696274, 0.5134413279255386], "features": ["ENG", "FER", "HINS3", "NWLA", "NWLK", "WKW", "AGEP", "CIT", "DIVISION"]}