{"validation": 0.726557605290637, "id_test": 0.7272681247468611, "ood_test": 0.7102264493946859, "ood_validation": 0.7121517486662715, "train": 0.7259958089521352, "id_test_conf": [0.7250649032126399, 0.7294630049163244], "id_test_balanced": 0.6521545648574829, "id_test_balanced_conf": [0.6506634386675433, 0.6536456910474225], "ood_test_conf": [0.7069846890367524, 0.7134521358088581], "ood_test_balanced": 0.676515519618988, "ood_test_balanced_conf": [0.6743139462033286, 0.6787170930346474], "features": ["FER", "HINS2", "HINS3", "NWLA", "NWLK", "POBP", "WKHP", "WKW", "WRK", "AGEP", "RAC1P", "ACS_YEAR", "DIVISION"]}