{"validation": 0.7258614688478942, "id_test": 0.7266416059133253, "ood_test": 0.7113330083914057, "ood_validation": 0.7152341434499111, "train": 0.7257371315924163, "id_test_conf": [0.7244368222870676, 0.7288380711811375], "id_test_balanced": 0.6600456833839417, "id_test_balanced_conf": [0.6585265505430289, 0.6615648162248544], "ood_test_conf": [0.7080948650427783, 0.7145549931391739], "ood_test_balanced": 0.6836449503898621, "ood_test_balanced_conf": [0.6814073964394629, 0.6858825043402612], "features": ["FER", "HINS2", "HINS3", "NWLA", "NWLK", "POBP", "WKHP", "WKW", "WRK", "AGEP", "RAC1P", "ACS_YEAR", "DIVISION"]}