{"validation": 0.743410435718128, "id_test": 0.7469876468205752, "ood_test": 0.7325815757927047, "ood_validation": 0.7364552459988145, "train": 0.7443816780487342, "id_test_conf": [0.7448364553306686, 0.749129772762787], "id_test_balanced": 0.6869672536849976, "id_test_balanced_conf": [0.6854596025613137, 0.6884749048086815], "ood_test_conf": [0.7294175261526318, 0.7357278410168298], "ood_test_balanced": 0.7104536294937134, "ood_test_balanced_conf": [0.7082383168069646, 0.7126689421804622], "features": ["FER", "HINS2", "HINS3", "NWLA", "NWLK", "POBP", "WKHP", "WKW", "WRK", "AGEP", "RAC1P", "ACS_YEAR", "DIVISION"]}