{"validation": 0.7805587672056248, "id_test": 0.7794908762695145, "ood_test": 0.3749365735923617, "ood_validation": 0.3718583564417448, "train": 0.7795186969157434, "id_test_conf": [0.778339996659712, 0.7806385214863296], "id_test_balanced": 0.5153464674949646, "id_test_balanced_conf": [0.5150617666565813, 0.5156311683333479], "ood_test_conf": [0.37388723865781487, 0.3759867943594429], "ood_test_balanced": 0.5067211985588074, "ood_test_balanced_conf": [0.5065264859073796, 0.5069159112102352], "features": ["MIG", "ANC", "NATIVITY", "PINCP", "FER", "ST", "CIT", "SCHL", "DIS"]}