{"validation": 0.7806546174874845, "id_test": 0.7796266638976641, "ood_test": 0.37566406684623727, "ood_validation": 0.37280470091113166, "train": 0.7797393521970302, "id_test_conf": [0.7784760371219246, 0.780774054708198], "id_test_balanced": 0.5167357921600342, "id_test_balanced_conf": [0.5164371500024572, 0.5170344343176112], "ood_test_conf": [0.3746143232920793, 0.3767146910797902], "ood_test_balanced": 0.5072381496429443, "ood_test_balanced_conf": [0.5070390289829811, 0.5074372703029075], "features": ["MIG", "ANC", "NATIVITY", "PINCP", "FER", "ST", "CIT", "SCHL", "DIS"]}