{"validation": 0.7839095333089714, "id_test": 0.7829195138802912, "ood_test": 0.41503673535262636, "ood_validation": 0.413057352876447, "train": 0.7830456868756784, "id_test_conf": [0.7817750735003354, 0.7840606801682113], "id_test_balanced": 0.5357428789138794, "id_test_balanced_conf": [0.5353114828519756, 0.5361742749757832], "ood_test_conf": [0.4139685730069623, 0.4161054994905901], "ood_test_balanced": 0.5353230834007263, "ood_test_balanced_conf": [0.5349670934368623, 0.5356790733645903], "features": ["MIG", "ANC", "NATIVITY", "PINCP", "FER", "ST", "CIT", "SCHL", "DIS"]}