{"validation": 0.7840453212082726, "id_test": 0.7831152078149773, "ood_test": 0.4269382804504834, "ood_validation": 0.42527179893481226, "train": 0.7831275589709975, "id_test_conf": [0.7819711384482475, 0.7842560008237622], "id_test_balanced": 0.5351893901824951, "id_test_balanced_conf": [0.5347632547013927, 0.5356155256635975], "ood_test_conf": [0.42586594780326303, 0.42801113059020485], "ood_test_balanced": 0.5445539951324463, "ood_test_balanced_conf": [0.5441730942402501, 0.5449348960246425], "features": ["MIG", "ANC", "NATIVITY", "PINCP", "FER", "ST", "CIT", "SCHL", "DIS"]}