{"validation": 0.7218238774799861, "id_test": 0.7220028351559336, "ood_test": 0.690743107059583, "ood_validation": 0.6901007705986959, "train": 0.7223830276009534, "id_test_conf": [0.7197866550039123, 0.7242108672855748], "id_test_balanced": 0.6444637775421143, "id_test_balanced_conf": [0.6429751067329198, 0.6459524483513087], "ood_test_conf": [0.6874414135567497, 0.6940302170432859], "ood_test_balanced": 0.643290638923645, "ood_test_balanced_conf": [0.6411839566985145, 0.6453973211487756], "features": ["COW", "NWLA", "NWLK", "WKW", "WRK", "AGEP", "SEX", "MAR", "CIT", "RAC1P", "DIVISION"]}