{"validation": 0.782697845141284, "id_test": 0.7830409578776832, "ood_test": 0.7765936425550974, "ood_validation": 0.7658565500889153, "train": 0.7833755101362763, "id_test_conf": [0.7810003531181742, 0.785071172662032], "id_test_balanced": 0.7462058067321777, "id_test_balanced_conf": [0.7447314756340347, 0.7476801378303207], "ood_test_conf": [0.773613455700277, 0.7795526759404361], "ood_test_balanced": 0.7668775320053101, "ood_test_balanced_conf": [0.7647641759179532, 0.7689908880926669], "features": ["ENG", "FER", "HINS1", "HINS4", "NWLA", "NWLK", "OCCP", "POBP", "WKHP", "WRK", "SEX", "SCHL", "ACS_YEAR", "DIVISION"]}