{"validation": 0.7933044331234377, "id_test": 0.7936791211016606, "ood_test": 0.7839838758546193, "ood_validation": 0.7758150563129816, "train": 0.7935659741971312, "id_test_conf": [0.791675353595869, 0.7956721077106101], "id_test_balanced": 0.7430726289749146, "id_test_balanced_conf": [0.7416309971548617, 0.7445142607949674], "ood_test_conf": [0.7810389949444194, 0.7869070373265074], "ood_test_balanced": 0.7651666402816772, "ood_test_balanced_conf": [0.7630854101851583, 0.7672478703781962], "features": ["ENG", "FER", "HINS1", "HINS4", "NWLA", "NWLK", "OCCP", "POBP", "WKHP", "WRK", "SEX", "SCHL", "ACS_YEAR", "DIVISION"]}