{"validation": 0.7940258836186438, "id_test": 0.79414109963548, "ood_test": 0.7801372660088788, "ood_validation": 0.7714285714285715, "train": 0.7933903583749367, "id_test_conf": [0.7921389786946301, 0.7961324227015593], "id_test_balanced": 0.739754319190979, "id_test_balanced_conf": [0.7383189766458236, 0.7411896617361344], "ood_test_conf": [0.7771738376765478, 0.7830792695001683], "ood_test_balanced": 0.7546843886375427, "ood_test_balanced_conf": [0.7526129376236349, 0.7567558396514505], "features": ["ENG", "FER", "HINS1", "HINS4", "NWLA", "NWLK", "OCCP", "POBP", "WKHP", "WRK", "SEX", "SCHL", "ACS_YEAR", "DIVISION"]}