{"validation": 0.7931778628611208, "id_test": 0.793824675982179, "ood_test": 0.7801899592944369, "ood_validation": 0.7715471250740961, "train": 0.7929101835818192, "id_test_conf": [0.7918214268282984, 0.7958171388900188], "id_test_balanced": 0.7314344048500061, "id_test_balanced_conf": [0.7300133512471803, 0.732855458452832], "ood_test_conf": [0.7772267825180124, 0.7831317071944044], "ood_test_balanced": 0.7547562122344971, "ood_test_balanced_conf": [0.7526848419941962, 0.756827582474798], "features": ["ENG", "FER", "HINS1", "HINS4", "NWLA", "NWLK", "OCCP", "POBP", "WKHP", "WRK", "SEX", "SCHL", "ACS_YEAR", "DIVISION"]}