{"validation": 0.8183575616518499, "id_test": 0.8146716182530396, "ood_test": 0.7869184500184132, "ood_validation": 0.7952494936475787, "train": 0.8156984378825407, "id_test_conf": [0.8119377179090427, 0.8173822809231579], "id_test_balanced": 0.5252036452293396, "id_test_balanced_conf": [0.524345934826415, 0.5260613556322642], "ood_test_conf": [0.7832610461047351, 0.790541748346232], "ood_test_balanced": 0.5336222648620605, "ood_test_balanced_conf": [0.5323003793437965, 0.5349441503803246], "features": ["NWLA", "OCCP", "WKHP", "WKW", "WRK", "DIS", "MIL", "ANC", "NATIVITY", "SEX", "ST", "MAR", "CIT", "RAC1P", "SCHL", "DIVISION"]}