{"validation": 0.8040375913679081, "id_test": 0.8048552045362495, "ood_test": 0.7899118704799041, "ood_validation": 0.7856550088915234, "train": 0.8041962688757344, "id_test_conf": [0.802892408111066, 0.8068068092985123], "id_test_balanced": 0.7350742816925049, "id_test_balanced_conf": [0.7336935975519009, 0.7364549658331089], "ood_test_conf": [0.7869963148526831, 0.7928052526168895], "ood_test_balanced": 0.7568163871765137, "ood_test_balanced_conf": [0.7548185307299718, 0.7588142436230555], "features": ["ENG", "FER", "HINS1", "HINS2", "NWLA", "OCCP", "POBP", "WKHP", "WKW", "WRK", "AGEP", "MAR", "RAC1P", "SCHL", "ACS_YEAR", "DIVISION"]}