{"validation": 0.7285953865139385, "id_test": 0.7262935398946943, "ood_test": 0.6775566123486715, "ood_validation": 0.6676941315945465, "train": 0.7272773298167979, "id_test_conf": [0.7240878908018309, 0.728490883410351], "id_test_balanced": 0.6491265296936035, "id_test_balanced_conf": [0.6476416230713948, 0.6506114363158122], "ood_test_conf": [0.6742182596988453, 0.6808813900719315], "ood_test_balanced": 0.6243670582771301, "ood_test_balanced_conf": [0.6223139049950988, 0.6264202115591615], "features": ["COW", "FER", "HINS2", "HINS3", "HINS4", "NWLA", "NWLK", "RELP", "WKW", "ST", "CIT", "RAC1P", "DIVISION"]}