{"id_test": 0.635642640541171, "id_test_conf": [0.6210315141049929, 0.6500687154096063], "id_test_balanced": 0.6060165166854858, "id_test_balanced_conf": [0.5963730470277369, 0.6156599863432348], "ood_test": 0.5774015068278135, "ood_test_conf": [0.5730989207321274, 0.5816952757579579], "ood_test_balanced": 0.5750120878219604, "ood_test_balanced_conf": [0.5722206190507859, 0.577803556593135], "validation": 0.6355576294913673, "validation_conf": [0.6209441164489192, 0.6499861636784563], "validation_balanced": 0.6078102588653564, "validation_balanced_conf": [0.598181633297354, 0.6174388844333589], "features": ["weight", "admission_type_id", "discharge_disposition_id", "payer_code", "medical_specialty", "num_lab_procedures", "num_procedures", "number_outpatient", "diag_1", "diag_2", "number_diagnoses", "max_glu_serum", "repaglinide", "nateglinide", "glimepiride", "glipizide", "acarbose", "miglitol", "tolazamide", "citoglipton", "glyburide-metformin", "glipizide-metformin", "metformin-pioglitazone", "change", "diabetesMed", "admission_source_id"]}