{"id_test": 0.7830472863507493, "id_test_conf": [0.7810067029021053, 0.7850774795916978], "id_test_balanced": 0.7308066487312317, "id_test_balanced_conf": [0.729346152166836, 0.7322671452956274], "ood_test": 0.7618922158843909, "ood_test_conf": [0.7588457470673728, 0.7649186568718721], "ood_test_balanced": 0.7326928377151489, "ood_test_balanced_conf": [0.7305862524639815, 0.7347994229663164], "validation": 0.7830395848495396, "validation_conf": [0.7809989689830945, 0.7850698107254503], "validation_balanced": 0.7315308451652527, "validation_balanced_conf": [0.730071920149494, 0.7329897701810114], "features": ["ENG", "FER", "HINS1", "HINS4", "NWLK", "POBP", "RELP", "WKW", "SEX", "ST", "CIT", "SCHL", "ACS_YEAR", "DIVISION"]}