{"id_test": 0.7656692993114621, "id_test_conf": [0.7635727800952086, 0.767756066778619], "id_test_balanced": 0.7049408555030823, "id_test_balanced_conf": [0.7034646123065613, 0.7064170986996032], "ood_test": 0.7393790096296979, "ood_test_conf": [0.736240585982049, 0.742499128674535], "ood_test_balanced": 0.704345703125, "ood_test_balanced_conf": [0.7022188530536368, 0.7064725531963632], "validation": 0.765117235705471, "validation_conf": [0.7630190152309042, 0.7672057246494319], "validation_balanced": 0.7053521275520325, "validation_balanced_conf": [0.7038763726479373, 0.7068278824561276], "features": ["HINS1", "HINS2", "HINS4", "NWLK", "OCCP", "POBP", "ST", "MAR", "DIVISION"]}