{"validation": 0.7821762407120079, "id_test": 0.7813200154957646, "ood_test": 0.3960595541872433, "ood_validation": 0.3933381750957348, "train": 0.7811369188485289, "id_test_conf": [0.7801725568054174, 0.7824642186142761], "id_test_balanced": 0.5275365114212036, "id_test_balanced_conf": [0.5271537648292725, 0.5279192580131348], "ood_test_conf": [0.3949993722030401, 0.39712047238273157], "ood_test_balanced": 0.5209934115409851, "ood_test_balanced_conf": [0.5206891244719736, 0.5212976986099966], "features": ["ESP", "MIG", "ANC", "NATIVITY", "DREM", "AGEP", "ST", "MAR", "RAC1P", "SCHL", "DIVISION", "ACS_YEAR", "DIS"]}