{"validation": 0.6346900299434401, "id_test": 0.635960372615703, "ood_test": 0.5443733586311418, "ood_validation": 0.5441735357917571, "train": 0.6355638114513588, "id_test_conf": [0.6301937925195238, 0.6416977370804658], "id_test_balanced": 0.5611814856529236, "id_test_balanced_conf": [0.5585062601417303, 0.5638567111641168], "ood_test_conf": [0.543016724454433, 0.5457294970675381], "ood_test_balanced": 0.5927450656890869, "ood_test_balanced_conf": [0.591977507872507, 0.5935126235056668], "features": ["AGEG5YR", "FRUIT_ONCE_PER_DAY", "VEG_ONCE_PER_DAY", "CHCSCNCR", "CHCOCNCR", "DIABETES", "EMPLOY1", "IYEAR", "PRACE1", "SEX", "STATE", "MEDCOST", "PRACE1", "BMI5CAT"]}