{"validation": 0.8178891699241205, "id_test": 0.8091954022988506, "ood_test": 0.7465027554048326, "ood_validation": 0.75498092412039, "train": 0.8040579376939878, "id_test_conf": [0.7971975570063206, 0.8207765883710298], "id_test_balanced": 0.7069919109344482, "id_test_balanced_conf": [0.6990161141566932, 0.7149677077122033], "ood_test_conf": [0.7405942302309806, 0.7523437181775581], "ood_test_balanced": 0.6984559297561646, "ood_test_balanced_conf": [0.6948223306471482, 0.702089528865181], "features": ["VCF0004", "VCF0218", "VCF0301", "VCF9010", "VCF9011", "VCF9201", "VCF9202", "VCF0429", "VCF9052", "VCF0839", "VCF0822", "VCF0870", "VCF0843", "VCF9239", "VCF0612", "VCF0310", "VCF0717", "VCF0721", "VCF0675", "VCF0724", "VCF0725", "VCF0726", "VCF0101", "VCF0104", "VCF0105a", "VCF0140a", "VCF0112"]}