{"validation": 0.7988043228328351, "id_test": 0.7944827586206896, "ood_test": 0.7166407611511469, "ood_validation": 0.7164052564646036, "train": 0.7879066559374641, "id_test_conf": [0.7821639587981319, 0.8064048649280646], "id_test_balanced": 0.6691822409629822, "id_test_balanced_conf": [0.6617069849930703, 0.676657496932894], "ood_test_conf": [0.7105263025260797, 0.722695852947485], "ood_test_balanced": 0.6548835635185242, "ood_test_balanced_conf": [0.6516002923203632, 0.6581668347166851], "features": ["VCF0004", "VCF0218", "VCF0301", "VCF9010", "VCF9011", "VCF9201", "VCF9202", "VCF0429", "VCF9052", "VCF0839", "VCF0822", "VCF0870", "VCF0843", "VCF9239", "VCF0612", "VCF0310", "VCF0717", "VCF0721", "VCF0675", "VCF0724", "VCF0725", "VCF0726", "VCF0101", "VCF0104", "VCF0105a", "VCF0140a", "VCF0112"]}