{"validation": 0.8760173002954917, "id_test": 0.8739620648100764, "ood_test": 0.8274292537313432, "ood_validation": 0.8296509628610729, "train": 0.8767071558940147, "id_test_conf": [0.8720801267754035, 0.8758260832336023], "id_test_balanced": 0.5145633816719055, "id_test_balanced_conf": [0.5140380699490197, 0.5150886933947914], "ood_test_conf": [0.8258037542463854, 0.8290456830961487], "ood_test_balanced": 0.5150133371353149, "ood_test_balanced_conf": [0.5145860581600573, 0.5154406161105726], "features": ["PHYSHLTH", "HIGH_BLOOD_PRESS", "CHOL_CHK_PAST_5_YEARS", "BMI5", "SMOKE100", "CVDSTRK3", "MICHD", "MENTHLTH", "STATE", "MEDCOST", "STATE", "MEDCOST", "PRACE1", "SEX", "PRACE1", "IYEAR"]}