{"id_test": 0.7818791946308725, "id_test_conf": [0.7306217570405594, 0.827434744706459], "id_test_balanced": 0.6632289886474609, "id_test_balanced_conf": [0.6306461568921804, 0.6958118204027415], "ood_test": 0.6916167664670658, "ood_test_conf": [0.6866071961486657, 0.6965926583384418], "ood_test_balanced": 0.6973201632499695, "ood_test_balanced_conf": [0.6938995954021812, 0.7007407310977578], "validation": 0.7751677852348994, "validation_conf": [0.7234731579947753, 0.8212988735489352], "validation_balanced": 0.659045398235321, "validation_balanced_conf": [0.6275549104064703, 0.6905358860641718], "features": ["LIVING_QUARTERS_TYPE", "RECEIVED_WORK_COMP", "UNEMPLOYMENT_COMP", "SEVERANCE_PAY_PENSION", "CHILD_SUPPORT_AMT", "ALIMONY_AMT", "INCOME", "VA_BENEFITS_AMOUNT", "SURVIVOR_INCOME_AMOUNT", "FOOD_ASSISTANCE", "EDUCATION", "AGE", "LIVING_OWNERSHIP", "MEDICARE_ASSISTANCE", "HOSPITAL_NIGHTS", "VISIT_DOCTOR_NUM", "HEALTH_MEDICAL_CARE_PAY", "HEALTH_SEEING", "HEALTH_COGNITIVE", "HEALTH_AMBULATORY", "HEALTH_SELF_CARE", "HEALTH_CORE_DISABILITY", "CITIZENSHIP_STATUS"]}