{"validation": 0.8357561651849873, "id_test": 0.8334308388869105, "ood_test": 0.8090142804533738, "ood_validation": 0.8110845148223164, "train": 0.8338219256046727, "id_test_conf": [0.8308078865230413, 0.8360291649961487], "id_test_balanced": 0.6135331988334656, "id_test_balanced_conf": [0.6118895886163227, 0.6151768090506085], "ood_test_conf": [0.8055010040158387, 0.8124908191107024], "ood_test_balanced": 0.636826753616333, "ood_test_balanced_conf": [0.6345079681137576, 0.6391455391189084], "features": ["ENG", "FER", "HUPAC", "NWLA", "NATIVITY", "DEAR", "DEYE", "DREM", "PUBCOV", "SEX", "ST", "MAR", "RAC1P", "SCHL", "ACS_YEAR", "DIVISION"]}