{"validation": 0.8305925445457667, "id_test": 0.8286869817367859, "ood_test": 0.8065591881828226, "ood_validation": 0.8088749769839808, "train": 0.8297425510875682, "id_test_conf": [0.8260349087676273, 0.8313147796891509], "id_test_balanced": 0.5843863487243652, "id_test_balanced_conf": [0.5829309132881463, 0.5858417841605842], "ood_test_conf": [0.8030290581159729, 0.8100528730325105], "ood_test_balanced": 0.616007924079895, "ood_test_balanced_conf": [0.6138285574736073, 0.6181872906861827], "features": ["ENG", "FER", "HUPAC", "WIF", "NWLA", "NWLK", "OCCP", "POBP", "RELP", "WKHP", "WKW", "WRK", "DIS", "MIL", "ANC", "NATIVITY", "DEAR", "DEYE", "DREM", "AGEP", "SEX", "ST", "MAR", "CIT", "RAC1P", "SCHL", "DIVISION", "ACS_YEAR"]}