{"validation": 0.8192687974246954, "id_test": 0.8172413793103448, "ood_test": 0.7628938815882436, "ood_validation": 0.768122085629504, "train": 0.8110127600873663, "id_test_conf": [0.8054301129453799, 0.8286250528351602], "id_test_balanced": 0.7266111969947815, "id_test_balanced_conf": [0.7184989229403436, 0.7347234710492194], "ood_test_conf": [0.7571136360663876, 0.7686020634709525], "ood_test_balanced": 0.7197353839874268, "ood_test_balanced_conf": [0.7160573299601674, 0.7234134380146862], "features": ["VCF0302", "VCF9203", "VCF9204", "VCF9205", "VCF0521", "VCF0428", "VCF0875", "VCF0839", "VCF9045", "VCF9239", "VCF0606", "VCF0612", "VCF0615", "VCF0616", "VCF0743", "VCF0717", "VCF0718", "VCF0721", "VCF0701", "VCF0675", "VCF0724", "VCF0726", "VCF0745", "VCF0101", "VCF0105a", "VCF0115", "VCF0140a", "VCF0112"]}