{"validation": 0.6950053134962806, "id_test": 0.7377919320594479, "ood_test": 0.6294067630322454, "ood_validation": 0.6356680400235433, "train": 0.7074757668304342, "id_test_conf": [0.7084581269580248, 0.7656305440002691], "id_test_balanced": 0.7402523756027222, "id_test_balanced_conf": [0.7204612136632204, 0.760043537542224], "ood_test_conf": [0.621694524791952, 0.6370697336848018], "ood_test_balanced": 0.6320374608039856, "ood_test_balanced_conf": [0.6266391192469746, 0.6374358023609966], "features": ["JOBORG31", "CMJHLD31", "MCRPB31", "MCRPHO31", "MCDHMO31", "MCDMC31", "PRVHMO31", "FSAGT31", "HASFSA31", "MCARE31", "GOVTA31", "GOVAAT31", "GOVBAT31", "GOVTC31", "GOVCAT31", "VAPRAT31", "VACMPY31", "RNDFLG31", "HRHOW31", "DIFFWG31", "NHRWG31", "TEMPJB31", "SSNLJB31", "SELFCM31", "CHOIC31", "MORE31", "STJBYY31", "OCCCAT31", "PAYVAC31", "PAYDR31", "PRIDK31", "PRING31", "TRIAT31X", "MCAID31X", "MCARE31X", "MCDAT31X", "PUB31X", "PUBAT31X", "INS31X", "INSAT31X", "RACEAX", "RACEBX", "RACETHX", "HISPANX", "HISPNCAT", "HWELLSPK", "BORNUSA", "TRICR31X", "MCRPD31X", "PRINEO31", "PRSTX31", "PRIV31", "PRIVAT31", "VERFLG31", "DENTIN31", "DNTINS31", "PMDINS31", "PMEDUP31", "FTSTU31X", "REFRL31X", "OFFER31X", "TRIST31X", "TRIEX31X", "VASPUN31", "VACMPM31", "ASWNFL31", "ADLHLP31", "WLKLIM31", "STPDIF31", "FNGRDF31", "WRKLIM31", "VASPOU31", "SOCLIM31", "ASSTIL31", "FCRP1231", "REGION31", "PROXY31", "INSCOP31", "ELGRND31", "PSTATS31", "SPOUID31", "MNHLTH31", "ASATAK31", "VALOCT31", "VANTWK31", "VAOUT31", "VAMREC31", "VAGTRC31", "VAREP31", "VAPROV31", "VAPCOT31", "VAPCRC31", "VAPCUN31", "VASPCL31", "VAMOBL31", "VAHRLS31", "VABACK31", "VAJTPN31", "VANECK31", "VAFIBR31", "VATMD31", "VACOST31", "VABIPL31", "VAMOOD31", "VAPROS31", "VAMNHC31", "VACRGV31", "VALCOH31", "AGE31X", "INSCOV19"]}