{"id_test": 0.8029885057471264, "id_test_conf": [0.7908521582576341, 0.8147166210749005], "id_test_balanced": 0.7151352763175964, "id_test_balanced_conf": [0.7068064505048096, 0.7234641021303833], "ood_test": 0.7562997503650323, "ood_test_conf": [0.7504665313854033, 0.7620627168139071], "ood_test_balanced": 0.7135800123214722, "ood_test_balanced_conf": [0.7098564512655139, 0.7173035733774304], "validation": 0.8061623361692343, "validation_conf": [0.7940948085936282, 0.8178172278392619], "validation_balanced": 0.72205650806427, "validation_balanced_conf": [0.7137332487851381, 0.7303797673434019], "features": ["VCF0901b", "VCF0302", "VCF9008", "VCF9202", "VCF9205", "VCF9206", "VCF0429", "VCF0875", "VCF0809", "VCF0838", "VCF9239", "VCF0846", "VCF0601", "VCF0606", "VCF0616", "VCF0310", "VCF0717", "VCF0720", "VCF0724", "VCF0745", "VCF0104", "VCF0115", "VCF0112"]}