{"validation": 0.7901697548429354, "id_test": 0.7894832481998155, "ood_test": 0.5226592751721836, "ood_validation": 0.5226572472379947, "train": 0.7892732079309099, "id_test_conf": [0.788351460804203, 0.7906116855008267], "id_test_balanced": 0.553078293800354, "id_test_balanced_conf": [0.5525826460134704, 0.5535739415872376], "ood_test_conf": [0.5215760857788028, 0.5237423040722271], "ood_test_balanced": 0.6143906712532043, "ood_test_balanced_conf": [0.6138518328033388, 0.6149295097030699], "features": ["ESP", "MIG", "ANC", "NATIVITY", "DEAR", "PINCP", "ESR", "SEX", "CIT", "SCHL", "DIVISION", "DIS"]}