{"validation": 0.7599341834635952, "id_test": 0.7614039084649655, "ood_test": 0.7369155985298573, "ood_validation": 0.7350326022525193, "train": 0.7614520106033985, "id_test_conf": [0.7592944239027288, 0.7635037979643384], "id_test_balanced": 0.7071712613105774, "id_test_balanced_conf": [0.7056749968696385, 0.7086675257515163], "ood_test_conf": [0.7337677769842326, 0.740045303995327], "ood_test_balanced": 0.7033882141113281, "ood_test_balanced_conf": [0.7012443618802354, 0.7055320663424208], "features": ["ENG", "HINS1", "HINS2", "HINS4", "NWLA", "WKHP", "AGEP", "SEX", "ST", "MAR", "DIVISION"]}