{"validation": 0.7810524317311648, "id_test": 0.78056652490887, "ood_test": 0.7810857451489244, "ood_validation": 0.7765263781861292, "train": 0.7802310376442799, "id_test_conf": [0.7785176414067128, 0.782605109354787], "id_test_balanced": 0.753553569316864, "id_test_balanced_conf": [0.7520742529584095, 0.7550328856753186], "ood_test_conf": [0.7781268554749046, 0.784023137343737], "ood_test_balanced": 0.7707260847091675, "ood_test_balanced_conf": [0.7686270200740546, 0.7728251493442804], "features": ["ENG", "FER", "HINS1", "HINS2", "POBP", "RELP", "WKHP", "MAR", "RAC1P", "SCHL", "ACS_YEAR", "DIVISION"]}