{"validation": 0.7023182401104864, "id_test": 0.6947677859764038, "ood_test": 0.4824561403508772, "ood_validation": 0.3333333333333333, "train": 0.6982529434105583, "id_test_conf": [0.6907378226027163, 0.6987754339132592], "id_test_balanced": 0.5037528872489929, "id_test_balanced_conf": [0.5033771849883487, 0.5041285895096371], "ood_test_conf": [0.4283877881604311, 0.5368308371296997], "ood_test_balanced": 0.5, "ood_test_balanced_conf": [0.5, 0.5], "features": ["Average_confidence(CONFUSED)", "attempt_count", "skill_id", "ms_first_response", "type", "first_action", "school_id"]}