{"id_test": 0.8073563218390805, "id_test_conf": [0.7953169555158985, 0.8189815264952616], "id_test_balanced": 0.7171188592910767, "id_test_balanced_conf": [0.7088812437653541, 0.7253564748167992], "ood_test": 0.7517780603834017, "ood_test_conf": [0.7459095877438378, 0.7575775221846555], "ood_test_balanced": 0.7106812000274658, "ood_test_balanced_conf": [0.7068968956219033, 0.7144655044330284], "validation": 0.8142101632559209, "validation_conf": [0.8023262479514459, 0.8256705081949558], "validation_balanced": 0.7282385230064392, "validation_balanced_conf": [0.7200422672182322, 0.7364347787946462], "features": ["VCF0218", "VCF0302", "VCF9008", "VCF9011", "VCF9201", "VCF9202", "VCF9204", "VCF9206", "VCF0523", "VCF0428", "VCF0429", "VCF0875", "VCF0809", "VCF0843", "VCF9045", "VCF0838", "VCF9239", "VCF0846", "VCF0606", "VCF0612", "VCF0615", "VCF0743", "VCF0718", "VCF0725", "VCF0745", "VCF0101", "VCF0104", "VCF0105a", "VCF0140a", "VCF0112"]}