{"validation": 0.8008737640836974, "id_test": 0.7944827586206896, "ood_test": 0.7205972398850737, "ood_validation": 0.7308181432810513, "train": 0.7904931601333487, "id_test_conf": [0.7821639587981319, 0.8064048649280646], "id_test_balanced": 0.6747872233390808, "id_test_balanced_conf": [0.6671262537874282, 0.6824481928907334], "ood_test_conf": [0.7145081095183854, 0.726625917891589], "ood_test_balanced": 0.6644862294197083, "ood_test_balanced_conf": [0.6609949045768008, 0.6679775542626157], "features": ["VCF0218", "VCF0302", "VCF9008", "VCF9011", "VCF9201", "VCF9202", "VCF9204", "VCF9206", "VCF0523", "VCF0428", "VCF0429", "VCF0875", "VCF0809", "VCF0843", "VCF9045", "VCF0838", "VCF9239", "VCF0846", "VCF0606", "VCF0612", "VCF0615", "VCF0743", "VCF0718", "VCF0725", "VCF0745", "VCF0101", "VCF0104", "VCF0105a", "VCF0140a", "VCF0112"]}