{"validation": 0.7983444469993102, "id_test": 0.7954022988505747, "ood_test": 0.7190429089538882, "ood_validation": 0.7278507842306062, "train": 0.7902345097137602, "id_test_conf": [0.7831028245800835, 0.8073038326862862], "id_test_balanced": 0.6707326173782349, "id_test_balanced_conf": [0.6632448063604534, 0.6782204283960164], "ood_test_conf": [0.7129437591384968, 0.7250820328784017], "ood_test_balanced": 0.6609272956848145, "ood_test_balanced_conf": [0.6575047657685354, 0.6643498256010935], "features": ["VCF0218", "VCF0302", "VCF9008", "VCF9011", "VCF9201", "VCF9202", "VCF9204", "VCF9206", "VCF0523", "VCF0428", "VCF0429", "VCF0875", "VCF0809", "VCF0843", "VCF9045", "VCF0838", "VCF9239", "VCF0846", "VCF0606", "VCF0612", "VCF0615", "VCF0743", "VCF0718", "VCF0725", "VCF0745", "VCF0101", "VCF0104", "VCF0105a", "VCF0140a", "VCF0112"]}