{"validation": 0.8082317774200966, "id_test": 0.7993103448275862, "ood_test": 0.7385426969996703, "ood_validation": 0.7528613819415007, "train": 0.7960110357512358, "id_test_conf": [0.7870940759839731, 0.8111233724924121], "id_test_balanced": 0.7033287286758423, "id_test_balanced_conf": [0.6951088924705983, 0.7115485648810863], "ood_test_conf": [0.7325758796152851, 0.7444441371805708], "ood_test_balanced": 0.6951934695243835, "ood_test_balanced_conf": [0.6913977436395362, 0.6989891954092309], "features": ["VCF0218", "VCF0302", "VCF9008", "VCF9011", "VCF9201", "VCF9202", "VCF9204", "VCF9206", "VCF0523", "VCF0428", "VCF0429", "VCF0875", "VCF0809", "VCF0843", "VCF9045", "VCF0838", "VCF9239", "VCF0846", "VCF0606", "VCF0612", "VCF0615", "VCF0743", "VCF0718", "VCF0725", "VCF0745", "VCF0101", "VCF0104", "VCF0105a", "VCF0140a", "VCF0112"]}