{"validation": 0.922818408575944, "id_test": 0.9242750242769283, "ood_test": 0.4708276797829037, "ood_validation": 0.5, "train": 0.923197850296679, "id_test_conf": [0.9226586123281314, 0.9258679626985168], "id_test_balanced": 0.8756815195083618, "id_test_balanced_conf": [0.8743728851969353, 0.8769901538197883], "ood_test_conf": [0.43429148245211147, 0.5075982087468381], "ood_test_balanced": 0.5050761699676514, "ood_test_balanced_conf": [0.5014574213372543, 0.5086949185980484], "features": ["Average_confidence(BORED)", "Average_confidence(CONCENTRATING)", "Average_confidence(CONFUSED)", "Average_confidence(FRUSTRATED)", "attempt_count", "hint_count", "skill_id", "problem_type", "tutor_mode", "type", "overlap_time", "school_id"]}