{"id_test": 0.9879105839416058, "id_test_conf": [0.9873249504535228, 0.9884759193524197], "id_test_balanced": 0.5002912282943726, "id_test_balanced_conf": [0.5002273260179209, 0.5003551305708243], "ood_test": 0.9242347584113332, "ood_test_conf": [0.9228071430940084, 0.9256440387146192], "ood_test_balanced": 0.5, "ood_test_balanced_conf": [0.5, 0.5], "validation": 0.9886874763876909, "validation_conf": [0.9881202823247124, 0.9892343343831168], "validation_balanced": 0.5003148317337036, "validation_balanced_conf": [0.5002491937373997, 0.5003804697300075], "features": ["HR", "SBP", "MAP", "DBP", "Resp", "EtCO2", "pH", "SaO2", "Alkalinephos", "Calcium", "Chloride", "Creatinine", "Glucose", "Lactate", "Bilirubin_total", "Hgb", "PTT", "Gender", "Unit2", "set", "ICULOS"]}