{"id_test": 0.6217296511627907, "id_test_conf": [0.6159692524413489, 0.6274643387878025], "id_test_balanced": 0.5601170063018799, "id_test_balanced_conf": [0.5568058205209673, 0.5634281920827925], "ood_test": 0.5027193882237668, "ood_test_conf": [0.501362761129533, 0.5040759851651702], "ood_test_balanced": 0.5494997501373291, "ood_test_balanced_conf": [0.5487123906938359, 0.5502871095808223], "validation": 0.6219339365529271, "validation_conf": [0.6161740173660619, 0.6276681005461178], "validation_balanced": 0.5605438351631165, "validation_balanced_conf": [0.5572266107564792, 0.5638610595697537], "features": ["FRUIT_ONCE_PER_DAY", "VEG_ONCE_PER_DAY", "DRNK_PER_WEEK", "TOTINDA", "CHCSCNCR", "IYEAR", "PRACE1", "SEX", "SEX", "BMI5CAT"]}