{"id_test": 0.6210029069767442, "id_test_conf": [0.615240436799202, 0.6267398195969478], "id_test_balanced": 0.5602812767028809, "id_test_balanced_conf": [0.556943381098099, 0.5636191723076627], "ood_test": 0.5049335558345326, "ood_test_conf": [0.5035769624097578, 0.5062900945555783], "ood_test_balanced": 0.5506759881973267, "ood_test_balanced_conf": [0.549880860055564, 0.5514711163390893], "validation": 0.621897598023184, "validation_conf": [0.6161375747409861, 0.6276318737892495], "validation_balanced": 0.5615777373313904, "validation_balanced_conf": [0.5582297370396554, 0.5649257376231254], "features": ["FRUIT_ONCE_PER_DAY", "VEG_ONCE_PER_DAY", "DRNK_PER_WEEK", "TOTINDA", "CHCSCNCR", "IYEAR", "PRACE1", "SEX", "SEX", "BMI5CAT"]}