{"validation": 0.5983138922199208, "id_test": 0.5970930232558139, "ood_test": 0.43561499127346215, "ood_validation": 0.4367475586021598, "train": 0.593586336899003, "id_test_conf": [0.5912699351647868, 0.6028956048343931], "id_test_balanced": 0.5091759562492371, "id_test_balanced_conf": [0.5069960064301268, 0.5113559060683474], "ood_test_conf": [0.4342700028284918, 0.43696069363102014], "ood_test_balanced": 0.5064345598220825, "ood_test_balanced_conf": [0.5059304442116991, 0.506938675432466], "features": ["FRUIT_ONCE_PER_DAY", "VEG_ONCE_PER_DAY", "DRNK_PER_WEEK", "TOTINDA", "CHCSCNCR", "IYEAR", "PRACE1", "SEX", "SEX", "BMI5CAT"]}