{"validation": 0.6031105781460082, "id_test": 0.6030886627906977, "ood_test": 0.4167342845769926, "ood_validation": 0.41638965915158194, "train": 0.5987963026049828, "id_test_conf": [0.5972794135820694, 0.6088761389539126], "id_test_balanced": 0.5, "id_test_balanced_conf": [0.5, 0.5], "ood_test_conf": [0.41539704454608894, 0.41807244787813214], "ood_test_balanced": 0.5000036358833313, "ood_test_balanced_conf": [0.4999967786814887, 0.500010493085174], "features": ["FRUIT_ONCE_PER_DAY", "VEG_ONCE_PER_DAY", "DRNK_PER_WEEK", "TOTINDA", "CHCSCNCR", "IYEAR", "PRACE1", "SEX", "SEX", "BMI5CAT"]}