{"validation": 0.6166285112104364, "id_test": 0.6168968023255814, "ood_test": 0.4595134572399645, "ood_validation": 0.4583972029417337, "train": 0.6116100020440144, "id_test_conf": [0.6111228846173721, 0.6226460299581515], "id_test_balanced": 0.5293347239494324, "id_test_balanced_conf": [0.5271437718067318, 0.531525676092133], "ood_test_conf": [0.45816150126683847, 0.46086586213302666], "ood_test_balanced": 0.5274029970169067, "ood_test_balanced_conf": [0.5268503793654964, 0.5279556146683171], "features": ["FRUIT_ONCE_PER_DAY", "VEG_ONCE_PER_DAY", "DRNK_PER_WEEK", "TOTINDA", "CHCSCNCR", "IYEAR", "PRACE1", "SEX", "SEX", "BMI5CAT"]}