{"validation": 0.2986577181208054, "id_test": 0.2550335570469799, "ood_test": 0.5160285489626807, "ood_validation": 0.5106151333696244, "train": 0.3062080536912752, "id_test_conf": [0.2065218173693059, 0.3084892588080364], "id_test_balanced": 0.4913465976715088, "id_test_balanced_conf": [0.48079425061121583, 0.5018989447318017], "ood_test_conf": [0.5106257509946037, 0.521428530618229], "ood_test_balanced": 0.49521195888519287, "ood_test_balanced_conf": [0.4925557856773958, 0.49786813209298997], "features": ["LIVING_QUARTERS_TYPE", "ORIGIN", "RECEIVED_WORK_COMP", "TANF_ASSISTANCE", "UNEMPLOYMENT_COMP", "FOSTER_CHILD_CARE_AMT", "CHILD_SUPPORT_AMT", "ALIMONY_AMT", "INCOME_FROM_ASSISTANCE", "INCOME", "SAVINGS_INV_AMOUNT", "VA_BENEFITS_AMOUNT", "RETIREMENT_INCOME_AMOUNT", "SURVIVOR_INCOME_AMOUNT", "EDUCATION", "RACE", "GENDER", "AGE", "SNAP_ASSISTANCE", "MEDICAID_ASSISTANCE", "DAYS_SICK", "HOSPITAL_NIGHTS", "VISIT_DOCTOR_NUM", "HEALTH_OVER_THE_COUNTER_PRODUCTS_PAY", "HEALTH_SEEING", "HEALTH_SUPPLEMENTAL_DISABILITY", "CITIZENSHIP_STATUS"]}