{"id_test": 0.8187919463087249, "id_test_conf": [0.7702749096887339, 0.8608404081009488], "id_test_balanced": 0.7182906866073608, "id_test_balanced_conf": [0.6861497348546982, 0.7504316383600235], "ood_test": 0.7101252041371802, "ood_test_conf": [0.7052015380373243, 0.7150119361125031], "ood_test_balanced": 0.7137451171875, "ood_test_balanced_conf": [0.7103329691896215, 0.7171572651853785], "validation": 0.785234899328859, "validation_conf": [0.7342026981016121, 0.8304959336686918], "validation_balanced": 0.6841343641281128, "validation_balanced_conf": [0.6517820210009814, 0.7164867072552442], "features": ["LIVING_QUARTERS_TYPE", "MARITAL_STATUS", "UNEMPLOYMENT_COMP", "CHILD_SUPPORT_AMT", "ALIMONY_AMT", "INCOME", "SAVINGS_INV_AMOUNT", "UNEMPLOYMENT_COMP_AMOUNT", "VA_BENEFITS_AMOUNT", "DISABILITY_BENEFITS_AMOUNT", "EDUCATION", "GENDER", "LIVING_OWNERSHIP", "WIC_ASSISTANCE", "MEDICARE_ASSISTANCE", "MEDICAID_ASSISTANCE", "HEALTHDISAB", "DAYS_SICK", "HOSPITAL_NIGHTS", "VISIT_DENTIST_NUM", "TRANSPORTATION_ASSISTANCE", "HEALTH_OVER_THE_COUNTER_PRODUCTS_PAY", "HEALTH_SEEING", "HEALTH_COGNITIVE", "HEALTH_AMBULATORY", "HEALTH_SELF_CARE", "HEALTH_SUPPLEMENTAL_DISABILITY", "HEALTH_INSURANCE_PREMIUMS", "CITIZENSHIP_STATUS"]}