{"validation": 0.7948865614023986, "id_test": 0.7959194005670311, "ood_test": 0.7669639446193569, "ood_validation": 0.765619442797866, "train": 0.7954890465563873, "id_test_conf": [0.7939236550066296, 0.7979042828979929], "id_test_balanced": 0.7258626222610474, "id_test_balanced_conf": [0.7244646769831888, 0.7272605675389059], "ood_test_conf": [0.7639397631016289, 0.7699677100163853], "ood_test_balanced": 0.7265318632125854, "ood_test_balanced_conf": [0.7245233697490767, 0.7285403566760942], "features": ["COW", "FER", "HINS1", "HINS2", "HINS3", "NWLK", "POBP", "WKHP", "WKW", "WRK", "AGEP", "SEX", "ST", "MAR", "CIT", "SCHL", "DIVISION"]}