{"validation": 0.8178488305543897, "id_test": 0.8134506791473776, "ood_test": 0.7856295265763739, "ood_validation": 0.792671699502854, "train": 0.815114988760258, "id_test_conf": [0.810709935251179, 0.8161682757138105], "id_test_balanced": 0.5343244075775146, "id_test_balanced_conf": [0.5332764217094518, 0.5353723934455775], "ood_test_conf": [0.7819642201872097, 0.7892608808687771], "ood_test_balanced": 0.5416169166564941, "ood_test_balanced_conf": [0.540099760373123, 0.5431340729398653], "features": ["NWLA", "OCCP", "RELP", "WKW", "MIL", "ANC", "NATIVITY", "DEAR", "AGEP", "SEX", "CIT", "RAC1P", "DIVISION"]}