{"validation": 0.8161954544876442, "id_test": 0.8127003103220227, "ood_test": 0.78280617046524, "ood_validation": 0.7915669305836862, "train": 0.8140005532433094, "id_test_conf": [0.8099553823752985, 0.8154221464612478], "id_test_balanced": 0.5395873188972473, "id_test_balanced_conf": [0.5384466876415536, 0.5407279501529411], "ood_test_conf": [0.779123739545526, 0.786454985483214], "ood_test_balanced": 0.5473250150680542, "ood_test_balanced_conf": [0.5456534958584234, 0.548996534277685], "features": ["NWLA", "OCCP", "RELP", "WKW", "MIL", "ANC", "NATIVITY", "DEAR", "AGEP", "SEX", "CIT", "RAC1P", "DIVISION"]}