{"validation": 0.8147710074147557, "id_test": 0.8115302436790965, "ood_test": 0.7806784238307624, "ood_validation": 0.7893573927453508, "train": 0.8126746770362693, "id_test_conf": [0.8087788244772174, 0.814258657647986], "id_test_balanced": 0.5572149753570557, "id_test_balanced_conf": [0.5558390773949213, 0.55859087331919], "ood_test_conf": [0.7769832541672077, 0.7843402309399504], "ood_test_balanced": 0.5663092136383057, "ood_test_balanced_conf": [0.5643348169047385, 0.5682836103718728], "features": ["NWLA", "OCCP", "RELP", "WKW", "MIL", "ANC", "NATIVITY", "DEAR", "AGEP", "SEX", "CIT", "RAC1P", "DIVISION"]}