{"validation": 0.760834422127245, "id_test": 0.7615365593501217, "ood_test": 0.43756558237145854, "ood_validation": 0.5377358490566038, "train": 0.7613962193990512, "id_test_conf": [0.7599273267222331, 0.7631401958375812], "id_test_balanced": 0.6104261875152588, "id_test_balanced_conf": [0.6096334556001238, 0.6112189194303937], "ood_test_conf": [0.4151426478728582, 0.4601809325946835], "ood_test_balanced": 0.5009310841560364, "ood_test_balanced_conf": [0.49996331286849455, 0.5018988554435783], "features": ["Average_confidence(BORED)", "skill_id", "ms_first_response", "position", "school_id"]}