{"validation": 0.8362579485830302, "id_test": 0.8362860778386142, "ood_test": 0.77553301924459, "ood_validation": 0.7959770114942529, "train": 0.8364992209639198, "id_test_conf": [0.8353507651524736, 0.8372181657286909], "id_test_balanced": 0.7521666288375854, "id_test_balanced_conf": [0.7515262349753175, 0.7528070226998534], "ood_test_conf": [0.7681219845081799, 0.782815785910338], "ood_test_balanced": 0.712760865688324, "ood_test_balanced_conf": [0.7083195759169757, 0.7172021554596723], "features": ["Average_confidence(BORED)", "Average_confidence(CONFUSED)", "Average_confidence(FRUSTRATED)", "hint_count", "problem_type", "bottom_hint", "ms_first_response", "type", "first_action", "school_id"]}