{"validation": 0.8407884133941587, "id_test": 0.8408645278504451, "ood_test": 0.7824003832947377, "ood_validation": 0.8010057471264368, "train": 0.8410292749204159, "id_test_conf": [0.8399398158626691, 0.8417859710931488], "id_test_balanced": 0.7653766870498657, "id_test_balanced_conf": [0.7647256261087023, 0.7660277479910291], "ood_test_conf": [0.7750685934166841, 0.789600697633146], "ood_test_balanced": 0.7272448539733887, "ood_test_balanced_conf": [0.7226178232394159, 0.7318718847073614], "features": ["Average_confidence(BORED)", "Average_confidence(CONFUSED)", "Average_confidence(FRUSTRATED)", "hint_count", "problem_type", "bottom_hint", "ms_first_response", "type", "first_action", "school_id"]}