{"validation": 0.8564696460512317, "id_test": 0.8562379933581864, "ood_test": 0.7950171684101254, "ood_validation": 0.8168103448275862, "train": 0.8564699706566179, "id_test_conf": [0.8553509093169611, 0.8571216610563903], "id_test_balanced": 0.7785905599594116, "id_test_balanced_conf": [0.7779640521411784, 0.7792170677776449], "ood_test_conf": [0.7878387032745674, 0.8020582621171587], "ood_test_balanced": 0.7347261905670166, "ood_test_balanced_conf": [0.7303532822709531, 0.7390990988630801], "features": ["Average_confidence(BORED)", "Average_confidence(CONFUSED)", "Average_confidence(FRUSTRATED)", "hint_count", "problem_type", "bottom_hint", "ms_first_response", "type", "first_action", "school_id"]}