{"validation": 0.8206680619576295, "id_test": 0.820873956417521, "ood_test": 0.7677326773267733, "ood_validation": 0.753690036900369, "train": 0.8209040361104841, "id_test_conf": [0.8197825859066984, 0.821961426728468], "id_test_balanced": 0.7229663133621216, "id_test_balanced_conf": [0.7222605349763762, 0.723672091747867], "ood_test_conf": [0.7592228305580915, 0.7760824062989429], "ood_test_balanced": 0.6949597597122192, "ood_test_balanced_conf": [0.6901164820604027, 0.6998030373640358], "features": ["Average_confidence(FRUSTRATED)", "hint_count", "problem_type", "position", "school_id"]}