{"validation": 0.8209050377273814, "id_test": 0.8211172230692282, "ood_test": 0.7678351783517835, "ood_validation": 0.7546125461254612, "train": 0.8211187298102071, "id_test_conf": [0.8200264292240604, 0.8222041137549851], "id_test_balanced": 0.7233427166938782, "id_test_balanced_conf": [0.7226368234795518, 0.7240486099082045], "ood_test_conf": [0.7593265903775624, 0.7761835870314471], "ood_test_balanced": 0.6950944066047668, "ood_test_balanced_conf": [0.6902505288552493, 0.6999382843542844], "features": ["Average_confidence(FRUSTRATED)", "hint_count", "problem_type", "position", "school_id"]}