{"id_test": 0.8212094966267723, "id_test_conf": [0.8201189217119178, 0.822296167259631], "id_test_balanced": 0.7237110137939453, "id_test_balanced_conf": [0.723004361501662, 0.7244176660862286], "ood_test": 0.7678351783517835, "ood_test_conf": [0.7593265903775624, 0.7761835870314471], "ood_test_balanced": 0.6950944066047668, "ood_test_balanced_conf": [0.6902505288552493, 0.6999382843542844], "validation": 0.8210455454846679, "validation_conf": [0.8199545805026267, 0.8221326081711191], "validation_balanced": 0.72308349609375, "validation_balanced_conf": [0.7223772414517589, 0.7237897507357411], "features": ["Average_confidence(FRUSTRATED)", "hint_count", "problem_type", "position", "school_id"]}