{"validation": 0.8336194945756547, "id_test": 0.8319682555832528, "ood_test": 0.8061295470354761, "ood_validation": 0.8077702080648131, "train": 0.8324276888737683, "id_test_conf": [0.829336245144625, 0.8345757480649152], "id_test_balanced": 0.6584678888320923, "id_test_balanced_conf": [0.6565785497869365, 0.660357227877248], "ood_test_conf": [0.8025964899561151, 0.8096262100935068], "ood_test_balanced": 0.6562612056732178, "ood_test_balanced_conf": [0.6538009488489479, 0.6587214624974876], "features": ["ENG", "HUPAC", "NWLA", "OCCP", "RELP", "WKHP", "WKW", "DIS", "ANC", "NATIVITY", "DEAR", "DEYE", "PUBCOV", "AGEP", "SEX", "MAR", "CIT", "DIVISION"]}