{"validation": 0.829969348951378, "id_test": 0.8281528208780587, "ood_test": 0.7981504971561848, "ood_validation": 0.7963542625667465, "train": 0.8282958516290472, "id_test_conf": [0.8254975154167896, 0.8307838908679623], "id_test_balanced": 0.6329489946365356, "id_test_balanced_conf": [0.6311490598809906, 0.6347489293920807], "ood_test_conf": [0.7945642671613573, 0.8017012837698347], "ood_test_balanced": 0.6489754915237427, "ood_test_balanced_conf": [0.6464923050347715, 0.6514586780127138], "features": ["ENG", "NWLA", "RELP", "DIS", "ANC", "DEAR", "PUBCOV", "AGEP", "SEX", "ST", "SCHL", "DIVISION"]}