{"validation": 0.8312666132499015, "id_test": 0.8284071831917383, "ood_test": 0.7959204550104342, "ood_validation": 0.791198674277297, "train": 0.8284166748805281, "id_test_conf": [0.825753415852213, 0.8310366962288439], "id_test_balanced": 0.6466720104217529, "id_test_balanced_conf": [0.6448090712260455, 0.6485349496174604], "ood_test_conf": [0.7923197582366465, 0.799485974049517], "ood_test_balanced": 0.6637844443321228, "ood_test_balanced_conf": [0.6612184528028593, 0.6663504358613863], "features": ["ENG", "NWLA", "RELP", "DIS", "ANC", "DEAR", "PUBCOV", "AGEP", "SEX", "ST", "SCHL", "DIVISION"]}