{"id_test": 0.648526736995271, "id_test_conf": [0.6428492928201487, 0.6541727737610232], "id_test_balanced": 0.5888950824737549, "id_test_balanced_conf": [0.5856110309204087, 0.5921791340271011], "ood_test": 0.5797928592776513, "ood_test_conf": [0.5784524141194683, 0.5811324186908329], "ood_test_balanced": 0.6142836809158325, "ood_test_balanced_conf": [0.6134379527298733, 0.6151294091017917], "validation": 0.6514368861404147, "validation_conf": [0.6457699504828378, 0.657071798748573], "validation_balanced": 0.5942847728729248, "validation_balanced_conf": [0.591017595701851, 0.5975519500439986], "features": ["FRUIT_ONCE_PER_DAY", "RFBING5", "SMOKE100", "SMOKDAY2", "DIABETES", "EMPLOY1", "IYEAR", "STATE", "MEDCOST", "SEX", "IYEAR", "STATE", "PRACE1", "SEX", "BMI5CAT"]}