{"validation": 0.9722800624674649, "id_test": 0.971710098224522, "ood_test": 0.9603938610484625, "ood_validation": 0.961001100110011, "train": 0.971381517281554, "id_test_conf": [0.9708895149851507, 0.9725136742177891], "id_test_balanced": 0.5819833278656006, "id_test_balanced_conf": [0.5810800009674858, 0.5828866547637154], "ood_test_conf": [0.9594375771485282, 0.9613337864157454], "ood_test_balanced": 0.6159037947654724, "ood_test_balanced_conf": [0.6148812294239179, 0.616926360107027], "features": ["RELP", "WKW", "WRK", "OCCP", "DIS", "ESP", "ANC", "NATIVITY", "DEYE", "MAR", "CIT", "DIVISION", "SCHL"]}