{"id_test": 0.9718340408390915, "id_test_conf": [0.971015177752929, 0.9726358920276399], "id_test_balanced": 0.6193529367446899, "id_test_balanced_conf": [0.6183017555275001, 0.6204041179618798], "ood_test": 0.9606077830952686, "ood_test_conf": [0.9596539458851223, 0.9615452539905753], "ood_test_balanced": 0.6490618586540222, "ood_test_balanced_conf": [0.6479403147264384, 0.650183402581606], "validation": 0.9728873850425126, "validation_conf": [0.9720833080981023, 0.9736744103971174], "validation_balanced": 0.6251229047775269, "validation_balanced_conf": [0.624056898637209, 0.6261889109178447], "features": ["RELP", "WKW", "WRK", "OCCP", "DIS", "ESP", "ANC", "NATIVITY", "DEYE", "MAR", "CIT", "DIVISION", "SCHL"]}