{"id_test": 0.9281791376244533, "id_test_conf": [0.927192461679839, 0.9291564919063362], "id_test_balanced": 0.8863165974617004, "id_test_balanced_conf": [0.8855145589553285, 0.8871186359680724], "ood_test": 0.45120671563483733, "ood_test_conf": [0.4286942998756706, 0.4738694997049344], "ood_test_balanced": 0.5130353569984436, "ood_test_balanced_conf": [0.5094584700884297, 0.5166122439084575], "validation": 0.927290051994628, "validation_conf": [0.9262978103178174, 0.9282729914975497], "validation_balanced": 0.8854620456695557, "validation_balanced_conf": [0.8846580801194068, 0.8862660112197045], "features": ["Average_confidence(CONFUSED)", "attempt_count", "hint_count", "skill_id", "bottom_hint", "position", "type", "school_id"]}