{"validation": 0.7938486852514002, "id_test": 0.793799362089915, "ood_test": 0.7898064839087879, "ood_validation": 0.782809721398933, "train": 0.7939986852545203, "id_test_conf": [0.791796022759555, 0.7957919161045299], "id_test_balanced": 0.7497806549072266, "id_test_balanced_conf": [0.7483325111144222, 0.7512287987000309], "ood_test_conf": [0.786890398956198, 0.7927004034437177], "ood_test_balanced": 0.7753151655197144, "ood_test_balanced_conf": [0.7732462819200009, 0.7773840491194278], "features": ["ENG", "FER", "HINS1", "NWLK", "OCCP", "POBP", "RELP", "WKHP", "CIT", "SCHL", "DIVISION"]}