{"validation": 0.794987817612252, "id_test": 0.7956219623329283, "ood_test": 0.7904256300140955, "ood_validation": 0.7802015411973918, "train": 0.7956986780558537, "id_test_conf": [0.7936251462967122, 0.7976079260710527], "id_test_balanced": 0.7516531944274902, "id_test_balanced_conf": [0.7502088526985609, 0.7530975361564196], "ood_test_conf": [0.7875126590346652, 0.7933163881491909], "ood_test_balanced": 0.7740902900695801, "ood_test_balanced_conf": [0.7720256432052701, 0.77615493693389], "features": ["ENG", "FER", "HINS1", "NWLK", "OCCP", "POBP", "RELP", "WKHP", "CIT", "SCHL", "DIVISION"]}