{"validation": 0.8769071272887569, "id_test": 0.8770948808581155, "ood_test": 0.8292900287157144, "ood_validation": 0.8346700615319329, "train": 0.8770345517940178, "id_test_conf": [0.8752432720087158, 0.8789286183914553], "id_test_balanced": 0.5485271215438843, "id_test_balanced_conf": [0.5476056304527447, 0.5494486126350239], "ood_test_conf": [0.8276818398603689, 0.8308892122428896], "ood_test_balanced": 0.5408511161804199, "ood_test_balanced_conf": [0.5401707774878014, 0.5415314548730384], "features": ["PHYSHLTH", "TOLDHI", "BMI5", "BMI5CAT", "SMOKE100", "MICHD", "FRUIT_ONCE_PER_DAY", "RFBING5", "INCOME", "CHECKUP1", "EDUCA", "IYEAR", "STATE", "MEDCOST", "STATE", "MEDCOST", "SEX", "PRACE1"]}