{"validation": 0.9303799337127503, "id_test": 0.9305610405140564, "ood_test": 0.583420776495278, "ood_validation": 0.6745283018867925, "train": 0.9300630807565631, "id_test_conf": [0.9295974247381753, 0.9315154340234426], "id_test_balanced": 0.8877068161964417, "id_test_balanced_conf": [0.8869183749798686, 0.8884952574130147], "ood_test_conf": [0.560911827534833, 0.6056726076827481], "ood_test_balanced": 0.6303538084030151, "ood_test_balanced_conf": [0.6204989674501121, 0.6402086493559181], "features": ["Average_confidence(BORED)", "Average_confidence(CONCENTRATING)", "attempt_count", "hint_count", "skill_id", "ms_first_response", "tutor_mode", "type", "school_id"]}