{"validation": 0.7772659106475684, "id_test": 0.7761181512115052, "ood_test": 0.3653984645612971, "ood_validation": 0.36183370746951893, "train": 0.7761779160506499, "id_test_conf": [0.7749610488380196, 0.7772720582425815], "id_test_balanced": 0.5055469870567322, "id_test_balanced_conf": [0.5053503963761614, 0.5057435777373029], "ood_test_conf": [0.3643547219312817, 0.3664431605868267], "ood_test_balanced": 0.5003309845924377, "ood_test_balanced_conf": [0.5002238735488208, 0.5004380956360547], "features": ["DREM", "ESR", "SEX", "RAC1P", "ACS_YEAR", "DIS"]}