{"validation": 0.8763930870578462, "id_test": 0.8741712685935793, "ood_test": 0.8297111465065972, "ood_validation": 0.8261659361055167, "train": 0.8751576716890868, "id_test_conf": [0.8723563296374708, 0.8759695019126985], "id_test_balanced": 0.5105893015861511, "id_test_balanced_conf": [0.5101507135928841, 0.5110278895794181], "ood_test_conf": [0.8281615290997779, 0.8312523736199718], "ood_test_balanced": 0.5083505511283875, "ood_test_balanced_conf": [0.5080498253996484, 0.5086512768571265], "features": ["PHYSHLTH", "TOLDHI", "BMI5CAT", "SMOKE100", "CVDSTRK3", "VEG_ONCE_PER_DAY", "DRNK_PER_WEEK", "RFBING5", "INCOME", "MARITAL", "CHECKUP1", "EDUCA", "HEALTH_COV", "MEDCOST", "SEX", "IYEAR", "STATE", "MEDCOST", "PRACE1"]}