{"validation": 0.7215727948990436, "id_test": 0.7505307855626328, "ood_test": 0.6601478186931781, "ood_validation": 0.6562683931724543, "train": 0.7279245784092419, "id_test_conf": [0.7216105878082186, 0.7778750704713818], "id_test_balanced": 0.7328251600265503, "id_test_balanced_conf": [0.7133416661247611, 0.7523086539283395], "ood_test_conf": [0.6525771920339549, 0.6676574673467924], "ood_test_balanced": 0.6525934934616089, "ood_test_balanced_conf": [0.6473154749162495, 0.6578715120069683], "features": ["OFREMP31", "CMJHLD31", "MCRPB31", "MCRPHO31", "MCDHMO31", "FSAGT31", "HASFSA31", "GOVTA31", "VAPRAT31", "IHS31", "IHSAT31", "RETPLN31", "SICPAY31", "VACMPY31", "VAPROX31", "EMPST31", "RNDFLG31", "MORJOB31", "HRHOW31", "DIFFWG31", "NHRWG31", "SSNLJB31", "CHOIC31", "INDCAT31", "NUMEMP31", "NWK31", "OCCCAT31", "YRSINUS", "PRING31", "TRIAT31X", "MCARE31X", "MCDAT31X", "SEX", "RACEV2X", "HISPNCAT", "HIDEG", "OTHLGSPK", "TRICR31X", "PRIEU31", "MCRPD31X", "PRIOG31", "PRIEUO31", "PRIV31", "DENTIN31", "DNTINS31", "PMEDIN31", "PMDINS31", "TRIPR31X", "TRICH31X", "VASPUN31", "VACMPM31", "ASEVFL31", "IADLHP31", "ADLHLP31", "WLKDIF31", "MILDIF31", "STNDIF31", "FNGRDF31", "SCHLIM31", "ASACUT31", "SOCLIM31", "FCRP1231", "REGION31", "RESP31", "BEGRFY31", "ENDRFM31", "INSCOP31", "INSC1231", "ELGRND31", "PSTATS31", "SPOUID31", "MNHLTH31", "ASATAK31", "UNABLE31", "VAWAIT31", "VALOCT31", "VACOMP31", "VAMREC31", "VACARE31", "VAPCPR31", "VAPCCO31", "VAPCRC31", "VAPCUN31", "VASPCL31", "VAPACT31", "VACTDY31", "VARECM31", "VACOPD31", "VAHRLS31", "VABACK31", "VARTHR31", "VAGOUT31", "VAFIBR31", "VATMD31", "VACOST31", "VADEPR31", "VAPROS31", "VAMNHC31", "MOPID31X", "DAPID31X", "AGE31X", "INSCOV19"]}