{"validation": 0.8038629570016096, "id_test": 0.7857471264367816, "ood_test": 0.7254015354905563, "ood_validation": 0.7214921576939382, "train": 0.7831072537073227, "id_test_conf": [0.7732494107429085, 0.7978599887027992], "id_test_balanced": 0.6842719316482544, "id_test_balanced_conf": [0.6760297097451985, 0.6925141535513103], "ood_test_conf": [0.7193439448235861, 0.7313973555309602], "ood_test_balanced": 0.6767951250076294, "ood_test_balanced_conf": [0.6730801106663421, 0.6805101393489167], "features": ["VCF0901b", "VCF0218", "VCF0302", "VCF9008", "VCF9010", "VCF9011", "VCF9201", "VCF0523", "VCF0428", "VCF0822", "VCF0870", "VCF0846", "VCF0606", "VCF0612", "VCF0615", "VCF0743", "VCF0721", "VCF0724", "VCF0725", "VCF0745", "VCF0115", "VCF0140a", "VCF0112"]}