{"id_test": 0.6244459995334732, "id_test_conf": [0.6097522838141389, 0.6389699499296857], "id_test_balanced": 0.5901483297348022, "id_test_balanced_conf": [0.5806807767786085, 0.599615882690996], "ood_test": 0.5809135143619526, "ood_test_conf": [0.5766156166528738, 0.5852021948046225], "ood_test_balanced": 0.5781916975975037, "ood_test_balanced_conf": [0.575480205421336, 0.5809031897736713], "validation": 0.638590760615959, "validation_conf": [0.6240010469877684, 0.6529913528620898], "validation_balanced": 0.6070685386657715, "validation_balanced_conf": [0.5976516001857817, 0.6164854771457613], "features": ["race", "gender", "admission_type_id", "discharge_disposition_id", "time_in_hospital", "medical_specialty", "num_lab_procedures", "num_procedures", "num_medications", "number_outpatient", "number_emergency", "diag_3", "max_glu_serum", "A1Cresult", "repaglinide", "nateglinide", "glimepiride", "acetohexamide", "pioglitazone", "rosiglitazone", "miglitol", "examide", "citoglipton", "insulin", "glimepiride-pioglitazone", "metformin-rosiglitazone", "metformin-pioglitazone", "change", "diabetesMed", "admission_source_id"]}