{"id_test": 0.9878749429744526, "id_test_conf": [0.9872884784181089, 0.9884411111764674], "id_test_balanced": 0.5002731680870056, "id_test_balanced_conf": [0.500207362625224, 0.5003389735487872], "ood_test": 0.9241826758530379, "ood_test_conf": [0.9227546153896219, 0.9255924035734229], "ood_test_balanced": 0.5000619888305664, "ood_test_balanced_conf": [0.5000181588667328, 0.5001058187944], "validation": 0.9886803481434487, "validation_conf": [0.9881129819406639, 0.9892273786285765], "validation_balanced": 0.5006225109100342, "validation_balanced_conf": [0.5005291834745731, 0.5007158383454953], "features": ["O2Sat", "Temp", "MAP", "EtCO2", "BaseExcess", "HCO3", "PaCO2", "Alkalinephos", "Calcium", "Chloride", "Creatinine", "Lactate", "Phosphate", "Bilirubin_total", "TroponinI", "Hgb", "PTT", "WBC", "Gender", "Unit2", "HospAdmTime", "ICULOS"]}