{"validation": 0.8294351812990448, "id_test": 0.8251259093452714, "ood_test": 0.8014444126191743, "ood_validation": 0.8015098508561959, "train": 0.8267013026654245, "id_test_conf": [0.8224524608320449, 0.8277753464626894], "id_test_balanced": 0.5744229555130005, "id_test_balanced_conf": [0.5730249679088593, 0.5758209431171417], "ood_test_conf": [0.7978798633886142, 0.8049731260562054], "ood_test_balanced": 0.5949880480766296, "ood_test_balanced_conf": [0.5929549802700058, 0.5970211158832535], "features": ["ENG", "FER", "HUPAC", "OCCP", "WKHP", "WKW", "WRK", "ANC", "DEAR", "DREM", "PUBCOV", "SEX", "ST", "CIT", "RAC1P", "ACS_YEAR", "DIVISION"]}