{"id_test": 0.7866242038216561, "id_test_conf": [0.7590546555849316, 0.8123883448169116], "id_test_balanced": 0.7776587009429932, "id_test_balanced_conf": [0.7590164518356324, 0.796300950050354], "ood_test": 0.7281051736542612, "ood_test_conf": [0.7209768025504044, 0.7351466591935121], "ood_test_balanced": 0.726050078868866, "ood_test_balanced_conf": [0.7210558567941189, 0.7310443009436131], "validation": 0.7545164718384697, "validation_conf": [0.7257161667860976, 0.7817138626008983], "validation_balanced": 0.7490648031234741, "validation_balanced_conf": [0.7295261842012405, 0.7686034220457078], "features": ["JOBORG31", "MCDHMO31", "HASFSA31", "MCARE31", "GOVTA31", "GOVTC31", "VAPROG31", "IHS31", "BSNTY31", "IHSAT31", "VAPROX31", "DIFFWG31", "NHRWG31", "HOUR31", "TEMPJB31", "SELFCM31", "CHOIC31", "INDCAT31", "UNION31", "NWK31", "PAYVAC31", "TRIAT31X", "MCAID31X", "MCARE31X", "PUBAT31X", "INS31X", "RACEAX", "RACETHX", "HIDEG", "OTHLGSPK", "BORNUSA", "TRICR31X", "PRINEO31", "PRSTX31", "PRIV31", "DNTINS31", "PMEDIN31", "PMDINS31", "PMEDUP31", "PMEDPY31", "MARRY31X", "REFRL31X", "HRWG31X", "HELD31X", "TRIPR31X", "TRIEX31X", "TRICH31X", "VASPMH31", "ASPREV31", "ASPKFL31", "AIDHLP31", "STPDIF31", "WLKDIF31", "STNDIF31", "RCHDIF31", "WRKLIM31", "SCHLIM31", "ASACUT31", "ASTHEP31", "ASSTIL31", "RUCLAS31", "FAMSZE31", "FMRS1231", "FAMS1231", "REGION31", "BEGRFY31", "ENDRFM31", "INSCOP31", "INSC1231", "PSTATS31", "SPOUIN31", "ACTDTY31", "RTHLTH31", "MNHLTH31", "VAPRHT31", "VALOCT31", "VANTWK31", "VANEED31", "VAPAST31", "VAPROB31", "VACARE31", "VAPCPR31", "VAPROV31", "VAPCOT31", "VAPCRC31", "VAPCSO31", "VASPCL31", "VAMOBL31", "VADERM31", "VAGERD31", "VABACK31", "VAJTPN31", "VARTHR31", "VAFIBR31", "VATMD31", "VACOST31", "VAPTSD31", "VAPROS31", "VAGCNS31", "REFPRS31", "MOPID31X", "DAPID31X", "AGE31X", "INSCOV19"]}