{"validation": 0.8775438567848426, "id_test": 0.8770459016661089, "ood_test": 0.8295493660381273, "ood_validation": 0.8339062168470189, "train": 0.8775529154383591, "id_test_conf": [0.8751939790221543, 0.8788799553241984], "id_test_balanced": 0.5395056009292603, "id_test_balanced_conf": [0.5386727523687296, 0.5403384494897909], "ood_test_conf": [0.8279421402521066, 0.8311475793930965], "ood_test_balanced": 0.5337727665901184, "ood_test_balanced_conf": [0.5331599000422284, 0.5343856331380085], "features": ["PHYSHLTH", "HIGH_BLOOD_PRESS", "CHOL_CHK_PAST_5_YEARS", "TOLDHI", "BMI5", "BMI5CAT", "MICHD", "FRUIT_ONCE_PER_DAY", "VEG_ONCE_PER_DAY", "RFBING5", "TOTINDA", "EDUCA", "IYEAR", "SEX", "SEX", "PRACE1"]}