{"validation": 0.8735607317131799, "id_test": 0.8748988405727427, "ood_test": 0.8243177937433551, "ood_validation": 0.8259464833070996, "train": 0.8740893129358127, "id_test_conf": [0.8730506595373042, 0.8767295829383026], "id_test_balanced": 0.5280241370201111, "id_test_balanced_conf": [0.5273021404235624, 0.5287461336166598], "ood_test_conf": [0.8227110351910054, 0.8259158953614361], "ood_test_balanced": 0.5206618905067444, "ood_test_balanced_conf": [0.5201634813577403, 0.5211602996557485], "features": ["HIGH_BLOOD_PRESS", "CHOL_CHK_PAST_5_YEARS", "BMI5", "BMI5CAT", "SMOKE100", "FRUIT_ONCE_PER_DAY", "DRNK_PER_WEEK", "RFBING5", "TOTINDA", "HEALTH_COV", "STATE", "SEX", "IYEAR", "MEDCOST", "PRACE1"]}