{"validation": 0.8149109084665573, "id_test": 0.8110215190517372, "ood_test": 0.779184909366177, "ood_validation": 0.788252623826183, "train": 0.8122597445542099, "id_test_conf": [0.8082672900554989, 0.8137527804551076], "id_test_balanced": 0.5303289890289307, "id_test_balanced_conf": [0.529305007525254, 0.5313529705326073], "ood_test_conf": [0.7754808827577704, 0.7828557512420844], "ood_test_balanced": 0.5298351049423218, "ood_test_balanced_conf": [0.52841906363843, 0.5312511462462135], "features": ["NWLK", "POBP", "WKHP", "WRK", "DIS", "ANC", "NATIVITY", "DEYE", "DREM", "CIT", "RAC1P", "DIVISION"]}