{"validation": 0.8148218805245018, "id_test": 0.8105255125400621, "ood_test": 0.7790826138549041, "ood_validation": 0.788252623826183, "train": 0.8123662597890681, "id_test_conf": [0.8077685512506068, 0.8132595429352084], "id_test_balanced": 0.5356218218803406, "id_test_balanced_conf": [0.534505758236628, 0.5367378855240531], "ood_test_conf": [0.7753779831466324, 0.7827540720100004], "ood_test_balanced": 0.5343135595321655, "ood_test_balanced_conf": [0.5328044986352325, 0.5358226204290986], "features": ["NWLK", "POBP", "WKHP", "WRK", "DIS", "ANC", "NATIVITY", "DEYE", "DREM", "CIT", "RAC1P", "DIVISION"]}