{"validation": 0.7931398917824257, "id_test": 0.792464054272985, "ood_test": 0.7805588122933436, "ood_validation": 0.7729697688203913, "train": 0.7940991501618118, "id_test_conf": [0.7904559750022837, 0.7944613973004784], "id_test_balanced": 0.7390192747116089, "id_test_balanced_conf": [0.7375791006954386, 0.7404594487277791], "ood_test_conf": [0.7775973983559626, 0.7834987691062358], "ood_test_balanced": 0.7486501932144165, "ood_test_balanced_conf": [0.7466148176556453, 0.7506855687731877], "features": ["FER", "HINS1", "HINS3", "HINS4", "NWLA", "NWLK", "OCCP", "RELP", "WKHP", "WRK", "AGEP", "SEX", "MAR", "DIVISION"]}