{"validation": 0.8057969180141126, "id_test": 0.8072790097205347, "ood_test": 0.7906232298349383, "ood_validation": 0.7871962062833432, "train": 0.806386720279593, "id_test_conf": [0.805325419900822, 0.8092213187811572], "id_test_balanced": 0.7492389678955078, "id_test_balanced_conf": [0.7478372001321987, 0.750640735658817], "ood_test_conf": [0.7877112548035211, 0.7935129768857017], "ood_test_balanced": 0.7602627277374268, "ood_test_balanced_conf": [0.7582498216163367, 0.7622756338585168], "features": ["FER", "HINS1", "HINS4", "NWLK", "OCCP", "POBP", "WKHP", "AGEP", "MAR", "RAC1P", "SCHL", "ACS_YEAR", "DIVISION"]}