{"validation": 0.7046979865771812, "id_test": 0.697986577181208, "ood_test": 0.5303332728482429, "ood_validation": 0.5391943385955362, "train": 0.6677852348993288, "id_test_conf": [0.6423927666100235, 0.749592907361478], "id_test_balanced": 0.5160621404647827, "id_test_balanced_conf": [0.48921058401465417, 0.5429136969149113], "ood_test_conf": [0.5249363742496999, 0.5357248416819376], "ood_test_balanced": 0.5467343330383301, "ood_test_balanced_conf": [0.5436100626317785, 0.5498586034448817], "features": ["ORIGIN", "UNEMPLOYMENT_COMP", "CHILD_SUPPORT_AMT", "ALIMONY_AMT", "INCOME", "RETIREMENT_INCOME_AMOUNT", "SURVIVOR_INCOME_AMOUNT", "EDUCATION", "GENDER", "LIVING_OWNERSHIP", "HEALTHDISAB", "DAYS_SICK", "HOSPITAL_NIGHTS", "PRESCRIPTION_MEDS", "TRANSPORTATION_ASSISTANCE", "HEALTH_SEEING", "HEALTH_AMBULATORY", "HEALTH_SELF_CARE", "HEALTH_ERRANDS_DIFFICULTY", "HEALTH_CORE_DISABILITY", "HEALTH_SUPPLEMENTAL_DISABILITY", "HEALTH_INSURANCE_PREMIUMS", "CITIZENSHIP_STATUS"]}