{"validation": 0.7729076353510743, "id_test": 0.7729533718104495, "ood_test": 0.7580719526814296, "ood_validation": 0.7535269709543568, "train": 0.77329183948081, "id_test_conf": [0.77087967909371, 0.775017045183273], "id_test_balanced": 0.7214710116386414, "id_test_balanced_conf": [0.7199905320489779, 0.7229514912283048], "ood_test_conf": [0.7550090876683152, 0.7611150823217132], "ood_test_balanced": 0.735702395439148, "ood_test_balanced_conf": [0.7335538984974846, 0.7378508923808113], "features": ["COW", "ENG", "HINS1", "HINS2", "HINS3", "WKHP", "WKW", "ST", "CIT", "RAC1P", "SCHL", "DIVISION"]}