{"validation": 0.83065333960258, "id_test": 0.8318233648105795, "ood_test": 0.7702627166014533, "ood_validation": 0.7880747126436781, "train": 0.8319884909176548, "id_test_conf": [0.8308826676771788, 0.8327609114614982], "id_test_balanced": 0.7390082478523254, "id_test_balanced_conf": [0.7383814008533954, 0.7396350948512554], "ood_test_conf": [0.7627927985485347, 0.7776068273988019], "ood_test_balanced": 0.7026815414428711, "ood_test_balanced_conf": [0.6983792639616877, 0.7069838189240545], "features": ["Average_confidence(CONCENTRATING)", "Average_confidence(CONFUSED)", "Average_confidence(FRUSTRATED)", "hint_count", "tutor_mode", "position", "type", "school_id"]}