{"id_test": 0.648938651737812, "id_test_conf": [0.6344365397284775, 0.6632375552915545], "id_test_balanced": 0.6190935373306274, "id_test_balanced_conf": [0.609529537037015, 0.6286575376242399], "ood_test": 0.6043792183330717, "ood_test_conf": [0.6001184063009204, 0.608628139676844], "ood_test_balanced": 0.6023350358009338, "ood_test_balanced_conf": [0.5995084373559803, 0.6051616342458874], "validation": 0.6467568828744751, "validation_conf": [0.6322343385354772, 0.6610791515676009], "validation_balanced": 0.6195143461227417, "validation_balanced_conf": [0.6099212664179504, 0.629107425827533], "features": ["gender", "age", "admission_type_id", "discharge_disposition_id", "medical_specialty", "num_lab_procedures", "number_outpatient", "number_emergency", "number_inpatient", "diag_2", "max_glu_serum", "glipizide", "glyburide", "pioglitazone", "tolazamide", "examide", "insulin", "glipizide-metformin", "metformin-rosiglitazone", "admission_source_id"]}