{"validation": 0.8301208706286624, "id_test": 0.8314151092037244, "ood_test": 0.44333683105981114, "ood_validation": 0.5424528301886793, "train": 0.8302726438036394, "id_test_conf": [0.8299884037743979, 0.8328346052322422], "id_test_balanced": 0.7243872284889221, "id_test_balanced_conf": [0.7234398408432026, 0.7253346161346417], "ood_test_conf": [0.42087396343299993, 0.4659743243902479], "ood_test_balanced": 0.5060521364212036, "ood_test_balanced_conf": [0.503597485604696, 0.5085067872377113], "features": ["Average_confidence(BORED)", "Average_confidence(CONCENTRATING)", "Average_confidence(CONFUSED)", "skill_id", "bottom_hint", "ms_first_response", "type", "overlap_time", "first_action", "school_id"]}