{"validation": 0.7505743125652627, "id_test": 0.7526706156338598, "ood_test": 0.7279445666635929, "ood_validation": 0.7256668642560758, "train": 0.7525438584694686, "id_test_conf": [0.7505354827570467, 0.754796474235126], "id_test_balanced": 0.6861603856086731, "id_test_balanced_conf": [0.6846775023196824, 0.6876432688976638], "ood_test_conf": [0.7247635808821902, 0.7311081228595553], "ood_test_balanced": 0.6852446794509888, "ood_test_balanced_conf": [0.6831590905459598, 0.6873302683560177], "features": ["FER", "HINS4", "NWLK", "RELP", "WKHP", "WKW", "WRK", "AGEP", "MAR", "CIT", "RAC1P", "ACS_YEAR", "DIVISION"]}