{"validation": 0.7978583196046128, "id_test": 0.7997158213381108, "ood_test": 0.704225352112676, "ood_validation": 0.7297297297297297, "train": 0.796302540909126, "id_test_conf": [0.796128103364836, 0.8032676764302311], "id_test_balanced": 0.688113808631897, "id_test_balanced_conf": [0.6859585689194501, 0.6902690483443439], "ood_test_conf": [0.6747749093647406, 0.7324605424636733], "ood_test_balanced": 0.6005434989929199, "ood_test_balanced_conf": [0.5880847460404038, 0.613002251945436], "features": ["Average_confidence(BORED)", "Average_confidence(CONCENTRATING)", "Average_confidence(CONFUSED)", "bottom_hint", "tutor_mode", "school_id"]}