{"validation": 0.8291680974728782, "id_test": 0.8261815129470418, "ood_test": 0.7986619747125496, "ood_validation": 0.7981955440986926, "train": 0.8269334104906377, "id_test_conf": [0.8235143581561266, 0.8288245782010506], "id_test_balanced": 0.6109113097190857, "id_test_balanced_conf": [0.6092247306811623, 0.612597888757009], "ood_test_conf": [0.7950790867371594, 0.8022093583759728], "ood_test_balanced": 0.6227074265480042, "ood_test_balanced_conf": [0.6203929982567206, 0.6250218548392877], "features": ["ENG", "HUPAC", "OCCP", "POBP", "NATIVITY", "DEAR", "DEYE", "PUBCOV", "SEX", "CIT", "DIVISION"]}