{"id_test": 0.9380791248696383, "id_test_conf": [0.9371575546873215, 0.9389911561432523], "id_test_balanced": 0.9018939733505249, "id_test_balanced_conf": [0.9011352095892653, 0.9026527371117845], "ood_test": 0.5823714585519413, "ood_test_conf": [0.5598562181357845, 0.604632816767697], "ood_test_balanced": 0.6291518807411194, "ood_test_balanced_conf": [0.6192359220050275, 0.6390678394772112], "validation": 0.9371675307428554, "validation_conf": [0.9362397084996282, 0.9380858341019953], "validation_balanced": 0.9008543491363525, "validation_balanced_conf": [0.9000928075273987, 0.9016158907453063], "features": ["Average_confidence(BORED)", "Average_confidence(CONCENTRATING)", "Average_confidence(CONFUSED)", "attempt_count", "skill_id", "problem_type", "bottom_hint", "position", "type", "overlap_time", "first_action", "school_id"]}