{"validation": 0.9262509097184187, "id_test": 0.9275376454611616, "ood_test": 0.45120671563483733, "ood_validation": 0.5518867924528302, "train": 0.9263652588526471, "id_test_conf": [0.9265469493991201, 0.9285190339223526], "id_test_balanced": 0.8812942504882812, "id_test_balanced_conf": [0.8804862817958928, 0.8821022191806697], "ood_test_conf": [0.4286942998756706, 0.4738694997049344], "ood_test_balanced": 0.5130353569984436, "ood_test_balanced_conf": [0.5094584700884297, 0.5166122439084575], "features": ["Average_confidence(BORED)", "Average_confidence(CONCENTRATING)", "Average_confidence(CONFUSED)", "attempt_count", "skill_id", "problem_type", "bottom_hint", "position", "type", "overlap_time", "first_action", "school_id"]}