{"validation": 0.9304037274070962, "id_test": 0.9312477960430062, "ood_test": 0.583420776495278, "ood_validation": 0.6745283018867925, "train": 0.9303525490427784, "id_test_conf": [0.9302806697346558, 0.9322055333985646], "id_test_balanced": 0.8885440826416016, "id_test_balanced_conf": [0.8877519534481689, 0.8893362118350342], "ood_test_conf": [0.560911827534833, 0.6056726076827481], "ood_test_balanced": 0.6303538084030151, "ood_test_balanced_conf": [0.6204989674501121, 0.6402086493559181], "features": ["Average_confidence(BORED)", "Average_confidence(CONCENTRATING)", "Average_confidence(CONFUSED)", "attempt_count", "skill_id", "problem_type", "bottom_hint", "position", "type", "overlap_time", "first_action", "school_id"]}