{"validation": 0.8784604717962263, "id_test": 0.8758769830133549, "ood_test": 0.8313217910447761, "ood_validation": 0.8323160247592847, "train": 0.8785911275869789, "id_test_conf": [0.8740072191976134, 0.8777287351127938], "id_test_balanced": 0.5351124405860901, "id_test_balanced_conf": [0.5343175152910408, 0.5359073658811394], "ood_test_conf": [0.8297108363776635, 0.8329235676015359], "ood_test_balanced": 0.5339531302452087, "ood_test_balanced_conf": [0.5333429581474047, 0.5345633023430127], "features": ["PHYSHLTH", "HIGH_BLOOD_PRESS", "CHOL_CHK_PAST_5_YEARS", "TOLDHI", "BMI5", "BMI5CAT", "SMOKDAY2", "CVDSTRK3", "MICHD", "DRNK_PER_WEEK", "MARITAL", "EDUCA", "HEALTH_COV", "MENTHLTH", "IYEAR", "PRACE1", "IYEAR", "MEDCOST", "PRACE1"]}