{"validation": 0.6955246770537528, "id_test": 0.6980947646052599, "ood_test": 0.45542168674698796, "ood_validation": 0.5268817204301075, "train": 0.696010347795037, "id_test_conf": [0.6954737851360877, 0.7007060608888533], "id_test_balanced": 0.5025764107704163, "id_test_balanced_conf": [0.5022780993510969, 0.5028747221897356], "ood_test_conf": [0.4211491187257814, 0.4900118638570553], "ood_test_balanced": 0.5, "ood_test_balanced_conf": [0.5, 0.5], "features": ["skill_id", "tutor_mode", "type", "overlap_time", "school_id"]}