{"id_test": 0.6273982558139535, "id_test_conf": [0.6216544850386811, 0.6331151178610276], "id_test_balanced": 0.5766472816467285, "id_test_balanced_conf": [0.5730681673018262, 0.5802263959916308], "ood_test": 0.5221340212498852, "ood_test_conf": [0.5207785954482502, 0.5234892016272098], "ood_test_balanced": 0.5666317343711853, "ood_test_balanced_conf": [0.5658315877697896, 0.567431880972581], "validation": 0.6297467204476906, "validation_conf": [0.6240099792593278, 0.6354560557248188], "validation_balanced": 0.579930305480957, "validation_balanced_conf": [0.5763347774371504, 0.5835258335247636], "features": ["RFBING5", "SMOKE100", "CHCOCNCR", "POVERTY", "EMPLOY1", "MEDCOST", "PRACE1", "IYEAR", "MEDCOST", "PRACE1", "BMI5CAT"]}