{"validation": 0.5906101239143864, "id_test": 0.584375, "ood_test": 0.5977180868979455, "ood_validation": 0.5954082775012487, "train": 0.5852830960005451, "id_test_conf": [0.5785255275295991, 0.5902066524159701], "id_test_balanced": 0.6009923219680786, "id_test_balanced_conf": [0.5969569962378591, 0.6050276476982981], "ood_test_conf": [0.5963870552679108, 0.5990480350008065], "ood_test_balanced": 0.5911281704902649, "ood_test_balanced_conf": [0.5901886574155651, 0.5920676835649646], "features": ["RFBING5", "SMOKE100", "CHCOCNCR", "POVERTY", "EMPLOY1", "MEDCOST", "PRACE1", "IYEAR", "MEDCOST", "PRACE1", "BMI5CAT"]}