{"validation": 0.6157563864966024, "id_test": 0.6156613372093023, "ood_test": 0.44709153678924646, "ood_validation": 0.4466337128192763, "train": 0.6114601076514274, "id_test_conf": [0.6098840600512445, 0.6214141852993096], "id_test_balanced": 0.5214717984199524, "id_test_balanced_conf": [0.5197834917623549, 0.5231601050775498], "ood_test_conf": [0.44574280929462595, 0.44844085094093294], "ood_test_balanced": 0.5222898721694946, "ood_test_balanced_conf": [0.5218803324701731, 0.5226994118688162], "features": ["RFBING5", "SMOKE100", "CHCOCNCR", "POVERTY", "EMPLOY1", "MEDCOST", "PRACE1", "IYEAR", "MEDCOST", "PRACE1", "BMI5CAT"]}