{"validation": 0.7902966199126236, "id_test": 0.792183908045977, "ood_test": 0.7524845744430314, "ood_validation": 0.7545570156846121, "train": 0.7907518105529371, "id_test_conf": [0.7798172092712341, 0.8041570300959788], "id_test_balanced": 0.7247188091278076, "id_test_balanced_conf": [0.7160036792047322, 0.733433939050883], "ood_test_conf": [0.7466215535772452, 0.7582783904669301], "ood_test_balanced": 0.7183992862701416, "ood_test_balanced_conf": [0.7144804137200117, 0.7223181588202715], "features": ["VCF0901b", "VCF0218", "VCF0224", "VCF0302", "VCF9011", "VCF9202", "VCF9203", "VCF9205", "VCF9206", "VCF0521", "VCF0428", "VCF0429", "VCF9052", "VCF0809", "VCF0822", "VCF0843", "VCF9045", "VCF9239", "VCF0846", "VCF0601", "VCF0606", "VCF0612", "VCF0615", "VCF0617", "VCF0717", "VCF0718", "VCF0701", "VCF0726", "VCF0745", "VCF0105a", "VCF0112"]}