{"validation": 0.7418524997970045, "id_test": 0.7409344400851839, "ood_test": 0.4386149003147954, "ood_validation": 0.5424528301886793, "train": 0.7416590889483419, "id_test_conf": [0.7392803275738122, 0.7425833974975824], "id_test_balanced": 0.5746385455131531, "id_test_balanced_conf": [0.5739661145338323, 0.5753109764924739], "ood_test_conf": [0.41618447814475296, 0.4612345035741063], "ood_test_balanced": 0.5018621683120728, "ood_test_balanced_conf": [0.5004948103334754, 0.5032295262906701], "features": ["Average_confidence(CONFUSED)", "Average_confidence(FRUSTRATED)", "skill_id", "ms_first_response", "overlap_time", "school_id"]}