{"validation": 0.7174951745087492, "id_test": 0.7196296577561766, "ood_test": 0.6952747296175785, "ood_validation": 0.6880853586247777, "train": 0.7175219500001186, "id_test_conf": [0.7174077615259227, 0.7218434931049205], "id_test_balanced": 0.6458859443664551, "id_test_balanced_conf": [0.6443807966541499, 0.6473910920787602], "ood_test_conf": [0.691986351982607, 0.6985481770994132], "ood_test_balanced": 0.6845916509628296, "ood_test_balanced_conf": [0.6822690884955227, 0.6869142134301365], "features": ["ENG", "FER", "HINS1", "HINS3", "NWLK", "POBP", "AGEP", "RAC1P", "DIVISION"]}