{"validation": 0.6039827028598422, "id_test": 0.6042877906976745, "ood_test": 0.504495315227043, "ood_validation": 0.504572776907046, "train": 0.6017215143875906, "id_test_conf": [0.5984814178260385, 0.6100721372123111], "id_test_balanced": 0.5568299293518066, "id_test_balanced_conf": [0.553152198875323, 0.5605076598282903], "ood_test_conf": [0.5031387130278098, 0.5058518675817963], "ood_test_balanced": 0.5468904376029968, "ood_test_balanced_conf": [0.5460702637676149, 0.5477106114383787], "features": ["DRNK_PER_WEEK", "RFBING5", "CHCSCNCR", "POVERTY", "IYEAR", "MEDCOST", "IYEAR", "MEDCOST", "PRACE1", "BMI5CAT"]}