{"id_test": 0.825503355704698, "id_test_conf": [0.7775516183797588, 0.8668458245188966], "id_test_balanced": 0.7401019334793091, "id_test_balanced_conf": [0.7077913224697113, 0.7724125444889068], "ood_test": 0.7128470332063146, "ood_test_conf": [0.707936820756796, 0.71771983268207], "ood_test_balanced": 0.721473217010498, "ood_test_balanced_conf": [0.7182496909005568, 0.7246967431204393], "validation": 0.8489932885906041, "validation_conf": [0.8032072659821807, 0.8876733605127383], "validation_balanced": 0.7863818407058716, "validation_balanced_conf": [0.7555598115175962, 0.817203869894147], "features": ["LIVING_QUARTERS_TYPE", "HOUSEHOLD_INC", "RECEIVED_WORK_COMP", "SEVERANCE_PAY_PENSION", "FOSTER_CHILD_CARE_AMT", "VA_BENEFITS_AMOUNT", "RETIREMENT_INCOME_AMOUNT", "SURVIVOR_INCOME_AMOUNT", "RACE", "LIVING_OWNERSHIP", "WIC_ASSISTANCE", "MEDICAID_ASSISTANCE", "HEALTHDISAB", "HOSPITAL_NIGHTS", "PRESCRIPTION_MEDS", "VISIT_DENTIST_NUM", "VISIT_DOCTOR_NUM", "HEALTH_OVER_THE_COUNTER_PRODUCTS_PAY", "HEALTH_COGNITIVE", "HEALTH_SUPPLEMENTAL_DISABILITY", "CITIZENSHIP_STATUS"]}