{"validation": 0.7337784387558143, "id_test": 0.7346028250303767, "ood_test": 0.7139018060623625, "ood_validation": 0.7145228215767635, "train": 0.7344293237287827, "id_test_conf": [0.7324183015993695, 0.7367787377510062], "id_test_balanced": 0.6768662333488464, "id_test_balanced_conf": [0.6753355009388179, 0.678396965758875], "ood_test_conf": [0.7106721496997207, 0.7171151072950506], "ood_test_balanced": 0.6784178614616394, "ood_test_balanced_conf": [0.6762371970014647, 0.6805985259218141], "features": ["COW", "HINS1", "HINS3", "NWLA", "RELP", "WKW", "WRK", "AGEP", "SEX", "MAR", "RAC1P", "DIVISION"]}