{"id_test": 0.6306686046511628, "id_test_conf": [0.6249348083607154, 0.6363748012495878], "id_test_balanced": 0.5772616863250732, "id_test_balanced_conf": [0.5737475381465629, 0.5807758345035836], "ood_test": 0.529503735570593, "ood_test_conf": [0.5281493021341751, 0.5308578418663088], "ood_test_balanced": 0.5726011395454407, "ood_test_balanced_conf": [0.5717927862657234, 0.573409492825158], "validation": 0.633671281659944, "validation_conf": [0.6279467862643208, 0.639367541910642], "validation_balanced": 0.5805240869522095, "validation_balanced_conf": [0.577008707090281, 0.584039466814138], "features": ["SMOKE100", "SMOKDAY2", "CHCSCNCR", "POVERTY", "EMPLOY1", "IYEAR", "PRACE1", "SEX", "STATE", "PRACE1", "SEX", "BMI5CAT"]}