{"validation": 0.875621930994114, "id_test": 0.8749715456407922, "ood_test": 0.8264455447401489, "ood_validation": 0.8223900751118238, "train": 0.8751665343876361, "id_test_conf": [0.8731102636340294, 0.8768151301149036], "id_test_balanced": 0.5222966074943542, "id_test_balanced_conf": [0.5216485475550872, 0.5229446674336213], "ood_test_conf": [0.824831448155188, 0.8280507640530673], "ood_test_balanced": 0.5164452791213989, "ood_test_balanced_conf": [0.5160044416744495, 0.5168861165683484], "features": ["CHOL_CHK_PAST_5_YEARS", "BMI5", "BMI5CAT", "SMOKE100", "MICHD", "FRUIT_ONCE_PER_DAY", "DRNK_PER_WEEK", "RFBING5", "MARITAL", "HEALTH_COV", "MENTHLTH", "IYEAR", "MEDCOST", "IYEAR", "STATE", "MEDCOST", "PRACE1", "SEX", "PRACE1"]}