{"validation": 0.7744517925513401, "id_test": 0.7726496051032807, "ood_test": 0.7698752486464412, "ood_validation": 0.7645524599881446, "train": 0.775265539824843, "id_test_conf": [0.7705749428867714, 0.7747142591358592], "id_test_balanced": 0.7295581102371216, "id_test_balanced_conf": [0.7280672724591568, 0.7310489480150864], "ood_test_conf": [0.7668641332413351, 0.7728657250256605], "ood_test_balanced": 0.746256947517395, "ood_test_balanced_conf": [0.7441468689218164, 0.7483670261129737], "features": ["HINS1", "HINS3", "NWLA", "NWLK", "OCCP", "RELP", "WKW", "AGEP", "DIVISION"]}