{"validation": 0.7762807328418189, "id_test": 0.7767314702308628, "ood_test": 0.7678597304738444, "ood_validation": 0.7563722584469472, "train": 0.777613412618867, "id_test_conf": [0.7746699656508086, 0.7787828166608883], "id_test_balanced": 0.7378867864608765, "id_test_balanced_conf": [0.7364007816370577, 0.7393727912846952], "ood_test_conf": [0.7648395479310381, 0.7708594283110068], "ood_test_balanced": 0.7468439340591431, "ood_test_balanced_conf": [0.7447189191915095, 0.7489689489267767], "features": ["COW", "FER", "HINS1", "HINS2", "HINS3", "HINS4", "NWLA", "OCCP", "RELP", "AGEP", "RAC1P", "DIVISION"]}