{"validation": 0.8309613745914254, "id_test": 0.8262832578725136, "ood_test": 0.7881459961536887, "ood_validation": 0.7854907015282637, "train": 0.8269477185072606, "id_test_conf": [0.8236167115917351, 0.828925707084552], "id_test_balanced": 0.6665607690811157, "id_test_balanced_conf": [0.6646117151807993, 0.6685098229814321], "ood_test_conf": [0.7844961682521822, 0.7917615722840282], "ood_test_balanced": 0.6710304021835327, "ood_test_balanced_conf": [0.6683926563104614, 0.673668148056604], "features": ["ENG", "NWLK", "OCCP", "POBP", "RELP", "DIS", "MIL", "ANC", "NATIVITY", "DREM", "PUBCOV", "SEX", "ST", "CIT", "RAC1P", "SCHL", "DIVISION"]}