{"id_test": 0.6603685560998367, "id_test_conf": [0.6459698656868884, 0.6745484251230254], "id_test_balanced": 0.6303309202194214, "id_test_balanced_conf": [0.6208424719981849, 0.6398193684406579], "ood_test": 0.6161905509339193, "ood_test_conf": [0.6119522552445572, 0.6204156101878966], "ood_test_balanced": 0.6143498420715332, "ood_test_balanced_conf": [0.6115059475786984, 0.617193736564368], "validation": 0.6553896406906207, "validation_conf": [0.6409430715216737, 0.6696241403468812], "validation_balanced": 0.6284754872322083, "validation_balanced_conf": [0.6189173793047666, 0.6380335951596499], "features": ["gender", "age", "weight", "admission_type_id", "discharge_disposition_id", "payer_code", "num_lab_procedures", "num_procedures", "number_outpatient", "number_emergency", "number_inpatient", "diag_2", "diag_3", "number_diagnoses", "repaglinide", "chlorpropamide", "glimepiride", "acetohexamide", "glipizide", "glyburide", "tolbutamide", "rosiglitazone", "acarbose", "metformin-pioglitazone", "diabetesMed", "admission_source_id"]}