{"validation": 0.763864190108534, "id_test": 0.7632834649655731, "ood_test": 0.7515379852722267, "ood_validation": 0.7479549496147007, "train": 0.76439476221855, "id_test_conf": [0.7611796576077591, 0.7653776082172894], "id_test_balanced": 0.7122706174850464, "id_test_balanced_conf": [0.7107723238924518, 0.713768911077641], "ood_test_conf": [0.7484478401846038, 0.7546088951467473], "ood_test_balanced": 0.7216867208480835, "ood_test_balanced_conf": [0.7195557933067903, 0.7238176483893767], "features": ["HINS2", "HINS3", "NWLK", "OCCP", "RELP", "SEX", "MAR", "RAC1P", "DIVISION"]}