{"validation": 0.7630351548903586, "id_test": 0.7626885884973673, "ood_test": 0.7524732910908828, "ood_validation": 0.7484291641967991, "train": 0.7640838747495299, "id_test_conf": [0.7605829782033258, 0.7647845565375447], "id_test_balanced": 0.7154338359832764, "id_test_balanced_conf": [0.7139293776988052, 0.7169382942677476], "ood_test_conf": [0.7493869927199643, 0.755540282656401], "ood_test_balanced": 0.7249767780303955, "ood_test_balanced_conf": [0.7228353480948135, 0.7271182079659775], "features": ["HINS2", "HINS3", "NWLK", "OCCP", "RELP", "SEX", "MAR", "RAC1P", "DIVISION"]}