{"validation": 0.9141610158800891, "id_test": 0.9147443920915876, "ood_test": 0.8807793659666214, "ood_validation": 0.8943965517241379, "train": 0.9149390755872294, "id_test_conf": [0.9140410250997281, 0.9154438197661486], "id_test_balanced": 0.8679335117340088, "id_test_balanced_conf": [0.867380094503751, 0.8684869289642666], "ood_test_conf": [0.8749752897615086, 0.8864058147053047], "ood_test_balanced": 0.8457837700843811, "ood_test_balanced_conf": [0.8417369503155351, 0.8498305898532271], "features": ["Average_confidence(BORED)", "attempt_count", "hint_count", "ms_first_response", "position", "overlap_time", "first_action", "school_id"]}