{"id_test": 0.9246725033912856, "id_test_conf": [0.9240075785616905, 0.9253333942417261], "id_test_balanced": 0.8838751316070557, "id_test_balanced_conf": [0.8833444307558238, 0.8844058324582875], "ood_test": 0.8810189251776731, "ood_test_conf": [0.875219725013915, 0.8866403847053362], "ood_test_balanced": 0.8461704850196838, "ood_test_balanced_conf": [0.8421249726880342, 0.8502159973513335], "validation": 0.9243398040915026, "validation_conf": [0.9236735391806805, 0.925002038190225], "validation_balanced": 0.8838635683059692, "validation_balanced_conf": [0.8833329039055389, 0.8843942327063996], "features": ["Average_confidence(BORED)", "attempt_count", "hint_count", "ms_first_response", "position", "overlap_time", "first_action", "school_id"]}