{"id_test": 0.6455925255733225, "id_test_conf": [0.6398614644912242, 0.6512923317090389], "id_test_balanced": 0.6130632758140564, "id_test_balanced_conf": [0.6092075718753039, 0.6169189797528088], "ood_test": 0.5431469343651951, "ood_test_conf": [0.5417907581975746, 0.5445026290227757], "ood_test_balanced": 0.5821062922477722, "ood_test_balanced_conf": [0.5812690580682829, 0.5829435264272615], "validation": 0.648509915432623, "validation_conf": [0.6427892323833073, 0.6541987169916471], "validation_balanced": 0.6159460544586182, "validation_balanced_conf": [0.612091478612274, 0.6198006303049624], "features": ["AGEG5YR", "VEG_ONCE_PER_DAY", "RFBING5", "SMOKE100", "SMOKDAY2", "CHCSCNCR", "CHCOCNCR", "POVERTY", "EMPLOY1", "IYEAR", "STATE", "PRACE1", "IYEAR", "BMI5CAT"]}