{"validation": 0.6163078400236346, "id_test": 0.6164186269803168, "ood_test": 0.45278327243731115, "ood_validation": 0.4478574400221883, "train": 0.6160596408622998, "id_test_conf": [0.6105963221769959, 0.6222159414563118], "id_test_balanced": 0.5406779646873474, "id_test_balanced_conf": [0.5380341900000348, 0.54332173937466], "ood_test_conf": [0.45142860494889664, 0.4541384668541062], "ood_test_balanced": 0.5233384370803833, "ood_test_balanced_conf": [0.5228186013060622, 0.5238582728547044], "features": ["AGEG5YR", "VEG_ONCE_PER_DAY", "RFBING5", "SMOKE100", "SMOKDAY2", "CHCSCNCR", "CHCOCNCR", "POVERTY", "EMPLOY1", "IYEAR", "STATE", "PRACE1", "IYEAR", "BMI5CAT"]}