{"id_test": 0.936931384091857, "id_test_conf": [0.9360095427318673, 0.9378438656481455], "id_test_balanced": 0.8988536596298218, "id_test_balanced_conf": [0.898093801146606, 0.8996135181130376], "ood_test": 0.583420776495278, "ood_test_conf": [0.560911827534833, 0.6056726076827481], "ood_test_balanced": 0.6299475431442261, "ood_test_balanced_conf": [0.6199676682986319, 0.6399274179898202], "validation": 0.9368647164337754, "validation_conf": [0.9359424230248983, 0.9377776514447737], "validation_balanced": 0.8986402750015259, "validation_balanced_conf": [0.8978799411747604, 0.8994006088282913], "features": ["Average_confidence(BORED)", "Average_confidence(CONCENTRATING)", "Average_confidence(CONFUSED)", "attempt_count", "skill_id", "tutor_mode", "type", "first_action", "school_id"]}