{"id_test": 0.799080459770115, "id_test_conf": [0.7868592480457612, 0.8108987421851745], "id_test_balanced": 0.6986814141273499, "id_test_balanced_conf": [0.6905526376143097, 0.70681019064039], "ood_test": 0.7315246573406811, "ood_test_conf": [0.7255085315114, 0.737477332197628], "ood_test_balanced": 0.6832740902900696, "ood_test_balanced_conf": [0.6795757623156533, 0.6869724182644859], "validation": 0.7992641986663601, "validation_conf": [0.7870454964871236, 0.811079629015241], "validation_balanced": 0.7028172016143799, "validation_balanced_conf": [0.6946448027901352, 0.7109896004386246], "features": ["VCF0004", "VCF0901b", "VCF0218", "VCF0224", "VCF0302", "VCF9008", "VCF9205", "VCF0875", "VCF0839", "VCF0822", "VCF0838", "VCF9239", "VCF0601", "VCF0606", "VCF0717", "VCF0718", "VCF0720", "VCF0724", "VCF0745", "VCF0104", "VCF0115", "VCF0140a", "VCF0112"]}