{"validation": 0.7882271786617613, "id_test": 0.7855172413793103, "ood_test": 0.7063256558805521, "ood_validation": 0.708774904620602, "train": 0.7806931831244971, "id_test_conf": [0.7730149296972246, 0.7976350110821802], "id_test_balanced": 0.6524965763092041, "id_test_balanced_conf": [0.6452212249767035, 0.6597719276417047], "ood_test_conf": [0.7001478494741551, 0.712446925196174], "ood_test_balanced": 0.644085168838501, "ood_test_balanced_conf": [0.6407806201837957, 0.6473897174932063], "features": ["VCF0004", "VCF0901b", "VCF0218", "VCF0224", "VCF0302", "VCF9008", "VCF9205", "VCF0875", "VCF0839", "VCF0822", "VCF0838", "VCF9239", "VCF0601", "VCF0606", "VCF0717", "VCF0718", "VCF0720", "VCF0724", "VCF0745", "VCF0104", "VCF0115", "VCF0140a", "VCF0112"]}