{"id_test": 0.7834394904458599, "id_test_conf": [0.7557394054283416, 0.8093544731087592], "id_test_balanced": 0.7753568887710571, "id_test_balanced_conf": [0.7566199875995516, 0.7940937899425626], "ood_test": 0.7022696055987965, "ood_test_conf": [0.694950841148692, 0.7095113379229432], "ood_test_balanced": 0.6954163312911987, "ood_test_balanced_conf": [0.6903079176973551, 0.7005247448850423], "validation": 0.742826780021254, "validation_conf": [0.7136365859732317, 0.7704882524922239], "validation_balanced": 0.7360212802886963, "validation_balanced_conf": [0.7161819864064455, 0.7558605741709471], "features": ["OFREMP31", "CMJHLD31", "MCRPB31", "FSAGT31", "HASFSA31", "MCARE31", "GOVTC31", "GOVCAT31", "IHSAT31", "RETPLN31", "VACMPY31", "VAPROX31", "MORE31", "STJBMM31", "YRSINUS", "PRIDK31", "TRIAT31X", "MCARE31X", "PUBAT31X", "INS31X", "RACEV2X", "RACEWX", "RACETHX", "HIDEG", "HWELLSPK", "WHTLGSPK", "TRICR31X", "PRIEU31", "PRIOG31", "PRINEO31", "PRIEUO31", "PRSTX31", "DENTIN31", "PMEDIN31", "PMEDUP31", "MARRY31X", "FTSTU31X", "HRWG31X", "HELD31X", "TRIST31X", "TRIPR31X", "TRICH31X", "VACMPM31", "VASPMH31", "ASMRCN31", "ASPKFL31", "IADLHP31", "ADLHLP31", "RCHDIF31", "FNGRDF31", "ACTLIM31", "WRKLIM31", "SCHLIM31", "SOCLIM31", "ASSTIL31", "FCRP1231", "RUCLAS31", "FAMSZE31", "FMRS1231", "FAMS1231", "REGION31", "BEGRFM31", "ENDRFM31", "INSCOP31", "RTHLTH31", "MNHLTH31", "CHBRON31", "ASATAK31", "UNABLE31", "VALOCT31", "VAMREC31", "VACARC31", "VAREP31", "VAPCPR31", "VAPROV31", "VAPCCO31", "VAPCUN31", "VAPACT31", "VACTDY31", "VARECM31", "VAMOBL31", "VACOPD31", "VAGERD31", "VAHRLS31", "VABACK31", "VAJTPN31", "VARTHR31", "VAPTSD31", "VABIPL31", "VADEPR31", "VAMNHC31", "VARXMD31", "VALCOH31", "REFPRS31", "AGE31X", "INSCOV19"]}