{"id_test": 0.6694144610380008, "id_test_conf": [0.6637722059874127, 0.6750203082013373], "id_test_balanced": 0.6333215236663818, "id_test_balanced_conf": [0.6295688179414719, 0.6370742293912918], "ood_test": 0.5992360524621015, "ood_test_conf": [0.5979008132386924, 0.6005701830007647], "ood_test_balanced": 0.6261622905731201, "ood_test_balanced_conf": [0.6252833800646477, 0.6270412010815926], "validation": 0.6647074045321799, "validation_conf": [0.659045667677903, 0.670333744297505], "validation_balanced": 0.6282590627670288, "validation_balanced_conf": [0.6245016913395375, 0.6320164341945201], "features": ["AGEG5YR", "DRNK_PER_WEEK", "RFBING5", "TOTINDA", "CHCSCNCR", "DIABETES", "POVERTY", "IYEAR", "STATE", "MEDCOST", "PRACE1", "SEX", "IYEAR", "PRACE1", "BMI5CAT"]}