{"validation": 0.7859277994941366, "id_test": 0.8041379310344827, "ood_test": 0.7687343978145165, "ood_validation": 0.7787197965239508, "train": 0.7916427175537418, "id_test_conf": [0.7920268845039988, 0.8158391852986363], "id_test_balanced": 0.7471158504486084, "id_test_balanced_conf": [0.7384697897173464, 0.7557619111798703], "ood_test_conf": [0.7630026570034728, 0.7743924705382803], "ood_test_balanced": 0.7420883178710938, "ood_test_balanced_conf": [0.7381492989230901, 0.7460273368190974], "features": ["VCF0224", "VCF0301", "VCF9201", "VCF9202", "VCF9204", "VCF9205", "VCF0875", "VCF0809", "VCF0839", "VCF0822", "VCF0870", "VCF9239", "VCF0846", "VCF0606", "VCF0612", "VCF0615", "VCF0720", "VCF0701", "VCF0725", "VCF0104", "VCF0115", "VCF0140a", "VCF0112"]}