{"validation": 0.7992641986663601, "id_test": 0.8057471264367816, "ood_test": 0.7588903019170081, "ood_validation": 0.7689699025010598, "train": 0.7985975399471203, "id_test_conf": [0.7936717649022215, 0.8174105112111755], "id_test_balanced": 0.722252607345581, "id_test_balanced_conf": [0.7138868063874543, 0.7306184083037078], "ood_test_conf": [0.7530776707346062, 0.7646319691063407], "ood_test_balanced": 0.7189517617225647, "ood_test_balanced_conf": [0.7151785112079233, 0.7227250122372061], "features": ["VCF0224", "VCF0301", "VCF9201", "VCF9202", "VCF9204", "VCF9205", "VCF0875", "VCF0809", "VCF0839", "VCF0822", "VCF0870", "VCF9239", "VCF0846", "VCF0606", "VCF0612", "VCF0615", "VCF0720", "VCF0701", "VCF0725", "VCF0104", "VCF0115", "VCF0140a", "VCF0112"]}