{"id_test": 0.7770700636942676, "id_test_conf": [0.7491157774098198, 0.8032798219561283], "id_test_balanced": 0.7707533240318298, "id_test_balanced_conf": [0.751837992593646, 0.7896686554700136], "ood_test": 0.7041009876381712, "ood_test_conf": [0.6967947826223699, 0.7113294622450722], "ood_test_balanced": 0.7095956802368164, "ood_test_balanced_conf": [0.7045401637721806, 0.7146511967014522], "validation": 0.7502656748140276, "validation_conf": [0.7213205076043754, 0.777634919653879], "validation_balanced": 0.747402012348175, "validation_balanced_conf": [0.7277847372740507, 0.7670192874222994], "features": ["JOBORG31", "OFREMP31", "CMJHLD31", "MCRPD31", "MCRPHO31", "MCDMC31", "PFSAMT31", "GOVTA31", "GOVTB31", "GOVBAT31", "GOVCAT31", "IHS31", "SICPAY31", "VACMPY31", "VAPROX31", "EMPST31", "DIFFWG31", "NHRWG31", "TEMPJB31", "SSNLJB31", "SELFCM31", "CHOIC31", "UNION31", "NWK31", "STJBYY31", "OCCCAT31", "PAYDR31", "PRIDK31", "PRING31", "MCAID31X", "MCARE31X", "MCDAT31X", "PUB31X", "PUBAT31X", "INS31X", "INSAT31X", "SEX", "RACEV1X", "RACEAX", "RACEBX", "RACETHX", "HISPANX", "HISPNCAT", "EDUCYR", "HIDEG", "HWELLSPK", "WHTLGSPK", "TRICR31X", "PRINEO31", "PRIEUO31", "PRSTX31", "VERFLG31", "DENTIN31", "PMEDIN31", "PMDINS31", "PMEDUP31", "PMEDPY31", "FTSTU31X", "DISVW31X", "TRIST31X", "TRICH31X", "VASPUN31", "VACMPM31", "ASMRCN31", "ASPREV31", "AIDHLP31", "WLKLIM31", "STPDIF31", "WLKDIF31", "MILDIF31", "RCHDIF31", "SCHLIM31", "VASPOU31", "SOCLIM31", "ASSTIL31", "RUSIZE31", "RUCLAS31", "FMRS1231", "FAMS1231", "REGION31", "ENDRFY31", "INSCOP31", "INSC1231", "ELGRND31", "PSTATS31", "SPOUID31", "ACTDTY31", "RTHLTH31", "MNHLTH31", "CHBRON31", "ASATAK31", "COGLIM31", "VAOUT31", "VAPAST31", "VAMREC31", "VACARC31", "VAPROB31", "VAREP31", "VAPROV31", "VAPCOT31", "VAPCOU31", "VASPCL31", "VAPACT31", "VAMOBL31", "VACOPD31", "VAHRLS31", "VAMOOD31", "VAPROS31", "VAMNHC31", "VARXMD31", "VALCOH31", "MOPID31X", "DAPID31X", "INSCOV19"]}