{"validation": 0.7114093959731543, "id_test": 0.7449664429530202, "ood_test": 0.5114316820903647, "ood_validation": 0.5195971692977681, "train": 0.7055369127516778, "id_test_conf": [0.6915107411919637, 0.7934781826306941], "id_test_balanced": 0.5043267011642456, "id_test_balanced_conf": [0.4968234121892601, 0.5118299901392311], "ood_test_conf": [0.5060279269696346, 0.5168334285976246], "ood_test_balanced": 0.5353788733482361, "ood_test_balanced_conf": [0.5332412438793108, 0.5375165028171613], "features": ["LIVING_QUARTERS_TYPE", "MARITAL_STATUS", "FAMILY_SIZE_AVG", "ORIGIN", "RECEIVED_WORK_COMP", "ALIMONY_AMT", "INCOME_FROM_ASSISTANCE", "VA_BENEFITS_AMOUNT", "RETIREMENT_INCOME_AMOUNT", "SURVIVOR_INCOME_AMOUNT", "FOOD_ASSISTANCE", "RACE", "GENDER", "LIVING_OWNERSHIP", "SNAP_ASSISTANCE", "HEALTHDISAB", "PRESCRIPTION_MEDS", "VISIT_DENTIST_NUM", "HEALTH_OVER_THE_COUNTER_PRODUCTS_PAY", "HEALTH_MEDICAL_CARE_PAY", "HEALTH_HEARING", "HEALTH_SUPPLEMENTAL_DISABILITY", "CITIZENSHIP_STATUS"]}