{"validation": 0.7417797194757415, "id_test": 0.7386206896551725, "ood_test": 0.6379821958456974, "ood_validation": 0.6341670199236965, "0": 0.7242094861660079, "1": 0.73862167982771, "3": 0.7327974906881004, "id_test_conf": [0.725291128493022, 0.7516291288785083], "id_test_balanced": 0.5606474876403809, "id_test_balanced_conf": [0.5557189418096096, 0.5655760334711522], "ood_test_conf": [0.6314756430833752, 0.6444509489020883], "ood_test_balanced": 0.5541199445724487, "ood_test_balanced_conf": [0.5519925541849807, 0.5562473349599167], "features": ["VCF0004", "VCF0901b", "VCF0218", "VCF0224", "VCF0302", "VCF9201", "VCF9202", "VCF9203", "VCF9206", "VCF0428", "VCF0429", "VCF0822", "VCF0870", "VCF0803", "VCF0601", "VCF0612", "VCF0615", "VCF0616", "VCF0617", "VCF0310", "VCF0743", "VCF0717", "VCF0718", "VCF0720", "VCF0721", "VCF0701", "VCF0675", "VCF0724", "VCF0725", "VCF0726", "VCF0745", "VCF0101", "VCF0104", "VCF0105a", "VCF0115", "VCF0140a", "VCF0112"]}