{"validation": 0.38537594849390666, "id_test": 0.3795402298850575, "ood_test": 0.3948471574584334, "ood_validation": 0.3857566765578635, "0": 0.42015810276679844, "1": 0.38808327351040917, "3": 0.35757694569692217, "id_test_conf": [0.3650894149570316, 0.39415297730337806], "id_test_balanced": 0.47311902046203613, "id_test_balanced_conf": [0.4638068375922739, 0.48243120333179834], "ood_test_conf": [0.3882631633757247, 0.40145995544318724], "ood_test_balanced": 0.4475443661212921, "ood_test_balanced_conf": [0.4436290444154292, 0.451459687827155], "features": ["VCF0004", "VCF0901b", "VCF0218", "VCF0224", "VCF0302", "VCF9201", "VCF9202", "VCF9203", "VCF9206", "VCF0428", "VCF0429", "VCF0822", "VCF0870", "VCF0803", "VCF0601", "VCF0612", "VCF0615", "VCF0616", "VCF0617", "VCF0310", "VCF0743", "VCF0717", "VCF0718", "VCF0720", "VCF0721", "VCF0701", "VCF0675", "VCF0724", "VCF0725", "VCF0726", "VCF0745", "VCF0101", "VCF0104", "VCF0105a", "VCF0115", "VCF0140a", "VCF0112"]}