{"validation": 0.3718096114049207, "id_test": 0.36114942528735633, "ood_test": 0.39531816683151993, "ood_validation": 0.3878762187367529, "0": 0.40306324110671937, "1": 0.3682699210337401, "3": 0.34424622623015094, "id_test_conf": [0.3468576608706159, 0.3756278646164141], "id_test_balanced": 0.48291534185409546, "id_test_balanced_conf": [0.47450592314824463, 0.4913247605599463], "ood_test_conf": [0.38873274867247976, 0.4019322598438311], "ood_test_balanced": 0.459235280752182, "ood_test_balanced_conf": [0.45575508327223363, 0.4627154782321304], "features": ["VCF0004", "VCF0901b", "VCF0218", "VCF0224", "VCF0302", "VCF9201", "VCF9202", "VCF9203", "VCF9206", "VCF0428", "VCF0429", "VCF0822", "VCF0870", "VCF0803", "VCF0601", "VCF0612", "VCF0615", "VCF0616", "VCF0617", "VCF0310", "VCF0743", "VCF0717", "VCF0718", "VCF0720", "VCF0721", "VCF0701", "VCF0675", "VCF0724", "VCF0725", "VCF0726", "VCF0745", "VCF0101", "VCF0104", "VCF0105a", "VCF0115", "VCF0140a", "VCF0112"]}