{"validation": 0.29891929179121635, "id_test": 0.29586206896551726, "ood_test": 0.4046441524186331, "ood_validation": 0.4133107248834252, "0": 0.3158102766798419, "1": 0.2981335247666906, "3": 0.3091550676337973, "id_test_conf": [0.2823242089427632, 0.3096745287407698], "id_test_balanced": 0.4988372027873993, "id_test_balanced_conf": [0.4981214833154809, 0.4995529222593177], "ood_test_conf": [0.3980318469364063, 0.41128257766661314], "ood_test_balanced": 0.49889662861824036, "ood_test_balanced_conf": [0.49858102862373926, 0.49921222861274145], "features": ["VCF0004", "VCF0901b", "VCF0218", "VCF0224", "VCF0302", "VCF9201", "VCF9202", "VCF9203", "VCF9206", "VCF0428", "VCF0429", "VCF0822", "VCF0870", "VCF0803", "VCF0601", "VCF0612", "VCF0615", "VCF0616", "VCF0617", "VCF0310", "VCF0743", "VCF0717", "VCF0718", "VCF0720", "VCF0721", "VCF0701", "VCF0675", "VCF0724", "VCF0725", "VCF0726", "VCF0745", "VCF0101", "VCF0104", "VCF0105a", "VCF0115", "VCF0140a", "VCF0112"]}