{"validation": 0.7017705219590711, "id_test": 0.707816091954023, "ood_test": 0.716358155527295, "ood_validation": 0.7278507842306062, "0": 0.6882411067193676, "1": 0.6972720746590093, "3": 0.7441678102332876, "id_test_conf": [0.6940505391072789, 0.7213020860475027], "id_test_balanced": 0.6921036839485168, "id_test_balanced_conf": [0.6824374023638665, 0.7017699655331672], "ood_test_conf": [0.7102419098356967, 0.7224151119247824], "ood_test_balanced": 0.7003416419029236, "ood_test_balanced_conf": [0.6960595413949341, 0.7046237424109131], "features": ["VCF0004", "VCF0901b", "VCF0218", "VCF0224", "VCF0302", "VCF9201", "VCF9202", "VCF9203", "VCF9206", "VCF0428", "VCF0429", "VCF0822", "VCF0870", "VCF0803", "VCF0601", "VCF0612", "VCF0615", "VCF0616", "VCF0617", "VCF0310", "VCF0743", "VCF0717", "VCF0718", "VCF0720", "VCF0721", "VCF0701", "VCF0675", "VCF0724", "VCF0725", "VCF0726", "VCF0745", "VCF0101", "VCF0104", "VCF0105a", "VCF0115", "VCF0140a", "VCF0112"]}