{"validation": 0.7176362382156818, "id_test": 0.7186206896551725, "ood_test": 0.616880975931421, "ood_validation": 0.6116998728274693, "0": 0.700197628458498, "1": 0.7170854271356784, "3": 0.7114291315428347, "id_test_conf": [0.7049991455080322, 0.7319481036453543], "id_test_balanced": 0.5260297656059265, "id_test_balanced_conf": [0.5226877852296457, 0.5293717459822074], "ood_test_conf": [0.6103024940050661, 0.623427440507976], "ood_test_balanced": 0.5277529954910278, "ood_test_balanced_conf": [0.5261999047640711, 0.5293060862179846], "features": ["VCF0004", "VCF0901b", "VCF0218", "VCF0224", "VCF0302", "VCF9201", "VCF9202", "VCF9203", "VCF9206", "VCF0428", "VCF0429", "VCF0822", "VCF0870", "VCF0803", "VCF0601", "VCF0612", "VCF0615", "VCF0616", "VCF0617", "VCF0310", "VCF0743", "VCF0717", "VCF0718", "VCF0720", "VCF0721", "VCF0701", "VCF0675", "VCF0724", "VCF0725", "VCF0726", "VCF0745", "VCF0101", "VCF0104", "VCF0105a", "VCF0115", "VCF0140a", "VCF0112"]}