{"validation": 0.6185329960910554, "id_test": 0.6232183908045977, "ood_test": 0.6068013753473694, "ood_validation": 0.6269605765154727, "0": 0.5976284584980237, "1": 0.6121320890165112, "3": 0.6524210939031563, "id_test_conf": [0.6086243730269403, 0.6376467652570275], "id_test_balanced": 0.5324289798736572, "id_test_balanced_conf": [0.5230511869303882, 0.5418067728169262], "ood_test_conf": [0.6001931602779469, 0.613380334840903], "ood_test_balanced": 0.5587882995605469, "ood_test_balanced_conf": [0.5547309869807213, 0.5628456121403724], "features": ["VCF0004", "VCF0901b", "VCF0218", "VCF0224", "VCF0302", "VCF9201", "VCF9202", "VCF9203", "VCF9206", "VCF0428", "VCF0429", "VCF0822", "VCF0870", "VCF0803", "VCF0601", "VCF0612", "VCF0615", "VCF0616", "VCF0617", "VCF0310", "VCF0743", "VCF0717", "VCF0718", "VCF0720", "VCF0721", "VCF0701", "VCF0675", "VCF0724", "VCF0725", "VCF0726", "VCF0745", "VCF0101", "VCF0104", "VCF0105a", "VCF0115", "VCF0140a", "VCF0112"]}