{"validation": 0.8759112170512894, "id_test": 0.8751112235818483, "ood_test": 0.8261261133822774, "ood_validation": 0.8334818586887333, "train": 0.8754325224207582, "id_test_conf": [0.8732469814118146, 0.8769576888023541], "id_test_balanced": 0.5288529396057129, "id_test_balanced_conf": [0.5281197798799258, 0.5295860993315], "ood_test_conf": [0.8245062825295398, 0.8277370255584929], "ood_test_balanced": 0.5234130620956421, "ood_test_balanced_conf": [0.5228728414245416, 0.5239532827667426], "features": ["PHYSHLTH", "BMI5", "BMI5CAT", "SMOKE100", "CVDSTRK3", "VEG_ONCE_PER_DAY", "DRNK_PER_WEEK", "INCOME", "CHECKUP1", "IYEAR", "SEX", "IYEAR", "MEDCOST", "PRACE1"]}