{"validation": 0.618535359136446, "id_test": 0.6263122874463996, "ood_test": 0.5415157860638384, "ood_validation": 0.5412407809110629, "train": 0.6193816395654564, "id_test_conf": [0.6205154978473097, 0.6320819352522623], "id_test_balanced": 0.6102946996688843, "id_test_balanced_conf": [0.6062433588597923, 0.6143460404779763], "ood_test_conf": [0.5401584974007668, 0.5428726109116842], "ood_test_balanced": 0.5711695551872253, "ood_test_balanced_conf": [0.5702792943327222, 0.5720598160417285], "features": ["AGEG5YR", "DRNK_PER_WEEK", "RFBING5", "TOTINDA", "SMOKDAY2", "CHCSCNCR", "DIABETES", "EMPLOY1", "STATE", "MEDCOST", "PRACE1", "STATE", "MEDCOST", "SEX", "BMI5CAT", "IYEAR"]}