{"validation": 0.8031731432513222, "id_test": 0.7949425287356322, "ood_test": 0.7212095520700862, "ood_validation": 0.7197965239508266, "train": 0.7919013679733302, "id_test_conf": [0.7826333797751348, 0.8068543607358444], "id_test_balanced": 0.6737688183784485, "id_test_balanced_conf": [0.6661597698275, 0.681377866929397], "ood_test_conf": [0.715124393419776, 0.7272340903533765], "ood_test_balanced": 0.6629526615142822, "ood_test_balanced_conf": [0.6595449216105044, 0.6663604014180601], "features": ["VCF0004", "VCF9008", "VCF9011", "VCF9201", "VCF9204", "VCF9205", "VCF9206", "VCF0523", "VCF0809", "VCF0839", "VCF0870", "VCF9045", "VCF0838", "VCF0846", "VCF0601", "VCF0615", "VCF0310", "VCF0717", "VCF0720", "VCF0675", "VCF0725", "VCF0726", "VCF0101", "VCF0112"]}