{"validation": 0.7782403885131425, "id_test": 0.7773362461110823, "ood_test": 0.3684661630049506, "ood_validation": 0.36471675689951144, "train": 0.7772699600049822, "id_test_conf": [0.776181378516459, 0.7784879042598911], "id_test_balanced": 0.5050837993621826, "id_test_balanced_conf": [0.5049188878791756, 0.5052487108451896], "ood_test_conf": [0.3674205739341183, 0.36951268374123303], "ood_test_balanced": 0.5029072165489197, "ood_test_balanced_conf": [0.5027821619066526, 0.5030322711911868], "features": ["MIG", "DEAR", "DEYE", "ESR", "FER", "SEX", "DIVISION", "ACS_YEAR", "DIS"]}