{"validation": 0.7783262543906418, "id_test": 0.7773562148799278, "ood_test": 0.3673584169746796, "ood_validation": 0.3640014965447423, "train": 0.7773108960526418, "id_test_conf": [0.7762013840396598, 0.778507836043188], "id_test_balanced": 0.5048680305480957, "id_test_balanced_conf": [0.5047080613716389, 0.5050279997245525], "ood_test_conf": [0.3663134894015067, 0.36840428406002096], "ood_test_balanced": 0.502257764339447, "ood_test_balanced_conf": [0.5021493947948329, 0.5023661338840612], "features": ["MIG", "DEAR", "DEYE", "ESR", "FER", "SEX", "DIVISION", "ACS_YEAR", "DIS"]}