{"validation": 0.5968283448817773, "id_test": 0.598328452032288, "ood_test": 0.4179262950047996, "ood_validation": 0.4178759950438753, "train": 0.6006187941995856, "id_test_conf": [0.5925582784032698, 0.6040782134381959], "id_test_balanced": 0.5003050565719604, "id_test_balanced_conf": [0.49991048985219094, 0.5006996232917299], "ood_test_conf": [0.4165982653330907, 0.41925522149904576], "ood_test_balanced": 0.5001955628395081, "ood_test_balanced_conf": [0.5001131998864002, 0.5002779257926159], "features": ["FRUIT_ONCE_PER_DAY", "VEG_ONCE_PER_DAY", "DRNK_PER_WEEK", "RFBING5", "TOTINDA", "SMOKDAY2", "DIABETES", "POVERTY", "EMPLOY1", "IYEAR", "STATE", "STATE", "SEX", "BMI5CAT"]}