{"validation": 0.8743861988228026, "id_test": 0.874052876329225, "ood_test": 0.8247013259813575, "ood_validation": 0.8207865642670268, "train": 0.8739297847323916, "id_test_conf": [0.8721858121921011, 0.8759022864525766], "id_test_balanced": 0.5042532086372375, "id_test_balanced_conf": [0.5039674064028077, 0.5045390108716674], "ood_test_conf": [0.823080902194938, 0.8263129199945884], "ood_test_balanced": 0.5038838982582092, "ood_test_balanced_conf": [0.5036586503311992, 0.5041091461852193], "features": ["HIGH_BLOOD_PRESS", "BMI5", "SMOKE100", "SMOKDAY2", "RFBING5", "TOTINDA", "INCOME", "EDUCA", "MENTHLTH", "IYEAR", "STATE", "SEX", "STATE", "MEDCOST", "SEX", "PRACE1"]}