{"id_test": 0.6039188243526942, "id_test_conf": [0.5890950370455367, 0.6186008634770692], "id_test_balanced": 0.5681414604187012, "id_test_balanced_conf": [0.5586787082441151, 0.5776042125932872], "ood_test": 0.5456364777899859, "ood_test_conf": [0.541301494818185, 0.5499662622226189], "ood_test_balanced": 0.5428024530410767, "ood_test_balanced_conf": [0.5400897456100211, 0.5455151604721322], "validation": 0.6094260382641157, "validation_conf": [0.5946327253226075, 0.6240700522196396], "validation_balanced": 0.5779584050178528, "validation_balanced_conf": [0.568410859722644, 0.5875059503130615], "features": ["race", "admission_type_id", "payer_code", "medical_specialty", "num_lab_procedures", "num_procedures", "number_outpatient", "max_glu_serum", "metformin", "repaglinide", "chlorpropamide", "acetohexamide", "glyburide", "tolbutamide", "troglitazone", "tolazamide", "glipizide-metformin", "metformin-rosiglitazone", "metformin-pioglitazone", "change", "admission_source_id"]}