{"validation": 0.6384384598899921, "id_test": 0.6427244803200228, "ood_test": 0.5553466390318511, "ood_validation": 0.5574621925759967, "train": 0.6403939567111937, "id_test_conf": [0.6370789927461217, 0.6483403366041731], "id_test_balanced": 0.5700930953025818, "id_test_balanced_conf": [0.5673575405776501, 0.5728286500275135], "ood_test_conf": [0.5540078744498476, 0.5566847988432528], "ood_test_balanced": 0.5989571213722229, "ood_test_balanced_conf": [0.5981712661089841, 0.5997429766354617], "features": ["DRNK_PER_WEEK", "RFBING5", "TOTINDA", "SMOKDAY2", "DIABETES", "STATE", "IYEAR", "STATE", "BMI5CAT"]}