{"validation": 0.7741986520267063, "id_test": 0.775465775617659, "ood_test": 0.7396688227002675, "ood_validation": 0.7397747480735033, "train": 0.7750250568971532, "id_test_conf": [0.7734001609885395, 0.7775212785987644], "id_test_balanced": 0.6845664978027344, "id_test_balanced_conf": [0.6832090248935856, 0.6859239707118832], "ood_test_conf": [0.7365315130524777, 0.7427878055657031], "ood_test_balanced": 0.6894447207450867, "ood_test_balanced_conf": [0.6874736736062914, 0.6914157678838819], "features": ["COW", "ENG", "FER", "HINS1", "HINS2", "HINS3", "HINS4", "NWLK", "POBP", "RELP", "WKW", "WRK", "SEX", "ST", "MAR", "RAC1P", "SCHL", "ACS_YEAR", "DIVISION"]}