{"validation": 0.8109910324212463, "id_test": 0.7986206896551724, "ood_test": 0.7322782723376196, "ood_validation": 0.7354811360746079, "train": 0.7978790665593747, "id_test_conf": [0.7863896104439219, 0.8104494632729222], "id_test_balanced": 0.6873688697814941, "id_test_balanced_conf": [0.6795025299116969, 0.6952352096512914], "ood_test_conf": [0.7262673493431249, 0.7382255375316916], "ood_test_balanced": 0.6783159375190735, "ood_test_balanced_conf": [0.6748002639971673, 0.6818316110409797], "features": ["VCF0004", "VCF0218", "VCF9008", "VCF9201", "VCF9203", "VCF9204", "VCF9205", "VCF9206", "VCF0521", "VCF0428", "VCF0429", "VCF0809", "VCF0839", "VCF0870", "VCF0843", "VCF9045", "VCF0838", "VCF0803", "VCF0846", "VCF0606", "VCF0615", "VCF0310", "VCF0743", "VCF0718", "VCF0720", "VCF0721", "VCF0675", "VCF0724", "VCF0745", "VCF0101", "VCF0105a", "VCF0112"]}