{"validation": 0.7821762407120079, "id_test": 0.781371934294763, "ood_test": 0.3740048931563059, "ood_validation": 0.3699436594920551, "train": 0.7812851872162714, "id_test_conf": [0.7802245731820949, 0.7825160392344404], "id_test_balanced": 0.5180187821388245, "id_test_balanced_conf": [0.5177255954511929, 0.518311968826456], "ood_test_conf": [0.37295608522101276, 0.3750545935236252], "ood_test_balanced": 0.5069112777709961, "ood_test_balanced_conf": [0.5067424024344654, 0.5070801531075267], "features": ["ESP", "MIG", "ANC", "NATIVITY", "DEAR", "FER", "SEX", "MAR", "RAC1P", "DIVISION", "ACS_YEAR", "DIS"]}