{"validation": 0.7856975603581938, "id_test": 0.7869519542324828, "ood_test": 0.753513983480655, "ood_validation": 0.7548310610551274, "train": 0.7870143965421086, "id_test_conf": [0.7849246548822452, 0.7889687198975247], "id_test_balanced": 0.7109658122062683, "id_test_balanced_conf": [0.7095688924565912, 0.7123627319559455], "ood_test_conf": [0.750431988009171, 0.7565765924864888], "ood_test_balanced": 0.7091341614723206, "ood_test_balanced_conf": [0.7071285699261353, 0.7111397530185058], "features": ["COW", "ENG", "HINS2", "NWLA", "WKHP", "AGEP", "SEX", "ST", "CIT", "RAC1P", "SCHL", "ACS_YEAR", "DIVISION"]}