{"validation": 0.8110572704032966, "id_test": 0.8098641705244951, "ood_test": 0.7787552682188306, "ood_validation": 0.7797827287792304, "train": 0.8098830240152111, "id_test_conf": [0.807103577284556, 0.8126018818006846], "id_test_balanced": 0.5621410608291626, "id_test_balanced_conf": [0.5606952805770561, 0.5635868410812691], "ood_test_conf": [0.7750487065726388, 0.7824286962854766], "ood_test_balanced": 0.5670144557952881, "ood_test_balanced_conf": [0.5650057813897729, 0.5690231302008033], "features": ["ENG", "NWLK", "POBP", "WKW", "DIS", "MIL", "ST", "CIT", "SCHL", "ACS_YEAR", "DIVISION"]}