{"id_test": 0.8766703945273916, "id_test_conf": [0.8748160692721383, 0.8785068686613455], "id_test_balanced": 0.5391527414321899, "id_test_balanced_conf": [0.5383193742891308, 0.5399861085752491], "ood_test": 0.828323407786721, "ood_test_conf": [0.8267116411252122, 0.8299261955940481], "ood_test_balanced": 0.5354872941970825, "ood_test_balanced_conf": [0.5348456626618281, 0.536128925732337], "validation": 0.87700508567277, "validation_conf": [0.8751529016057967, 0.8788394026957027], "validation_balanced": 0.5348506569862366, "validation_balanced_conf": [0.5340488422615454, 0.5356524717109278], "features": ["PHYSHLTH", "HIGH_BLOOD_PRESS", "BMI5", "BMI5CAT", "SMOKE100", "SMOKDAY2", "CVDSTRK3", "FRUIT_ONCE_PER_DAY", "VEG_ONCE_PER_DAY", "DRNK_PER_WEEK", "TOTINDA", "CHECKUP1", "EDUCA", "PRACE1", "SEX", "IYEAR", "STATE", "PRACE1", "SEX", "PRACE1"]}