{"id_test": 0.7937931034482759, "id_test_conf": [0.7814598718805692, 0.8057305766137102], "id_test_balanced": 0.6942506432533264, "id_test_balanced_conf": [0.6860468303412199, 0.7024544561654329], "ood_test": 0.7431114879186096, "ood_test_conf": [0.7371778163703163, 0.7489785280932633], "ood_test_balanced": 0.6975228786468506, "ood_test_balanced_conf": [0.6938053614646197, 0.7012403958290815], "validation": 0.8024833295010347, "validation_conf": [0.7903344786182813, 0.8142245395593876], "validation_balanced": 0.7084179520606995, "validation_balanced_conf": [0.7002318208105862, 0.7166040833108127], "features": ["VCF0218", "VCF0301", "VCF0302", "VCF9011", "VCF9202", "VCF9203", "VCF0429", "VCF0809", "VCF0870", "VCF9045", "VCF0838", "VCF0612", "VCF0615", "VCF0616", "VCF0743", "VCF0718", "VCF0720", "VCF0721", "VCF0724", "VCF0726", "VCF0745", "VCF0104", "VCF0115", "VCF0112"]}