{"validation": 0.694465715280195, "id_test": 0.694290451599838, "ood_test": 0.6359289167577822, "ood_validation": 0.6292827504445762, "train": 0.6937608128322956, "id_test_conf": [0.6920121860267294, 0.6965615866320485], "id_test_balanced": 0.5629311800003052, "id_test_balanced_conf": [0.5617660766234621, 0.5640962833771482], "ood_test_conf": [0.6324942954628481, 0.6393531465105795], "ood_test_balanced": 0.5607396364212036, "ood_test_balanced_conf": [0.5590671017230489, 0.5624121711193584], "features": ["COW", "FER", "HINS1", "HINS3", "HINS4", "NWLA", "NWLK", "WRK", "SEX", "CIT", "DIVISION"]}