{"validation": 0.6924532481093567, "id_test": 0.6939740279465371, "ood_test": 0.623203488295504, "ood_validation": 0.6221695317131002, "train": 0.6932355474902363, "id_test_conf": [0.6916951108736016, 0.6962458260952458], "id_test_balanced": 0.5440211296081543, "id_test_balanced_conf": [0.5430793558992445, 0.5449629033170641], "ood_test_conf": [0.6197450645021179, 0.626652493553548], "ood_test_balanced": 0.5356013774871826, "ood_test_balanced_conf": [0.5343243295350112, 0.536878425439354], "features": ["COW", "FER", "HINS1", "HINS3", "HINS4", "NWLA", "NWLK", "WRK", "SEX", "CIT", "DIVISION"]}