{"id_test": 0.8770056804917905, "id_test_conf": [0.875197622663682, 0.8787967078653909], "id_test_balanced": 0.533305287361145, "id_test_balanced_conf": [0.5325411815894767, 0.5340693931328133], "ood_test": 0.8323288304918135, "ood_test_conf": [0.8307781149740596, 0.8338709730352629], "ood_test_balanced": 0.5286262631416321, "ood_test_balanced_conf": [0.5280701576790306, 0.5291823686042335], "validation": 0.8771214467469205, "validation_conf": [0.8753141060040063, 0.8789117516533383], "validation_balanced": 0.5333636403083801, "validation_balanced_conf": [0.5325999247143045, 0.5341273559024557], "features": ["PHYSHLTH", "HIGH_BLOOD_PRESS", "BMI5CAT", "SMOKE100", "CVDSTRK3", "MICHD", "FRUIT_ONCE_PER_DAY", "VEG_ONCE_PER_DAY", "DRNK_PER_WEEK", "RFBING5", "TOTINDA", "MARITAL", "MENTHLTH", "IYEAR", "STATE", "SEX", "MEDCOST", "SEX", "PRACE1"]}