{"validation": 0.8754873199542444, "id_test": 0.8749669286436853, "ood_test": 0.8329159642560081, "ood_validation": 0.831391857811937, "train": 0.8753006839008514, "id_test_conf": [0.8731462017523699, 0.8767707175176237], "id_test_balanced": 0.5536504983901978, "id_test_balanced_conf": [0.55267447758466, 0.5546265191957355], "ood_test_conf": [0.8313674035729061, 0.8344559367957729], "ood_test_balanced": 0.5495085120201111, "ood_test_balanced_conf": [0.5487802346481476, 0.5502367893920745], "features": ["PHYSHLTH", "HIGH_BLOOD_PRESS", "BMI5CAT", "SMOKE100", "CVDSTRK3", "MICHD", "FRUIT_ONCE_PER_DAY", "VEG_ONCE_PER_DAY", "DRNK_PER_WEEK", "RFBING5", "TOTINDA", "MARITAL", "MENTHLTH", "IYEAR", "STATE", "SEX", "MEDCOST", "SEX", "PRACE1"]}