{"validation": 0.8757085611881523, "id_test": 0.8736405728437601, "ood_test": 0.8293294018016595, "ood_validation": 0.8266793034000711, "train": 0.8743933485621112, "id_test_conf": [0.8718223966715204, 0.8754420671575369], "id_test_balanced": 0.5049287676811218, "id_test_balanced_conf": [0.5046218228695216, 0.505235712492722], "ood_test_conf": [0.8277784159299116, 0.8308720071083857], "ood_test_balanced": 0.5057355761528015, "ood_test_balanced_conf": [0.5054853184695821, 0.5059858338360209], "features": ["PHYSHLTH", "HIGH_BLOOD_PRESS", "CHOL_CHK_PAST_5_YEARS", "TOLDHI", "SMOKDAY2", "VEG_ONCE_PER_DAY", "DRNK_PER_WEEK", "RFBING5", "TOTINDA", "INCOME", "CHECKUP1", "EDUCA", "IYEAR", "MEDCOST", "PRACE1", "IYEAR", "PRACE1"]}