{"validation": 0.8761806026073257, "id_test": 0.8746949004497923, "ood_test": 0.8260695306937509, "ood_validation": 0.8322087842138766, "train": 0.8755774193449639, "id_test_conf": [0.8728280263030777, 0.8765440174506601], "id_test_balanced": 0.5074827075004578, "id_test_balanced_conf": [0.5071227616263786, 0.5078426533745369], "ood_test_conf": [0.8244494934317383, 0.8276806508288392], "ood_test_balanced": 0.5063968300819397, "ood_test_balanced_conf": [0.5061326277424815, 0.5066610324213979], "features": ["PHYSHLTH", "HIGH_BLOOD_PRESS", "TOLDHI", "BMI5", "SMOKDAY2", "CVDSTRK3", "MICHD", "VEG_ONCE_PER_DAY", "TOTINDA", "INCOME", "EDUCA", "HEALTH_COV", "STATE", "SEX", "SEX", "PRACE1", "IYEAR"]}