{"validation": 0.8031731432513222, "id_test": 0.8032183908045977, "ood_test": 0.7493288116433517, "ood_validation": 0.7600678253497245, "train": 0.8015576503046327, "id_test_conf": [0.7910870910130712, 0.8149411464298459], "id_test_balanced": 0.6980354189872742, "id_test_balanced_conf": [0.6900625154562294, 0.7060083225183189], "ood_test_conf": [0.7434416003245523, 0.7551476846391801], "ood_test_balanced": 0.6993011236190796, "ood_test_balanced_conf": [0.695740199079737, 0.7028620481584221], "features": ["VCF0004", "VCF0224", "VCF9008", "VCF9202", "VCF9205", "VCF9206", "VCF0521", "VCF0523", "VCF0429", "VCF0809", "VCF0822", "VCF0843", "VCF9045", "VCF0838", "VCF9239", "VCF0803", "VCF0846", "VCF0606", "VCF0612", "VCF0310", "VCF0718", "VCF0720", "VCF0701", "VCF0724", "VCF0725", "VCF0105a", "VCF0115", "VCF0112"]}