{"validation": 0.7545164718384697, "id_test": 0.778131634819533, "ood_test": 0.726142978612074, "ood_validation": 0.7280753384343731, "train": 0.7803744522639756, "id_test_conf": [0.7502190878929332, 0.8042928945090383], "id_test_balanced": 0.7625433206558228, "id_test_balanced_conf": [0.7437283784896135, 0.781358262822032], "ood_test_conf": [0.7189991254809638, 0.7332006947572416], "ood_test_balanced": 0.7231441736221313, "ood_test_balanced_conf": [0.7181387787777931, 0.7281495684664696], "features": ["OFREMP31", "MCRPD31", "MCRPB31", "MCRPHO31", "MCDMC31", "MCAID31", "MCARE31", "GOVAAT31", "GOVTB31", "GOVCAT31", "VAPRAT31", "RETPLN31", "SICPAY31", "VAPROX31", "RNDFLG31", "MORJOB31", "HRWGIM31", "SSNLJB31", "SELFCM31", "MORE31", "UNION31", "NWK31", "STJBMM31", "STJBYY31", "PAYDR31", "PRIDK31", "TRIAT31X", "MCARE31X", "INS31X", "SEX", "RACEV1X", "RACEAX", "RACETHX", "HISPANX", "HWELLSPK", "WHTLGSPK", "TRILI31X", "PRIEUO31", "PRSTX31", "PRIV31", "VERFLG31", "PMDINS31", "PMEDUP31", "PMEDPY31", "MARRY31X", "FTSTU31X", "DISVW31X", "TRIST31X", "TRIEX31X", "TRICH31X", "VASPMH31", "ASPREV31", "ASWNFL31", "ADLHLP31", "WLKLIM31", "FNGRDF31", "WRKLIM31", "HSELIM31", "VASPOU31", "ASACUT31", "ASTHEP31", "RUCLAS31", "FMRS1231", "REGION31", "RESP31", "BEGRFY31", "ENDRFM31", "INSCOP31", "INSC1231", "SPOUID31", "SPOUIN31", "RTHLTH31", "MNHLTH31", "CHBRON31", "VALOCT31", "VANEED31", "VAPAST31", "VACOMP31", "VACARC31", "VACARE31", "VAPROV31", "VAPCRC31", "VAPCRF31", "VAPCSO31", "VAPCUN31", "VASPCL31", "VACOPD31", "VADERM31", "VAHRLS31", "VABACK31", "VAGOUT31", "VANECK31", "VATMD31", "VACOST31", "VARHAB31", "VARXMD31", "MOPID31X", "DAPID31X", "AGE31X", "INSCOV19"]}