{"validation": 0.7432775369426953, "id_test": 0.7454624848116647, "ood_test": 0.7345444006797434, "ood_validation": 0.7308832246591582, "train": 0.7446601319650066, "id_test_conf": [0.7433070665216023, 0.7476088935691207], "id_test_balanced": 0.6953105330467224, "id_test_balanced_conf": [0.6937817571149207, 0.6968393089785241], "ood_test_conf": [0.7313876524539177, 0.7376832142853168], "ood_test_balanced": 0.7119659185409546, "ood_test_balanced_conf": [0.7097570255305619, 0.7141748115513473], "features": ["COW", "ENG", "HINS1", "HINS2", "POBP", "WKHP", "SEX", "MAR", "CIT", "RAC1P", "DIVISION"]}