{"validation": 0.7507704964718539, "id_test": 0.7523352065613609, "ood_test": 0.7384437038110419, "ood_validation": 0.7379964433906343, "train": 0.7520723853612347, "id_test_conf": [0.7501991122525418, 0.7544620389141082], "id_test_balanced": 0.7017439603805542, "id_test_balanced_conf": [0.7002267538988963, 0.7032611668622121], "ood_test_conf": [0.7353016970170643, 0.7415674775810566], "ood_test_balanced": 0.7242311239242554, "ood_test_balanced_conf": [0.7220105716772377, 0.726451676171273], "features": ["COW", "ENG", "HINS1", "HINS2", "POBP", "WKHP", "SEX", "MAR", "CIT", "RAC1P", "DIVISION"]}