{"validation": 0.8190697851882941, "id_test": 0.8160324566312255, "ood_test": 0.7874094684725235, "ood_validation": 0.7900939053581293, "train": 0.8172357547796725, "id_test_conf": [0.813306236332597, 0.8187353385557816], "id_test_balanced": 0.6281059980392456, "id_test_balanced_conf": [0.626248883784283, 0.6299631122942082], "ood_test_conf": [0.7837550891104024, 0.7910296837752802], "ood_test_balanced": 0.6305642127990723, "ood_test_balanced_conf": [0.6280995435453951, 0.6330288820527494], "features": ["ENG", "RELP", "WKW", "DIS", "MIL", "PUBCOV", "MAR", "CIT", "DIVISION"]}