{"validation": 0.8267261882050695, "id_test": 0.8230910108358346, "ood_test": 0.7960022914194526, "ood_validation": 0.8029828760817529, "train": 0.8241767326213241, "id_test_conf": [0.8204055298651989, 0.8257526310355507], "id_test_balanced": 0.6063544750213623, "id_test_balanced_conf": [0.604672736923676, 0.6080362131190487], "ood_test_conf": [0.7924021225484871, 0.7995672728075542], "ood_test_balanced": 0.6069029569625854, "ood_test_balanced_conf": [0.6046897218003869, 0.609116192124784], "features": ["ENG", "RELP", "WKW", "DIS", "MIL", "PUBCOV", "MAR", "CIT", "DIVISION"]}