{"validation": 0.9198317623643396, "id_test": 0.9203126408235612, "ood_test": 0.9113049800072701, "ood_validation": 0.9095860566448801, "train": 0.9198763004289804, "id_test_conf": [0.9194685154099348, 0.9211506630635924], "id_test_balanced": 0.8786448240280151, "id_test_balanced_conf": [0.8779777444142383, 0.879311903641792], "ood_test_conf": [0.9049644930475415, 0.9173532698664323], "ood_test_balanced": 0.8836362957954407, "ood_test_balanced_conf": [0.8790755090024323, 0.8881970825884491], "features": ["Average_confidence(CONCENTRATING)", "Average_confidence(CONFUSED)", "Average_confidence(FRUSTRATED)", "attempt_count", "hint_count", "bottom_hint", "type", "overlap_time", "school_id"]}