{"validation": 0.788312655631903, "id_test": 0.7875402869911459, "ood_test": 0.46806915954354994, "ood_validation": 0.46609665918394294, "train": 0.7873492136909114, "id_test_conf": [0.7864047089193102, 0.7886725374667141], "id_test_balanced": 0.5674775242805481, "id_test_balanced_conf": [0.56690066513489, 0.5680543834262062], "ood_test_conf": [0.4669872620710362, 0.4691512831791089], "ood_test_balanced": 0.5698809623718262, "ood_test_balanced_conf": [0.5693830434547271, 0.5703788812889252], "features": ["ESP", "DEAR", "PINCP", "FER", "MAR", "SCHL", "DIVISION", "ACS_YEAR", "DIS"]}