{"validation": 0.815534104060946, "id_test": 0.81317088060233, "ood_test": 0.7860591677237203, "ood_validation": 0.7867795986006261, "train": 0.8135792616427511, "id_test_conf": [0.8104285746099549, 0.815890059968309], "id_test_balanced": 0.5351186394691467, "id_test_balanced_conf": [0.5340531912143343, 0.5361840877239592], "ood_test_conf": [0.7823964895571762, 0.7896878426310899], "ood_test_balanced": 0.5373482704162598, "ood_test_balanced_conf": [0.5359251828701236, 0.538771357962396], "features": ["ENG", "HUPAC", "NWLA", "NWLK", "WKHP", "DIS", "MIL", "ANC", "NATIVITY", "DEYE", "DREM", "AGEP", "SEX", "ACS_YEAR", "DIVISION"]}