{"id_test": 0.8155237320038663, "id_test_conf": [0.8127946341748709, 0.8182295291042386], "id_test_balanced": 0.5500620603561401, "id_test_balanced_conf": [0.5488204865064472, 0.5513036342058331], "ood_test": 0.789741806129547, "ood_test_conf": [0.7861019002605409, 0.7933472701787476], "ood_test_balanced": 0.5525386929512024, "ood_test_balanced_conf": [0.5509041865356267, 0.5541731993667781], "validation": 0.8199727828862858, "validation_conf": [0.8172690984213904, 0.822652837071887], "validation_balanced": 0.5508062839508057, "validation_balanced_conf": [0.5495730571635068, 0.5520395107381045], "features": ["ENG", "HUPAC", "NWLA", "NWLK", "WKHP", "DIS", "MIL", "ANC", "NATIVITY", "DEYE", "DREM", "AGEP", "SEX", "ACS_YEAR", "DIVISION"]}