{"validation": 0.39912711402073103, "id_test": 0.39973086994471924, "ood_test": 0.5838847652837184, "ood_validation": 0.5819387702774311, "train": 0.4018739600476446, "id_test_conf": [0.3939336462726274, 0.4055492895745081], "id_test_balanced": 0.4999848008155823, "id_test_balanced_conf": [0.4999120489519555, 0.500057552679209], "ood_test_conf": [0.5825519343027729, 0.5852166731361947], "ood_test_balanced": 0.5000101923942566, "ood_test_balanced_conf": [0.4999915982001403, 0.5000287865883729], "features": ["AGEG5YR", "RFBING5", "SMOKDAY2", "CHCSCNCR", "DIABETES", "IYEAR", "STATE", "MEDCOST", "SEX", "SEX", "BMI5CAT"]}