{"validation": 0.8144530504788432, "id_test": 0.8110978277458412, "ood_test": 0.7818855108637833, "ood_validation": 0.7880684956729884, "train": 0.8117414763965419, "id_test_conf": [0.8083440197377446, 0.8138286625150896], "id_test_balanced": 0.5097348093986511, "id_test_balanced_conf": [0.5091874197276774, 0.5102821990696248], "ood_test_conf": [0.7781975505115977, 0.7855399649374559], "ood_test_balanced": 0.5070081949234009, "ood_test_balanced_conf": [0.506405881367391, 0.5076105084794108], "features": ["ENG", "FER", "HUPAC", "DIS", "ANC", "NATIVITY", "DEYE", "DREM", "CIT", "ACS_YEAR", "DIVISION"]}