{"validation": 0.9724040058501277, "id_test": 0.9717658724010783, "ood_test": 0.9606750157385506, "ood_validation": 0.9612211221122112, "train": 0.9715186294361979, "id_test_conf": [0.9709460627204506, 0.9725686727425848], "id_test_balanced": 0.5879350900650024, "id_test_balanced_conf": [0.5870042754977476, 0.5888659046322573], "ood_test_conf": [0.9597219490403873, 0.9616117136756988], "ood_test_balanced": 0.6231210827827454, "ood_test_balanced_conf": [0.622074938507285, 0.6241672270582057], "features": ["RELP", "WKW", "WRK", "OCCP", "MIG", "MIL", "ANC", "DREM", "MAR", "RAC1P", "DIVISION", "SCHL"]}