{"validation": 0.9722800624674649, "id_test": 0.9717534781396213, "ood_test": 0.9603694128145418, "ood_validation": 0.961001100110011, "train": 0.9713590525782507, "id_test_conf": [0.9709334964850012, 0.9725564509202584], "id_test_balanced": 0.584746241569519, "id_test_balanced_conf": [0.5838300312240609, 0.5856624519149772], "ood_test_conf": [0.9594128497697305, 0.961309618215989], "ood_test_balanced": 0.6179667711257935, "ood_test_balanced_conf": [0.6169367723306641, 0.6189967699209228], "features": ["RELP", "WKW", "WRK", "OCCP", "MIG", "MIL", "ANC", "DREM", "MAR", "RAC1P", "DIVISION", "SCHL"]}