{"validation": 0.6447081438763816, "id_test": 0.6489353837054561, "ood_test": 0.558219666732225, "ood_validation": 0.5597223427331888, "train": 0.6452167403690201, "id_test_conf": [0.6432133632449832, 0.6546253993219064], "id_test_balanced": 0.5817680358886719, "id_test_balanced_conf": [0.5787774724978954, 0.5847585992794484], "ood_test_conf": [0.5568668421909843, 0.5595718408400733], "ood_test_balanced": 0.6024104356765747, "ood_test_balanced_conf": [0.6016150801023469, 0.6032057912508025], "features": ["BMI5CAT", "AGEG5YR", "FRUIT_ONCE_PER_DAY", "VEG_ONCE_PER_DAY", "DRNK_PER_WEEK", "RFBING5", "TOTINDA", "SMOKE100", "SMOKDAY2", "CHCSCNCR", "CHCOCNCR", "DIABETES", "POVERTY", "EMPLOY1", "IYEAR", "MEDCOST", "PRACE1", "SEX"]}