{"id_test": 0.6653482182463404, "id_test_conf": [0.6596891875639064, 0.6709717153666033], "id_test_balanced": 0.6315951943397522, "id_test_balanced_conf": [0.6277982036862523, 0.6353921849932521], "ood_test": 0.5985168388537316, "ood_test_conf": [0.597181208769415, 0.5998513682888106], "ood_test_balanced": 0.6247069835662842, "ood_test_balanced_conf": [0.623824413146358, 0.6255895539862104], "validation": 0.6625263391371853, "validation_conf": [0.6568558368795653, 0.6681619132775933], "validation_balanced": 0.6283895373344421, "validation_balanced_conf": [0.6245923942606896, 0.6321866804081947], "features": ["BMI5CAT", "AGEG5YR", "FRUIT_ONCE_PER_DAY", "VEG_ONCE_PER_DAY", "DRNK_PER_WEEK", "RFBING5", "TOTINDA", "SMOKE100", "SMOKDAY2", "CHCSCNCR", "CHCOCNCR", "DIABETES", "POVERTY", "EMPLOY1", "IYEAR", "MEDCOST", "PRACE1", "SEX"]}