{"validation": 0.7103371191635118, "id_test": 0.7122501370100089, "ood_test": 0.6512928022361985, "ood_validation": 0.6332288401253918, "train": 0.7109691329759041, "id_test_conf": [0.7098594007285899, 0.7146319958613768], "id_test_balanced": 0.5650087594985962, "id_test_balanced_conf": [0.5639822028228082, 0.5660353161743842], "ood_test_conf": [0.6335108127654738, 0.6687649050591413], "ood_test_balanced": 0.5529301762580872, "ood_test_balanced_conf": [0.5461484155524522, 0.5597119369637221], "features": ["Average_confidence(BORED)", "Average_confidence(FRUSTRATED)", "problem_type", "ms_first_response", "tutor_mode", "position", "first_action", "school_id"]}