{"validation": 0.7826295326699695, "id_test": 0.7820468786817417, "ood_test": 0.38087389668617655, "ood_validation": 0.3782076675910031, "train": 0.7820427537080197, "id_test_conf": [0.7809007884868676, 0.7831897048886403], "id_test_balanced": 0.5323071479797363, "id_test_balanced_conf": [0.5318936367117567, 0.5327206592477159], "ood_test_conf": [0.3798213004668725, 0.38192733668154905], "ood_test_balanced": 0.5105381011962891, "ood_test_balanced_conf": [0.5103029704387881, 0.51077323195379], "features": ["ESP", "ANC", "NATIVITY", "DREM", "FER", "ST", "CIT", "RAC1P", "SCHL", "ACS_YEAR", "DIS"]}