{"id_test": 0.7876920496343719, "id_test_conf": [0.7865567662682316, 0.7888240036469382], "id_test_balanced": 0.5537344217300415, "id_test_balanced_conf": [0.5532246513967403, 0.5542441920633427], "ood_test": 0.40451437074278895, "ood_test_conf": [0.4034504295927984, 0.4055789882167029], "ood_test_balanced": 0.5257800221443176, "ood_test_balanced_conf": [0.5254327195358929, 0.5261273247527424], "validation": 0.7889057292509101, "validation_conf": [0.7877728099825639, 0.7900353051053444], "validation_balanced": 0.5545270442962646, "validation_balanced_conf": [0.5540157531830482, 0.5550383354094811], "features": ["ESP", "ANC", "NATIVITY", "DREM", "FER", "ST", "CIT", "RAC1P", "SCHL", "ACS_YEAR", "DIS"]}