{"validation": 0.8751682761518649, "id_test": 0.8752159365029959, "ood_test": 0.8290773548734326, "ood_validation": 0.8288299107321564, "train": 0.8745624094787043, "id_test_conf": [0.8733967484949459, 0.8770181752043207], "id_test_balanced": 0.5003784894943237, "id_test_balanced_conf": [0.5002981803071452, 0.5004587986815022], "ood_test_conf": [0.8275148290617682, 0.830631391711177], "ood_test_balanced": 0.5002719759941101, "ood_test_balanced_conf": [0.5002171175629337, 0.5003268344252865], "features": ["PHYSHLTH", "HIGH_BLOOD_PRESS", "CHOL_CHK_PAST_5_YEARS", "BMI5CAT", "SMOKE100", "SMOKDAY2", "FRUIT_ONCE_PER_DAY", "VEG_ONCE_PER_DAY", "RFBING5", "INCOME", "MARITAL", "HEALTH_COV", "MENTHLTH", "IYEAR", "MEDCOST", "PRACE1", "SEX", "PRACE1"]}