{"id_test": 0.6400363306085377, "id_test_conf": [0.6343331872870027, 0.6457099002993099], "id_test_balanced": 0.6023460030555725, "id_test_balanced_conf": [0.5985693004960194, 0.6061227056151256], "ood_test": 0.5315984283787296, "ood_test_conf": [0.5302501993659509, 0.5329463100536771], "ood_test_balanced": 0.5723403096199036, "ood_test_balanced_conf": [0.5715152324386872, 0.57316538680112], "validation": 0.6366807150123529, "validation_conf": [0.6309664073422672, 0.6423661569025444], "validation_balanced": 0.5985644459724426, "validation_balanced_conf": [0.5947669428400695, 0.6023619491048158], "features": ["AGEG5YR", "VEG_ONCE_PER_DAY", "TOTINDA", "CHCOCNCR", "POVERTY", "IYEAR", "STATE", "SEX", "BMI5CAT"]}