{"validation": 0.8299057575641955, "id_test": 0.8284199013074223, "ood_test": 0.7952043864315234, "ood_validation": 0.7935923402688271, "train": 0.8288459153792102, "id_test_conf": [0.8257662109293249, 0.8310493364415434], "id_test_balanced": 0.6672702431678772, "id_test_balanced_conf": [0.6653302032826468, 0.6692102830531076], "ood_test_conf": [0.7915990801673657, 0.7987746002562973], "ood_test_balanced": 0.670742928981781, "ood_test_balanced_conf": [0.6681468960596249, 0.6733389619039372], "features": ["FER", "HUPAC", "WIF", "NWLA", "DIS", "ANC", "DEAR", "DEYE", "DREM", "PUBCOV", "ST", "ACS_YEAR", "DIVISION"]}