{"validation": 0.7293611366009556, "id_test": 0.728609761036857, "ood_test": 0.6920867858413142, "ood_validation": 0.6890337877889745, "train": 0.7286434943435093, "id_test_conf": [0.7264099030260389, 0.7308012284164628], "id_test_balanced": 0.6508784890174866, "id_test_balanced_conf": [0.649398527611047, 0.6523584504239262], "ood_test_conf": [0.6887890018658696, 0.6953698835179982], "ood_test_balanced": 0.6396604180335999, "ood_test_balanced_conf": [0.6376202599471434, 0.6417005761200563], "features": ["COW", "FER", "HINS2", "POBP", "WKW", "WRK", "SEX", "ST", "MAR", "CIT", "DIVISION"]}