{"validation": 0.8330598903684485, "id_test": 0.8303657730070713, "ood_test": 0.8067024018986046, "ood_validation": 0.8051924139200883, "train": 0.8306646232699223, "id_test_conf": [0.8277239201379883, 0.8329832265683542], "id_test_balanced": 0.6267573833465576, "id_test_balanced_conf": [0.6250067280209624, 0.6285080386721529], "ood_test_conf": [0.8031732489767753, 0.8101950925378195], "ood_test_balanced": 0.6299656629562378, "ood_test_balanced_conf": [0.6276743817795069, 0.6322569441329687], "features": ["ENG", "FER", "HUPAC", "WIF", "NWLA", "NWLK", "WKHP", "MIL", "DEAR", "DEYE", "DREM", "PUBCOV", "SEX", "CIT", "DIVISION"]}