{"validation": 0.8747845598517121, "id_test": 0.8741585639491398, "ood_test": 0.8254655938783548, "ood_validation": 0.8208287619208372, "train": 0.874200101419569, "id_test_conf": [0.8722921633639524, 0.876007305514095], "id_test_balanced": 0.5082524418830872, "id_test_balanced_conf": [0.507851245253114, 0.5086536385130603], "ood_test_conf": [0.823847935225863, 0.8270744019452209], "ood_test_balanced": 0.5101412534713745, "ood_test_balanced_conf": [0.5097881788871018, 0.5104943280556472], "features": ["HIGH_BLOOD_PRESS", "BMI5", "BMI5CAT", "CVDSTRK3", "VEG_ONCE_PER_DAY", "MARITAL", "CHECKUP1", "EDUCA", "MENTHLTH", "IYEAR", "SEX", "IYEAR", "MEDCOST", "SEX", "PRACE1"]}