{"validation": 0.7893130929488139, "id_test": 0.7880355124585149, "ood_test": 0.4920422019447912, "ood_validation": 0.4918900479774638, "train": 0.7882098691319486, "id_test_conf": [0.7869008969192277, 0.7891667946671572], "id_test_balanced": 0.5718353986740112, "id_test_balanced_conf": [0.5712424250226468, 0.5724283723253757], "ood_test_conf": [0.4909581449166762, 0.4931263153371386], "ood_test_balanced": 0.5828068256378174, "ood_test_balanced_conf": [0.582249553464353, 0.5833640978112817], "features": ["ESP", "MIG", "DEAR", "DEYE", "ESR", "SEX", "ST", "MAR", "RAC1P", "SCHL", "DIVISION", "DIS"]}