{"id_test": 0.8750836510777371, "id_test_conf": [0.8732636452459803, 0.8768867136002582], "id_test_balanced": 0.5135562419891357, "id_test_balanced_conf": [0.5130425163160544, 0.5140699676622171], "ood_test": 0.8302293824865115, "ood_test_conf": [0.8286710175013532, 0.8317792287363838], "ood_test_balanced": 0.517715573310852, "ood_test_balanced_conf": [0.5172612006944837, 0.5181699459272204], "validation": 0.8754873199542444, "validation_conf": [0.8736698046664266, 0.8772878734991494], "validation_balanced": 0.5142815113067627, "validation_balanced_conf": [0.513761567492038, 0.5148014551214873], "features": ["PHYSHLTH", "HIGH_BLOOD_PRESS", "TOLDHI", "SMOKDAY2", "CVDSTRK3", "FRUIT_ONCE_PER_DAY", "VEG_ONCE_PER_DAY", "TOTINDA", "INCOME", "HEALTH_COV", "MENTHLTH", "STATE", "PRACE1", "STATE", "MEDCOST", "PRACE1", "IYEAR"]}