{"validation": 0.7014523937600861, "id_test": 0.7014163122721749, "ood_test": 0.6791374109154141, "ood_validation": 0.6768227622999408, "train": 0.7004231392040173, "id_test_conf": [0.6991530548396263, 0.7036721775503705], "id_test_balanced": 0.6402939558029175, "id_test_balanced_conf": [0.6387299714772962, 0.6418579401285388], "ood_test_conf": [0.6758032912410515, 0.6824578347583868], "ood_test_balanced": 0.6807321310043335, "ood_test_balanced_conf": [0.6783873977791518, 0.6830768642295152], "features": ["COW", "HINS2", "HINS3", "HINS4", "NWLK", "POBP", "RELP", "ST", "DIVISION"]}