{"id_test": 0.8057471264367816, "id_test_conf": [0.7936717649022215, 0.8174105112111755], "id_test_balanced": 0.7218042612075806, "id_test_balanced_conf": [0.7134451758675278, 0.7301633465476334], "ood_test": 0.7520606660072535, "ood_test_conf": [0.7461943715756736, 0.7578578719995673], "ood_test_balanced": 0.7108451128005981, "ood_test_balanced_conf": [0.7070649095950648, 0.7146253160061314], "validation": 0.8036330190848471, "validation_conf": [0.7915094092026231, 0.8153474274068606], "validation_balanced": 0.7195912003517151, "validation_balanced_conf": [0.711237339284271, 0.7279450614191592], "features": ["VCF0004", "VCF0901b", "VCF9008", "VCF9010", "VCF9202", "VCF9204", "VCF9205", "VCF9206", "VCF0523", "VCF0428", "VCF0429", "VCF0875", "VCF9052", "VCF0809", "VCF0822", "VCF0870", "VCF0843", "VCF9239", "VCF0803", "VCF0846", "VCF0601", "VCF0612", "VCF0617", "VCF0743", "VCF0717", "VCF0701", "VCF0675", "VCF0726", "VCF0140a", "VCF0112"]}