{"validation": 0.914336314502111, "id_test": 0.9149196904264173, "ood_test": 0.8807793659666214, "ood_validation": 0.8943965517241379, "train": 0.9151434539534312, "id_test_conf": [0.9142169761564622, 0.9156184637083638], "id_test_balanced": 0.8683979511260986, "id_test_balanced_conf": [0.8678449006855954, 0.8689510015666019], "ood_test_conf": [0.8749752897615086, 0.8864058147053047], "ood_test_balanced": 0.8457837700843811, "ood_test_balanced_conf": [0.8417369503155351, 0.8498305898532271], "features": ["attempt_count", "hint_count", "ms_first_response", "type", "overlap_time", "first_action", "school_id"]}