{"validation": 0.9144641022826502, "id_test": 0.9149917757229827, "ood_test": 0.8809390721073225, "ood_validation": 0.8943965517241379, "train": 0.9152485101677214, "id_test_conf": [0.9142893301193742, 0.9156902796515551], "id_test_balanced": 0.8683990240097046, "id_test_balanced_conf": [0.8678461243351921, 0.868951923684217], "ood_test_conf": [0.8751382457754306, 0.8865621955270485], "ood_test_balanced": 0.8459138870239258, "ood_test_balanced_conf": [0.8418695319909603, 0.8499582420568913], "features": ["attempt_count", "hint_count", "ms_first_response", "type", "overlap_time", "first_action", "school_id"]}