{"validation": 0.7477138246369016, "id_test": 0.7480255164034022, "ood_test": 0.7374557047068278, "ood_validation": 0.7356253704801423, "train": 0.7486549963888007, "id_test_conf": [0.7458772211826228, 0.7501647079578393], "id_test_balanced": 0.7105456590652466, "id_test_balanced_conf": [0.7090071183117107, 0.7120841998187825], "ood_test_conf": [0.7343099328027104, 0.7405833191974711], "ood_test_balanced": 0.7269898056983948, "ood_test_balanced_conf": [0.7247637022053823, 0.7292159091914072], "features": ["COW", "ENG", "FER", "HINS1", "NWLA", "NWLK", "POBP", "WKHP", "WRK", "SEX", "MAR", "CIT", "DIVISION"]}