{"validation": 0.7485681739075404, "id_test": 0.7499303867962738, "ood_test": 0.7366653054234564, "ood_validation": 0.7334914048606994, "train": 0.7500369821607549, "id_test_conf": [0.7477874495558834, 0.7520641504076045], "id_test_balanced": 0.7087318897247314, "id_test_balanced_conf": [0.707199356679339, 0.7102644227701239], "ood_test_conf": [0.7335165361053413, 0.7397959778157825], "ood_test_balanced": 0.7260864973068237, "ood_test_balanced_conf": [0.7238583931839093, 0.7283146014297381], "features": ["COW", "ENG", "FER", "HINS1", "NWLA", "NWLK", "POBP", "WKHP", "WRK", "SEX", "MAR", "CIT", "DIVISION"]}