{"validation": 0.9004058441558441, "id_test": 0.8995941558441558, "ood_test": 0.6960059171597633, "ood_validation": 0.6423841059602649, "train": 0.8969519866877714, "id_test_conf": [0.8941518381441244, 0.9048468468802832], "id_test_balanced": 0.7647696733474731, "id_test_balanced_conf": [0.7599786110408604, 0.7695607356540859], "ood_test_conf": [0.6707104409539549, 0.7204464465836156], "ood_test_balanced": 0.6591712832450867, "ood_test_balanced_conf": [0.6416858016327024, 0.676656764857471], "features": ["STABBR", "AccredAgency", "NUMBRANCH", "region", "LOCALE", "locale2", "ADM_RATE", "SATWRMID", "ACTCMMID", "PCIP01", "PCIP03", "PCIP04", "PCIP12", "PCIP13", "PCIP15", "PCIP24", "PCIP27", "PCIP29", "PCIP38", "PCIP39", "PCIP41", "PCIP44", "PCIP46", "PCIP47", "PCIP50", "PCIP54", "UGDS", "UGDS_HISP", "UGDS_AIAN", "UGDS_NHPI", "UGDS_NRA", "UGDS_UNKN", "UGDS_WHITENH", "UGDS_API", "UGDS_HISPOld", "UG_NRA", "UG_AIANOld", "UG_HISPOld", "PPTUG_EF", "PPTUG_EF2", "NPT4_PROG", "TUITIONFEE_IN", "TUITIONFEE_OUT", "TUITFTE", "INEXPFTE", "PCTPELL", "loan_ever", "age_entry", "agege24", "married", "dependent", "pct_white", "pct_asian", "pct_hispanic", "pct_grad_prof", "pct_born_us", "median_hh_inc", "poverty_rate", "CCBASIC"]}