{"validation": 0.7795715596620574, "id_test": 0.7794843560145808, "ood_test": 0.75833541910922, "ood_validation": 0.753171310017783, "train": 0.7800862732503087, "id_test_conf": [0.7774318854249533, 0.7815265673094212], "id_test_balanced": 0.7151268720626831, "id_test_balanced_conf": [0.7136831567855552, 0.716570587339811], "ood_test_conf": [0.7552736741978854, 0.7613774084788919], "ood_test_balanced": 0.7336715459823608, "ood_test_balanced_conf": [0.7315327165462077, 0.735810375418514], "features": ["COW", "ENG", "HINS3", "NWLK", "OCCP", "POBP", "WRK", "AGEP", "SEX", "CIT", "RAC1P", "SCHL", "DIVISION"]}