{"id_test": 0.6081175647305809, "id_test_conf": [0.5933181668124012, 0.6227694844137028], "id_test_balanced": 0.5682752132415771, "id_test_balanced_conf": [0.5590752545744181, 0.5774751719087362], "ood_test": 0.5521699890127139, "ood_test_conf": [0.5478402081870073, 0.5564938270314042], "ood_test_balanced": 0.5494662523269653, "ood_test_balanced_conf": [0.546724940543063, 0.5522075641108677], "validation": 0.6052263182454503, "validation_conf": [0.5904082552712466, 0.6199008150762086], "validation_balanced": 0.5681950449943542, "validation_balanced_conf": [0.5589860323816538, 0.5774040576070547], "features": ["race", "age", "discharge_disposition_id", "medical_specialty", "num_medications", "number_outpatient", "nateglinide", "chlorpropamide", "acetohexamide", "glipizide", "tolbutamide", "rosiglitazone", "miglitol", "tolazamide", "citoglipton", "glipizide-metformin", "glimepiride-pioglitazone", "metformin-rosiglitazone", "change", "admission_source_id"]}