{"validation": 0.6234251049930004, "id_test": 0.6270118964310707, "ood_test": 0.6097159001726573, "ood_validation": 0.6091101694915254, "train": 0.6211794213719085, "id_test_conf": [0.6123363728638529, 0.6415141518591363], "id_test_balanced": 0.6006380915641785, "id_test_balanced_conf": [0.5908199656382203, 0.6104562174901367], "ood_test_conf": [0.6054649384500315, 0.6139543631705314], "ood_test_balanced": 0.6086561679840088, "ood_test_balanced_conf": [0.6057069524656982, 0.6116053835023194], "features": ["race", "age", "weight", "admission_type_id", "discharge_disposition_id", "time_in_hospital", "medical_specialty", "num_procedures", "number_outpatient", "number_emergency", "number_inpatient", "diag_2", "number_diagnoses", "A1Cresult", "repaglinide", "nateglinide", "glipizide", "glyburide", "tolbutamide", "rosiglitazone", "acarbose", "miglitol", "troglitazone", "tolazamide", "citoglipton", "insulin", "glyburide-metformin", "metformin-rosiglitazone", "diabetesMed", "admission_source_id"]}