{"id_test": 0.6545369722416609, "id_test_conf": [0.6400843803382918, 0.668778709076372], "id_test_balanced": 0.6272691488265991, "id_test_balanced_conf": [0.6176300464197994, 0.6369082512333989], "ood_test": 0.621566473081149, "ood_test_conf": [0.6173392948151979, 0.6257798023710803], "ood_test_balanced": 0.6205428242683411, "ood_test_balanced_conf": [0.6176078821765258, 0.6234777663601563], "validation": 0.6509566028931405, "validation_conf": [0.6364703765923425, 0.6652368162876265], "validation_balanced": 0.6249408721923828, "validation_balanced_conf": [0.6153163756616413, 0.6345653687231243], "features": ["gender", "age", "weight", "discharge_disposition_id", "payer_code", "medical_specialty", "num_lab_procedures", "num_procedures", "num_medications", "number_inpatient", "diag_1", "number_diagnoses", "max_glu_serum", "A1Cresult", "acetohexamide", "pioglitazone", "rosiglitazone", "miglitol", "troglitazone", "tolazamide", "examide", "citoglipton", "insulin", "glyburide-metformin", "glipizide-metformin", "metformin-rosiglitazone", "diabetesMed", "admission_source_id"]}