{"validation": 0.6371908539430705, "id_test": 0.6498717051551202, "ood_test": 0.6162690315492073, "ood_validation": 0.6096398305084746, "train": 0.640253149790014, "id_test_conf": [0.6353776961869197, 0.6641612313015435], "id_test_balanced": 0.6217442750930786, "id_test_balanced_conf": [0.6121125454455614, 0.6313760047405959], "ood_test_conf": [0.6120308942248274, 0.6204939234961191], "ood_test_balanced": 0.6148630380630493, "ood_test_balanced_conf": [0.6119589583342895, 0.6177671177918092], "features": ["gender", "age", "weight", "discharge_disposition_id", "payer_code", "medical_specialty", "num_lab_procedures", "num_procedures", "num_medications", "number_inpatient", "diag_1", "number_diagnoses", "max_glu_serum", "A1Cresult", "acetohexamide", "pioglitazone", "rosiglitazone", "miglitol", "troglitazone", "tolazamide", "examide", "citoglipton", "insulin", "glyburide-metformin", "glipizide-metformin", "metformin-rosiglitazone", "diabetesMed", "admission_source_id"]}