{"validation": 0.7481402763018066, "id_test": 0.7653927813163482, "ood_test": 0.7145660278631696, "ood_validation": 0.7180694526191878, "train": 0.7767892710131457, "id_test_conf": [0.7369954641035988, 0.7921198436346575], "id_test_balanced": 0.7513558864593506, "id_test_balanced_conf": [0.7321568598598241, 0.770554913058877], "ood_test_conf": [0.7073342947047271, 0.7217160398970399], "ood_test_balanced": 0.7182835340499878, "ood_test_balanced_conf": [0.7132565425336361, 0.7233105255663395], "features": ["FCSZ1231", "JOBORG31", "OFREMP31", "CMJHLD31", "MCRPB31", "PRVHMO31", "FSAGT31", "MCARE31", "GOVTC31", "GOVCAT31", "VAPROG31", "VAPRAT31", "BSNTY31", "SICPAY31", "VAPROX31", "EMPST31", "RNDFLG31", "HRWGIM31", "NHRWG31", "TEMPJB31", "SSNLJB31", "CHOIC31", "NUMEMP31", "MORE31", "UNION31", "STJBMM31", "STJBYY31", "OCCCAT31", "YRSINUS", "PRIDK31", "PRING31", "TRIAT31X", "MCAID31X", "MCDAT31X", "RACEV2X", "RACEBX", "RACEWX", "HISPNCAT", "OTHLGSPK", "BORNUSA", "PRIEU31", "MCRPD31X", "PRIOG31", "PRINEO31", "PRSTX31", "PRIVAT31", "DENTIN31", "DNTINS31", "PMEDIN31", "PMDINS31", "PMEDUP31", "DISVW31X", "HELD31X", "TRIPR31X", "TRIEX31X", "TRICH31X", "VASPUN31", "VACMPM31", "ASPREV31", "ASEVFL31", "ASWNFL31", "IADLHP31", "ADLHLP31", "AIDHLP31", "STPDIF31", "MILDIF31", "BENDIF31", "RCHDIF31", "FNGRDF31", "ACTLIM31", "HSELIM31", "ASACUT31", "ASTHEP31", "RUCLAS31", "FMRS1231", "PROXY31", "BEGRFM31", "BEGRFY31", "ENDRFM31", "INSCOP31", "INSC1231", "SPOUID31", "RTHLTH31", "CHBRON31", "COGLIM31", "UNABLE31", "VAPRHT31", "VAWAIT31", "VANTWK31", "VAOUT31", "VAMREC31", "VAGTRC31", "VACARC31", "VAPROB31", "VAPROV31", "VAPCOT31", "VAPCRC31", "VAPCUN31", "VASPCL31", "VACTDY31", "VAGERD31", "VABACK31", "VAJTPN31", "VARTHR31", "VAGOUT31", "VANECK31", "VAFIBR31", "VATMD31", "VACOST31", "VAPTSD31", "VABIPL31", "VAPROS31", "VAGCNS31", "VARXMD31", "VACRGV31", "VALCOH31", "REFPRS31", "AGE31X", "INSCOV19"]}