{"validation": 0.7930558749137733, "id_test": 0.7871264367816092, "ood_test": 0.7210682492581603, "ood_validation": 0.7291225095379398, "train": 0.782704908610185, "id_test_conf": [0.7746564164497057, 0.7992097348552191], "id_test_balanced": 0.6630566716194153, "id_test_balanced_conf": [0.6554674258362502, 0.6706459174025804], "ood_test_conf": [0.7149821728180061, 0.7270937441022959], "ood_test_balanced": 0.6649192571640015, "ood_test_balanced_conf": [0.6614313280070201, 0.6684071863209828], "features": ["VCF0004", "VCF0224", "VCF0302", "VCF9008", "VCF9011", "VCF9201", "VCF9202", "VCF9203", "VCF9204", "VCF9205", "VCF9206", "VCF0521", "VCF0523", "VCF0428", "VCF0429", "VCF0839", "VCF0822", "VCF0870", "VCF9045", "VCF0838", "VCF0601", "VCF0615", "VCF0743", "VCF0701", "VCF0724", "VCF0745", "VCF0104", "VCF0105a", "VCF0112"]}