{"validation": 0.8343189998346624, "id_test": 0.8315104034186295, "ood_test": 0.8063136789557674, "ood_validation": 0.8031670042349475, "train": 0.8319650630029666, "id_test_conf": [0.8288755721402651, 0.834120750640574], "id_test_balanced": 0.5985516309738159, "id_test_balanced_conf": [0.5970021175593138, 0.6001011443883181], "ood_test_conf": [0.8027818754986549, 0.8098090664505764], "ood_test_balanced": 0.6089677214622498, "ood_test_balanced_conf": [0.6068506712373346, 0.6110847716871649], "features": ["FER", "HUPAC", "WIF", "NWLA", "OCCP", "POBP", "WKHP", "WKW", "WRK", "MIL", "DREM", "PUBCOV", "SEX", "ST", "CIT", "ACS_YEAR", "DIVISION"]}