{"validation": 0.8371424574255663, "id_test": 0.8338759729358498, "ood_test": 0.8056589876836204, "ood_validation": 0.8033511323881422, "train": 0.8350921595248466, "id_test_conf": [0.8312557916853692, 0.8364714949702338], "id_test_balanced": 0.6625228524208069, "id_test_balanced_conf": [0.6606294062430971, 0.6644162985985167], "ood_test_conf": [0.8021227324246943, 0.8091589049919303], "ood_test_balanced": 0.668789803981781, "ood_test_balanced_conf": [0.6662680020043626, 0.6713116059591994], "features": ["FER", "HUPAC", "WIF", "NWLA", "OCCP", "POBP", "WKHP", "WKW", "WRK", "MIL", "DREM", "PUBCOV", "SEX", "ST", "CIT", "ACS_YEAR", "DIVISION"]}