{"validation": 0.8193877421242067, "id_test": 0.8141501755099965, "ood_test": 0.7815581652277098, "ood_validation": 0.7906462898177131, "train": 0.8164011204766796, "id_test_conf": [0.8114133469868337, 0.8168638049441739], "id_test_balanced": 0.5430793762207031, "id_test_balanced_conf": [0.5419110336853191, 0.5442477187560871], "ood_test_conf": [0.77786824528874, 0.7852146178646608], "ood_test_balanced": 0.5604913234710693, "ood_test_balanced_conf": [0.5586039690836333, 0.5623786778585054], "features": ["ENG", "WIF", "NWLA", "POBP", "WKHP", "WRK", "DIS", "NATIVITY", "DEAR", "DEYE", "SEX", "ST", "CIT", "ACS_YEAR", "DIVISION"]}