{"id_test": 0.8278348679859592, "id_test_conf": [0.8251776428331381, 0.8304678812059731], "id_test_balanced": 0.6015996336936951, "id_test_balanced_conf": [0.5999923252803273, 0.6032069421070628], "ood_test": 0.8046974098776546, "ood_test_conf": [0.8011546438133386, 0.8082039525677085], "ood_test_balanced": 0.6265757083892822, "ood_test_balanced_conf": [0.6242904049158097, 0.6288610118627548], "validation": 0.8310249659786079, "validation_conf": [0.8283871346426952, 0.8336383488890146], "validation_balanced": 0.6026684641838074, "validation_balanced_conf": [0.6010578537499532, 0.6042790746176615], "features": ["ENG", "FER", "WIF", "NWLA", "OCCP", "POBP", "RELP", "WKHP", "WKW", "WRK", "DIS", "ANC", "NATIVITY", "DEAR", "DEYE", "SEX", "MAR", "SCHL", "DIVISION"]}