{"validation": 0.823737393007491, "id_test": 0.8194409116345323, "ood_test": 0.794672449772904, "ood_validation": 0.7963542625667465, "train": 0.8205758817712688, "id_test_conf": [0.8167341725627846, 0.8221240600914206], "id_test_balanced": 0.5448472499847412, "id_test_balanced_conf": [0.5437344377068802, 0.5459600622626022], "ood_test_conf": [0.7910637305120549, 0.7982461399553671], "ood_test_balanced": 0.5588729977607727, "ood_test_balanced_conf": [0.557221634532325, 0.5605243609892204], "features": ["ENG", "FER", "WIF", "NWLA", "OCCP", "POBP", "RELP", "WKHP", "WKW", "WRK", "DIS", "ANC", "NATIVITY", "DEAR", "DEYE", "SEX", "MAR", "SCHL", "DIVISION"]}