{"validation": 0.8068521499195217, "id_test": 0.8006896551724138, "ood_test": 0.7703358296830107, "ood_validation": 0.7706655362441712, "train": 0.8016438671111622, "id_test_conf": [0.7885031720301141, 0.8124710257551971], "id_test_balanced": 0.7473552227020264, "id_test_balanced_conf": [0.7386496231518686, 0.7560608222521842], "ood_test_conf": [0.7646176541227041, 0.7759798971707947], "ood_test_balanced": 0.744044303894043, "ood_test_balanced_conf": [0.7401101687829942, 0.7479784390050918], "features": ["VCF0004", "VCF0218", "VCF0224", "VCF0301", "VCF0302", "VCF9201", "VCF9203", "VCF9205", "VCF0523", "VCF0428", "VCF0429", "VCF9045", "VCF0838", "VCF9239", "VCF0803", "VCF0846", "VCF0617", "VCF0743", "VCF0717", "VCF0701", "VCF0101", "VCF0104", "VCF0105a", "VCF0115", "VCF0112"]}