{"validation": 0.8119107840882962, "id_test": 0.807816091954023, "ood_test": 0.7523903725684141, "ood_validation": 0.758372191606613, "train": 0.8027359466605357, "id_test_conf": [0.7957870673669409, 0.8194303305379318], "id_test_balanced": 0.7078051567077637, "id_test_balanced_conf": [0.6997648304887116, 0.7158454829268157], "ood_test_conf": [0.7465266235944816, 0.7581849425678313], "ood_test_balanced": 0.7053642272949219, "ood_test_balanced_conf": [0.7017315091658384, 0.7089969454240054], "features": ["VCF0004", "VCF0218", "VCF0224", "VCF0301", "VCF0302", "VCF9201", "VCF9203", "VCF9205", "VCF0523", "VCF0428", "VCF0429", "VCF9045", "VCF0838", "VCF9239", "VCF0803", "VCF0846", "VCF0617", "VCF0743", "VCF0717", "VCF0701", "VCF0101", "VCF0104", "VCF0105a", "VCF0115", "VCF0112"]}