{"validation": 0.7974246953322602, "id_test": 0.7993103448275862, "ood_test": 0.7375064763788799, "ood_validation": 0.7465027554048326, "train": 0.7958673410736866, "id_test_conf": [0.7870940759839731, 0.8111233724924121], "id_test_balanced": 0.6939124464988708, "id_test_balanced_conf": [0.6859024491719902, 0.7019224438257515], "ood_test_conf": [0.7315322569537641, 0.7434156030312336], "ood_test_balanced": 0.6869581341743469, "ood_test_balanced_conf": [0.6833555261185392, 0.6905607422301546], "features": ["VCF0224", "VCF0302", "VCF9008", "VCF9010", "VCF9202", "VCF9203", "VCF9204", "VCF0428", "VCF0429", "VCF0875", "VCF0809", "VCF0870", "VCF0601", "VCF0612", "VCF0617", "VCF0310", "VCF0743", "VCF0701", "VCF0675", "VCF0726", "VCF0101", "VCF0105a", "VCF0115", "VCF0112"]}