{"validation": 0.7965049436652104, "id_test": 0.7898850574712644, "ood_test": 0.7136263011633932, "ood_validation": 0.7155574395930479, "train": 0.7844292447407748, "id_test_conf": [0.7774710467007359, 0.8019086075972243], "id_test_balanced": 0.6650174856185913, "id_test_balanced_conf": [0.6574820423591882, 0.6725529288779944], "ood_test_conf": [0.7074929312497535, 0.7197011312617594], "ood_test_balanced": 0.6540644764900208, "ood_test_balanced_conf": [0.6506765731237829, 0.6574523798562586], "features": ["VCF0301", "VCF0302", "VCF9202", "VCF9204", "VCF9205", "VCF9206", "VCF0523", "VCF0428", "VCF9052", "VCF0809", "VCF0838", "VCF9239", "VCF0803", "VCF0846", "VCF0612", "VCF0615", "VCF0616", "VCF0718", "VCF0675", "VCF0724", "VCF0726", "VCF0745", "VCF0140a", "VCF0112"]}