{"validation": 0.7385759829968119, "id_test": 0.7876857749469215, "ood_test": 0.7288246451697299, "ood_validation": 0.7292525014714538, "train": 0.7827645730978622, "id_test_conf": [0.760160257084949, 0.8133991145349719], "id_test_balanced": 0.7749934792518616, "id_test_balanced_conf": [0.7564062931016088, 0.7935806654021144], "ood_test_conf": [0.7217019941344772, 0.735860136151816], "ood_test_balanced": 0.7317298054695129, "ood_test_balanced_conf": [0.7267730536777526, 0.7366865572612733], "features": ["FCSZ1231", "JOBORG31", "OFREMP31", "MCRPD31", "MCDHMO31", "MCDMC31", "HASFSA31", "PFSAMT31", "GOVTA31", "GOVBAT31", "IHS31", "BSNTY31", "IHSAT31", "VACMPY31", "VAPROX31", "EMPST31", "HRWGIM31", "DIFFWG31", "TEMPJB31", "SSNLJB31", "INDCAT31", "NUMEMP31", "MORE31", "NWK31", "STJBMM31", "STJBYY31", "YRSINUS", "PRIDK31", "PRING31", "MCAID31X", "MCARE31X", "MCDAT31X", "PUB31X", "INS31X", "INSAT31X", "SEX", "RACEV2X", "RACEBX", "RACETHX", "HISPNCAT", "OTHLGSPK", "HWELLSPK", "TRICR31X", "PRIEU31", "TRILI31X", "PRIEUO31", "DNTINS31", "PMEDIN31", "PMEDUP31", "FTSTU31X", "REFRL31X", "DISVW31X", "HELD31X", "TRIEX31X", "TRICH31X", "VASPUN31", "VASPMH31", "ASDALY31", "ASPKFL31", "ASEVFL31", "ASWNFL31", "ADLHLP31", "AIDHLP31", "WLKLIM31", "WLKDIF31", "MILDIF31", "RCHDIF31", "ACTLIM31", "HSELIM31", "SCHLIM31", "VASPOU31", "ASACUT31", "SOCLIM31", "ASTHEP31", "ASSTIL31", "RUSIZE31", "RUCLAS31", "FMRS1231", "REGION31", "ENDRFM31", "ENDRFY31", "INSCOP31", "ELGRND31", "ACTDTY31", "RTHLTH31", "CHBRON31", "ASATAK31", "VAPRHT31", "VAWAIT31", "VAOUT31", "VAPAST31", "VAMREC31", "VACARC31", "VACARE31", "VAPCPR31", "VAPCCO31", "VAPCRC31", "VAPCSN31", "VAPCRF31", "VAPCSO31", "VAPCOU31", "VASPCL31", "VAPACT31", "VACTDY31", "VACOPD31", "VABACK31", "VARTHR31", "VAGOUT31", "VANECK31", "VAFIBR31", "VAPTSD31", "VADEPR31", "VAPROS31", "VARXMD31", "REFPRS31", "AGE31X", "INSCOV19"]}