{"validation": 0.8204184870085077, "id_test": 0.8149425287356322, "ood_test": 0.7691583062502944, "ood_validation": 0.7727850784230607, "train": 0.8141740429934475, "id_test_conf": [0.8030771233383626, 0.8263834663565414], "id_test_balanced": 0.7337208986282349, "id_test_balanced_conf": [0.7254337958060205, 0.7420080014504492], "ood_test_conf": [0.7634301450128913, 0.7748126829361336], "ood_test_balanced": 0.7313899993896484, "ood_test_balanced_conf": [0.7276272711204365, 0.7351527276588604], "features": ["VCF0224", "VCF0302", "VCF9011", "VCF9201", "VCF9203", "VCF9205", "VCF9206", "VCF0521", "VCF0428", "VCF0429", "VCF0839", "VCF0822", "VCF0870", "VCF9045", "VCF9239", "VCF0846", "VCF0606", "VCF0612", "VCF0616", "VCF0617", "VCF0743", "VCF0717", "VCF0718", "VCF0721", "VCF0701", "VCF0725", "VCF0726", "VCF0745", "VCF0101", "VCF0105a", "VCF0115", "VCF0140a", "VCF0112"]}