{"id_test": 0.8216091954022988, "id_test_conf": [0.8099026725000242, 0.8328821851094819], "id_test_balanced": 0.7523597478866577, "id_test_balanced_conf": [0.7440242785587907, 0.7606952172145247], "ood_test": 0.778955301210494, "ood_test_conf": [0.7733121505806411, 0.7845219751726795], "ood_test_balanced": 0.7459235191345215, "ood_test_balanced_conf": [0.7421313470602036, 0.7497156912088394], "validation": 0.8167394803403081, "validation_conf": [0.8049149396309963, 0.8281370118091784], "validation_balanced": 0.7470043897628784, "validation_balanced_conf": [0.7386282698623836, 0.7553805096633732], "features": ["VCF0224", "VCF0302", "VCF9011", "VCF9201", "VCF9203", "VCF9205", "VCF9206", "VCF0521", "VCF0428", "VCF0429", "VCF0839", "VCF0822", "VCF0870", "VCF9045", "VCF9239", "VCF0846", "VCF0606", "VCF0612", "VCF0616", "VCF0617", "VCF0743", "VCF0717", "VCF0718", "VCF0721", "VCF0701", "VCF0725", "VCF0726", "VCF0745", "VCF0101", "VCF0105a", "VCF0115", "VCF0140a", "VCF0112"]}