{"validation": 0.8093814670039089, "id_test": 0.7979310344827586, "ood_test": 0.7320898685883849, "ood_validation": 0.7337855023314964, "train": 0.7981951948499828, "id_test_conf": [0.7856851996108434, 0.8097754992772174], "id_test_balanced": 0.6913626790046692, "id_test_balanced_conf": [0.6833669215627015, 0.6993584364466369], "ood_test_conf": [0.7260776428252693, 0.7380384882584414], "ood_test_balanced": 0.6798923015594482, "ood_test_balanced_conf": [0.6763168624136597, 0.6834677407052367], "features": ["VCF0004", "VCF9010", "VCF9203", "VCF9204", "VCF9205", "VCF9206", "VCF0521", "VCF0523", "VCF0428", "VCF0429", "VCF0875", "VCF0839", "VCF0870", "VCF0843", "VCF9045", "VCF0803", "VCF0601", "VCF0612", "VCF0616", "VCF0310", "VCF0717", "VCF0718", "VCF0720", "VCF0721", "VCF0726", "VCF0745", "VCF0101", "VCF0115", "VCF0112"]}