{"validation": 0.7811119032071904, "id_test": 0.7805392366339046, "ood_test": 0.4892581647362623, "ood_validation": 0.4872683656851094, "train": 0.7803501479813162, "id_test_conf": [0.7793903137086027, 0.7816849130277277], "id_test_balanced": 0.5210926532745361, "id_test_balanced_conf": [0.5207592363393633, 0.521426070209709], "ood_test_conf": [0.4881742304142858, 0.49034217514151496], "ood_test_balanced": 0.5887694358825684, "ood_test_balanced_conf": [0.5882639370241668, 0.5892749347409699], "features": ["ANC", "NATIVITY", "DEAR", "DEYE", "PINCP", "ESR", "AGEP", "SEX", "DIS"]}