{"validation": 0.8801579981225026, "id_test": 0.8814327935673703, "ood_test": 0.8446059250978201, "ood_validation": 0.8663793103448276, "train": 0.8811738444840368, "id_test_conf": [0.8806191616231781, 0.8822428033572814], "id_test_balanced": 0.817104160785675, "id_test_balanced_conf": [0.8164979618252255, 0.8177103597461246], "ood_test_conf": [0.8381409289355939, 0.8509103238660366], "ood_test_balanced": 0.7988805770874023, "ood_test_balanced_conf": [0.7945854880008847, 0.80317566617392], "features": ["Average_confidence(BORED)", "attempt_count", "school_id"]}