{"validation": 0.8265226957660854, "id_test": 0.8235615811161419, "ood_test": 0.7978026924178567, "ood_validation": 0.8086908488307862, "train": 0.8240193444384739, "id_test_conf": [0.8208788710124071, 0.8262203956179413], "id_test_balanced": 0.587581992149353, "id_test_balanced_conf": [0.5860456581809558, 0.5891183261177503], "ood_test_conf": [0.7942141949722857, 0.8013557879146087], "ood_test_balanced": 0.6083576083183289, "ood_test_balanced_conf": [0.6061508647073061, 0.6105643519293517], "features": ["ENG", "FER", "NWLK", "OCCP", "POBP", "RELP", "WKHP", "DEAR", "AGEP", "SEX", "MAR", "CIT", "RAC1P", "SCHL", "DIVISION"]}