{"validation": 0.9080173342400881, "id_test": 0.9078369760719315, "ood_test": 0.8659266948814182, "ood_validation": 0.8850574712643678, "train": 0.9077291589492145, "id_test_conf": [0.9071049280953745, 0.9085651118368293], "id_test_balanced": 0.8591525554656982, "id_test_balanced_conf": [0.8585837696306408, 0.8597213413007557], "ood_test_conf": [0.8598340052576406, 0.8718487622825632], "ood_test_balanced": 0.8265569806098938, "ood_test_balanced_conf": [0.8223861852195113, 0.8307277760002763], "features": ["Average_confidence(CONCENTRATING)", "Average_confidence(FRUSTRATED)", "attempt_count", "bottom_hint", "ms_first_response", "tutor_mode", "position", "overlap_time", "school_id"]}