{"validation": 0.7647058823529411, "id_test": 0.7651377075739165, "ood_test": 0.7539882230506778, "ood_validation": 0.7523414344991108, "train": 0.7657617178075234, "id_test_conf": [0.7630395565155534, 0.7672261264112892], "id_test_balanced": 0.7402748465538025, "id_test_balanced_conf": [0.7387653282820247, 0.7417843648255803], "ood_test_conf": [0.7509081963686854, 0.7570488269657162], "ood_test_balanced": 0.7534946203231812, "ood_test_balanced_conf": [0.7513267409102992, 0.7556624997360631], "features": ["COW", "ENG", "HINS2", "HINS4", "NWLA", "NWLK", "POBP", "WKHP", "WRK", "ST", "MAR", "SCHL", "DIVISION"]}