{"validation": 0.7781919438028035, "id_test": 0.7794906844876468, "ood_test": 0.7672932776540949, "ood_validation": 0.7631298162418494, "train": 0.7794399753821424, "id_test_conf": [0.7774382348161561, 0.7815328746318275], "id_test_balanced": 0.739173948764801, "id_test_balanced_conf": [0.7376941800513305, 0.7406537174782716], "ood_test_conf": [0.7642705641484976, 0.77029554982407], "ood_test_balanced": 0.7396693825721741, "ood_test_balanced_conf": [0.7375696890894323, 0.7417690760549158], "features": ["COW", "ENG", "HINS2", "HINS4", "NWLA", "NWLK", "POBP", "WKHP", "WRK", "ST", "MAR", "SCHL", "DIVISION"]}