{"validation": 0.7627250577476822, "id_test": 0.7628784426893479, "ood_test": 0.7424747401562356, "ood_validation": 0.7400118553645525, "train": 0.7635870876489076, "id_test_conf": [0.7607734071843328, 0.7649738289663964], "id_test_balanced": 0.7045827507972717, "id_test_balanced_conf": [0.7030966533347964, 0.706068848259747], "ood_test_conf": [0.7393483077459387, 0.745582631041344], "ood_test_balanced": 0.7114722728729248, "ood_test_balanced_conf": [0.7093251258088276, 0.713619419937022], "features": ["COW", "ENG", "HINS2", "HINS3", "NWLA", "NWLK", "WKHP", "WKW", "WRK", "ST", "CIT", "SCHL", "DIVISION"]}