{"validation": 0.8093814670039089, "id_test": 0.8032183908045977, "ood_test": 0.7611511469078235, "ood_validation": 0.7757524374735058, "train": 0.7985688010116105, "id_test_conf": [0.7910870910130712, 0.8149411464298459], "id_test_balanced": 0.7491526007652283, "id_test_balanced_conf": [0.740481734778732, 0.7578234667517245], "ood_test_conf": [0.7553567187181361, 0.7668739901450596], "ood_test_balanced": 0.7325541377067566, "ood_test_balanced_conf": [0.7285978646948934, 0.7365104107186198], "features": ["VCF0901b", "VCF0218", "VCF0224", "VCF0302", "VCF9008", "VCF9011", "VCF9201", "VCF0429", "VCF0875", "VCF9052", "VCF0809", "VCF0839", "VCF0822", "VCF0870", "VCF0843", "VCF0846", "VCF0606", "VCF0310", "VCF0743", "VCF0717", "VCF0720", "VCF0721", "VCF0675", "VCF0724", "VCF0725", "VCF0101", "VCF0115", "VCF0140a", "VCF0112"]}