{"id_test": 0.6457771705011264, "id_test_conf": [0.6400467593796825, 0.6514762870219999], "id_test_balanced": 0.614705502986908, "id_test_balanced_conf": [0.6108310166746378, 0.6185799892991781], "ood_test": 0.5494798638651286, "ood_test_conf": [0.5481252548809796, 0.5508339206645552], "ood_test_balanced": 0.5851638317108154, "ood_test_balanced_conf": [0.5843087745725642, 0.5860188888490666], "validation": 0.6514642342774843, "validation_conf": [0.6457542979170061, 0.6571416546557608], "validation_balanced": 0.6201459765434265, "validation_balanced_conf": [0.616281828340143, 0.62401012474671], "features": ["AGEG5YR", "FRUIT_ONCE_PER_DAY", "VEG_ONCE_PER_DAY", "RFBING5", "TOTINDA", "SMOKDAY2", "CHCSCNCR", "CHCOCNCR", "EMPLOY1", "IYEAR", "MEDCOST", "MEDCOST", "PRACE1", "BMI5CAT"]}