{"validation": 0.6331474574393441, "id_test": 0.6278666125041545, "ood_test": 0.5465695668838636, "ood_validation": 0.5477742338094578, "train": 0.6293865115634953, "id_test_conf": [0.6220774273605745, 0.6336283492175747], "id_test_balanced": 0.6005828380584717, "id_test_balanced_conf": [0.5966285031568259, 0.6045371729601174], "ood_test_conf": [0.5452142102522513, 0.5479244038093228], "ood_test_balanced": 0.579396665096283, "ood_test_balanced_conf": [0.5785247158922721, 0.5802686143002939], "features": ["AGEG5YR", "FRUIT_ONCE_PER_DAY", "VEG_ONCE_PER_DAY", "RFBING5", "TOTINDA", "SMOKDAY2", "CHCSCNCR", "CHCOCNCR", "EMPLOY1", "IYEAR", "MEDCOST", "MEDCOST", "PRACE1", "BMI5CAT"]}