{"validation": 0.5971626045834849, "id_test": 0.6015642051655148, "ood_test": 0.41869745806224185, "ood_validation": 0.42256362507759154, "train": 0.601013109491308, "id_test_conf": [0.595748165143074, 0.6073587707195889], "id_test_balanced": 0.5014591813087463, "id_test_balanced_conf": [0.5010231173480861, 0.5018952452694065], "ood_test_conf": [0.4173585755336556, 0.4200372430945675], "ood_test_balanced": 0.5016235709190369, "ood_test_balanced_conf": [0.5015038219647249, 0.5017433198733489], "features": ["TOTINDA", "SMOKE100", "CHCOCNCR", "DIABETES", "IYEAR", "STATE", "MEDCOST", "PRACE1", "IYEAR", "STATE", "MEDCOST", "SEX", "BMI5CAT"]}