{"validation": 0.826815216147125, "id_test": 0.824146614437605, "ood_test": 0.8025492041409223, "ood_validation": 0.8042717731541152, "train": 0.824947775739327, "id_test_conf": [0.821467358938333, 0.8268019310306896], "id_test_balanced": 0.5872308611869812, "id_test_balanced_conf": [0.5857032735855319, 0.5887584487884305], "ood_test_conf": [0.7989920111955598, 0.8060704296664531], "ood_test_balanced": 0.60845947265625, "ood_test_balanced_conf": [0.6063040556525812, 0.6106148896599188], "features": ["ENG", "FER", "HUPAC", "NWLA", "OCCP", "RELP", "WKW", "WRK", "DIS", "NATIVITY", "DEAR", "AGEP", "SEX", "MAR", "RAC1P", "DIVISION"]}