{"validation": 0.7782343978705263, "id_test": 0.7774460743397327, "ood_test": 0.37438759128817656, "ood_validation": 0.3702627756503367, "train": 0.7773503344400211, "id_test_conf": [0.776291408941501, 0.7785975290205324], "id_test_balanced": 0.5105397701263428, "id_test_balanced_conf": [0.5102885793254245, 0.5107909609272611], "ood_test_conf": [0.373338566380009, 0.3754375059175583], "ood_test_balanced": 0.5056188106536865, "ood_test_balanced_conf": [0.5054125412585563, 0.5058250800488168], "features": ["MIG", "ANC", "DEAR", "DREM", "PINCP", "FER", "AGEP", "MAR", "RAC1P", "DIS"]}