{"validation": 0.7802951789305106, "id_test": 0.7794469449780543, "ood_test": 0.40250062050895186, "ood_validation": 0.40003961441964875, "train": 0.7793844067106164, "id_test_conf": [0.7782959836073585, 0.780594672464425], "id_test_balanced": 0.5132765173912048, "id_test_balanced_conf": [0.5130161762126955, 0.5135368585697142], "ood_test_conf": [0.4014375448609557, 0.4035643867446657], "ood_test_balanced": 0.52814781665802, "ood_test_balanced_conf": [0.5278543663438177, 0.5284412669722224], "features": ["MIG", "ANC", "DEAR", "DREM", "PINCP", "FER", "AGEP", "MAR", "RAC1P", "DIS"]}