{"validation": 0.7813495320309676, "id_test": 0.7809106557344313, "ood_test": 0.4476137609934012, "ood_validation": 0.44564021303754564, "train": 0.7807013493170295, "id_test_conf": [0.7797624286067051, 0.7820556320301582], "id_test_balanced": 0.5268663763999939, "id_test_balanced_conf": [0.5264856265019625, 0.5272471262980253], "ood_test_conf": [0.4465356880055852, 0.4486922050288452], "ood_test_balanced": 0.5599972009658813, "ood_test_balanced_conf": [0.5595737121038837, 0.560420689827879], "features": ["MIG", "ANC", "DEAR", "DREM", "PINCP", "FER", "AGEP", "MAR", "RAC1P", "DIS"]}