{"id_test": 0.9161582468855876, "id_test_conf": [0.9154601697991043, 0.9168523711791243], "id_test_balanced": 0.8703756332397461, "id_test_balanced_conf": [0.8698252134176436, 0.8709260530618486], "ood_test": 0.8809390721073225, "ood_test_conf": [0.8751382457754306, 0.8865621955270485], "ood_test_balanced": 0.8459138870239258, "ood_test_balanced_conf": [0.8418695319909603, 0.8499582420568913], "validation": 0.9156256604416543, "validation_conf": [0.9149255832780125, 0.9163217898822139], "validation_balanced": 0.8701756000518799, "validation_balanced_conf": [0.8696248911903239, 0.8707263089134358], "features": ["Average_confidence(CONFUSED)", "attempt_count", "hint_count", "problem_type", "type", "first_action", "school_id"]}