{"id_test": 0.6062789867998573, "id_test_conf": [0.6005307534747142, 0.6120051823634821], "id_test_balanced": 0.5357505083084106, "id_test_balanced_conf": [0.5329219103744254, 0.5385791062423959], "ood_test": 0.4718754002998953, "ood_test_conf": [0.4705317163369932, 0.47321939122867496], "ood_test_balanced": 0.532375693321228, "ood_test_balanced_conf": [0.5317300126096234, 0.5330213740328327], "validation": 0.6109525508383874, "validation_conf": [0.6052160078978139, 0.6166660867165337], "validation_balanced": 0.538290798664093, "validation_balanced_conf": [0.5354602719750255, 0.5411213253531605], "features": ["VEG_ONCE_PER_DAY", "DRNK_PER_WEEK", "RFBING5", "SMOKE100", "CHCOCNCR", "IYEAR", "STATE", "MEDCOST", "SEX", "IYEAR", "BMI5CAT"]}