{"validation": 0.400214056368177, "id_test": 0.40299678915447734, "ood_test": 0.5824617784241182, "ood_validation": 0.5819544283195442, "train": 0.3998412408189476, "id_test_conf": [0.3972470877173392, 0.40876660462554704], "id_test_balanced": 0.49988698959350586, "id_test_balanced_conf": [0.49963202989951244, 0.5001419492874993], "ood_test_conf": [0.5811337797211735, 0.5837888770879303], "ood_test_balanced": 0.4999445378780365, "ood_test_balanced_conf": [0.4998780107802304, 0.5000110649758426], "features": ["VEG_ONCE_PER_DAY", "DRNK_PER_WEEK", "RFBING5", "SMOKE100", "CHCOCNCR", "IYEAR", "STATE", "MEDCOST", "SEX", "IYEAR", "BMI5CAT"]}