{"validation": 0.7424168591589406, "id_test": 0.7440259214256784, "ood_test": 0.7332534151835702, "ood_validation": 0.7286307053941908, "train": 0.7431705617254017, "id_test_conf": [0.7418665536042459, 0.7461763324748296], "id_test_balanced": 0.6996078491210938, "id_test_balanced_conf": [0.6980690659326502, 0.7011466323095373], "ood_test_conf": [0.7300918557633782, 0.7363971387760209], "ood_test_balanced": 0.7163580656051636, "ood_test_balanced_conf": [0.7141291836369783, 0.7185869475733488], "features": ["COW", "ENG", "HINS1", "HINS2", "HINS4", "NWLA", "POBP", "WKHP", "WRK", "AGEP", "SEX", "ACS_YEAR", "DIVISION"]}