{"validation": 0.29914922970797886, "id_test": 0.296551724137931, "ood_test": 0.4055390702274975, "ood_validation": 0.4141585417549809, "train": 0.308052649729854, "id_test_conf": [0.2830042572386862, 0.31037286105647266], "id_test_balanced": 0.5, "id_test_balanced_conf": [0.5, 0.5], "ood_test_conf": [0.39892431515139243, 0.41217969989169045], "ood_test_balanced": 0.5, "ood_test_balanced_conf": [0.5, 0.5], "features": ["VCF0901b", "VCF0218", "VCF9008", "VCF9010", "VCF9202", "VCF9204", "VCF9205", "VCF9206", "VCF0521", "VCF0523", "VCF0428", "VCF0429", "VCF0822", "VCF0803", "VCF0612", "VCF0615", "VCF0310", "VCF0717", "VCF0720", "VCF0701", "VCF0724", "VCF0101", "VCF0104", "VCF0115", "VCF0112"]}