{"validation": 0.8250600938608875, "id_test": 0.8241974869003409, "ood_test": 0.8041859323212898, "ood_validation": 0.7994844411710551, "train": 0.823715696530147, "id_test_conf": [0.8215185323130858, 0.8268524988157792], "id_test_balanced": 0.6107287406921387, "id_test_balanced_conf": [0.6090272980555892, 0.6124301833286881], "ood_test_conf": [0.8006397164735364, 0.8076959857380575], "ood_test_balanced": 0.6094750761985779, "ood_test_balanced_conf": [0.6073287094896659, 0.6116214429074899], "features": ["HUPAC", "NWLK", "OCCP", "RELP", "WKW", "MIL", "DEAR", "PUBCOV", "AGEP", "DIVISION"]}