{"validation": 0.7664398949466823, "id_test": 0.7685044552450385, "ood_test": 0.7553845951179671, "ood_validation": 0.7524599881446354, "train": 0.7682021448862175, "id_test_conf": [0.76641671685887, 0.7705823377300296], "id_test_balanced": 0.7056021690368652, "id_test_balanced_conf": [0.7041356921452098, 0.7070686459285207], "ood_test_conf": [0.7523103945364633, 0.758439266043775], "ood_test_balanced": 0.7347327470779419, "ood_test_balanced_conf": [0.732571154315956, 0.7368943398399278], "features": ["ENG", "FER", "HINS1", "HINS2", "NWLA", "NWLK", "POBP", "RELP", "WKHP", "WRK", "ST", "MAR", "SCHL", "ACS_YEAR", "DIVISION"]}