{"validation": 0.7766161440369586, "id_test": 0.7782756176589712, "ood_test": 0.737916770955461, "ood_validation": 0.7356253704801423, "train": 0.7777985211882071, "id_test_conf": [0.7762191643822574, 0.7803218560520742], "id_test_balanced": 0.6904027462005615, "id_test_balanced_conf": [0.6890362382843159, 0.6917692541168071], "ood_test_conf": [0.7347727535625785, 0.7410425956500986], "ood_test_balanced": 0.6845786571502686, "ood_test_balanced_conf": [0.6826460096472874, 0.6865113046532497], "features": ["ENG", "FER", "HINS1", "HINS2", "NWLA", "NWLK", "POBP", "RELP", "WKHP", "WRK", "ST", "MAR", "SCHL", "ACS_YEAR", "DIVISION"]}