{"validation": 0.78593171534348, "id_test": 0.7868443701903605, "ood_test": 0.7623532821330242, "ood_validation": 0.7576763485477178, "train": 0.7864392942775347, "id_test_conf": [0.7848167011852456, 0.7888615094635856], "id_test_balanced": 0.7213101983070374, "id_test_balanced_conf": [0.7198829484102316, 0.7227374482038431], "ood_test_conf": [0.7593088147734561, 0.7653776863652796], "ood_test_balanced": 0.7232468128204346, "ood_test_balanced_conf": [0.7212132204417139, 0.7252804051991553], "features": ["ENG", "FER", "HINS1", "HINS2", "NWLA", "NWLK", "POBP", "RELP", "WKHP", "WRK", "ST", "MAR", "SCHL", "ACS_YEAR", "DIVISION"]}