{"validation": 0.7538841249248489, "id_test": 0.7540565512353179, "ood_test": 0.7377323444560077, "ood_validation": 0.7401304090100771, "train": 0.7541188634333843, "id_test_conf": [0.7519254093998861, 0.7561783678897381], "id_test_balanced": 0.7042185068130493, "id_test_balanced_conf": [0.7027029658877291, 0.7057340477383696], "ood_test_conf": [0.7345876247256625, 0.7408588856020414], "ood_test_balanced": 0.7114607095718384, "ood_test_balanced_conf": [0.7092755320575088, 0.7136458870861679], "features": ["HINS1", "HINS3", "POBP", "RELP", "WKHP", "WRK", "SEX", "ST", "MAR", "CIT", "ACS_YEAR", "DIVISION"]}