{"validation": 0.7557130652153277, "id_test": 0.7565752835155933, "ood_test": 0.745741723860837, "ood_validation": 0.7459395376407825, "train": 0.7562515672921069, "id_test_conf": [0.7544514708174944, 0.7586896785175659], "id_test_balanced": 0.7214661836624146, "id_test_balanced_conf": [0.7199410447105765, 0.7229913226142526], "ood_test_conf": [0.742628167150454, 0.748836489006252], "ood_test_balanced": 0.7285306453704834, "ood_test_balanced_conf": [0.7263342067832127, 0.7307270839577541], "features": ["HINS1", "HINS3", "POBP", "RELP", "WKHP", "WRK", "SEX", "ST", "MAR", "CIT", "ACS_YEAR", "DIVISION"]}