{"validation": 0.8043228328351345, "id_test": 0.7997701149425287, "ood_test": 0.7503179313268334, "ood_validation": 0.7562526494277236, "train": 0.7954362570410392, "id_test_conf": [0.7875637501741349, 0.8115726147698442], "id_test_balanced": 0.7103815078735352, "id_test_balanced_conf": [0.7020426369272172, 0.7187203788198531], "ood_test_conf": [0.7444382575920918, 0.7561289951515062], "ood_test_balanced": 0.7072937488555908, "ood_test_balanced_conf": [0.703547003720887, 0.7110404939902947], "features": ["VCF0004", "VCF0302", "VCF9010", "VCF9011", "VCF9201", "VCF9202", "VCF9203", "VCF9205", "VCF9206", "VCF0822", "VCF0870", "VCF0838", "VCF9239", "VCF0612", "VCF0615", "VCF0617", "VCF0310", "VCF0743", "VCF0720", "VCF0721", "VCF0724", "VCF0725", "VCF0745", "VCF0104", "VCF0105a", "VCF0140a", "VCF0112"]}