{"validation": 0.7938423567382843, "id_test": 0.7932297995139733, "ood_test": 0.7971967172083098, "ood_validation": 0.7902786010669828, "train": 0.7953229234813385, "id_test_conf": [0.7912244343629626, 0.7952244002807909], "id_test_balanced": 0.7633392214775085, "id_test_balanced_conf": [0.7618861584807746, 0.7647922844742425], "ood_test_conf": [0.7943184683540594, 0.8000522345052556], "ood_test_balanced": 0.7782495021820068, "ood_test_balanced_conf": [0.7762126799998805, 0.7802863243641331], "features": ["COW", "ENG", "HINS1", "HINS3", "HINS4", "NWLK", "OCCP", "RELP", "WKHP", "WKW", "AGEP", "CIT", "ACS_YEAR", "DIVISION"]}