{"validation": 0.8253780507968, "id_test": 0.8218064811517526, "ood_test": 0.7836654527599329, "ood_validation": 0.7827287792303443, "train": 0.8223691531879851, "id_test_conf": [0.819113471846659, 0.8244757247622096], "id_test_balanced": 0.6239113807678223, "id_test_balanced_conf": [0.6221144807268866, 0.625708280808758], "ood_test_conf": [0.7799882068149006, 0.7873089804857557], "ood_test_balanced": 0.6370187997817993, "ood_test_balanced_conf": [0.6344901172164827, 0.6395474823471159], "features": ["NWLK", "OCCP", "WKHP", "WKW", "MIL", "ANC", "NATIVITY", "DEAR", "DREM", "PUBCOV", "AGEP", "ST", "DIVISION"]}