{"id_test": 0.623046419407511, "id_test_conf": [0.6083429635263513, 0.6375820205249577], "id_test_balanced": 0.5864540338516235, "id_test_balanced_conf": [0.5771086772158742, 0.5957993904873728], "ood_test": 0.5670420656097944, "ood_test_conf": [0.5627269410943652, 0.5713495531221783], "ood_test_balanced": 0.5656583309173584, "ood_test_balanced_conf": [0.5626945752371103, 0.5686220865976065], "validation": 0.617358842743817, "validation_conf": [0.6026153845015807, 0.6319421722948861], "validation_balanced": 0.584893524646759, "validation_balanced_conf": [0.575434153098613, 0.5943528961949051], "features": ["gender", "num_lab_procedures", "number_emergency", "diag_1", "diag_2", "number_diagnoses", "max_glu_serum", "metformin", "repaglinide", "glimepiride", "glipizide", "glyburide", "pioglitazone", "rosiglitazone", "acarbose", "troglitazone", "examide", "insulin", "glyburide-metformin", "glipizide-metformin", "glimepiride-pioglitazone", "change", "diabetesMed", "admission_source_id"]}