{"validation": 0.7897414802392178, "id_test": 0.7910274908869988, "ood_test": 0.7777660681587649, "ood_validation": 0.7740367516301127, "train": 0.7895544974658321, "id_test_conf": [0.7890143490371384, 0.7930299492860875], "id_test_balanced": 0.7506906986236572, "id_test_balanced_conf": [0.7492343388544396, 0.7521470583928749], "ood_test_conf": [0.7747913914799913, 0.7807195015856041], "ood_test_balanced": 0.7510881423950195, "ood_test_balanced_conf": [0.7490149495005608, 0.7531613352894783], "features": ["ENG", "FER", "HINS1", "HINS2", "NWLA", "RELP", "WKHP", "SEX", "ST", "MAR", "CIT", "RAC1P", "SCHL", "ACS_YEAR", "DIVISION"]}