{"validation": 0.828481310491307, "id_test": 0.8275805056722796, "ood_test": 0.8030811407995417, "ood_validation": 0.8035352605413367, "train": 0.8273928568021901, "id_test_conf": [0.8249217471302146, 0.8302150711121772], "id_test_balanced": 0.6373802423477173, "id_test_balanced_conf": [0.6355543817742728, 0.6392061029211618], "ood_test_conf": [0.7995275050453446, 0.8065987457564991], "ood_test_balanced": 0.6370334625244141, "ood_test_balanced_conf": [0.6346597422985361, 0.6394071827502921], "features": ["FER", "HUPAC", "NWLA", "NWLK", "RELP", "WKHP", "DIS", "MIL", "ANC", "DEAR", "PUBCOV", "ACS_YEAR", "DIVISION"]}