{"validation": 0.8295369275185369, "id_test": 0.8275550694409116, "ood_test": 0.8044928188551086, "ood_validation": 0.8029828760817529, "train": 0.8289110963438249, "id_test_conf": [0.8248961576753366, 0.830189789987374], "id_test_balanced": 0.6627398729324341, "id_test_balanced_conf": [0.660810131453909, 0.6646696144109592], "ood_test_conf": [0.800948671762368, 0.808000766951029], "ood_test_balanced": 0.6617609262466431, "ood_test_balanced_conf": [0.6592618141230195, 0.6642600383702666], "features": ["FER", "HUPAC", "RELP", "WKHP", "WKW", "WRK", "MIL", "ANC", "NATIVITY", "DEAR", "DEYE", "DREM", "PUBCOV", "AGEP", "SEX", "MAR", "CIT", "ACS_YEAR", "DIVISION"]}