{"id_test": 0.8378440250292517, "id_test_conf": [0.8352488455594731, 0.8404142514273379], "id_test_balanced": 0.6518164873123169, "id_test_balanced_conf": [0.649991076013539, 0.6536418986110948], "ood_test": 0.81599083432219, "ood_test_conf": [0.8125266618648317, 0.8194174374828231], "ood_test_balanced": 0.6565005779266357, "ood_test_balanced_conf": [0.6541178799653425, 0.6588832758879289], "validation": 0.8397115494677401, "validation_conf": [0.8371283094413458, 0.8422696977847838], "validation_balanced": 0.6499125957489014, "validation_balanced_conf": [0.6480934793152846, 0.6517317121825181], "features": ["FER", "HUPAC", "RELP", "WKHP", "WKW", "WRK", "MIL", "ANC", "NATIVITY", "DEAR", "DEYE", "DREM", "PUBCOV", "AGEP", "SEX", "MAR", "CIT", "ACS_YEAR", "DIVISION"]}