{"validation": 0.9149021748498866, "id_test": 0.9135422951322052, "ood_test": 0.8890720678285445, "ood_validation": 0.8707627118644068, "train": 0.9140899065381404, "id_test_conf": [0.9123288253294336, 0.9147442724028092], "id_test_balanced": 0.8663771748542786, "id_test_balanced_conf": [0.8654276307357941, 0.867326718972763], "ood_test_conf": [0.8792394089804161, 0.8983657697576523], "ood_test_balanced": 0.8547478914260864, "ood_test_balanced_conf": [0.8479163308255374, 0.8615794520266354], "features": ["Average_confidence(BORED)", "attempt_count", "hint_count", "problem_type", "bottom_hint", "overlap_time", "school_id"]}