{"validation": 0.9190296970915812, "id_test": 0.9176171459763841, "ood_test": 0.8890720678285445, "ood_validation": 0.8707627118644068, "train": 0.9184161461871572, "id_test_conf": [0.9164297446335431, 0.9187929408704592], "id_test_balanced": 0.872686505317688, "id_test_balanced_conf": [0.8717517127643805, 0.8736212978709955], "ood_test_conf": [0.8792394089804161, 0.8983657697576523], "ood_test_balanced": 0.8547478914260864, "ood_test_balanced_conf": [0.8479163308255374, 0.8615794520266354], "features": ["Average_confidence(BORED)", "attempt_count", "hint_count", "problem_type", "bottom_hint", "overlap_time", "school_id"]}