{"validation": 0.9182448006380377, "id_test": 0.9181901967889627, "ood_test": 0.880859219036972, "ood_validation": 0.8943965517241379, "train": 0.9180929345677947, "id_test_conf": [0.9174963732084029, 0.9188800085100494], "id_test_balanced": 0.8741947412490845, "id_test_balanced_conf": [0.8736473318410571, 0.8747421506571118], "ood_test_conf": [0.8750567673582, 0.8864840055267995], "ood_test_balanced": 0.8458871245384216, "ood_test_balanced_conf": [0.8418410572875291, 0.8499331917893141], "features": ["Average_confidence(BORED)", "attempt_count", "hint_count", "problem_type", "bottom_hint", "overlap_time", "school_id"]}