{"id_test": 0.6194077773813771, "id_test_conf": [0.6136937884146358, 0.625097005594163], "id_test_balanced": 0.5640770196914673, "id_test_balanced_conf": [0.5607177681382746, 0.56743627124466], "ood_test": 0.5102533286113644, "ood_test_conf": [0.5089075885550232, 0.5115989567579289], "ood_test_balanced": 0.5550548434257507, "ood_test_balanced_conf": [0.5542622092261444, 0.555847477625357], "validation": 0.620656439529076, "validation_conf": [0.6149459356582845, 0.6263419236537797], "validation_balanced": 0.5634668469429016, "validation_balanced_conf": [0.5601100003439933, 0.56682369354181], "features": ["FRUIT_ONCE_PER_DAY", "VEG_ONCE_PER_DAY", "RFBING5", "TOTINDA", "SMOKDAY2", "CHCOCNCR", "POVERTY", "IYEAR", "STATE", "MEDCOST", "SEX", "SEX", "BMI5CAT"]}