{"validation": 0.43786831575118224, "id_test": 0.43277555474718077, "ood_test": 0.5850250208826663, "ood_validation": 0.5812814676874267, "train": 0.4363919114938818, "id_test_conf": [0.42690780658443034, 0.43865751597103264], "id_test_balanced": 0.5147159099578857, "id_test_balanced_conf": [0.5122917370311916, 0.5171400828845799], "ood_test_conf": [0.5836869185918556, 0.5863621793470004], "ood_test_balanced": 0.5113784670829773, "ood_test_balanced_conf": [0.5109254593751393, 0.5118314747908153], "features": ["FRUIT_ONCE_PER_DAY", "TOTINDA", "SMOKDAY2", "CHCSCNCR", "CHCOCNCR", "DIABETES", "IYEAR", "STATE", "MEDCOST", "PRACE1", "IYEAR", "STATE", "MEDCOST", "SEX", "BMI5CAT"]}