{"validation": 0.8148999770062083, "id_test": 0.807816091954023, "ood_test": 0.7470679666525364, "ood_validation": 0.7532852903772785, "train": 0.8063570525347741, "id_test_conf": [0.7957870673669409, 0.8194303305379318], "id_test_balanced": 0.7001823782920837, "id_test_balanced_conf": [0.6923211641237139, 0.7080435924604536], "ood_test_conf": [0.7411636780393781, 0.7529045376850372], "ood_test_balanced": 0.6960891485214233, "ood_test_balanced_conf": [0.6925463293632492, 0.6996319676795975], "features": ["VCF0901b", "VCF0301", "VCF0302", "VCF9008", "VCF9010", "VCF9011", "VCF9201", "VCF9202", "VCF9205", "VCF9206", "VCF0521", "VCF0523", "VCF0822", "VCF0843", "VCF9045", "VCF0846", "VCF0601", "VCF0606", "VCF0615", "VCF0616", "VCF0310", "VCF0717", "VCF0718", "VCF0675", "VCF0724", "VCF0726", "VCF0745", "VCF0101", "VCF0104", "VCF0105a", "VCF0115", "VCF0140a", "VCF0112"]}