{"validation": 0.8165095424235457, "id_test": 0.8165517241379311, "ood_test": 0.780321228392445, "ood_validation": 0.7791437049597287, "train": 0.8091734682147373, "id_test_conf": [0.8047241452070713, 0.8279526478495638], "id_test_balanced": 0.7610958814620972, "id_test_balanced_conf": [0.7526054764911533, 0.7695862864330411], "ood_test_conf": [0.7746902841758878, 0.7858753205190977], "ood_test_balanced": 0.7522953748703003, "ood_test_balanced_conf": [0.7484394550789147, 0.7561512946616858], "features": ["VCF0901b", "VCF0301", "VCF0302", "VCF9008", "VCF9010", "VCF9011", "VCF9201", "VCF9202", "VCF9205", "VCF9206", "VCF0521", "VCF0523", "VCF0822", "VCF0843", "VCF9045", "VCF0846", "VCF0601", "VCF0606", "VCF0615", "VCF0616", "VCF0310", "VCF0717", "VCF0718", "VCF0675", "VCF0724", "VCF0726", "VCF0745", "VCF0101", "VCF0104", "VCF0105a", "VCF0115", "VCF0140a", "VCF0112"]}