{"validation": 0.8756300608110306, "id_test": 0.8753455172189523, "ood_test": 0.8267878242277612, "ood_validation": 0.821841505612288, "train": 0.875190923863171, "id_test_conf": [0.8734865983144546, 0.8771867208743735], "id_test_balanced": 0.5185443162918091, "id_test_balanced_conf": [0.5179607432964258, 0.5191278892871923], "ood_test_conf": [0.8251749762231629, 0.8283917856390868], "ood_test_balanced": 0.5175571441650391, "ood_test_balanced_conf": [0.5171052739617881, 0.51800901436829], "features": ["HIGH_BLOOD_PRESS", "BMI5", "BMI5CAT", "CVDSTRK3", "MICHD", "VEG_ONCE_PER_DAY", "TOTINDA", "MARITAL", "CHECKUP1", "MENTHLTH", "MEDCOST", "SEX", "PRACE1", "PRACE1", "IYEAR"]}