{"id_test": 0.6688599733845927, "id_test_conf": [0.6632154029878026, 0.6744682551225996], "id_test_balanced": 0.6344559192657471, "id_test_balanced_conf": [0.6306768797477708, 0.6382349587837234], "ood_test": 0.6020820559096992, "ood_test_conf": [0.6007483927204231, 0.6034145786168121], "ood_test_balanced": 0.6272954940795898, "ood_test_balanced_conf": [0.6264105889259372, 0.6281803992332425], "validation": 0.6630438800783705, "validation_conf": [0.6573754455943426, 0.6686772751647383], "validation_balanced": 0.6285066604614258, "validation_balanced_conf": [0.6247165259812028, 0.6322967949416488], "features": ["AGEG5YR", "DRNK_PER_WEEK", "TOTINDA", "SMOKDAY2", "CHCOCNCR", "DIABETES", "MEDCOST", "PRACE1", "SEX", "STATE", "PRACE1", "BMI5CAT", "IYEAR"]}