{"validation": 0.3053691275167785, "id_test": 0.35570469798657717, "ood_test": 0.44145043246839655, "ood_validation": 0.4428415895481764, "train": 0.34312080536912754, "id_test_conf": [0.3013498410058096, 0.4129610176649693], "id_test_balanced": 0.4031531512737274, "id_test_balanced_conf": [0.3645461782813072, 0.44176012426614764], "ood_test_conf": [0.43608849077602563, 0.4468226619162025], "ood_test_balanced": 0.4436081647872925, "ood_test_balanced_conf": [0.4398322503408417, 0.44738407923374324], "features": ["MARITAL_STATUS", "FAMILY_SIZE_AVG", "ORIGIN", "HOUSEHOLD_INC", "TANF_ASSISTANCE", "SEVERANCE_PAY_PENSION", "INCOME_FROM_ASSISTANCE", "SAVINGS_INV_AMOUNT", "VA_BENEFITS_AMOUNT", "RETIREMENT_INCOME_AMOUNT", "GENDER", "AGE", "SNAP_ASSISTANCE", "MEDICARE_ASSISTANCE", "DAYS_SICK", "PRESCRIPTION_MEDS", "HEALTH_MEDICAL_CARE_PAY", "HEALTH_HEARING", "HEALTH_COGNITIVE", "HEALTH_ERRANDS_DIFFICULTY", "HEALTH_CORE_DISABILITY", "SOCIAL_SEC_BENEFITS", "CITIZENSHIP_STATUS"]}