{"validation": 0.9235943231852907, "id_test": 0.9233974183962023, "ood_test": 0.9096861774335223, "ood_validation": 0.9281609195402298, "train": 0.9234348076174899, "id_test_conf": [0.9227240287051328, 0.9240667460765458], "id_test_balanced": 0.8834903240203857, "id_test_balanced_conf": [0.8829554291022942, 0.8840252189384773], "ood_test_conf": [0.9045303921342402, 0.914650621897277], "ood_test_balanced": 0.8832420110702515, "ood_test_balanced_conf": [0.879534556819126, 0.886949465321377], "features": ["Average_confidence(BORED)", "Average_confidence(CONCENTRATING)", "attempt_count", "hint_count", "bottom_hint", "tutor_mode", "position", "school_id"]}