{"validation": 0.7706989842736449, "id_test": 0.7698777339003645, "ood_test": 0.7514062520583314, "ood_validation": 0.7474807350326023, "train": 0.7703815214184063, "id_test_conf": [0.7677942960918389, 0.7719512653576945], "id_test_balanced": 0.7109272480010986, "id_test_balanced_conf": [0.7094544366560877, 0.7124000593461096], "ood_test_conf": [0.7483155667302466, 0.7544777122566549], "ood_test_balanced": 0.7343964576721191, "ood_test_balanced_conf": [0.7322147568454966, 0.7365781584987416], "features": ["COW", "ENG", "HINS2", "NWLK", "OCCP", "POBP", "RELP", "AGEP", "ST", "CIT", "SCHL", "ACS_YEAR", "DIVISION"]}