{"id_test": 0.7965522478736331, "id_test_conf": [0.7945587854671614, 0.7985348237922787], "id_test_balanced": 0.7470768690109253, "id_test_balanced_conf": [0.7456398024968803, 0.7485139355249703], "ood_test": 0.7731422323510426, "ood_test_conf": [0.7701460201765906, 0.7761175553471873], "ood_test_balanced": 0.743438720703125, "ood_test_balanced_conf": [0.7413674421887845, 0.7455099992174655], "validation": 0.797006613296206, "validation_conf": [0.7950147884612455, 0.7989875348752845], "validation_balanced": 0.7483659982681274, "validation_balanced_conf": [0.7469313279236667, 0.7498006686125882], "features": ["COW", "ENG", "HINS2", "NWLK", "OCCP", "POBP", "RELP", "AGEP", "ST", "CIT", "SCHL", "ACS_YEAR", "DIVISION"]}